mut_type	ID	gene	mutation	mutation_res
tcga_mc3	TCGA-OR-A5J5:17:7577121:G	TP53	R273C	R273
tcga_mc3	TCGA-OR-A5J8:15:93522377:C	CHD2	R914C	R914
tcga_mc3	TCGA-OR-A5J8:4:88372877:A	NUDT9	D260V	D260
tcga_mc3	TCGA-OR-A5JA:14:102551693:C	HSP90AA1	R202I	R202
tcga_mc3	TCGA-OR-A5JA:15:30018654:C	TJP1	G781C	G781
tcga_mc3	TCGA-OR-A5JA:17:73258729:G	MRPS7	A79S	A79
tcga_mc3	TCGA-OR-A5JJ:17:7577114:C	TP53	C275S	C275
tcga_mc3	TCGA-OR-A5K4:17:7574017:C	TP53	R337H	R337
tcga_mc3	TCGA-OR-A5K4:3:142408558:T	PLS1	N360K	N360
tcga_mc3	TCGA-OR-A5KB:17:56598641:C	SEPT4	R363P	R363
tcga_mc3	TCGA-OR-A5KB:17:7578534:C	TP53	K132N	K132
tcga_mc3	TCGA-OR-A5KB:2:73115545:C	SPR	S136F	S136
tcga_mc3	TCGA-OR-A5KB:4:72622606:C	GC	C286Y	C286
tcga_mc3	TCGA-OR-A5KB:7:75689773:C	MDH2	T171I	T171
tcga_mc3	TCGA-OR-A5KV:20:57484420:C	GNAS	R201C	R201
tcga_mc3	TCGA-OR-A5LK:3:178952085:A	PIK3CA	H1047R	H1047
tcga_mc3	TCGA-OR-A5LM:17:47699369:C	SPOP	E47Q	E47
tcga_mc3	TCGA-OR-A5LO:12:15823815:G	EPS8	S60L	S60
tcga_mc3	TCGA-OR-A5LO:21:44185575:G	PDE9A	D443H	D443
tcga_mc3	TCGA-2F-A9KP:17:37879658:G	ERBB2	R678Q	R678
tcga_mc3	TCGA-2F-A9KP:17:7577547:C	TP53	G245D	G245
tcga_mc3	TCGA-2F-A9KR:16:88876892:C	APRT	R87Q	R87
tcga_mc3	TCGA-2F-A9KR:3:178936082:G	PIK3CA	E542K	E542
tcga_mc3	TCGA-2F-A9KR:4:1803568:C	FGFR3	S249C	S249
tcga_mc3	TCGA-2F-A9KT:4:1803568:C	FGFR3	S249C	S249
tcga_mc3	TCGA-2F-A9KT:5:54649068:C	SKIV2L2	R502C	R502
tcga_mc3	TCGA-2F-A9KT:9:2115850:G	SMARCA2	R1162H	R1162
tcga_mc3	TCGA-2F-A9KW:3:178936091:G	PIK3CA	E545K	E545
tcga_mc3	TCGA-4Z-AA7M:17:7577099:C	TP53	R280K	R280
tcga_mc3	TCGA-4Z-AA7M:22:35783041:C	HMOX1	P170S	P170
tcga_mc3	TCGA-4Z-AA7O:2:20647740:G	RHOB	E172K	E172
tcga_mc3	TCGA-4Z-AA7O:4:153247367:G	FBXW7	R479G	R479
tcga_mc3	TCGA-4Z-AA7Q:17:7578534:C	TP53	K132N	K132
tcga_mc3	TCGA-4Z-AA7Q:1:162557388:C	UAP1	R320G	R320
tcga_mc3	TCGA-4Z-AA7R:5:158204526:G	EBF1	R311S	R311
tcga_mc3	TCGA-4Z-AA7R:7:139838906:C	KDM7A	L93F	L93
tcga_mc3	TCGA-4Z-AA7R:9:21971036:C	CDKN2A	D108Y	D108
tcga_mc3	TCGA-4Z-AA7R:9:21971108:C	CDKN2A	D84N	D84
tcga_mc3	TCGA-4Z-AA7W:11:69462782:C	CCND1	P199S	P199
tcga_mc3	TCGA-4Z-AA7W:12:58180834:G	TSFM	E124D	E124
tcga_mc3	TCGA-4Z-AA7W:17:7577548:C	TP53	G245S	G245
tcga_mc3	TCGA-4Z-AA7W:3:178952085:A	PIK3CA	H1047R	H1047
tcga_mc3	TCGA-4Z-AA7Y:3:178936091:G	PIK3CA	E545K	E545
tcga_mc3	TCGA-4Z-AA7Y:3:178936092:A	PIK3CA	E545G	E545
tcga_mc3	TCGA-4Z-AA7Y:4:1803568:C	FGFR3	S249C	S249
tcga_mc3	TCGA-4Z-AA81:12:25398281:C	KRAS	G13D	G13
tcga_mc3	TCGA-4Z-AA83:4:1803568:C	FGFR3	S249C	S249
tcga_mc3	TCGA-4Z-AA84:17:7577120:C	TP53	R273L	R273
tcga_mc3	TCGA-4Z-AA84:3:127831784:G	RUVBL1	S103L	S103
tcga_mc3	TCGA-4Z-AA86:17:7577099:C	TP53	R280T	R280
tcga_mc3	TCGA-4Z-AA86:1:149857978:G	HIST2H2BE	F71L	F71
tcga_mc3	TCGA-4Z-AA87:2:20647740:G	RHOB	E172K	E172
tcga_mc3	TCGA-4Z-AA89:3:178921553:T	PIK3CA	N345K	N345
tcga_mc3	TCGA-5N-A9KI:17:37667825:C	CDK12	P904A	P904
tcga_mc3	TCGA-5N-A9KI:17:7577538:C	TP53	R248Q	R248
tcga_mc3	TCGA-5N-A9KM:17:63010911:T	GNA13	R200G	R200
tcga_mc3	TCGA-BL-A0C8:4:79763561:G	BMP2K	M142I	M142
tcga_mc3	TCGA-BL-A13I:14:75747297:G	FOS	R143Q	R143
tcga_mc3	TCGA-BL-A3JM:17:7577538:C	TP53	R248P	R248
tcga_mc3	TCGA-BL-A5ZZ:9:2115849:C	SMARCA2	R1162C	R1162
tcga_mc3	TCGA-BT-A0YX:10:116702491:G	TRUB1	R125Q	R125
tcga_mc3	TCGA-BT-A0YX:11:67166578:C	PPP1CA	D194N	D194
tcga_mc3	TCGA-BT-A0YX:2:209113112:C	IDH1	R132H	R132
tcga_mc3	TCGA-BT-A0YX:4:153249501:G	FBXW7	S426L	S426
tcga_mc3	TCGA-BT-A20N:20:30309576:G	BCL2L1	A149E	A149
tcga_mc3	TCGA-BT-A20O:3:178936082:G	PIK3CA	E542K	E542
tcga_mc3	TCGA-BT-A20O:4:153247366:C	FBXW7	R479P	R479
tcga_mc3	TCGA-BT-A20Q:3:178936091:G	PIK3CA	E545K	E545
tcga_mc3	TCGA-BT-A20R:12:56478817:G	ERBB3	M91I	M91
tcga_mc3	TCGA-BT-A20R:3:178936091:G	PIK3CA	E545K	E545
tcga_mc3	TCGA-BT-A20T:1:53699276:C	MAGOH	D66N	D66
tcga_mc3	TCGA-BT-A20U:17:7577121:G	TP53	R273C	R273
tcga_mc3	TCGA-BT-A20W:1:115258745:C	NRAS	G13R	G13
tcga_mc3	TCGA-BT-A20W:2:179343067:C	FKBP7	D54N	D54
tcga_mc3	TCGA-BT-A20X:22:25124271:C	PIWIL3	C602F	C602
tcga_mc3	TCGA-BT-A3PH:17:7577127:C	TP53	E271K	E271
tcga_mc3	TCGA-BT-A3PH:6:128318060:C	PTPRK	G917V	G917
tcga_mc3	TCGA-BT-A3PJ:14:23444283:G	AJUBA	P424T	P424
tcga_mc3	TCGA-BT-A3PJ:17:7577108:C	TP53	C277F	C277
tcga_mc3	TCGA-BT-A3PK:1:202743773:T	KDM5B	R125G	R125
tcga_mc3	TCGA-BT-A42C:11:68703726:A	IGHMBP2	E593G	E593
tcga_mc3	TCGA-BT-A42F:17:7578406:C	TP53	R175H	R175
tcga_mc3	TCGA-C4-A0F1:4:153247289:G	FBXW7	R505G	R505
tcga_mc3	TCGA-C4-A0F1:7:148484186:G	CUL1	E485K	E485
tcga_mc3	TCGA-C4-A0F7:16:28913653:C	ATP2A1	P824S	P824
tcga_mc3	TCGA-CF-A1HR:19:7174599:C	INSR	G373E	G373
tcga_mc3	TCGA-CF-A1HS:10:94836385:G	CYP26A1	E362Q	E362
tcga_mc3	TCGA-CF-A3MF:7:151962205:C	KMT2C	G368R	G368
tcga_mc3	TCGA-CF-A3MI:11:534286:C	HRAS	G13R	G13
tcga_mc3	TCGA-CF-A3MI:7:151962241:G	KMT2C	Q356E	Q356
tcga_mc3	TCGA-CF-A47V:4:1803568:C	FGFR3	S249C	S249
tcga_mc3	TCGA-CF-A47X:12:25398284:C	KRAS	G12D	G12
tcga_mc3	TCGA-CF-A47X:1:156035720:C	RAB25	S21L	S21
tcga_mc3	TCGA-CF-A47Y:17:7577539:G	TP53	R248W	R248
tcga_mc3	TCGA-CF-A5UA:12:25398285:C	KRAS	G12C	G12
tcga_mc3	TCGA-CF-A5UA:17:37879658:G	ERBB2	R678Q	R678
tcga_mc3	TCGA-CF-A5UA:2:183594593:G	DNAJC10	G218R	G218
tcga_mc3	TCGA-CF-A7I0:4:1803568:C	FGFR3	S249C	S249
tcga_mc3	TCGA-CF-A8HX:3:49412884:C	RHOA	E47K	E47
tcga_mc3	TCGA-CF-A9FF:3:178952085:A	PIK3CA	H1047R	H1047
tcga_mc3	TCGA-CF-A9FF:4:1803568:C	FGFR3	S249C	S249
tcga_mc3	TCGA-CF-A9FM:4:1803568:C	FGFR3	S249C	S249
tcga_mc3	TCGA-CU-A0YO:7:148484186:G	CUL1	E485K	E485
tcga_mc3	TCGA-CU-A0YR:4:153247289:G	FBXW7	R505G	R505
tcga_mc3	TCGA-CU-A3KJ:17:7578454:G	TP53	A159V	A159
tcga_mc3	TCGA-CU-A72E:3:133376679:A	TOPBP1	V109E	V109
tcga_mc3	TCGA-CU-A72E:3:178936091:G	PIK3CA	E545K	E545
tcga_mc3	TCGA-CU-A72E:4:1803568:C	FGFR3	S249C	S249
tcga_mc3	TCGA-DK-A1A3:17:37868208:C	ERBB2	S310F	S310
tcga_mc3	TCGA-DK-A1A3:17:7577556:C	TP53	C242F	C242
tcga_mc3	TCGA-DK-A1A3:22:43538972:G	MCAT	S128L	S128
tcga_mc3	TCGA-DK-A1A3:5:137763715:G	KDM3B	D1565H	D1565
tcga_mc3	TCGA-DK-A1AA:12:56478854:G	ERBB3	V104L	V104
tcga_mc3	TCGA-DK-A1AB:17:7577085:C	TP53	E285K	E285
tcga_mc3	TCGA-DK-A1AC:17:7577127:C	TP53	E271K	E271
tcga_mc3	TCGA-DK-A1AC:3:12950806:C	IQSEC1	E863K	E863
tcga_mc3	TCGA-DK-A1AC:3:178936091:G	PIK3CA	E545K	E545
tcga_mc3	TCGA-DK-A1AC:7:56141885:C	SUMF2	P120S	P120
tcga_mc3	TCGA-DK-A1AD:1:151205113:C	PIP5K1A	F191L	F191
tcga_mc3	TCGA-DK-A1AG:12:56478817:G	ERBB3	M91I	M91
tcga_mc3	TCGA-DK-A2I1:1:149783524:C	HIST2H2BF	V119L	V119
tcga_mc3	TCGA-DK-A2I1:3:49405951:G	RHOA	Q63K	Q63
tcga_mc3	TCGA-DK-A2I2:17:7577539:G	TP53	R248W	R248
tcga_mc3	TCGA-DK-A2I4:22:37696979:G	CYTH4	E156K	E156
tcga_mc3	TCGA-DK-A2I4:4:120987847:C	MAD2L1	G15R	G15
tcga_mc3	TCGA-DK-A2I4:6:33244179:G	RPS18	R132Q	R132
tcga_mc3	TCGA-DK-A2I6:4:48140938:G	TEC	S546L	S546
tcga_mc3	TCGA-DK-A3IK:17:7577538:C	TP53	R248Q	R248
tcga_mc3	TCGA-DK-A3IK:1:149857978:G	HIST2H2BE	F71L	F71
tcga_mc3	TCGA-DK-A3IL:17:7577538:C	TP53	R248Q	R248
tcga_mc3	TCGA-DK-A3IM:17:7577121:G	TP53	R273C	R273
tcga_mc3	TCGA-DK-A3IN:17:7578534:C	TP53	K132N	K132
tcga_mc3	TCGA-DK-A3IQ:10:888915:C	LARP4B	K201N	K201
tcga_mc3	TCGA-DK-A3IU:17:7577085:C	TP53	E285K	E285
tcga_mc3	TCGA-DK-A3IV:17:7577085:C	TP53	E285K	E285
tcga_mc3	TCGA-DK-A3WW:10:69991290:C	ATOH7	E49K	E49
tcga_mc3	TCGA-DK-A3WW:3:178936091:G	PIK3CA	E545K	E545
tcga_mc3	TCGA-DK-A3WX:4:153247289:G	FBXW7	R505G	R505
tcga_mc3	TCGA-DK-A3X1:14:73581010:C	RBM25	S803L	S803
tcga_mc3	TCGA-DK-A3X1:17:7577127:C	TP53	E271K	E271
tcga_mc3	TCGA-DK-A3X1:1:173454569:C	PRDX6	R108W	R108
tcga_mc3	TCGA-DK-A3X1:3:178936091:G	PIK3CA	E545K	E545
tcga_mc3	TCGA-DK-A3X2:6:33165668:G	RXRB	R231C	R231
tcga_mc3	TCGA-DK-A6AW:10:70099301:G	HNRNPH3	D210N	D210
tcga_mc3	TCGA-DK-A6AW:13:50293913:T	KPNA3	N257Y	N257
tcga_mc3	TCGA-DK-A6AW:14:95560464:C	DICER1	D1709N	D1709
tcga_mc3	TCGA-DK-A6AW:15:32916532:G	ARHGAP11A	K152N	K152
tcga_mc3	TCGA-DK-A6AW:15:89442725:C	MFGE8	K355N	K355
tcga_mc3	TCGA-DK-A6AW:18:18547870:C	ROCK1	R1012Q	R1012
tcga_mc3	TCGA-DK-A6AW:20:54958042:G	AURKA	R189W	R189
tcga_mc3	TCGA-DK-A6AW:3:59999858:G	FHIT	R42W	R42
tcga_mc3	TCGA-DK-A6AW:5:55259989:C	IL6ST	D215Y	D215
tcga_mc3	TCGA-DK-A6AW:9:32984659:C	APTX	R261Q	R261
tcga_mc3	TCGA-DK-A6AW:9:37708411:G	FRMPD1	G92D	G92
tcga_mc3	TCGA-DK-A6B5:3:178936082:G	PIK3CA	E542K	E542
tcga_mc3	TCGA-DK-A6B6:11:5012624:G	MMP26	D165H	D165
tcga_mc3	TCGA-DK-A6B6:14:55607035:C	LGALS3	R129C	R129
tcga_mc3	TCGA-DK-A6B6:17:37868208:C	ERBB2	S310F	S310
tcga_mc3	TCGA-DK-A6B6:1:23710889:C	TCEA3	E330K	E330
tcga_mc3	TCGA-DK-A6B6:9:95050488:C	IARS	D66H	D66
tcga_mc3	TCGA-DK-AA6L:17:37868208:C	ERBB2	S310F	S310
tcga_mc3	TCGA-DK-AA6L:17:63010910:C	GNA13	R200K	R200
tcga_mc3	TCGA-DK-AA6L:17:7577547:C	TP53	G245V	G245
tcga_mc3	TCGA-DK-AA6L:9:140069557:G	ANAPC2	S769L	S769
tcga_mc3	TCGA-DK-AA6M:17:7577547:C	TP53	G245D	G245
tcga_mc3	TCGA-DK-AA6M:1:19633512:C	AKR7A2	E258K	E258
tcga_mc3	TCGA-DK-AA6M:7:148484180:G	CUL1	D483N	D483
tcga_mc3	TCGA-DK-AA6Q:17:7577538:C	TP53	R248Q	R248
tcga_mc3	TCGA-DK-AA6Q:3:178936091:G	PIK3CA	E545K	E545
tcga_mc3	TCGA-DK-AA6Q:7:129040161:C	AHCYL2	S285L	S285
tcga_mc3	TCGA-DK-AA6R:17:7577538:C	TP53	R248Q	R248
tcga_mc3	TCGA-DK-AA6U:3:49412884:C	RHOA	E47K	E47
tcga_mc3	TCGA-DK-AA6X:3:178936082:G	PIK3CA	E542K	E542
tcga_mc3	TCGA-DK-AA71:1:149857978:G	HIST2H2BE	F71L	F71
tcga_mc3	TCGA-DK-AA71:3:178936082:G	PIK3CA	E542K	E542
tcga_mc3	TCGA-DK-AA71:5:168187890:C	SLIT3	K554N	K554
tcga_mc3	TCGA-DK-AA71:8:118819474:C	EXT1	G622A	G622
tcga_mc3	TCGA-DK-AA77:16:57468000:G	CIAPIN1	S171F	S171
tcga_mc3	TCGA-DK-AA77:3:178936091:G	PIK3CA	E545K	E545
tcga_mc3	TCGA-DK-AA77:4:1803568:C	FGFR3	S249C	S249
tcga_mc3	TCGA-E5-A2PC:2:20647740:G	RHOB	E172K	E172
tcga_mc3	TCGA-E5-A2PC:3:178936091:G	PIK3CA	E545K	E545
tcga_mc3	TCGA-E5-A2PC:4:1803568:C	FGFR3	S249C	S249
tcga_mc3	TCGA-E5-A4U1:16:21288839:G	CRYM	F79L	F79
tcga_mc3	TCGA-E5-A4U1:17:7577099:C	TP53	R280T	R280
tcga_mc3	TCGA-E7-A3X6:4:1803568:C	FGFR3	S249C	S249
tcga_mc3	TCGA-E7-A4XJ:12:25398284:C	KRAS	G12V	G12
tcga_mc3	TCGA-E7-A519:4:1803568:C	FGFR3	S249C	S249
tcga_mc3	TCGA-E7-A5KE:10:5008253:G	AKR1C1	D78H	D78
tcga_mc3	TCGA-E7-A5KE:4:153249385:G	FBXW7	R465C	R465
tcga_mc3	TCGA-E7-A5KE:8:67357493:G	ADHFE1	D132Y	D132
tcga_mc3	TCGA-E7-A5KF:14:105246551:C	AKT1	E17K	E17
tcga_mc3	TCGA-E7-A677:9:21971036:C	CDKN2A	D108Y	D108
tcga_mc3	TCGA-E7-A678:4:1803568:C	FGFR3	S249C	S249
tcga_mc3	TCGA-E7-A6MD:11:68192637:G	LRP5	E1102K	E1102
tcga_mc3	TCGA-E7-A6ME:9:101014156:C	TBC1D2	R141L	R141
tcga_mc3	TCGA-E7-A7DU:17:7577127:C	TP53	E271K	E271
tcga_mc3	TCGA-E7-A7DU:2:242662634:G	ING5	E210K	E210
tcga_mc3	TCGA-E7-A7DU:3:178936091:G	PIK3CA	E545Q	E545
tcga_mc3	TCGA-E7-A7DV:17:7577085:C	TP53	E285K	E285
tcga_mc3	TCGA-E7-A7DV:4:1803568:C	FGFR3	S249C	S249
tcga_mc3	TCGA-E7-A7PW:15:93521546:C	CHD2	S887F	S887
tcga_mc3	TCGA-E7-A7XN:1:149857978:G	HIST2H2BE	F71L	F71
tcga_mc3	TCGA-E7-A7XN:4:1803568:C	FGFR3	S249C	S249
tcga_mc3	TCGA-E7-A85H:6:129828766:G	LAMA2	G2946R	G2946
tcga_mc3	TCGA-E7-A97P:11:534289:C	HRAS	G12S	G12
tcga_mc3	TCGA-E7-A97P:7:44282882:C	CAMK2B	A190S	A190
tcga_mc3	TCGA-FD-A3B3:2:174047626:A	MLTK	R98G	R98
tcga_mc3	TCGA-FD-A3B3:5:108516587:G	FER	E730K	E730
tcga_mc3	TCGA-FD-A3B5:11:1579452:G	DUSP8	S196C	S196
tcga_mc3	TCGA-FD-A3B5:3:178936091:G	PIK3CA	E545K	E545
tcga_mc3	TCGA-FD-A3B6:16:58552747:G	SETD6	W412C	W412
tcga_mc3	TCGA-FD-A3B6:3:178936091:G	PIK3CA	E545Q	E545
tcga_mc3	TCGA-FD-A3B7:17:7577538:C	TP53	R248Q	R248
tcga_mc3	TCGA-FD-A3B7:18:48575203:T	SMAD4	Y133N	Y133
tcga_mc3	TCGA-FD-A3N5:9:139890163:C	CLIC3	R27P	R27
tcga_mc3	TCGA-FD-A3N6:17:79990672:G	RAC3	D65N	D65
tcga_mc3	TCGA-FD-A3NA:16:3100442:G	MMP25	D186N	D186
tcga_mc3	TCGA-FD-A3SJ:17:7577559:G	TP53	S241F	S241
tcga_mc3	TCGA-FD-A3SJ:3:178952085:A	PIK3CA	H1047L	H1047
tcga_mc3	TCGA-FD-A3SL:2:75108948:G	HK2	A561S	A561
tcga_mc3	TCGA-FD-A3SM:4:1803568:C	FGFR3	S249C	S249
tcga_mc3	TCGA-FD-A3SN:17:63010911:T	GNA13	R200G	R200
tcga_mc3	TCGA-FD-A3SN:9:2115859:A	SMARCA2	Q1165P	Q1165
tcga_mc3	TCGA-FD-A3SO:13:108959240:C	TNFSF13B	S271L	S271
tcga_mc3	TCGA-FD-A3SO:3:178936091:G	PIK3CA	E545K	E545
tcga_mc3	TCGA-FD-A3SP:17:7577099:C	TP53	R280T	R280
tcga_mc3	TCGA-FD-A3SR:17:7578454:G	TP53	A159V	A159
tcga_mc3	TCGA-FD-A3SS:17:7578406:C	TP53	R175H	R175
tcga_mc3	TCGA-FD-A43P:11:64822077:C	NAALADL1	R246Q	R246
tcga_mc3	TCGA-FD-A43P:17:7577085:C	TP53	E285K	E285
tcga_mc3	TCGA-FD-A5BU:17:37881332:G	ERBB2	V842I	V842
tcga_mc3	TCGA-FD-A5BX:17:57762430:C	CLTC	S1483L	S1483
tcga_mc3	TCGA-FD-A5C1:3:178952085:A	PIK3CA	H1047R	H1047
tcga_mc3	TCGA-FD-A62O:12:40441970:G	SLC2A13	S200L	S200
tcga_mc3	TCGA-FD-A62P:5:74655086:A	HMGCR	N750I	N750
tcga_mc3	TCGA-FD-A62S:17:7577568:C	TP53	C238F	C238
tcga_mc3	TCGA-FD-A6TA:4:153247289:G	FBXW7	R505G	R505
tcga_mc3	TCGA-FD-A6TB:17:63010910:C	GNA13	R200T	R200
tcga_mc3	TCGA-FD-A6TB:2:20647740:G	RHOB	E172K	E172
tcga_mc3	TCGA-FD-A6TC:16:70400148:G	DDX19A	Q255H	Q255
tcga_mc3	TCGA-FD-A6TC:17:17106239:C	PLD6	E201Q	E201
tcga_mc3	TCGA-FD-A6TC:1:40747018:C	ZMPSTE24	S258C	S258
tcga_mc3	TCGA-FD-A6TC:22:43538972:G	MCAT	S128L	S128
tcga_mc3	TCGA-FD-A6TC:3:119396068:C	COX17	K30N	K30
tcga_mc3	TCGA-FD-A6TD:7:148484180:G	CUL1	D483N	D483
tcga_mc3	TCGA-FD-A6TG:12:56478854:G	ERBB3	V104L	V104
tcga_mc3	TCGA-FD-A6TH:11:64822077:C	NAALADL1	R246Q	R246
tcga_mc3	TCGA-FD-A6TH:2:165383525:A	GRB14	M201T	M201
tcga_mc3	TCGA-FD-A6TH:7:148484180:G	CUL1	D483N	D483
tcga_mc3	TCGA-FD-A6TI:19:11143993:C	SMARCA4	R1192C	R1192
tcga_mc3	TCGA-FD-A6TK:19:56173907:G	U2AF2	G176W	G176
tcga_mc3	TCGA-FJ-A3Z7:10:103542092:A	NPM3	F114C	F114
tcga_mc3	TCGA-FJ-A3Z9:12:25398284:C	KRAS	G12V	G12
tcga_mc3	TCGA-FJ-A3Z9:8:109001361:C	RSPO2	R69H	R69
tcga_mc3	TCGA-FJ-A3ZE:10:29760165:A	SVIL	V1846D	V1846
tcga_mc3	TCGA-FJ-A3ZE:19:11143966:G	SMARCA4	D1183H	D1183
tcga_mc3	TCGA-FJ-A3ZE:4:10100674:C	WDR1	D107Y	D107
tcga_mc3	TCGA-FJ-A3ZE:4:1803568:C	FGFR3	S249C	S249
tcga_mc3	TCGA-FJ-A3ZF:12:56478854:G	ERBB3	V104L	V104
tcga_mc3	TCGA-FJ-A3ZF:17:7577085:C	TP53	E285K	E285
tcga_mc3	TCGA-FJ-A871:10:89692794:A	PTEN	H93R	H93
tcga_mc3	TCGA-G2-A2EF:1:150620960:G	GOLPH3L	S232C	S232
tcga_mc3	TCGA-G2-A2EJ:11:534288:C	HRAS	G12D	G12
tcga_mc3	TCGA-G2-A2EJ:17:7577548:C	TP53	G245S	G245
tcga_mc3	TCGA-G2-A2EL:8:28902932:C	HMBOX1	N302K	N302
tcga_mc3	TCGA-G2-A2EO:17:7577099:C	TP53	R280T	R280
tcga_mc3	TCGA-G2-A2EO:20:57268911:C	NPEPL1	S90L	S90
tcga_mc3	TCGA-G2-A2EO:2:29016810:G	PPP1CB	D276H	D276
tcga_mc3	TCGA-G2-A2EO:3:178936091:G	PIK3CA	E545K	E545
tcga_mc3	TCGA-G2-A2EO:7:98649052:G	SMURF1	T245R	T245
tcga_mc3	TCGA-G2-A2ES:17:7578406:C	TP53	R175H	R175
tcga_mc3	TCGA-G2-A2ES:4:153250906:G	FBXW7	T385K	T385
tcga_mc3	TCGA-G2-A3IE:17:7577099:C	TP53	R280K	R280
tcga_mc3	TCGA-G2-A3VY:17:7577099:C	TP53	R280T	R280
tcga_mc3	TCGA-G2-A3VY:19:6495749:G	TUBB4A	A254G	A254
tcga_mc3	TCGA-G2-A3VY:3:178936082:G	PIK3CA	E542K	E542
tcga_mc3	TCGA-G2-AA3B:19:4099409:C	MAP2K2	E237Q	E237
tcga_mc3	TCGA-G2-AA3B:1:114123190:G	MAGI3	E154Q	E154
tcga_mc3	TCGA-G2-AA3B:3:178936091:G	PIK3CA	E545K	E545
tcga_mc3	TCGA-G2-AA3C:12:25398285:C	KRAS	G12C	G12
tcga_mc3	TCGA-G2-AA3C:9:32489410:C	DDX58	R244K	R244
tcga_mc3	TCGA-G2-AA3F:14:21876685:C	CHD8	G839V	G839
tcga_mc3	TCGA-G2-AA3F:9:2115849:C	SMARCA2	R1162S	R1162
tcga_mc3	TCGA-GC-A3BM:4:1803568:C	FGFR3	S249C	S249
tcga_mc3	TCGA-GC-A3I6:3:30713543:G	TGFBR2	E290K	E290
tcga_mc3	TCGA-GC-A3OO:7:30066007:G	FKBP14	R40C	R40
tcga_mc3	TCGA-GC-A3WC:17:7578534:C	TP53	K132N	K132
tcga_mc3	TCGA-GC-A3WC:17:79803505:C	P4HB	E431Q	E431
tcga_mc3	TCGA-GC-A3YS:17:37868208:C	ERBB2	S310F	S310
tcga_mc3	TCGA-GC-A3YS:17:7578457:C	TP53	R158H	R158
tcga_mc3	TCGA-GC-A3YS:5:133724024:G	UBE2B	D84Y	D84
tcga_mc3	TCGA-GC-A6I1:17:7577538:C	TP53	R248Q	R248
tcga_mc3	TCGA-GC-A6I1:1:12726694:C	AADACL4	P391L	P391
tcga_mc3	TCGA-GC-A6I3:17:7578457:C	TP53	R158H	R158
tcga_mc3	TCGA-GC-A6I3:3:178936092:A	PIK3CA	E545A	E545
tcga_mc3	TCGA-GD-A2C5:17:7577539:G	TP53	R248W	R248
tcga_mc3	TCGA-GD-A3OQ:11:534288:C	HRAS	G12D	G12
tcga_mc3	TCGA-GD-A3OS:17:7577538:C	TP53	R248Q	R248
tcga_mc3	TCGA-GD-A6C6:3:178936091:G	PIK3CA	E545K	E545
tcga_mc3	TCGA-GD-A6C6:3:189584546:C	TP63	T281R	T281
tcga_mc3	TCGA-GD-A6C6:6:31637213:G	CSNK2B-LY6G5B-1181	G162D	G162
tcga_mc3	TCGA-GD-A76B:1:40747027:C	ZMPSTE24	S261F	S261
tcga_mc3	TCGA-GD-A76B:3:178936082:G	PIK3CA	E542K	E542
tcga_mc3	TCGA-GU-A42P:17:7577550:C	TP53	G244D	G244
tcga_mc3	TCGA-GU-A42P:18:61305279:G	SERPINB4	H283Y	H283
tcga_mc3	TCGA-GU-A42R:4:1803568:C	FGFR3	S249C	S249
tcga_mc3	TCGA-GU-A762:18:48591925:G	SMAD4	C363S	C363
tcga_mc3	TCGA-GU-A763:4:1803568:C	FGFR3	S249C	S249
tcga_mc3	TCGA-GU-A764:21:45194157:G	CSTB	H75Y	H75
tcga_mc3	TCGA-GU-A767:17:37868208:C	ERBB2	S310Y	S310
tcga_mc3	TCGA-GU-A767:3:49412884:C	RHOA	E47K	E47
tcga_mc3	TCGA-GU-AATO:17:7577538:C	TP53	R248Q	R248
tcga_mc3	TCGA-GV-A3JW:17:7578454:G	TP53	A159V	A159
tcga_mc3	TCGA-GV-A3JX:17:7577538:C	TP53	R248Q	R248
tcga_mc3	TCGA-GV-A3JX:3:178936091:G	PIK3CA	E545K	E545
tcga_mc3	TCGA-GV-A3JX:5:110710590:C	CAMK4	R95C	R95
tcga_mc3	TCGA-GV-A3JX:7:148484180:G	CUL1	D483N	D483
tcga_mc3	TCGA-GV-A3JZ:4:125591379:G	ANKRD50	S1018F	S1018
tcga_mc3	TCGA-GV-A3QI:12:57033894:G	ATP5B	S386L	S386
tcga_mc3	TCGA-GV-A3QK:14:60750068:C	PPM1A	S216L	S216
tcga_mc3	TCGA-GV-A3QK:7:50663213:C	GRB10	R520L	R520
tcga_mc3	TCGA-GV-A40E:9:21971111:G	CDKN2A	H83Y	H83
tcga_mc3	TCGA-GV-A40G:11:66206132:C	MRPL11	G32R	G32
tcga_mc3	TCGA-GV-A40G:17:7577094:G	TP53	R282W	R282
tcga_mc3	TCGA-GV-A6ZA:17:37868208:C	ERBB2	S310F	S310
tcga_mc3	TCGA-H4-A2HO:3:178936082:G	PIK3CA	E542K	E542
tcga_mc3	TCGA-H4-A2HQ:4:1803568:C	FGFR3	S249C	S249
tcga_mc3	TCGA-HQ-A2OE:1:207014389:A	IL19	N135I	N135
tcga_mc3	TCGA-HQ-A2OE:3:50231561:G	GNAT1	K205N	K205
tcga_mc3	TCGA-HQ-A2OF:17:37881332:G	ERBB2	V842I	V842
tcga_mc3	TCGA-HQ-A5ND:2:20647740:G	RHOB	E172K	E172
tcga_mc3	TCGA-HQ-A5NE:3:178936091:G	PIK3CA	E545Q	E545
tcga_mc3	TCGA-K4-A3WS:17:63010911:T	GNA13	R200G	R200
tcga_mc3	TCGA-K4-A3WS:3:178936082:G	PIK3CA	E542K	E542
tcga_mc3	TCGA-K4-A3WU:17:4849269:C	PFN1	E117Q	E117
tcga_mc3	TCGA-K4-A3WU:7:55259449:G	EGFR	R836H	R836
tcga_mc3	TCGA-K4-A3WV:17:79892987:G	PYCR1	R119C	R119
tcga_mc3	TCGA-K4-A4AC:17:7577538:C	TP53	R248Q	R248
tcga_mc3	TCGA-K4-A4AC:2:20647449:C	RHOB	P75T	P75
tcga_mc3	TCGA-K4-A54R:3:178936091:G	PIK3CA	E545K	E545
tcga_mc3	TCGA-K4-A54R:3:59999837:C	FHIT	D49N	D49
tcga_mc3	TCGA-K4-A5RI:17:7577538:C	TP53	R248Q	R248
tcga_mc3	TCGA-K4-A5RI:7:148484186:G	CUL1	E485K	E485
tcga_mc3	TCGA-K4-A5RJ:17:37868208:C	ERBB2	S310F	S310
tcga_mc3	TCGA-K4-A6FZ:17:37868208:C	ERBB2	S310F	S310
tcga_mc3	TCGA-K4-A6FZ:19:34890215:A	GPI	D458V	D458
tcga_mc3	TCGA-K4-A83P:17:37868208:C	ERBB2	S310F	S310
tcga_mc3	TCGA-K4-A83P:20:24950942:C	APMAP	D202H	D202
tcga_mc3	TCGA-K4-AAQO:16:2257345:C	MLST8	T191I	T191
tcga_mc3	TCGA-KQ-A41N:4:39507352:T	UGDH	D308A	D308
tcga_mc3	TCGA-KQ-A41N:4:39507353:C	UGDH	D308Y	D308
tcga_mc3	TCGA-KQ-A41O:17:7577099:C	TP53	R280K	R280
tcga_mc3	TCGA-KQ-A41P:17:7577099:C	TP53	R280T	R280
tcga_mc3	TCGA-KQ-A41R:10:101180478:T	GOT1	N68T	N68
tcga_mc3	TCGA-KQ-A41R:1:16475133:C	EPHA2	C188Y	C188
tcga_mc3	TCGA-KQ-A41R:2:20647740:G	RHOB	E172K	E172
tcga_mc3	TCGA-KQ-A41S:17:37868208:C	ERBB2	S310Y	S310
tcga_mc3	TCGA-LT-A5Z6:14:24808688:C	RIPK3	D46Y	D46
tcga_mc3	TCGA-LT-A5Z6:22:18640584:C	USP18	H52Y	H52
tcga_mc3	TCGA-LT-A5Z6:22:37696979:G	CYTH4	E156K	E156
tcga_mc3	TCGA-LT-A8JT:4:1803568:C	FGFR3	S249C	S249
tcga_mc3	TCGA-PQ-A6FI:17:7577538:C	TP53	R248Q	R248
tcga_mc3	TCGA-PQ-A6FI:9:115179164:C	HSDL2	H147Y	H147
tcga_mc3	TCGA-S5-A6DX:22:46739199:C	TRMU	P97A	P97
tcga_mc3	TCGA-S5-A6DX:2:242662478:G	ING5	D203N	D203
tcga_mc3	TCGA-S5-A6DX:7:50595890:G	DDC	S220C	S220
tcga_mc3	TCGA-SY-A9G0:17:63010910:C	GNA13	R200T	R200
tcga_mc3	TCGA-SY-A9G5:22:29090070:G	CHEK2	P471S	P471
tcga_mc3	TCGA-UY-A78K:16:30505565:A	ITGAL	K416E	K416
tcga_mc3	TCGA-UY-A78K:17:7577121:G	TP53	R273C	R273
tcga_mc3	TCGA-UY-A78K:19:3151779:T	GNA15	M187T	M187
tcga_mc3	TCGA-UY-A78K:2:54893189:T	SPTBN1	L2266P	L2266
tcga_mc3	TCGA-UY-A78K:4:39512333:T	UGDH	E138G	E138
tcga_mc3	TCGA-UY-A78L:17:7577085:C	TP53	E285K	E285
tcga_mc3	TCGA-UY-A78L:1:24124220:C	GALE	E165K	E165
tcga_mc3	TCGA-UY-A78N:10:15120541:T	ACBD7	K85N	K85
tcga_mc3	TCGA-UY-A78N:11:57099224:G	SSRP1	R381C	R381
tcga_mc3	TCGA-UY-A78N:5:177035948:C	B4GALT7	T254I	T254
tcga_mc3	TCGA-UY-A78O:17:7577559:G	TP53	S241F	S241
tcga_mc3	TCGA-UY-A8OC:12:25398284:C	KRAS	G12D	G12
tcga_mc3	TCGA-UY-A8OD:19:11132516:G	SMARCA4	G911D	G911
tcga_mc3	TCGA-UY-A9PA:17:7577539:G	TP53	R248W	R248
tcga_mc3	TCGA-UY-A9PB:17:38573039:A	TOP2A	L44V	L44
tcga_mc3	TCGA-UY-A9PB:17:7577544:A	TP53	M246T	M246
tcga_mc3	TCGA-UY-A9PB:6:43193613:G	DNPH1	S128L	S128
tcga_mc3	TCGA-UY-A9PD:17:7574018:G	TP53	R337S	R337
tcga_mc3	TCGA-UY-A9PD:17:7577539:G	TP53	R248G	R248
tcga_mc3	TCGA-UY-A9PE:16:1820963:G	NME3	S104L	S104
tcga_mc3	TCGA-UY-A9PF:1:46657843:T	POMGNT1	E489V	E489
tcga_mc3	TCGA-UY-A9PF:2:20647740:G	RHOB	E172K	E172
tcga_mc3	TCGA-UY-A9PH:12:56488222:G	ERBB3	D581H	D581
tcga_mc3	TCGA-XF-A8HC:17:37868208:C	ERBB2	S310F	S310
tcga_mc3	TCGA-XF-A8HD:17:7578406:C	TP53	R175H	R175
tcga_mc3	TCGA-XF-A8HD:3:178936091:G	PIK3CA	E545K	E545
tcga_mc3	TCGA-XF-A8HF:17:7578457:C	TP53	R158H	R158
tcga_mc3	TCGA-XF-A8HG:19:44160693:C	PLAUR	C137Y	C137
tcga_mc3	TCGA-XF-A8HH:12:56488228:C	ERBB3	P583S	P583
tcga_mc3	TCGA-XF-A8HI:11:11373820:G	CSNK2A3	R283C	R283
tcga_mc3	TCGA-XF-A8HI:17:47699369:C	SPOP	E47K	E47
tcga_mc3	TCGA-XF-A8HI:3:178936082:G	PIK3CA	E542K	E542
tcga_mc3	TCGA-XF-A9SI:3:184093698:G	THPO	S40C	S40
tcga_mc3	TCGA-XF-A9SI:3:50294270:G	GNAI2	E237Q	E237
tcga_mc3	TCGA-XF-A9SJ:5:36168486:C	SKP2	S203F	S203
tcga_mc3	TCGA-XF-A9SK:12:75884198:G	GLIPR1	D145Y	D145
tcga_mc3	TCGA-XF-A9SK:2:38542449:C	ATL2	E211Q	E211
tcga_mc3	TCGA-XF-A9SM:17:37868208:C	ERBB2	S310F	S310
tcga_mc3	TCGA-XF-A9SP:1:76211508:G	ACADM	R206H	R206
tcga_mc3	TCGA-XF-A9ST:17:37868208:C	ERBB2	S310F	S310
tcga_mc3	TCGA-XF-A9ST:17:63010911:T	GNA13	R200G	R200
tcga_mc3	TCGA-XF-A9ST:5:118867038:G	HSD17B4	K644N	K644
tcga_mc3	TCGA-XF-A9SU:12:25398284:C	KRAS	G12D	G12
tcga_mc3	TCGA-XF-A9SV:2:121036307:G	RALB	G23R	G23
tcga_mc3	TCGA-XF-A9SV:4:1803568:C	FGFR3	S249C	S249
tcga_mc3	TCGA-XF-A9SX:2:131883340:C	PLEKHB2	R18C	R18
tcga_mc3	TCGA-XF-A9SY:12:58174199:G	METTL21B	D151N	D151
tcga_mc3	TCGA-XF-A9T2:4:153247253:C	FBXW7	G517R	G517
tcga_mc3	TCGA-XF-A9T3:1:51439743:G	CDKN2C	G103E	G103
tcga_mc3	TCGA-XF-A9T5:4:155461192:C	PLRG1	R318T	R318
tcga_mc3	TCGA-XF-A9T5:6:34846473:C	TAF11	G177E	G177
tcga_mc3	TCGA-XF-A9T5:6:34846481:C	TAF11	E174D	E174
tcga_mc3	TCGA-XF-A9T6:2:219110158:C	ARPC2	R189C	R189
tcga_mc3	TCGA-XF-A9T8:2:234243683:G	SAG	R294S	R294
tcga_mc3	TCGA-XF-A9T8:3:178936091:G	PIK3CA	E545K	E545
tcga_mc3	TCGA-XF-AAMF:17:7577127:C	TP53	E271K	E271
tcga_mc3	TCGA-XF-AAMG:16:21288849:A	CRYM	L76S	L76
tcga_mc3	TCGA-XF-AAMG:3:178936082:G	PIK3CA	E542K	E542
tcga_mc3	TCGA-XF-AAMG:6:27114356:G	HIST1H2BK	I74M	I74
tcga_mc3	TCGA-XF-AAMH:12:25398284:C	KRAS	G12D	G12
tcga_mc3	TCGA-XF-AAML:17:37868208:C	ERBB2	S310F	S310
tcga_mc3	TCGA-XF-AAML:17:7577099:C	TP53	R280T	R280
tcga_mc3	TCGA-XF-AAML:17:7577538:C	TP53	R248Q	R248
tcga_mc3	TCGA-XF-AAML:22:50718922:G	PLXNB2	R1391C	R1391
tcga_mc3	TCGA-XF-AAML:3:12950806:C	IQSEC1	E863K	E863
tcga_mc3	TCGA-XF-AAMQ:17:7577121:G	TP53	R273C	R273
tcga_mc3	TCGA-XF-AAMQ:7:56082739:C	PSPH	D183N	D183
tcga_mc3	TCGA-XF-AAMT:17:7577085:C	TP53	E285K	E285
tcga_mc3	TCGA-XF-AAMW:11:534285:C	HRAS	G13V	G13
tcga_mc3	TCGA-XF-AAMX:17:37868208:C	ERBB2	S310F	S310
tcga_mc3	TCGA-XF-AAMX:17:7577556:C	TP53	C242Y	C242
tcga_mc3	TCGA-XF-AAN0:1:214178607:G	PROX1	D609H	D609
tcga_mc3	TCGA-XF-AAN0:3:178936091:G	PIK3CA	E545K	E545
tcga_mc3	TCGA-XF-AAN1:4:153249385:G	FBXW7	R465C	R465
tcga_mc3	TCGA-XF-AAN2:11:27114841:G	BBOX1	G154A	G154
tcga_mc3	TCGA-XF-AAN2:12:96692698:C	CDK17	E222K	E222
tcga_mc3	TCGA-XF-AAN2:3:178936082:G	PIK3CA	E542K	E542
tcga_mc3	TCGA-XF-AAN3:14:105944793:G	CRIP2	G49W	G49
tcga_mc3	TCGA-XF-AAN3:9:21971111:G	CDKN2A	H83Y	H83
tcga_mc3	TCGA-XF-AAN5:17:37868208:C	ERBB2	S310F	S310
tcga_mc3	TCGA-XF-AAN7:12:25398284:C	KRAS	G12D	G12
tcga_mc3	TCGA-YC-A89H:12:56478817:G	ERBB3	M91I	M91
tcga_mc3	TCGA-YC-A89H:3:178936082:G	PIK3CA	E542K	E542
tcga_mc3	TCGA-YC-A89H:4:153250867:G	FBXW7	S398F	S398
tcga_mc3	TCGA-YC-A9TC:4:153247289:G	FBXW7	R505G	R505
tcga_mc3	TCGA-YF-AA3M:17:27049770:C	RPL23A	P80L	P80
tcga_mc3	TCGA-YF-AA3M:17:7577099:C	TP53	R280T	R280
tcga_mc3	TCGA-YF-AA3M:20:40101990:G	CHD6	S879C	S879
tcga_mc3	TCGA-ZF-A9R0:17:7577559:G	TP53	S241F	S241
tcga_mc3	TCGA-ZF-A9R2:4:1803568:C	FGFR3	S249C	S249
tcga_mc3	TCGA-ZF-A9R3:17:37879658:G	ERBB2	R678Q	R678
tcga_mc3	TCGA-ZF-A9R5:19:11132430:A	SMARCA4	E882D	E882
tcga_mc3	TCGA-ZF-A9R7:12:70929906:G	PTPRB	Q1776E	Q1776
tcga_mc3	TCGA-ZF-A9R7:19:13051099:G	CALR	D179H	D179
tcga_mc3	TCGA-ZF-A9R9:1:212870373:C	BATF3	R42T	R42
tcga_mc3	TCGA-ZF-A9RC:17:7577574:T	TP53	Y236C	Y236
tcga_mc3	TCGA-ZF-A9RC:3:59999833:A	FHIT	L50P	L50
tcga_mc3	TCGA-ZF-A9RD:17:7577127:C	TP53	E271K	E271
tcga_mc3	TCGA-ZF-A9RE:17:7577094:G	TP53	R282W	R282
tcga_mc3	TCGA-ZF-A9RE:3:178952090:G	PIK3CA	G1049R	G1049
tcga_mc3	TCGA-ZF-A9RF:17:7577099:C	TP53	R280K	R280
tcga_mc3	TCGA-ZF-A9RF:2:242441050:T	STK25	Y35C	Y35
tcga_mc3	TCGA-ZF-A9RG:4:1807889:A	FGFR3	K650E	K650
tcga_mc3	TCGA-ZF-A9RL:3:15616524:C	HACL1	G290A	G290
tcga_mc3	TCGA-ZF-A9RL:4:1807889:A	FGFR3	K650E	K650
tcga_mc3	TCGA-ZF-AA4N:17:7577094:G	TP53	R282W	R282
tcga_mc3	TCGA-ZF-AA4T:15:75219205:C	COX5A	D81N	D81
tcga_mc3	TCGA-ZF-AA4T:17:7577559:G	TP53	S241F	S241
tcga_mc3	TCGA-ZF-AA4T:19:34981329:G	WTIP	C239F	C239
tcga_mc3	TCGA-ZF-AA4V:11:102667496:T	MMP1	D175V	D175
tcga_mc3	TCGA-ZF-AA4V:12:133454175:C	CHFR	E67K	E67
tcga_mc3	TCGA-ZF-AA4V:17:37868208:C	ERBB2	S310F	S310
tcga_mc3	TCGA-ZF-AA4V:3:9793520:A	OGG1	N151S	N151
tcga_mc3	TCGA-ZF-AA4W:22:24313771:C	DDT	G109D	G109
tcga_mc3	TCGA-ZF-AA4W:2:20647415:G	RHOB	Q63H	Q63
tcga_mc3	TCGA-ZF-AA4X:12:64814001:C	XPOT	S214C	S214
tcga_mc3	TCGA-ZF-AA4X:17:73661148:G	RECQL5	L79F	L79
tcga_mc3	TCGA-ZF-AA4X:17:7577085:C	TP53	E285K	E285
tcga_mc3	TCGA-ZF-AA4X:3:178936082:G	PIK3CA	E542K	E542
tcga_mc3	TCGA-ZF-AA51:10:62670660:C	RHOBTB1	R94H	R94
tcga_mc3	TCGA-ZF-AA51:11:118890872:C	TRAPPC4	I121M	I121
tcga_mc3	TCGA-ZF-AA51:11:64822077:C	NAALADL1	R246Q	R246
tcga_mc3	TCGA-ZF-AA52:17:7577121:G	TP53	R273S	R273
tcga_mc3	TCGA-ZF-AA53:3:178936091:G	PIK3CA	E545K	E545
tcga_mc3	TCGA-ZF-AA54:12:25398284:C	KRAS	G12D	G12
tcga_mc3	TCGA-ZF-AA54:6:44279886:C	AARS2	D120H	D120
tcga_mc3	TCGA-ZF-AA56:3:178936082:G	PIK3CA	E542K	E542
tcga_mc3	TCGA-ZF-AA58:11:534286:C	HRAS	G13R	G13
tcga_mc3	TCGA-ZF-AA58:17:7577099:C	TP53	R280T	R280
tcga_mc3	TCGA-ZF-AA58:18:77193698:G	NFATC1	G449E	G449
tcga_mc3	TCGA-ZF-AA58:5:55256367:G	IL6ST	S279F	S279
tcga_mc3	TCGA-ZF-AA58:6:27775463:G	HIST1H2BL	I74M	I74
tcga_mc3	TCGA-3C-AALI:19:39955454:C	SUPT5H	S214L	S214
tcga_mc3	TCGA-3C-AALI:2:163070549:C	FAP	D301N	D301
tcga_mc3	TCGA-3C-AALI:6:26123919:C	HIST1H2BC	E72Q	E72
tcga_mc3	TCGA-3C-AALK:3:178936082:G	PIK3CA	E542K	E542
tcga_mc3	TCGA-3C-AALK:3:178951957:G	PIK3CA	M1004I	M1004
tcga_mc3	TCGA-4H-AAAK:17:37881000:G	ERBB2	V777L	V777
tcga_mc3	TCGA-5T-A9QA:13:113873275:G	CUL4A	C94S	C94
tcga_mc3	TCGA-A1-A0SH:17:33476023:C	UNC45B	S67F	S67
tcga_mc3	TCGA-A1-A0SI:17:7578406:C	TP53	R175H	R175
tcga_mc3	TCGA-A1-A0SI:1:145440048:C	TXNIP	S249F	S249
tcga_mc3	TCGA-A1-A0SI:3:178938934:G	PIK3CA	E726K	E726
tcga_mc3	TCGA-A1-A0SI:3:178952085:A	PIK3CA	H1047R	H1047
tcga_mc3	TCGA-A1-A0SK:2:101541639:C	NPAS2	R22W	R22
tcga_mc3	TCGA-A1-A0SO:17:7578190:T	TP53	Y220C	Y220
tcga_mc3	TCGA-A1-A0SO:3:184298584:G	EPHB3	S819T	S819
tcga_mc3	TCGA-A2-A04N:3:178936082:G	PIK3CA	E542K	E542
tcga_mc3	TCGA-A2-A04R:20:32267630:T	E2F1	Y168C	Y168
tcga_mc3	TCGA-A2-A04R:7:150698415:G	NOS3	D444N	D444
tcga_mc3	TCGA-A2-A04W:17:7577124:C	TP53	V272M	V272
tcga_mc3	TCGA-A2-A04W:3:178952085:A	PIK3CA	H1047R	H1047
tcga_mc3	TCGA-A2-A0CL:17:7577120:C	TP53	R273L	R273
tcga_mc3	TCGA-A2-A0CS:3:178952085:A	PIK3CA	H1047R	H1047
tcga_mc3	TCGA-A2-A0CV:6:80746264:G	TTK	G666E	G666
tcga_mc3	TCGA-A2-A0CW:3:178952090:G	PIK3CA	G1049R	G1049
tcga_mc3	TCGA-A2-A0EN:3:178952085:A	PIK3CA	H1047R	H1047
tcga_mc3	TCGA-A2-A0EW:3:178936095:A	PIK3CA	Q546R	Q546
tcga_mc3	TCGA-A2-A0SY:3:178936091:G	PIK3CA	E545K	E545
tcga_mc3	TCGA-A2-A0T0:2:27465275:G	CAD	G2068R	G2068
tcga_mc3	TCGA-A2-A0T0:2:27465276:G	CAD	G2068V	G2068
tcga_mc3	TCGA-A2-A0T1:17:7577121:G	TP53	R273C	R273
tcga_mc3	TCGA-A2-A0T4:3:178952085:A	PIK3CA	H1047R	H1047
tcga_mc3	TCGA-A2-A0T7:3:178952074:G	PIK3CA	M1043I	M1043
tcga_mc3	TCGA-A2-A0YC:3:178936091:G	PIK3CA	E545K	E545
tcga_mc3	TCGA-A2-A0YH:3:178921553:T	PIK3CA	N345K	N345
tcga_mc3	TCGA-A2-A0YI:3:178921553:T	PIK3CA	N345K	N345
tcga_mc3	TCGA-A2-A0YJ:17:37821713:C	TCAP	P34R	P34
tcga_mc3	TCGA-A2-A0YK:3:178952085:A	PIK3CA	H1047L	H1047
tcga_mc3	TCGA-A2-A0YL:3:178952085:A	PIK3CA	H1047R	H1047
tcga_mc3	TCGA-A2-A0YT:3:178936091:G	PIK3CA	E545K	E545
tcga_mc3	TCGA-A2-A1FZ:3:178952085:A	PIK3CA	H1047R	H1047
tcga_mc3	TCGA-A2-A1G0:3:178936082:G	PIK3CA	E542K	E542
tcga_mc3	TCGA-A2-A25B:6:27100352:T	HIST1H2BJ	M60L	M60
tcga_mc3	TCGA-A2-A25C:3:178952085:A	PIK3CA	H1047R	H1047
tcga_mc3	TCGA-A2-A25D:2:209025629:G	CRYGA	R142W	R142
tcga_mc3	TCGA-A2-A3XV:17:37868208:C	ERBB2	S310F	S310
tcga_mc3	TCGA-A7-A0D9:3:178921552:A	PIK3CA	N345T	N345
tcga_mc3	TCGA-A7-A13E:17:7578406:C	TP53	R175H	R175
tcga_mc3	TCGA-A7-A13G:3:178952085:A	PIK3CA	H1047R	H1047
tcga_mc3	TCGA-A7-A26E:3:178936091:G	PIK3CA	E545K	E545
tcga_mc3	TCGA-A7-A26F:17:7578403:C	TP53	C176F	C176
tcga_mc3	TCGA-A7-A4SC:10:89692905:G	PTEN	R130Q	R130
tcga_mc3	TCGA-A7-A5ZV:11:34470811:C	CAT	R47G	R47
tcga_mc3	TCGA-A7-A5ZX:3:178936092:A	PIK3CA	E545A	E545
tcga_mc3	TCGA-A7-A6VX:3:178952085:A	PIK3CA	H1047R	H1047
tcga_mc3	TCGA-A8-A075:3:178928079:G	PIK3CA	E453K	E453
tcga_mc3	TCGA-A8-A075:3:178936091:G	PIK3CA	E545K	E545
tcga_mc3	TCGA-AC-A23C:3:178936095:A	PIK3CA	Q546R	Q546
tcga_mc3	TCGA-AC-A23E:3:178952085:A	PIK3CA	H1047R	H1047
tcga_mc3	TCGA-AC-A23H:17:33446176:G	RAD51D	S33F	S33
tcga_mc3	TCGA-AC-A23H:17:37006660:C	RPL23	E99Q	E99
tcga_mc3	TCGA-AC-A23H:19:49464088:G	BAX	E131K	E131
tcga_mc3	TCGA-AC-A23H:1:149783669:G	HIST2H2BF	I70M	I70
tcga_mc3	TCGA-AC-A23H:20:33842446:G	MMP24	D236H	D236
tcga_mc3	TCGA-AC-A23H:2:163070549:C	FAP	D301N	D301
tcga_mc3	TCGA-AC-A23H:2:44428725:G	PPM1B	R129S	R129
tcga_mc3	TCGA-AC-A23H:3:132389877:G	UBA5	R188Q	R188
tcga_mc3	TCGA-AC-A2B8:3:178936091:G	PIK3CA	E545K	E545
tcga_mc3	TCGA-AC-A2FO:3:178936091:G	PIK3CA	E545K	E545
tcga_mc3	TCGA-AC-A2QH:17:7577097:C	TP53	D281Y	D281
tcga_mc3	TCGA-AC-A3OD:3:178936091:G	PIK3CA	E545K	E545
tcga_mc3	TCGA-AC-A5EH:17:7578268:A	TP53	L194R	L194
tcga_mc3	TCGA-AC-A5EH:3:178952085:A	PIK3CA	H1047R	H1047
tcga_mc3	TCGA-AC-A5XS:3:178936091:G	PIK3CA	E545K	E545
tcga_mc3	TCGA-AC-A6IW:17:7578406:C	TP53	R175H	R175
tcga_mc3	TCGA-AC-A6IX:14:105246551:C	AKT1	E17K	E17
tcga_mc3	TCGA-AC-A6NO:3:178936092:A	PIK3CA	E545A	E545
tcga_mc3	TCGA-AC-A8OS:3:178952085:A	PIK3CA	H1047L	H1047
tcga_mc3	TCGA-AN-A0XL:3:178952085:A	PIK3CA	H1047R	H1047
tcga_mc3	TCGA-AN-A0XN:1:203154456:T	CHI3L1	D38V	D38
tcga_mc3	TCGA-AN-A0XO:3:178928079:G	PIK3CA	E453K	E453
tcga_mc3	TCGA-AN-A0XP:3:178936091:G	PIK3CA	E545K	E545
tcga_mc3	TCGA-AN-A0XW:10:89692900:G	PTEN	K128N	K128
tcga_mc3	TCGA-AN-A0XW:6:161160215:G	PLG	D665H	D665
tcga_mc3	TCGA-AO-A03M:12:109684081:G	ACACB	G1800V	G1800
tcga_mc3	TCGA-AO-A03M:2:70164430:C	MXD1	H128Y	H128
tcga_mc3	TCGA-AO-A03M:3:178952085:A	PIK3CA	H1047R	H1047
tcga_mc3	TCGA-AO-A03N:3:178936082:G	PIK3CA	E542K	E542
tcga_mc3	TCGA-AO-A03V:17:7577547:C	TP53	G245D	G245
tcga_mc3	TCGA-AO-A125:3:178936091:G	PIK3CA	E545K	E545
tcga_mc3	TCGA-AO-A126:3:178936091:G	PIK3CA	E545K	E545
tcga_mc3	TCGA-AO-A126:5:147505286:G	SPINK5	D914Y	D914
tcga_mc3	TCGA-AO-A129:17:7578406:C	TP53	R175H	R175
tcga_mc3	TCGA-AO-A12H:14:105246551:C	AKT1	E17K	E17
tcga_mc3	TCGA-AO-A1KR:3:178951957:G	PIK3CA	M1004I	M1004
tcga_mc3	TCGA-AO-A1KR:3:178952085:A	PIK3CA	H1047R	H1047
tcga_mc3	TCGA-AQ-A0Y5:3:178928079:G	PIK3CA	E453K	E453
tcga_mc3	TCGA-AQ-A1H2:3:178952085:A	PIK3CA	H1047R	H1047
tcga_mc3	TCGA-AQ-A54O:3:178936091:G	PIK3CA	E545K	E545
tcga_mc3	TCGA-AR-A0TP:17:7577120:C	TP53	R273P	R273
tcga_mc3	TCGA-AR-A0TR:3:178921553:T	PIK3CA	N345K	N345
tcga_mc3	TCGA-AR-A0TZ:3:178952085:A	PIK3CA	H1047R	H1047
tcga_mc3	TCGA-AR-A0U0:17:7578268:A	TP53	L194R	L194
tcga_mc3	TCGA-AR-A0U1:17:7578190:T	TP53	Y220C	Y220
tcga_mc3	TCGA-AR-A0U2:17:7578403:C	TP53	C176F	C176
tcga_mc3	TCGA-AR-A1AL:12:25398285:C	KRAS	G12C	G12
tcga_mc3	TCGA-AR-A1AL:3:178936091:G	PIK3CA	E545K	E545
tcga_mc3	TCGA-AR-A1AS:3:178936092:A	PIK3CA	E545A	E545
tcga_mc3	TCGA-AR-A1AV:3:178952085:A	PIK3CA	H1047R	H1047
tcga_mc3	TCGA-AR-A1AW:17:7577121:G	TP53	R273C	R273
tcga_mc3	TCGA-AR-A1AW:3:178952085:A	PIK3CA	H1047R	H1047
tcga_mc3	TCGA-AR-A24H:19:43920373:A	TEX101	T63S	T63
tcga_mc3	TCGA-AR-A24H:3:49136104:G	QARS	R629C	R629
tcga_mc3	TCGA-AR-A24M:3:178936082:G	PIK3CA	E542K	E542
tcga_mc3	TCGA-AR-A24O:3:178952085:A	PIK3CA	H1047L	H1047
tcga_mc3	TCGA-AR-A24Q:17:7578406:C	TP53	R175H	R175
tcga_mc3	TCGA-AR-A24Q:2:202149565:C	CASP8	L277F	L277
tcga_mc3	TCGA-AR-A24S:17:7577096:T	TP53	D281V	D281
tcga_mc3	TCGA-AR-A24S:3:178936082:G	PIK3CA	E542K	E542
tcga_mc3	TCGA-AR-A24T:17:7577120:C	TP53	R273H	R273
tcga_mc3	TCGA-AR-A24X:14:105246551:C	AKT1	E17K	E17
tcga_mc3	TCGA-AR-A251:17:7577085:C	TP53	E285K	E285
tcga_mc3	TCGA-AR-A255:3:178921553:T	PIK3CA	N345K	N345
tcga_mc3	TCGA-AR-A2LE:15:81611704:C	STARD5	E126Q	E126
tcga_mc3	TCGA-AR-A2LE:2:121036308:G	RALB	G23E	G23
tcga_mc3	TCGA-AR-A2LH:17:7577120:C	TP53	R273H	R273
tcga_mc3	TCGA-AR-A2LK:3:178952085:A	PIK3CA	H1047R	H1047
tcga_mc3	TCGA-AR-A5QM:3:178952085:A	PIK3CA	H1047R	H1047
tcga_mc3	TCGA-AR-A5QP:3:178936091:G	PIK3CA	E545K	E545
tcga_mc3	TCGA-AR-A5QQ:10:89692905:G	PTEN	R130Q	R130
tcga_mc3	TCGA-AR-A5QQ:11:534286:C	HRAS	G13R	G13
tcga_mc3	TCGA-B6-A0I1:17:7577538:C	TP53	R248Q	R248
tcga_mc3	TCGA-B6-A0RH:3:178936091:G	PIK3CA	E545K	E545
tcga_mc3	TCGA-B6-A0RO:3:178952085:A	PIK3CA	H1047R	H1047
tcga_mc3	TCGA-B6-A0RP:3:178921553:T	PIK3CA	N345K	N345
tcga_mc3	TCGA-B6-A0RQ:3:178936083:A	PIK3CA	E542G	E542
tcga_mc3	TCGA-B6-A0WW:3:178952085:A	PIK3CA	H1047R	H1047
tcga_mc3	TCGA-B6-A0WX:17:7577539:G	TP53	R248W	R248
tcga_mc3	TCGA-B6-A0WZ:14:105246551:C	AKT1	E17K	E17
tcga_mc3	TCGA-B6-A0X0:3:178921553:T	PIK3CA	N345K	N345
tcga_mc3	TCGA-B6-A0X5:3:178952085:A	PIK3CA	H1047R	H1047
tcga_mc3	TCGA-B6-A0X7:3:178952085:A	PIK3CA	H1047R	H1047
tcga_mc3	TCGA-B6-A401:17:7578406:C	TP53	R175H	R175
tcga_mc3	TCGA-B6-A401:3:178921553:T	PIK3CA	N345K	N345
tcga_mc3	TCGA-B6-A40B:3:178936082:G	PIK3CA	E542K	E542
tcga_mc3	TCGA-BH-A0AV:17:7577538:C	TP53	R248Q	R248
tcga_mc3	TCGA-BH-A0B0:17:7578406:C	TP53	R175H	R175
tcga_mc3	TCGA-BH-A0B0:3:178936091:G	PIK3CA	E545K	E545
tcga_mc3	TCGA-BH-A0BA:3:178952085:A	PIK3CA	H1047R	H1047
tcga_mc3	TCGA-BH-A0BC:17:7577539:G	TP53	R248W	R248
tcga_mc3	TCGA-BH-A0BF:17:7577548:C	TP53	G245S	G245
tcga_mc3	TCGA-BH-A0BJ:3:178921553:T	PIK3CA	N345K	N345
tcga_mc3	TCGA-BH-A0BM:3:178921553:T	PIK3CA	N345K	N345
tcga_mc3	TCGA-BH-A0BO:3:178952085:A	PIK3CA	H1047R	H1047
tcga_mc3	TCGA-BH-A0BP:17:7578534:C	TP53	K132N	K132
tcga_mc3	TCGA-BH-A0BQ:3:178936091:G	PIK3CA	E545K	E545
tcga_mc3	TCGA-BH-A0BS:14:105246551:C	AKT1	E17K	E17
tcga_mc3	TCGA-BH-A0BT:3:178952085:A	PIK3CA	H1047R	H1047
tcga_mc3	TCGA-BH-A0C1:17:37881000:G	ERBB2	V777L	V777
tcga_mc3	TCGA-BH-A0DK:3:178927980:T	PIK3CA	C420R	C420
tcga_mc3	TCGA-BH-A0DL:3:178952085:A	PIK3CA	H1047R	H1047
tcga_mc3	TCGA-BH-A0DO:3:178952074:G	PIK3CA	M1043I	M1043
tcga_mc3	TCGA-BH-A0DP:3:178936082:G	PIK3CA	E542K	E542
tcga_mc3	TCGA-BH-A0DT:3:178936091:G	PIK3CA	E545K	E545
tcga_mc3	TCGA-BH-A0DV:3:178938934:G	PIK3CA	E726K	E726
tcga_mc3	TCGA-BH-A0DX:3:178936091:G	PIK3CA	E545K	E545
tcga_mc3	TCGA-BH-A0E0:1:159558311:A	APCS	K162R	K162
tcga_mc3	TCGA-BH-A0EA:3:178952085:A	PIK3CA	H1047R	H1047
tcga_mc3	TCGA-BH-A0H3:3:178921553:T	PIK3CA	N345K	N345
tcga_mc3	TCGA-BH-A0H5:10:89692905:G	PTEN	R130P	R130
tcga_mc3	TCGA-BH-A0HI:3:178936091:G	PIK3CA	E545K	E545
tcga_mc3	TCGA-BH-A0HN:3:178921553:T	PIK3CA	N345K	N345
tcga_mc3	TCGA-BH-A0HN:7:151962208:G	KMT2C	H367Y	H367
tcga_mc3	TCGA-BH-A0W3:3:178936082:G	PIK3CA	E542K	E542
tcga_mc3	TCGA-BH-A0W4:14:105246551:C	AKT1	E17K	E17
tcga_mc3	TCGA-BH-A0W5:3:178952085:A	PIK3CA	H1047R	H1047
tcga_mc3	TCGA-BH-A0W7:3:178938934:G	PIK3CA	E726K	E726
tcga_mc3	TCGA-BH-A0W7:3:178952085:A	PIK3CA	H1047R	H1047
tcga_mc3	TCGA-BH-A0WA:5:55256367:G	IL6ST	S279C	S279
tcga_mc3	TCGA-BH-A18F:2:113308539:G	POLR1B	R241Q	R241
tcga_mc3	TCGA-BH-A18F:3:178952085:A	PIK3CA	H1047R	H1047
tcga_mc3	TCGA-BH-A18G:11:64087315:G	PRDX5	G94V	G94
tcga_mc3	TCGA-BH-A18G:12:56488228:C	ERBB3	P583S	P583
tcga_mc3	TCGA-BH-A18G:13:37577085:G	EXOSC8	A45T	A45
tcga_mc3	TCGA-BH-A18G:19:52715982:C	PPP2R1A	R183W	R183
tcga_mc3	TCGA-BH-A18G:1:181018296:A	MR1	D59G	D59
tcga_mc3	TCGA-BH-A18G:7:151962198:C	KMT2C	C370Y	C370
tcga_mc3	TCGA-BH-A18I:3:178936082:G	PIK3CA	E542K	E542
tcga_mc3	TCGA-BH-A18J:3:178936091:G	PIK3CA	E545K	E545
tcga_mc3	TCGA-BH-A18L:14:75928163:G	JDP2	R79P	R79
tcga_mc3	TCGA-BH-A1EU:3:178952085:A	PIK3CA	H1047L	H1047
tcga_mc3	TCGA-BH-A1EY:3:178952085:A	PIK3CA	H1047R	H1047
tcga_mc3	TCGA-BH-A1F8:3:178952085:A	PIK3CA	H1047R	H1047
tcga_mc3	TCGA-BH-A1FR:2:209113113:G	IDH1	R132C	R132
tcga_mc3	TCGA-BH-A1FU:17:7578406:C	TP53	R175H	R175
tcga_mc3	TCGA-BH-A1FU:7:6431652:C	RAC1	P69S	P69
tcga_mc3	TCGA-BH-A202:3:178952085:A	PIK3CA	H1047R	H1047
tcga_mc3	TCGA-BH-A203:17:7577120:C	TP53	R273H	R273
tcga_mc3	TCGA-BH-A203:3:178952085:A	PIK3CA	H1047R	H1047
tcga_mc3	TCGA-BH-A208:3:178952085:A	PIK3CA	H1047R	H1047
tcga_mc3	TCGA-BH-A2L8:3:178952090:G	PIK3CA	G1049R	G1049
tcga_mc3	TCGA-BH-A2L8:4:153250865:C	FBXW7	D399H	D399
tcga_mc3	TCGA-BH-A42V:3:178936091:G	PIK3CA	E545K	E545
tcga_mc3	TCGA-BH-A5IZ:17:7577120:C	TP53	R273H	R273
tcga_mc3	TCGA-BH-A5J0:17:7577085:C	TP53	E285K	E285
tcga_mc3	TCGA-BH-A6R8:14:105246551:C	AKT1	E17K	E17
tcga_mc3	TCGA-BH-A8FY:3:178936092:A	PIK3CA	E545A	E545
tcga_mc3	TCGA-C8-A12L:17:7577568:C	TP53	C238F	C238
tcga_mc3	TCGA-C8-A12L:3:178952085:A	PIK3CA	H1047R	H1047
tcga_mc3	TCGA-C8-A12N:3:178936091:G	PIK3CA	E545K	E545
tcga_mc3	TCGA-C8-A12O:17:7577120:C	TP53	R273H	R273
tcga_mc3	TCGA-C8-A12O:19:11132428:G	SMARCA4	E882K	E882
tcga_mc3	TCGA-C8-A12P:5:86633865:C	RASA1	T325R	T325
tcga_mc3	TCGA-C8-A12T:3:178936082:G	PIK3CA	E542K	E542
tcga_mc3	TCGA-C8-A12U:3:178952085:A	PIK3CA	H1047R	H1047
tcga_mc3	TCGA-C8-A12Y:3:178952085:A	PIK3CA	H1047R	H1047
tcga_mc3	TCGA-C8-A130:3:178952085:A	PIK3CA	H1047R	H1047
tcga_mc3	TCGA-C8-A131:17:7578406:C	TP53	R175H	R175
tcga_mc3	TCGA-C8-A131:3:178952085:A	PIK3CA	H1047R	H1047
tcga_mc3	TCGA-C8-A133:3:178936091:G	PIK3CA	E545K	E545
tcga_mc3	TCGA-C8-A134:17:7577120:C	TP53	R273H	R273
tcga_mc3	TCGA-C8-A1HE:3:178952085:A	PIK3CA	H1047R	H1047
tcga_mc3	TCGA-C8-A1HF:3:178952085:A	PIK3CA	H1047R	H1047
tcga_mc3	TCGA-C8-A26V:14:105246551:C	AKT1	E17K	E17
tcga_mc3	TCGA-C8-A26W:17:7577120:C	TP53	R273L	R273
tcga_mc3	TCGA-C8-A26W:3:178952085:A	PIK3CA	H1047R	H1047
tcga_mc3	TCGA-C8-A26Y:16:84623740:C	COTL1	D97Y	D97
tcga_mc3	TCGA-C8-A26Y:1:12726700:C	AADACL4	S393F	S393
tcga_mc3	TCGA-C8-A26Y:1:226566885:G	PARP1	S568C	S568
tcga_mc3	TCGA-C8-A26Y:21:43862645:C	UBASH3A	P524S	P524
tcga_mc3	TCGA-C8-A274:3:178952085:A	PIK3CA	H1047R	H1047
tcga_mc3	TCGA-C8-A274:3:47144879:C	SETD2	R1625L	R1625
tcga_mc3	TCGA-C8-A278:3:178952085:A	PIK3CA	H1047L	H1047
tcga_mc3	TCGA-C8-A3M7:17:37868193:C	ERBB2	S305C	S305
tcga_mc3	TCGA-C8-A3M7:3:178952085:A	PIK3CA	H1047R	H1047
tcga_mc3	TCGA-C8-A8HQ:2:49217742:C	FSHR	D137H	D137
tcga_mc3	TCGA-C8-A8HQ:3:178936091:G	PIK3CA	E545K	E545
tcga_mc3	TCGA-C8-A9FZ:1:41215347:C	NFYC	R94G	R94
tcga_mc3	TCGA-D8-A140:13:27830356:T	RPL21	I93S	I93
tcga_mc3	TCGA-D8-A141:14:105246551:C	AKT1	E17K	E17
tcga_mc3	TCGA-D8-A143:3:178952085:A	PIK3CA	H1047R	H1047
tcga_mc3	TCGA-D8-A145:2:219114602:G	ARPC2	R279H	R279
tcga_mc3	TCGA-D8-A145:3:178927980:T	PIK3CA	C420R	C420
tcga_mc3	TCGA-D8-A147:17:7578403:C	TP53	C176F	C176
tcga_mc3	TCGA-D8-A1J8:10:89692886:T	PTEN	C124G	C124
tcga_mc3	TCGA-D8-A1J8:12:104517135:C	NFYB	E100K	E100
tcga_mc3	TCGA-D8-A1J8:2:100013281:C	EIF5B	R1105G	R1105
tcga_mc3	TCGA-D8-A1J8:3:178936091:G	PIK3CA	E545K	E545
tcga_mc3	TCGA-D8-A1JD:3:178936091:G	PIK3CA	E545K	E545
tcga_mc3	TCGA-D8-A1JD:3:178938934:G	PIK3CA	E726K	E726
tcga_mc3	TCGA-D8-A1JE:3:178952085:A	PIK3CA	H1047R	H1047
tcga_mc3	TCGA-D8-A1JF:17:7578394:T	TP53	H179R	H179
tcga_mc3	TCGA-D8-A1JF:19:46282601:T	DMPK	E118A	E118
tcga_mc3	TCGA-D8-A1JF:3:178936091:G	PIK3CA	E545K	E545
tcga_mc3	TCGA-D8-A1JG:1:197032127:A	F13B	F42C	F42
tcga_mc3	TCGA-D8-A1JH:20:34313042:T	RBM39	D151V	D151
tcga_mc3	TCGA-D8-A1JH:3:178952085:A	PIK3CA	H1047R	H1047
tcga_mc3	TCGA-D8-A1JK:3:178936091:G	PIK3CA	E545K	E545
tcga_mc3	TCGA-D8-A1JM:17:7577120:C	TP53	R273H	R273
tcga_mc3	TCGA-D8-A1JP:15:80181544:C	ST20-MTHFS	M90I	M90
tcga_mc3	TCGA-D8-A1XK:22:42043008:A	XRCC6	E294D	E294
tcga_mc3	TCGA-D8-A1XL:17:7577539:G	TP53	R248W	R248
tcga_mc3	TCGA-D8-A1XL:3:178927980:T	PIK3CA	C420R	C420
tcga_mc3	TCGA-D8-A1XM:3:178936082:G	PIK3CA	E542K	E542
tcga_mc3	TCGA-D8-A1XO:3:178936082:G	PIK3CA	E542K	E542
tcga_mc3	TCGA-D8-A1XS:11:4127418:C	RRM1	S84C	S84
tcga_mc3	TCGA-D8-A1XS:2:219447740:C	RQCD1	A84E	A84
tcga_mc3	TCGA-D8-A1XS:3:178936091:G	PIK3CA	E545K	E545
tcga_mc3	TCGA-D8-A1XT:12:57908826:G	MARS	G730D	G730
tcga_mc3	TCGA-D8-A1XU:14:105246551:C	AKT1	E17K	E17
tcga_mc3	TCGA-D8-A1XY:3:178936091:G	PIK3CA	E545K	E545
tcga_mc3	TCGA-D8-A1XZ:13:31722195:G	HSPH1	P427S	P427
tcga_mc3	TCGA-D8-A1Y1:19:10445930:G	ICAM3	S250L	S250
tcga_mc3	TCGA-D8-A1Y1:3:178936082:G	PIK3CA	E542K	E542
tcga_mc3	TCGA-D8-A27G:17:63010824:C	GNA13	E229K	E229
tcga_mc3	TCGA-D8-A27G:3:178952085:A	PIK3CA	H1047R	H1047
tcga_mc3	TCGA-D8-A27L:3:178936091:G	PIK3CA	E545K	E545
tcga_mc3	TCGA-D8-A27N:17:7578406:C	TP53	R175H	R175
tcga_mc3	TCGA-D8-A27P:14:105246551:C	AKT1	E17K	E17
tcga_mc3	TCGA-D8-A27P:3:178952085:A	PIK3CA	H1047R	H1047
tcga_mc3	TCGA-D8-A27T:3:178936091:G	PIK3CA	E545K	E545
tcga_mc3	TCGA-D8-A3Z6:3:178952085:A	PIK3CA	H1047R	H1047
tcga_mc3	TCGA-E2-A105:3:178952085:A	PIK3CA	H1047R	H1047
tcga_mc3	TCGA-E2-A108:17:7577120:C	TP53	R273H	R273
tcga_mc3	TCGA-E2-A109:17:7577538:C	TP53	R248Q	R248
tcga_mc3	TCGA-E2-A10C:3:178936091:G	PIK3CA	E545K	E545
tcga_mc3	TCGA-E2-A10C:9:35068004:C	VCP	K62N	K62
tcga_mc3	TCGA-E2-A10F:3:178938934:G	PIK3CA	E726K	E726
tcga_mc3	TCGA-E2-A10F:3:178952085:A	PIK3CA	H1047R	H1047
tcga_mc3	TCGA-E2-A14V:3:178952075:A	PIK3CA	N1044Y	N1044
tcga_mc3	TCGA-E2-A14W:2:39249723:G	SOS1	H616Y	H616
tcga_mc3	TCGA-E2-A14Y:3:178952085:A	PIK3CA	H1047R	H1047
tcga_mc3	TCGA-E2-A14Z:17:7577094:G	TP53	R282W	R282
tcga_mc3	TCGA-E2-A150:2:158406760:C	ACVR1C	R230I	R230
tcga_mc3	TCGA-E2-A154:20:32267640:G	E2F1	R165W	R165
tcga_mc3	TCGA-E2-A154:3:178952085:A	PIK3CA	H1047L	H1047
tcga_mc3	TCGA-E2-A158:6:17283067:G	RBM24	R67T	R67
tcga_mc3	TCGA-E2-A159:3:178936082:G	PIK3CA	E542K	E542
tcga_mc3	TCGA-E2-A159:3:178936083:A	PIK3CA	E542G	E542
tcga_mc3	TCGA-E2-A15E:3:178952085:A	PIK3CA	H1047R	H1047
tcga_mc3	TCGA-E2-A15G:3:178952085:A	PIK3CA	H1047R	H1047
tcga_mc3	TCGA-E2-A15I:14:105246551:C	AKT1	E17K	E17
tcga_mc3	TCGA-E2-A15K:3:178952085:A	PIK3CA	H1047R	H1047
tcga_mc3	TCGA-E2-A15L:3:178952085:A	PIK3CA	H1047R	H1047
tcga_mc3	TCGA-E2-A15M:18:47329199:C	ACAA2	R14L	R14
tcga_mc3	TCGA-E2-A15P:3:178936082:G	PIK3CA	E542K	E542
tcga_mc3	TCGA-E2-A1B0:17:7578534:C	TP53	K132N	K132
tcga_mc3	TCGA-E2-A1B0:21:44483098:C	CBS	G307S	G307
tcga_mc3	TCGA-E2-A1B4:3:178936082:G	PIK3CA	E542K	E542
tcga_mc3	TCGA-E2-A1BC:3:178952085:A	PIK3CA	H1047R	H1047
tcga_mc3	TCGA-E2-A1BD:3:178952085:A	PIK3CA	H1047R	H1047
tcga_mc3	TCGA-E2-A1IF:12:25398284:C	KRAS	G12D	G12
tcga_mc3	TCGA-E2-A1IF:3:178952085:A	PIK3CA	H1047R	H1047
tcga_mc3	TCGA-E2-A1IL:3:178952085:A	PIK3CA	H1047R	H1047
tcga_mc3	TCGA-E2-A1IN:17:7578460:A	TP53	V157G	V157
tcga_mc3	TCGA-E2-A1IN:3:178936082:G	PIK3CA	E542K	E542
tcga_mc3	TCGA-E2-A1IO:3:178936082:G	PIK3CA	E542K	E542
tcga_mc3	TCGA-E2-A1IU:1:204129737:C	REN	R148H	R148
tcga_mc3	TCGA-E2-A1L6:3:178952085:A	PIK3CA	H1047R	H1047
tcga_mc3	TCGA-E2-A1L8:3:178952085:A	PIK3CA	H1047R	H1047
tcga_mc3	TCGA-E2-A1L9:14:105246551:C	AKT1	E17K	E17
tcga_mc3	TCGA-E2-A1LG:1:179086512:C	ABL2	E455Q	E455
tcga_mc3	TCGA-E2-A1LH:17:7578535:T	TP53	K132T	K132
tcga_mc3	TCGA-E2-A1LH:1:62503649:A	INADL	R1320S	R1320
tcga_mc3	TCGA-E2-A570:14:105246551:C	AKT1	E17K	E17
tcga_mc3	TCGA-E2-A574:17:62558993:G	SMURF2	R370G	R370
tcga_mc3	TCGA-E2-A574:17:7577538:C	TP53	R248Q	R248
tcga_mc3	TCGA-E2-A574:4:153249385:G	FBXW7	R465C	R465
tcga_mc3	TCGA-E2-A576:3:178952084:C	PIK3CA	H1047Y	H1047
tcga_mc3	TCGA-E9-A1N5:3:178936082:G	PIK3CA	E542K	E542
tcga_mc3	TCGA-E9-A1N8:7:151962208:G	KMT2C	H367D	H367
tcga_mc3	TCGA-E9-A1NG:12:25398284:C	KRAS	G12V	G12
tcga_mc3	TCGA-E9-A1NG:3:178936091:G	PIK3CA	E545K	E545
tcga_mc3	TCGA-E9-A1NH:3:178952085:A	PIK3CA	H1047R	H1047
tcga_mc3	TCGA-E9-A1QZ:1:186645997:G	PTGS2	R231C	R231
tcga_mc3	TCGA-E9-A1R0:3:178936091:G	PIK3CA	E545K	E545
tcga_mc3	TCGA-E9-A1R3:3:178952085:A	PIK3CA	H1047R	H1047
tcga_mc3	TCGA-E9-A1R4:1:243828108:C	AKT3	E84K	E84
tcga_mc3	TCGA-E9-A1R4:3:178936091:G	PIK3CA	E545K	E545
tcga_mc3	TCGA-E9-A1R5:3:178927980:T	PIK3CA	C420R	C420
tcga_mc3	TCGA-E9-A1RA:3:178936082:G	PIK3CA	E542K	E542
tcga_mc3	TCGA-E9-A1RC:3:178952085:A	PIK3CA	H1047R	H1047
tcga_mc3	TCGA-E9-A1RD:3:178936082:G	PIK3CA	E542K	E542
tcga_mc3	TCGA-E9-A1RF:12:44176271:C	IRAK4	S368Y	S368
tcga_mc3	TCGA-E9-A1RI:3:178952085:A	PIK3CA	H1047L	H1047
tcga_mc3	TCGA-E9-A226:3:178921553:T	PIK3CA	N345K	N345
tcga_mc3	TCGA-E9-A227:3:178952085:A	PIK3CA	H1047R	H1047
tcga_mc3	TCGA-E9-A229:3:178952085:A	PIK3CA	H1047R	H1047
tcga_mc3	TCGA-E9-A22E:17:7577548:C	TP53	G245S	G245
tcga_mc3	TCGA-E9-A22H:14:105246551:C	AKT1	E17K	E17
tcga_mc3	TCGA-E9-A22H:22:42059704:C	XRCC6	T572M	T572
tcga_mc3	TCGA-E9-A243:7:143091403:C	EPHA1	E796Q	E796
tcga_mc3	TCGA-E9-A295:3:178952085:A	PIK3CA	H1047L	H1047
tcga_mc3	TCGA-E9-A3X8:3:178921553:T	PIK3CA	N345K	N345
tcga_mc3	TCGA-EW-A1IW:3:178936095:A	PIK3CA	Q546R	Q546
tcga_mc3	TCGA-EW-A1IX:3:178952085:A	PIK3CA	H1047R	H1047
tcga_mc3	TCGA-EW-A1IY:14:105246551:C	AKT1	E17K	E17
tcga_mc3	TCGA-EW-A1IZ:1:15906613:G	AGMAT	P167L	P167
tcga_mc3	TCGA-EW-A1J5:3:178936091:G	PIK3CA	E545K	E545
tcga_mc3	TCGA-EW-A1J5:7:117227866:G	CFTR	R553P	R553
tcga_mc3	TCGA-EW-A1J5:8:145730399:C	GPT	S127C	S127
tcga_mc3	TCGA-EW-A1P1:17:7577120:C	TP53	R273H	R273
tcga_mc3	TCGA-EW-A1P4:17:7578394:T	TP53	H179R	H179
tcga_mc3	TCGA-EW-A1P8:17:7577094:G	TP53	R282W	R282
tcga_mc3	TCGA-EW-A2FR:17:7578406:C	TP53	R175H	R175
tcga_mc3	TCGA-EW-A423:3:178952085:A	PIK3CA	H1047R	H1047
tcga_mc3	TCGA-EW-A6S9:17:7578394:T	TP53	H179R	H179
tcga_mc3	TCGA-EW-A6SB:17:7577094:G	TP53	R282W	R282
tcga_mc3	TCGA-EW-A6SB:7:56087407:C	PSPH	G54V	G54
tcga_mc3	TCGA-EW-A6SC:3:178936091:G	PIK3CA	E545K	E545
tcga_mc3	TCGA-GI-A2C8:12:12300444:G	LRP6	R1085W	R1085
tcga_mc3	TCGA-GI-A2C8:20:40118637:C	CHD6	E487D	E487
tcga_mc3	TCGA-GM-A2D9:3:178928079:G	PIK3CA	E453K	E453
tcga_mc3	TCGA-GM-A2D9:3:178952085:A	PIK3CA	H1047R	H1047
tcga_mc3	TCGA-GM-A2DD:17:7578406:C	TP53	R175H	R175
tcga_mc3	TCGA-GM-A2DH:3:178936095:A	PIK3CA	Q546R	Q546
tcga_mc3	TCGA-GM-A2DI:3:178936082:G	PIK3CA	E542K	E542
tcga_mc3	TCGA-GM-A2DI:6:26123919:C	HIST1H2BC	E72Q	E72
tcga_mc3	TCGA-GM-A2DL:14:105246551:C	AKT1	E17K	E17
tcga_mc3	TCGA-GM-A2DL:17:7577095:G	TP53	D281E	D281
tcga_mc3	TCGA-GM-A2DN:14:105246551:C	AKT1	E17K	E17
tcga_mc3	TCGA-GM-A3XL:4:153249385:G	FBXW7	R465C	R465
tcga_mc3	TCGA-HN-A2OB:3:178936082:G	PIK3CA	E542K	E542
tcga_mc3	TCGA-JL-A3YX:3:178936082:G	PIK3CA	E542K	E542
tcga_mc3	TCGA-JL-A3YX:3:178938934:G	PIK3CA	E726K	E726
tcga_mc3	TCGA-LD-A74U:3:178927980:T	PIK3CA	C420R	C420
tcga_mc3	TCGA-LD-A74U:3:178936091:G	PIK3CA	E545K	E545
tcga_mc3	TCGA-LL-A50Y:3:178952085:A	PIK3CA	H1047R	H1047
tcga_mc3	TCGA-LL-A5YN:3:178952085:A	PIK3CA	H1047R	H1047
tcga_mc3	TCGA-LL-A5YO:17:7578268:A	TP53	L194R	L194
tcga_mc3	TCGA-LL-A6FP:3:178936091:G	PIK3CA	E545K	E545
tcga_mc3	TCGA-LL-A6FQ:14:105246551:C	AKT1	E17K	E17
tcga_mc3	TCGA-LL-A6FQ:2:204045167:A	NBEAL1	N2147I	N2147
tcga_mc3	TCGA-LL-A6FR:17:7577120:C	TP53	R273H	R273
tcga_mc3	TCGA-LL-A740:11:534288:C	HRAS	G12D	G12
tcga_mc3	TCGA-LL-A7SZ:17:7577124:C	TP53	V272M	V272
tcga_mc3	TCGA-LL-A7T0:3:178936091:G	PIK3CA	E545K	E545
tcga_mc3	TCGA-OK-A5Q2:3:178952085:A	PIK3CA	H1047R	H1047
tcga_mc3	TCGA-OL-A5D6:17:37881000:G	ERBB2	V777L	V777
tcga_mc3	TCGA-OL-A5D6:17:7577557:A	TP53	C242G	C242
tcga_mc3	TCGA-OL-A5D6:3:178921553:T	PIK3CA	N345K	N345
tcga_mc3	TCGA-OL-A5D7:17:7577124:C	TP53	V272M	V272
tcga_mc3	TCGA-OL-A5RW:3:151545910:A	AADAC	S384C	S384
tcga_mc3	TCGA-OL-A5RZ:16:58742155:C	GOT2	D405H	D405
tcga_mc3	TCGA-OL-A5S0:3:178936082:G	PIK3CA	E542K	E542
tcga_mc3	TCGA-OL-A66L:3:178936082:G	PIK3CA	E542K	E542
tcga_mc3	TCGA-OL-A66N:17:37881000:G	ERBB2	V777L	V777
tcga_mc3	TCGA-OL-A66P:12:21790092:G	LDHB	N250K	N250
tcga_mc3	TCGA-OL-A6VO:17:7578460:A	TP53	V157D	V157
tcga_mc3	TCGA-OL-A97C:7:55221822:C	EGFR	A289V	A289
tcga_mc3	TCGA-PE-A5DD:3:178952085:A	PIK3CA	H1047R	H1047
tcga_mc3	TCGA-PL-A8LV:17:7577114:C	TP53	C275Y	C275
tcga_mc3	TCGA-PL-A8LZ:17:7578406:C	TP53	R175H	R175
tcga_mc3	TCGA-PL-A8LZ:1:47838748:C	CMPK1	S147F	S147
tcga_mc3	TCGA-S3-AA10:11:534289:C	HRAS	G12C	G12
tcga_mc3	TCGA-S3-AA11:19:46002484:T	PPM1N	S252P	S252
tcga_mc3	TCGA-S3-AA11:2:209113112:C	IDH1	R132H	R132
tcga_mc3	TCGA-UU-A93S:19:49459487:G	BAX	R89Q	R89
tcga_mc3	TCGA-XX-A89A:18:48591888:G	SMAD4	D351H	D351
tcga_mc3	TCGA-Z7-A8R5:3:178952085:A	PIK3CA	H1047R	H1047
tcga_mc3	TCGA-Z7-A8R6:17:7577085:C	TP53	E285K	E285
tcga_mc3	TCGA-2W-A8YY:11:88027551:G	CTSC	R339C	R339
tcga_mc3	TCGA-2W-A8YY:14:105707626:G	BRF1	R224C	R224
tcga_mc3	TCGA-2W-A8YY:14:67647553:C	GPHN	R704C	R704
tcga_mc3	TCGA-2W-A8YY:14:67647560:C	GPHN	A706V	A706
tcga_mc3	TCGA-2W-A8YY:14:69697274:C	EXD2	R226C	R226
tcga_mc3	TCGA-2W-A8YY:15:49493447:G	GALK2	G48R	G48
tcga_mc3	TCGA-2W-A8YY:15:66793791:G	RPL4	R200C	R200
tcga_mc3	TCGA-2W-A8YY:15:66793794:G	RPL4	R199C	R199
tcga_mc3	TCGA-2W-A8YY:16:88876875:G	APRT	P93S	P93
tcga_mc3	TCGA-2W-A8YY:17:7806641:C	CHD3	R1183W	R1183
tcga_mc3	TCGA-2W-A8YY:18:47806308:C	MBD1	E19K	E19
tcga_mc3	TCGA-2W-A8YY:19:11132437:C	SMARCA4	R885C	R885
tcga_mc3	TCGA-2W-A8YY:19:16437717:C	KLF2	R315C	R315
tcga_mc3	TCGA-2W-A8YY:19:40964133:G	BLVRB	S88Y	S88
tcga_mc3	TCGA-2W-A8YY:19:51518160:G	KLK10	L243I	L243
tcga_mc3	TCGA-2W-A8YY:19:535885:C	CDC34	R76W	R76
tcga_mc3	TCGA-2W-A8YY:19:7976142:G	MAP2K7	R288H	R288
tcga_mc3	TCGA-2W-A8YY:1:11718849:C	FBXO44	S182L	S182
tcga_mc3	TCGA-2W-A8YY:1:155348300:G	ASH1L	R2078C	R2078
tcga_mc3	TCGA-2W-A8YY:1:206943235:C	IL10	R128Q	R128
tcga_mc3	TCGA-2W-A8YY:1:212791506:G	ATF3	R93Q	R93
tcga_mc3	TCGA-2W-A8YY:1:24122731:G	GALE	R300W	R300
tcga_mc3	TCGA-2W-A8YY:1:44687310:C	ERI3	D312N	D312
tcga_mc3	TCGA-2W-A8YY:1:55224209:A	PARS2	M209T	M209
tcga_mc3	TCGA-2W-A8YY:20:62701960:G	TCEA2	C264F	C264
tcga_mc3	TCGA-2W-A8YY:22:50686898:C	HDAC10	G304S	G304
tcga_mc3	TCGA-2W-A8YY:2:136566313:C	LCT	D1202N	D1202
tcga_mc3	TCGA-2W-A8YY:2:198571054:G	MARS2	G309C	G309
tcga_mc3	TCGA-2W-A8YY:2:61118872:G	REL	R22H	R22
tcga_mc3	TCGA-2W-A8YY:2:70164446:T	MXD1	L133P	L133
tcga_mc3	TCGA-2W-A8YY:2:9574007:A	CPSF3	Y176C	Y176
tcga_mc3	TCGA-2W-A8YY:3:15604876:G	HACL1	R565W	R565
tcga_mc3	TCGA-2W-A8YY:3:23960861:C	RPL15	R162C	R162
tcga_mc3	TCGA-2W-A8YY:4:39507337:C	UGDH	R313M	R313
tcga_mc3	TCGA-2W-A8YY:4:71691018:T	GRSF1	H463R	H463
tcga_mc3	TCGA-2W-A8YY:5:64079697:G	CWC27	R96I	R96
tcga_mc3	TCGA-2W-A8YY:6:31619446:A	BAG6	I32S	I32
tcga_mc3	TCGA-2W-A8YY:6:33048485:C	HLA-DPB1	A46V	A46
tcga_mc3	TCGA-2W-A8YY:7:143001781:C	CASP2	R378W	R378
tcga_mc3	TCGA-2W-A8YY:7:73661076:C	RFC2	R117M	R117
tcga_mc3	TCGA-2W-A8YY:8:124346560:G	ATAD2	R1072C	R1072
tcga_mc3	TCGA-2W-A8YY:9:13221438:C	MPDZ	G270D	G270
tcga_mc3	TCGA-4J-AA1J:1:243859018:C	AKT3	G16A	G16
tcga_mc3	TCGA-C5-A1BK:8:63948246:C	GGH	E65Q	E65
tcga_mc3	TCGA-C5-A1BM:3:178936082:G	PIK3CA	E542K	E542
tcga_mc3	TCGA-C5-A1M9:18:48575080:C	SMAD4	H92Y	H92
tcga_mc3	TCGA-C5-A1ME:12:25398284:C	KRAS	G12D	G12
tcga_mc3	TCGA-C5-A1MH:10:90773980:G	FAS	E261K	E261
tcga_mc3	TCGA-C5-A1MH:3:178936091:G	PIK3CA	E545K	E545
tcga_mc3	TCGA-C5-A1MH:3:178938934:G	PIK3CA	E726K	E726
tcga_mc3	TCGA-C5-A1MI:12:56478854:G	ERBB3	V104M	V104
tcga_mc3	TCGA-C5-A1MJ:17:37868208:C	ERBB2	S310F	S310
tcga_mc3	TCGA-C5-A1MK:3:178938934:G	PIK3CA	E726K	E726
tcga_mc3	TCGA-C5-A1ML:3:178936091:G	PIK3CA	E545K	E545
tcga_mc3	TCGA-C5-A2LS:3:178936091:G	PIK3CA	E545K	E545
tcga_mc3	TCGA-C5-A2M1:3:178936091:G	PIK3CA	E545K	E545
tcga_mc3	TCGA-C5-A2M2:3:178936082:G	PIK3CA	E542K	E542
tcga_mc3	TCGA-C5-A3HF:12:25398281:C	KRAS	G13D	G13
tcga_mc3	TCGA-C5-A7CJ:3:178936082:G	PIK3CA	E542K	E542
tcga_mc3	TCGA-C5-A7UC:11:100962563:C	PGR	D612H	D612
tcga_mc3	TCGA-C5-A7UE:18:77748266:C	TXNL4A	E43Q	E43
tcga_mc3	TCGA-C5-A8XH:12:53898551:C	TARBP2	R189C	R189
tcga_mc3	TCGA-C5-A8XJ:3:178936091:G	PIK3CA	E545K	E545
tcga_mc3	TCGA-C5-A8XK:10:90773980:G	FAS	E261K	E261
tcga_mc3	TCGA-C5-A8XK:3:178936091:G	PIK3CA	E545K	E545
tcga_mc3	TCGA-C5-A905:12:25398279:C	KRAS	V14I	V14
tcga_mc3	TCGA-C5-A905:4:153247289:G	FBXW7	R505G	R505
tcga_mc3	TCGA-DG-A2KK:12:25398281:C	KRAS	G13D	G13
tcga_mc3	TCGA-DG-A2KK:17:7577085:C	TP53	E285K	E285
tcga_mc3	TCGA-DG-A2KK:1:6399616:G	ACOT7	R109C	R109
tcga_mc3	TCGA-DG-A2KK:3:178936091:G	PIK3CA	E545K	E545
tcga_mc3	TCGA-DG-A2KK:4:153247289:G	FBXW7	R505C	R505
tcga_mc3	TCGA-DG-A2KL:16:56370671:G	GNAO1	E208Q	E208
tcga_mc3	TCGA-DG-A2KL:3:178936082:G	PIK3CA	E542K	E542
tcga_mc3	TCGA-DR-A0ZM:14:24765737:C	DHRS1	D118N	D118
tcga_mc3	TCGA-DR-A0ZM:3:178936082:G	PIK3CA	E542K	E542
tcga_mc3	TCGA-DR-A0ZM:6:26273420:C	HIST1H2BI	R73C	R73
tcga_mc3	TCGA-DR-A0ZM:6:32905079:C	HLA-DMB	K164N	K164
tcga_mc3	TCGA-DS-A0VM:7:56082739:C	PSPH	D183N	D183
tcga_mc3	TCGA-DS-A0VN:1:178846666:C	RALGPS2	S214L	S214
tcga_mc3	TCGA-DS-A1OB:2:86712946:C	KDM3A	R1093W	R1093
tcga_mc3	TCGA-DS-A1OB:3:178936091:G	PIK3CA	E545K	E545
tcga_mc3	TCGA-DS-A5RQ:3:178936091:G	PIK3CA	E545K	E545
tcga_mc3	TCGA-DS-A7WF:17:37899650:C	GRB7	S197Y	S197
tcga_mc3	TCGA-DS-A7WF:3:178952086:T	PIK3CA	H1047Q	H1047
tcga_mc3	TCGA-EA-A3HQ:4:153249385:G	FBXW7	R465C	R465
tcga_mc3	TCGA-EA-A3HS:1:15833446:C	CASP9	R193H	R193
tcga_mc3	TCGA-EA-A3HT:15:75219205:C	COX5A	D81N	D81
tcga_mc3	TCGA-EA-A3HU:11:67833918:C	CHKA	E332K	E332
tcga_mc3	TCGA-EA-A3HU:19:44012168:G	ETHE1	R214W	R214
tcga_mc3	TCGA-EA-A3HU:20:39795201:C	PLCG1	R696W	R696
tcga_mc3	TCGA-EA-A3HU:3:178936091:G	PIK3CA	E545K	E545
tcga_mc3	TCGA-EA-A3QE:3:178952085:A	PIK3CA	H1047R	H1047
tcga_mc3	TCGA-EA-A410:11:64536711:G	SF1	R255W	R255
tcga_mc3	TCGA-EA-A410:14:95557639:C	DICER1	D1810N	D1810
tcga_mc3	TCGA-EA-A410:3:178952085:A	PIK3CA	H1047R	H1047
tcga_mc3	TCGA-EA-A410:4:153249385:G	FBXW7	R465C	R465
tcga_mc3	TCGA-EA-A5FO:12:56478854:G	ERBB3	V104M	V104
tcga_mc3	TCGA-EA-A5FO:17:7574017:C	TP53	R337H	R337
tcga_mc3	TCGA-EA-A5FO:3:178936091:G	PIK3CA	E545K	E545
tcga_mc3	TCGA-EK-A2IP:16:3533506:C	NAA60	L161V	L161
tcga_mc3	TCGA-EK-A2PG:13:28608102:C	FLT3	G622R	G622
tcga_mc3	TCGA-EK-A2PG:3:178936091:G	PIK3CA	E545K	E545
tcga_mc3	TCGA-EK-A2PL:4:153247367:G	FBXW7	R479G	R479
tcga_mc3	TCGA-EK-A2PM:17:7578534:C	TP53	K132N	K132
tcga_mc3	TCGA-EK-A2PM:1:236973854:C	MTR	S154C	S154
tcga_mc3	TCGA-EK-A2PM:3:178936091:G	PIK3CA	E545K	E545
tcga_mc3	TCGA-EK-A2R7:2:222298944:C	EPHA4	S805N	S805
tcga_mc3	TCGA-EK-A2R8:12:25398285:C	KRAS	G12C	G12
tcga_mc3	TCGA-EK-A2R8:13:73649905:G	KLF5	E419K	E419
tcga_mc3	TCGA-EK-A2R9:12:25398284:C	KRAS	G12V	G12
tcga_mc3	TCGA-EK-A2RB:7:151962213:T	KMT2C	H365R	H365
tcga_mc3	TCGA-EK-A2RD:3:178936082:G	PIK3CA	E542K	E542
tcga_mc3	TCGA-EK-A2RE:3:30732976:C	TGFBR2	T530I	T530
tcga_mc3	TCGA-EK-A2RJ:7:143090861:G	EPHA1	R867G	R867
tcga_mc3	TCGA-EK-A2RL:12:25398284:C	KRAS	G12D	G12
tcga_mc3	TCGA-EK-A2RL:4:153249384:C	FBXW7	R465L	R465
tcga_mc3	TCGA-EK-A2RN:3:178938934:G	PIK3CA	E726K	E726
tcga_mc3	TCGA-EK-A3GJ:3:178936091:G	PIK3CA	E545K	E545
tcga_mc3	TCGA-EK-A3GK:4:153247289:G	FBXW7	R505G	R505
tcga_mc3	TCGA-EK-A3GM:15:66793822:C	RPL4	M189I	M189
tcga_mc3	TCGA-EK-A3GM:20:57484421:G	GNAS	R201H	R201
tcga_mc3	TCGA-EK-A3GM:3:178936082:G	PIK3CA	E542K	E542
tcga_mc3	TCGA-FU-A23K:3:178921549:T	PIK3CA	V344G	V344
tcga_mc3	TCGA-FU-A23L:22:38201771:C	H1F0	R74C	R74
tcga_mc3	TCGA-FU-A3HZ:10:89692905:G	PTEN	R130Q	R130
tcga_mc3	TCGA-FU-A3HZ:1:161721742:A	DUSP12	Y182C	Y182
tcga_mc3	TCGA-FU-A3HZ:1:186915853:T	PLA2G4A	F373C	F373
tcga_mc3	TCGA-FU-A3HZ:3:178936082:G	PIK3CA	E542K	E542
tcga_mc3	TCGA-FU-A3HZ:4:155461841:G	PLRG1	R282W	R282
tcga_mc3	TCGA-FU-A3HZ:5:154330435:A	MRPL22	K44N	K44
tcga_mc3	TCGA-FU-A3HZ:6:26091204:G	HFE	R71Q	R71
tcga_mc3	TCGA-FU-A3HZ:8:89180150:G	MMP16	R153C	R153
tcga_mc3	TCGA-FU-A3NI:17:37868208:C	ERBB2	S310F	S310
tcga_mc3	TCGA-FU-A3WB:12:25398284:C	KRAS	G12D	G12
tcga_mc3	TCGA-FU-A3WB:3:178936091:G	PIK3CA	E545K	E545
tcga_mc3	TCGA-HG-A2PA:2:212530163:C	ERBB4	G586S	G586
tcga_mc3	TCGA-IR-A3LA:18:48591918:C	SMAD4	R361C	R361
tcga_mc3	TCGA-IR-A3LF:3:178936082:G	PIK3CA	E542K	E542
tcga_mc3	TCGA-IR-A3LF:3:93780081:C	DHFRL1	R92T	R92
tcga_mc3	TCGA-IR-A3LH:11:64536711:G	SF1	R255W	R255
tcga_mc3	TCGA-IR-A3LH:16:31121765:C	BCKDK	S196L	S196
tcga_mc3	TCGA-IR-A3LH:3:178916881:T	PIK3CA	C90R	C90
tcga_mc3	TCGA-IR-A3LH:5:68651483:C	TAF9	E107Q	E107
tcga_mc3	TCGA-IR-A3LH:6:43221331:G	TTBK1	R119H	R119
tcga_mc3	TCGA-IR-A3LI:17:37868208:C	ERBB2	S310F	S310
tcga_mc3	TCGA-IR-A3LI:3:178936091:G	PIK3CA	E545K	E545
tcga_mc3	TCGA-IR-A3LI:7:151962198:C	KMT2C	C370Y	C370
tcga_mc3	TCGA-IR-A3LK:13:73649905:G	KLF5	E419K	E419
tcga_mc3	TCGA-IR-A3LK:17:7577085:C	TP53	E285K	E285
tcga_mc3	TCGA-IR-A3LK:20:42683061:A	TOX2	R267S	R267
tcga_mc3	TCGA-IR-A3LK:20:57268911:C	NPEPL1	S90L	S90
tcga_mc3	TCGA-IR-A3LL:14:105258937:C	AKT1	R15Q	R15
tcga_mc3	TCGA-JW-A5VH:3:178916726:G	PIK3CA	R38H	R38
tcga_mc3	TCGA-JW-A5VJ:3:178936091:G	PIK3CA	E545K	E545
tcga_mc3	TCGA-JW-A5VJ:3:195295997:G	APOD	S115L	S115
tcga_mc3	TCGA-JW-A5VJ:6:137527314:G	IFNGR1	S111C	S111
tcga_mc3	TCGA-JW-A5VL:10:90773992:G	FAS	D265H	D265
tcga_mc3	TCGA-JW-A5VL:14:103470347:C	CDC42BPB	R122Q	R122
tcga_mc3	TCGA-JW-A5VL:15:81611704:C	STARD5	E126K	E126
tcga_mc3	TCGA-JW-A5VL:17:27977792:C	SSH2	R342Q	R342
tcga_mc3	TCGA-JW-A5VL:3:178936091:G	PIK3CA	E545K	E545
tcga_mc3	TCGA-JW-A5VL:6:27775463:G	HIST1H2BL	I74M	I74
tcga_mc3	TCGA-JW-A5VL:7:5632988:C	FSCN1	Q141E	Q141
tcga_mc3	TCGA-JW-A5VL:7:65551611:G	ASL	Q162H	Q162
tcga_mc3	TCGA-JW-A5VL:9:139840540:G	C8G	R117L	R117
tcga_mc3	TCGA-JW-A69B:3:178936082:G	PIK3CA	E542K	E542
tcga_mc3	TCGA-JW-A852:17:37868208:C	ERBB2	S310F	S310
tcga_mc3	TCGA-JW-A852:3:178936091:G	PIK3CA	E545K	E545
tcga_mc3	TCGA-JW-AAVH:14:105246551:C	AKT1	E17K	E17
tcga_mc3	TCGA-JW-AAVH:3:178936091:G	PIK3CA	E545K	E545
tcga_mc3	TCGA-JX-A3Q0:3:178936091:G	PIK3CA	E545K	E545
tcga_mc3	TCGA-LP-A4AV:10:90773980:G	FAS	E261K	E261
tcga_mc3	TCGA-LP-A4AV:3:178936082:G	PIK3CA	E542K	E542
tcga_mc3	TCGA-LP-A4AW:7:30671904:G	GARS	D649N	D649
tcga_mc3	TCGA-LP-A5U2:17:7577568:C	TP53	C238F	C238
tcga_mc3	TCGA-LP-A5U2:8:61750246:G	CHD7	R1402T	R1402
tcga_mc3	TCGA-LP-A5U3:19:45974502:A	FOSB	K166N	K166
tcga_mc3	TCGA-LP-A5U3:5:133944129:C	SAR1B	R138K	R138
tcga_mc3	TCGA-LP-A7HU:3:178936082:G	PIK3CA	E542K	E542
tcga_mc3	TCGA-LP-A7HU:3:178936091:G	PIK3CA	E545K	E545
tcga_mc3	TCGA-MA-AA3W:5:251128:G	SDHA	V525M	V525
tcga_mc3	TCGA-MA-AA3X:3:178936082:G	PIK3CA	E542K	E542
tcga_mc3	TCGA-MA-AA3Z:3:178936091:G	PIK3CA	E545K	E545
tcga_mc3	TCGA-MA-AA3Z:7:44247795:C	YKT6	L153V	L153
tcga_mc3	TCGA-MA-AA41:17:17106239:C	PLD6	E201Q	E201
tcga_mc3	TCGA-MA-AA41:18:48591919:G	SMAD4	R361H	R361
tcga_mc3	TCGA-MA-AA41:6:116264282:C	FRK	E403K	E403
tcga_mc3	TCGA-MY-A913:17:40925527:C	VPS25	R12G	R12
tcga_mc3	TCGA-PN-A8MA:3:178936082:G	PIK3CA	E542K	E542
tcga_mc3	TCGA-Q1-A5R1:3:178936091:G	PIK3CA	E545K	E545
tcga_mc3	TCGA-Q1-A5R3:18:48591919:G	SMAD4	R361H	R361
tcga_mc3	TCGA-Q1-A5R3:3:178936082:G	PIK3CA	E542K	E542
tcga_mc3	TCGA-Q1-A6DW:10:89692905:G	PTEN	R130Q	R130
tcga_mc3	TCGA-Q1-A73O:3:195295997:G	APOD	S115L	S115
tcga_mc3	TCGA-Q1-A73O:5:108521904:G	FER	R736T	R736
tcga_mc3	TCGA-Q1-A73P:3:178936082:G	PIK3CA	E542K	E542
tcga_mc3	TCGA-Q1-A73R:12:56478854:G	ERBB3	V104M	V104
tcga_mc3	TCGA-UC-A7PG:12:56492340:G	ERBB3	Q891H	Q891
tcga_mc3	TCGA-UC-A7PG:5:52780941:C	FST	S279L	S279
tcga_mc3	TCGA-VS-A8EG:3:178936091:G	PIK3CA	E545K	E545
tcga_mc3	TCGA-VS-A8EK:19:6665008:G	TNFSF14	R218C	R218
tcga_mc3	TCGA-VS-A8EK:8:124449560:G	WDYHV1	C165Y	C165
tcga_mc3	TCGA-VS-A8QA:13:73649905:G	KLF5	E419K	E419
tcga_mc3	TCGA-VS-A8QA:3:178938934:G	PIK3CA	E726K	E726
tcga_mc3	TCGA-VS-A8QC:3:178936091:G	PIK3CA	E545K	E545
tcga_mc3	TCGA-VS-A8QH:12:25398281:C	KRAS	G13D	G13
tcga_mc3	TCGA-VS-A8QM:3:178936091:G	PIK3CA	E545K	E545
tcga_mc3	TCGA-VS-A94Z:3:178936091:G	PIK3CA	E545K	E545
tcga_mc3	TCGA-VS-A952:18:48591895:A	SMAD4	Y353C	Y353
tcga_mc3	TCGA-VS-A953:10:89692905:G	PTEN	R130L	R130
tcga_mc3	TCGA-VS-A953:11:47493852:C	CELF1	G464D	G464
tcga_mc3	TCGA-VS-A953:3:195295997:G	APOD	S115L	S115
tcga_mc3	TCGA-VS-A954:6:43126676:C	PTK7	A948V	A948
tcga_mc3	TCGA-VS-A959:12:32908175:C	YARS2	E212K	E212
tcga_mc3	TCGA-VS-A959:13:73649905:G	KLF5	E419K	E419
tcga_mc3	TCGA-VS-A959:3:178936082:G	PIK3CA	E542K	E542
tcga_mc3	TCGA-VS-A9U6:1:1254783:G	CPSF3L	R108C	R108
tcga_mc3	TCGA-VS-A9U6:1:225742710:C	ENAH	A83T	A83
tcga_mc3	TCGA-VS-A9U7:17:79079898:C	BAIAP2	S430F	S430
tcga_mc3	TCGA-VS-A9UA:14:24808688:C	RIPK3	D46H	D46
tcga_mc3	TCGA-VS-A9UA:4:153247366:C	FBXW7	R479P	R479
tcga_mc3	TCGA-VS-A9UB:1:169702064:G	SELE	A38D	A38
tcga_mc3	TCGA-VS-A9UC:3:178936091:G	PIK3CA	E545K	E545
tcga_mc3	TCGA-VS-A9UI:3:178936091:G	PIK3CA	E545K	E545
tcga_mc3	TCGA-VS-A9UI:4:155528084:C	FGG	R301H	R301
tcga_mc3	TCGA-VS-A9UJ:12:25398281:C	KRAS	G13D	G13
tcga_mc3	TCGA-VS-A9UL:15:80181461:T	ST20-MTHFS	D118V	D118
tcga_mc3	TCGA-VS-A9UL:3:133376683:C	TOPBP1	D108H	D108
tcga_mc3	TCGA-VS-A9UL:3:178936082:G	PIK3CA	E542K	E542
tcga_mc3	TCGA-VS-A9UL:4:68699018:G	TMPRSS11D	P199L	P199
tcga_mc3	TCGA-VS-A9UL:7:11082404:C	PHF14	L759F	L759
tcga_mc3	TCGA-VS-A9UO:20:57484420:C	GNAS	R201C	R201
tcga_mc3	TCGA-VS-A9UQ:3:178936082:G	PIK3CA	E542K	E542
tcga_mc3	TCGA-VS-A9UR:3:178936091:G	PIK3CA	E545K	E545
tcga_mc3	TCGA-VS-A9UT:19:52716323:C	PPP2R1A	S256Y	S256
tcga_mc3	TCGA-VS-A9UZ:14:105239420:C	AKT1	D323N	D323
tcga_mc3	TCGA-VS-A9UZ:3:178936091:G	PIK3CA	E545K	E545
tcga_mc3	TCGA-VS-A9V0:4:153247288:C	FBXW7	R505L	R505
tcga_mc3	TCGA-VS-A9V1:12:25398284:C	KRAS	G12V	G12
tcga_mc3	TCGA-VS-A9V1:17:7577085:C	TP53	E285K	E285
tcga_mc3	TCGA-VS-A9V3:3:178936091:G	PIK3CA	E545K	E545
tcga_mc3	TCGA-VS-A9V5:7:151962208:G	KMT2C	H367D	H367
tcga_mc3	TCGA-ZJ-AAX8:3:178936082:G	PIK3CA	E542K	E542
tcga_mc3	TCGA-ZJ-AAXF:4:153247289:G	FBXW7	R505G	R505
tcga_mc3	TCGA-ZJ-AAXN:7:78256541:G	MAGI2	H145N	H145
tcga_mc3	TCGA-ZJ-AB0H:3:178936082:G	PIK3CA	E542K	E542
tcga_mc3	TCGA-ZJ-AB0I:5:156649957:C	ITK	R194C	R194
tcga_mc3	TCGA-3X-AAVA:15:90631837:C	IDH2	R172S	R172
tcga_mc3	TCGA-3X-AAVB:12:25398285:C	KRAS	G12R	G12
tcga_mc3	TCGA-3X-AAVB:17:7577539:G	TP53	R248W	R248
tcga_mc3	TCGA-4G-AAZT:3:178952085:A	PIK3CA	H1047L	H1047
tcga_mc3	TCGA-W5-AA2O:2:209113113:G	IDH1	R132C	R132
tcga_mc3	TCGA-W5-AA2T:21:43857670:C	UBASH3A	T489M	T489
tcga_mc3	TCGA-W5-AA34:2:209113113:G	IDH1	R132C	R132
tcga_mc3	TCGA-W5-AA38:10:103542240:G	NPM3	P107S	P107
tcga_mc3	TCGA-W5-AA39:5:139939978:G	APBB3	R382G	R382
tcga_mc3	TCGA-W6-AA0S:15:90631838:C	IDH2	R172K	R172
tcga_mc3	TCGA-W6-AA0S:7:151962255:C	KMT2C	G351E	G351
tcga_mc3	TCGA-ZD-A8I3:9:21971108:C	CDKN2A	D84Y	D84
tcga_mc3	TCGA-ZU-A8S4:2:220329177:C	SPEG	R910C	R910
tcga_mc3	TCGA-3L-AA1B:1:115258747:C	NRAS	G12D	G12
tcga_mc3	TCGA-3L-AA1B:3:178936091:G	PIK3CA	E545K	E545
tcga_mc3	TCGA-4N-A93T:12:25398284:C	KRAS	G12D	G12
tcga_mc3	TCGA-4N-A93T:17:7577120:C	TP53	R273H	R273
tcga_mc3	TCGA-4T-AA8H:12:25398284:C	KRAS	G12V	G12
tcga_mc3	TCGA-5M-AAT4:12:25398284:C	KRAS	G12D	G12
tcga_mc3	TCGA-5M-AAT5:12:25398284:C	KRAS	G12D	G12
tcga_mc3	TCGA-5M-AAT6:10:135170726:A	FUOM	I40T	I40
tcga_mc3	TCGA-5M-AAT6:12:25398284:C	KRAS	G12D	G12
tcga_mc3	TCGA-5M-AAT6:17:80048928:G	FASN	R504C	R504
tcga_mc3	TCGA-5M-AAT6:2:20455057:G	PUM2	R892C	R892
tcga_mc3	TCGA-5M-AATA:17:7577121:G	TP53	R273C	R273
tcga_mc3	TCGA-5M-AATA:19:36246683:T	HSPB6	E104A	E104
tcga_mc3	TCGA-5M-AATA:3:178936092:A	PIK3CA	E545A	E545
tcga_mc3	TCGA-5M-AATE:12:25398281:C	KRAS	G13D	G13
tcga_mc3	TCGA-5M-AATE:3:178936091:G	PIK3CA	E545K	E545
tcga_mc3	TCGA-A6-2674:12:25398284:C	KRAS	G12D	G12
tcga_mc3	TCGA-A6-2677:4:153247289:G	FBXW7	R505G	R505
tcga_mc3	TCGA-A6-2684:12:112888195:T	PTPN11	F71L	F71
tcga_mc3	TCGA-A6-2684:3:178927980:T	PIK3CA	C420R	C420
tcga_mc3	TCGA-A6-2686:11:3849172:C	RHOG	R66H	R66
tcga_mc3	TCGA-A6-2686:14:74531581:A	ALDH6A1	S483P	S483
tcga_mc3	TCGA-A6-2686:22:24036039:C	RGL4	R264C	R264
tcga_mc3	TCGA-A6-2686:2:113308539:G	POLR1B	R241Q	R241
tcga_mc3	TCGA-A6-2686:3:45038731:A	EXOSC7	Y136C	Y136
tcga_mc3	TCGA-A6-2686:7:150554886:C	AOC1	A443V	A443
tcga_mc3	TCGA-A6-2686:9:70993145:A	PGM5	I98V	I98
tcga_mc3	TCGA-A6-3809:2:27015101:G	CENPA	S68N	S68
tcga_mc3	TCGA-A6-3809:2:277263:T	ACP1	C146R	C146
tcga_mc3	TCGA-A6-3809:3:156175309:A	KCNAB1	Y142C	Y142
tcga_mc3	TCGA-A6-3809:4:153247289:G	FBXW7	R505C	R505
tcga_mc3	TCGA-A6-3809:5:158223460:T	EBF1	S268C	S268
tcga_mc3	TCGA-A6-3809:9:70993145:A	PGM5	I98V	I98
tcga_mc3	TCGA-A6-3810:3:105439064:G	CBLB	R412C	R412
tcga_mc3	TCGA-A6-4105:12:25398284:C	KRAS	G12V	G12
tcga_mc3	TCGA-A6-4105:3:178936082:G	PIK3CA	E542K	E542
tcga_mc3	TCGA-A6-4107:12:25398281:C	KRAS	G13D	G13
tcga_mc3	TCGA-A6-4107:19:52715982:C	PPP2R1A	R183W	R183
tcga_mc3	TCGA-A6-4107:3:178936082:G	PIK3CA	E542K	E542
tcga_mc3	TCGA-A6-5657:12:25398285:C	KRAS	G12S	G12
tcga_mc3	TCGA-A6-5657:19:49464096:C	BAX	I133M	I133
tcga_mc3	TCGA-A6-5657:3:178936091:G	PIK3CA	E545K	E545
tcga_mc3	TCGA-A6-5657:4:153244092:G	FBXW7	R689W	R689
tcga_mc3	TCGA-A6-5659:12:25398284:C	KRAS	G12V	G12
tcga_mc3	TCGA-A6-5659:3:178916876:G	PIK3CA	R88Q	R88
tcga_mc3	TCGA-A6-5661:14:105246551:C	AKT1	E17K	E17
tcga_mc3	TCGA-A6-5661:2:158390498:G	ACVR1C	R472C	R472
tcga_mc3	TCGA-A6-5661:2:9484763:G	ASAP2	G318R	G318
tcga_mc3	TCGA-A6-5661:3:41274897:T	CTNNB1	W383R	W383
tcga_mc3	TCGA-A6-5661:4:153249385:G	FBXW7	R465C	R465
tcga_mc3	TCGA-A6-5661:7:127447557:G	SND1	R391H	R391
tcga_mc3	TCGA-A6-5661:7:22767227:G	IL6	D62N	D62
tcga_mc3	TCGA-A6-5662:12:25398284:C	KRAS	G12V	G12
tcga_mc3	TCGA-A6-5665:11:49204780:G	FOLH1	R281C	R281
tcga_mc3	TCGA-A6-5665:12:15095547:T	ARHGDIB	Y172C	Y172
tcga_mc3	TCGA-A6-5665:1:149783608:T	HIST2H2BF	T91A	T91
tcga_mc3	TCGA-A6-5665:8:65527685:G	CYP7B1	R319C	R319
tcga_mc3	TCGA-A6-5665:9:80412493:C	GNAQ	R183Q	R183
tcga_mc3	TCGA-A6-5666:3:178916876:G	PIK3CA	R88Q	R88
tcga_mc3	TCGA-A6-5667:17:7577538:C	TP53	R248Q	R248
tcga_mc3	TCGA-A6-6138:12:25398281:C	KRAS	G13D	G13
tcga_mc3	TCGA-A6-6138:17:7577121:G	TP53	R273C	R273
tcga_mc3	TCGA-A6-6142:17:7577538:C	TP53	R248Q	R248
tcga_mc3	TCGA-A6-6142:17:7578407:G	TP53	R175C	R175
tcga_mc3	TCGA-A6-6142:4:153244092:G	FBXW7	R689W	R689
tcga_mc3	TCGA-A6-6649:17:7577117:A	TP53	V274D	V274
tcga_mc3	TCGA-A6-6651:17:7577538:C	TP53	R248Q	R248
tcga_mc3	TCGA-A6-6652:14:95557639:C	DICER1	D1810N	D1810
tcga_mc3	TCGA-A6-6653:12:131359262:G	RAN	R140Q	R140
tcga_mc3	TCGA-A6-6653:19:52715982:C	PPP2R1A	R183W	R183
tcga_mc3	TCGA-A6-6653:22:29706492:G	GAS2L1	G233W	G233
tcga_mc3	TCGA-A6-6653:2:219114602:G	ARPC2	R279H	R279
tcga_mc3	TCGA-A6-6654:12:25398282:C	KRAS	G13C	G13
tcga_mc3	TCGA-A6-6780:20:30686863:A	HCK	T435A	T435
tcga_mc3	TCGA-A6-6780:3:178952085:A	PIK3CA	H1047R	H1047
tcga_mc3	TCGA-A6-6781:13:46716466:C	LCP1	R488H	R488
tcga_mc3	TCGA-A6-6781:15:43122255:G	TTBK2	R105C	R105
tcga_mc3	TCGA-A6-6781:17:33331361:A	LIG3	R956G	R956
tcga_mc3	TCGA-A6-6781:17:47014447:T	SNF8	D95G	D95
tcga_mc3	TCGA-A6-6781:19:11132437:C	SMARCA4	R885C	R885
tcga_mc3	TCGA-A6-6781:2:219208226:G	PNKD	R262Q	R262
tcga_mc3	TCGA-A6-6781:6:4952630:C	CDYL	S542L	S542
tcga_mc3	TCGA-A6-6781:9:70993145:A	PGM5	I98V	I98
tcga_mc3	TCGA-A6-A565:14:23311683:C	MMP14	R149C	R149
tcga_mc3	TCGA-A6-A565:18:48591919:G	SMAD4	R361H	R361
tcga_mc3	TCGA-A6-A567:12:25398285:C	KRAS	G12C	G12
tcga_mc3	TCGA-A6-A567:17:7577120:C	TP53	R273H	R273
tcga_mc3	TCGA-AA-3489:3:178952090:G	PIK3CA	G1049R	G1049
tcga_mc3	TCGA-AA-3492:10:4873014:G	AKR1E2	D63Y	D63
tcga_mc3	TCGA-AA-3492:10:94228698:G	IDE	A753V	A753
tcga_mc3	TCGA-AA-3492:14:97321676:A	VRK1	D231G	D231
tcga_mc3	TCGA-AA-3492:17:12028670:G	MAP2K4	W291C	W291
tcga_mc3	TCGA-AA-3492:20:49366373:G	PARD6B	R156H	R156
tcga_mc3	TCGA-AA-3492:22:41904042:C	ACO2	R141C	R141
tcga_mc3	TCGA-AA-3492:2:217002891:A	XRCC5	Y444C	Y444
tcga_mc3	TCGA-AA-3492:3:30732970:G	TGFBR2	R528H	R528
tcga_mc3	TCGA-AA-3492:5:156608073:C	ITK	R29C	R29
tcga_mc3	TCGA-AA-3502:12:25398284:C	KRAS	G12D	G12
tcga_mc3	TCGA-AA-3502:13:111372118:G	ING1	D370Y	D370
tcga_mc3	TCGA-AA-3502:20:57484421:G	GNAS	R201H	R201
tcga_mc3	TCGA-AA-3506:12:25398281:C	KRAS	G13D	G13
tcga_mc3	TCGA-AA-3510:10:61823980:G	ANK3	S4129Y	S4129
tcga_mc3	TCGA-AA-3510:11:22777492:T	GAS2	F239C	F239
tcga_mc3	TCGA-AA-3510:11:71819751:G	LRTOMT	R219Q	R219
tcga_mc3	TCGA-AA-3510:14:88658594:G	KCNK10	T276M	T276
tcga_mc3	TCGA-AA-3510:15:66729175:G	MAP2K1	G128D	G128
tcga_mc3	TCGA-AA-3510:16:3807914:G	CREBBP	R1169C	R1169
tcga_mc3	TCGA-AA-3510:19:54783290:G	LILRB2	R190C	R190
tcga_mc3	TCGA-AA-3510:1:181018257:C	MR1	S46L	S46
tcga_mc3	TCGA-AA-3510:3:176755900:C	TBL1XR1	D370N	D370
tcga_mc3	TCGA-AA-3510:3:178916876:G	PIK3CA	R88Q	R88
tcga_mc3	TCGA-AA-3510:5:156608047:G	ITK	R20I	R20
tcga_mc3	TCGA-AA-3510:7:150704192:T	NOS3	F647C	F647
tcga_mc3	TCGA-AA-3510:7:20721180:G	ABCB5	R587Q	R587
tcga_mc3	TCGA-AA-3510:7:72743423:A	FKBP6	K79T	K79
tcga_mc3	TCGA-AA-3510:8:99115125:C	HRSP12	R120Q	R120
tcga_mc3	TCGA-AA-3511:17:7577548:C	TP53	G245S	G245
tcga_mc3	TCGA-AA-3511:1:10529335:T	DFFA	D66V	D66
tcga_mc3	TCGA-AA-3655:12:25398284:C	KRAS	G12D	G12
tcga_mc3	TCGA-AA-3655:17:7577120:C	TP53	R273H	R273
tcga_mc3	TCGA-AA-3660:12:25378562:C	KRAS	A146T	A146
tcga_mc3	TCGA-AA-3660:17:7577120:C	TP53	R273H	R273
tcga_mc3	TCGA-AA-3663:12:25398281:C	KRAS	G13D	G13
tcga_mc3	TCGA-AA-3663:13:21006285:G	CRYL1	R197C	R197
tcga_mc3	TCGA-AA-3663:8:42938323:G	FNTA	G282E	G282
tcga_mc3	TCGA-AA-3663:9:70993145:A	PGM5	I98V	I98
tcga_mc3	TCGA-AA-3712:1:183261970:C	NMNAT2	R66H	R66
tcga_mc3	TCGA-AA-3712:3:178936091:G	PIK3CA	E545K	E545
tcga_mc3	TCGA-AA-3713:13:46716466:C	LCP1	R488H	R488
tcga_mc3	TCGA-AA-3713:17:37667784:G	CDK12	R890H	R890
tcga_mc3	TCGA-AA-3713:20:49177972:T	PTPN1	Y46H	Y46
tcga_mc3	TCGA-AA-3947:14:93180175:T	LGMN	Y179C	Y179
tcga_mc3	TCGA-AA-3947:17:80040796:G	FASN	R1921W	R1921
tcga_mc3	TCGA-AA-3947:1:151677587:C	CELF3	G443D	G443
tcga_mc3	TCGA-AA-3947:2:211441123:C	CPS1	A97D	A97
tcga_mc3	TCGA-AA-3947:3:151475338:A	AADACL2	R388G	R388
tcga_mc3	TCGA-AA-3947:3:178952085:A	PIK3CA	H1047R	H1047
tcga_mc3	TCGA-AA-3947:7:151962165:G	KMT2C	A381E	A381
tcga_mc3	TCGA-AA-3984:10:98092269:G	DNTT	K425N	K425
tcga_mc3	TCGA-AA-3984:11:13380023:G	ARNTL	M88I	M88
tcga_mc3	TCGA-AA-3984:13:48615145:C	NUDT15	S83Y	S83
tcga_mc3	TCGA-AA-3984:15:65041331:C	RBPMS2	E96K	E96
tcga_mc3	TCGA-AA-3984:17:19575079:C	ALDH3A2	T418I	T418
tcga_mc3	TCGA-AA-3984:17:21319420:G	KCNJ12	D256N	D256
tcga_mc3	TCGA-AA-3984:17:37667784:G	CDK12	R890H	R890
tcga_mc3	TCGA-AA-3984:18:48575206:G	SMAD4	E134K	E134
tcga_mc3	TCGA-AA-3984:19:45974495:G	FOSB	R164Q	R164
tcga_mc3	TCGA-AA-3984:19:6665155:G	TNFSF14	R169C	R169
tcga_mc3	TCGA-AA-3984:2:198001381:G	ANKRD44	R66C	R66
tcga_mc3	TCGA-AA-3984:2:212295795:C	ERBB4	V840I	V840
tcga_mc3	TCGA-AA-3984:3:178922301:G	PIK3CA	R357Q	R357
tcga_mc3	TCGA-AA-3984:4:39515754:A	UGDH	F71L	F71
tcga_mc3	TCGA-AA-3984:5:90678773:G	ARRDC3	S46Y	S46
tcga_mc3	TCGA-AA-3984:6:107100203:C	QRSL1	S226L	S226
tcga_mc3	TCGA-AA-3984:6:161160210:G	PLG	R663Q	R663
tcga_mc3	TCGA-AA-3984:6:3226438:A	TUBB2B	S78P	S78
tcga_mc3	TCGA-AA-3984:7:20721180:G	ABCB5	R587Q	R587
tcga_mc3	TCGA-AA-3984:9:6814685:G	KDM4C	K125N	K125
tcga_mc3	TCGA-AA-A00N:12:22208151:G	CMAS	R110Q	R110
tcga_mc3	TCGA-AA-A00N:12:25398281:C	KRAS	G13D	G13
tcga_mc3	TCGA-AA-A00N:15:78577679:G	WDR61	S251L	S251
tcga_mc3	TCGA-AA-A00N:17:21319420:G	KCNJ12	D256N	D256
tcga_mc3	TCGA-AA-A00N:17:41004685:G	AOC3	R442Q	R442
tcga_mc3	TCGA-AA-A00N:1:173454561:A	PRDX6	D105G	D105
tcga_mc3	TCGA-AA-A00N:2:109380602:C	RANBP2	R1203C	R1203
tcga_mc3	TCGA-AA-A00N:2:208477906:C	METTL21A	R174Q	R174
tcga_mc3	TCGA-AA-A00N:3:139097937:G	COPB2	R103C	R103
tcga_mc3	TCGA-AA-A00N:3:178922301:G	PIK3CA	R357Q	R357
tcga_mc3	TCGA-AA-A00N:3:178952007:A	PIK3CA	Y1021C	Y1021
tcga_mc3	TCGA-AA-A00N:5:142689729:T	NR3C1	K467N	K467
tcga_mc3	TCGA-AA-A00N:8:56985774:G	RPS20	R79C	R79
tcga_mc3	TCGA-AA-A00N:9:101900171:C	TGFBR1	A202V	A202
tcga_mc3	TCGA-AA-A00N:9:101900288:C	TGFBR1	S241L	S241
tcga_mc3	TCGA-AA-A00N:9:127622512:G	RPL35	L58F	L58
tcga_mc3	TCGA-AA-A00N:9:2115855:G	SMARCA2	G1164R	G1164
tcga_mc3	TCGA-AA-A010:10:89692905:G	PTEN	R130Q	R130
tcga_mc3	TCGA-AA-A010:13:31318201:C	ALOX5AP	F25L	F25
tcga_mc3	TCGA-AA-A010:16:57015105:G	CETP	K394N	K394
tcga_mc3	TCGA-AA-A010:16:69965756:C	WWP2	R549C	R549
tcga_mc3	TCGA-AA-A010:17:7578407:G	TP53	R175C	R175
tcga_mc3	TCGA-AA-A010:19:10250770:G	DNMT1	S1237L	S1237
tcga_mc3	TCGA-AA-A010:19:13050049:G	CALR	G65C	G65
tcga_mc3	TCGA-AA-A010:19:38910592:G	RASGRP4	R191C	R191
tcga_mc3	TCGA-AA-A010:20:468211:C	CSNK2A1	R278Q	R278
tcga_mc3	TCGA-AA-A010:22:42042972:G	XRCC6	K282N	K282
tcga_mc3	TCGA-AA-A010:2:151331495:G	RND3	S81Y	S81
tcga_mc3	TCGA-AA-A010:2:271878:G	ACP1	R19Q	R19
tcga_mc3	TCGA-AA-A010:3:182756918:C	MCCC1	E425K	E425
tcga_mc3	TCGA-AA-A010:5:10256073:C	CCT5	A113D	A113
tcga_mc3	TCGA-AA-A010:5:72185728:C	TNPO1	L549I	L549
tcga_mc3	TCGA-AA-A010:7:117199585:G	CFTR	R487I	R487
tcga_mc3	TCGA-AA-A010:7:43827621:C	BLVRA	S44L	S44
tcga_mc3	TCGA-AA-A010:8:65527678:T	CYP7B1	E321G	E321
tcga_mc3	TCGA-AA-A010:8:99115125:C	HRSP12	R120Q	R120
tcga_mc3	TCGA-AA-A010:9:101900288:C	TGFBR1	S241L	S241
tcga_mc3	TCGA-AA-A010:9:127915929:T	PPP6C	E184D	E184
tcga_mc3	TCGA-AA-A01P:14:73581010:C	RBM25	S803L	S803
tcga_mc3	TCGA-AA-A01P:15:80762584:C	ARNT2	R74C	R74
tcga_mc3	TCGA-AA-A01P:3:16268973:G	GALNT15	R629H	R629
tcga_mc3	TCGA-AA-A01P:3:49136103:C	QARS	R629H	R629
tcga_mc3	TCGA-AA-A01P:3:49405932:A	RHOA	L69P	L69
tcga_mc3	TCGA-AA-A01R:11:47593081:T	PTPMT1	I169N	I169
tcga_mc3	TCGA-AA-A01R:12:25398281:C	KRAS	G13D	G13
tcga_mc3	TCGA-AA-A01R:17:70118954:C	SOX9	P176S	P176
tcga_mc3	TCGA-AA-A01R:19:52715982:C	PPP2R1A	R183W	R183
tcga_mc3	TCGA-AA-A01R:1:204923461:C	NFASC	R121C	R121
tcga_mc3	TCGA-AA-A01R:3:25668727:C	TOP2B	R656H	R656
tcga_mc3	TCGA-AA-A01R:4:153249384:C	FBXW7	R465H	R465
tcga_mc3	TCGA-AA-A01R:4:178355642:G	AGA	R234C	R234
tcga_mc3	TCGA-AA-A01R:8:146015266:G	RPL8	R233C	R233
tcga_mc3	TCGA-AA-A01R:9:133342131:T	ASS1	M147T	M147
tcga_mc3	TCGA-AA-A022:16:1033829:G	SOX8	R175H	R175
tcga_mc3	TCGA-AA-A022:19:34884165:C	GPI	R273C	R273
tcga_mc3	TCGA-AA-A022:3:25668727:C	TOP2B	R656H	R656
tcga_mc3	TCGA-AA-A022:5:174156219:G	MSX2	R146H	R146
tcga_mc3	TCGA-AA-A022:9:70993145:A	PGM5	I98V	I98
tcga_mc3	TCGA-AD-5900:19:52715982:C	PPP2R1A	R183W	R183
tcga_mc3	TCGA-AD-5900:19:6707236:C	C3	R699Q	R699
tcga_mc3	TCGA-AD-5900:20:629471:G	SRXN1	R101C	R101
tcga_mc3	TCGA-AD-5900:6:159462441:C	TAGAP	G141V	G141
tcga_mc3	TCGA-AD-6548:12:25398281:C	KRAS	G13D	G13
tcga_mc3	TCGA-AD-6888:14:75991472:C	BATF	R37C	R37
tcga_mc3	TCGA-AD-6888:17:7577574:T	TP53	Y236C	Y236
tcga_mc3	TCGA-AD-6889:17:79495973:C	FSCN2	P139Q	P139
tcga_mc3	TCGA-AD-6889:9:70993145:A	PGM5	I98V	I98
tcga_mc3	TCGA-AD-6890:3:178936091:G	PIK3CA	E545K	E545
tcga_mc3	TCGA-AD-6895:12:50036070:G	PRPF40B	R624H	R624
tcga_mc3	TCGA-AD-6895:17:57737842:C	CLTC	R354C	R354
tcga_mc3	TCGA-AD-6895:17:80049440:G	FASN	R384C	R384
tcga_mc3	TCGA-AD-6895:19:8386868:G	RPS28	R40Q	R40
tcga_mc3	TCGA-AD-6895:20:2641573:G	IDH3B	S127F	S127
tcga_mc3	TCGA-AD-6895:2:208477900:C	METTL21A	R176H	R176
tcga_mc3	TCGA-AD-6895:3:49405932:A	RHOA	L69P	L69
tcga_mc3	TCGA-AD-6901:12:25398284:C	KRAS	G12A	G12
tcga_mc3	TCGA-AD-6963:8:42218836:G	POLB	D192H	D192
tcga_mc3	TCGA-AD-6964:12:25378562:C	KRAS	A146T	A146
tcga_mc3	TCGA-AD-6964:12:7984225:C	SLC2A14	G106R	G106
tcga_mc3	TCGA-AD-6964:16:2012587:G	RPS2	A207V	A207
tcga_mc3	TCGA-AD-6964:22:19222151:G	CLTCL1	R350C	R350
tcga_mc3	TCGA-AD-6964:3:30713643:T	TGFBR2	L323P	L323
tcga_mc3	TCGA-AD-6965:12:25398284:C	KRAS	G12A	G12
tcga_mc3	TCGA-AD-6965:3:178927980:T	PIK3CA	C420R	C420
tcga_mc3	TCGA-AD-A5EJ:3:178936083:A	PIK3CA	E542G	E542
tcga_mc3	TCGA-AD-A5EJ:3:178952085:A	PIK3CA	H1047R	H1047
tcga_mc3	TCGA-AD-A5EJ:6:31637105:A	CSNK2B-LY6G5B-1181	D126G	D126
tcga_mc3	TCGA-AD-A5EJ:9:70993145:A	PGM5	I98V	I98
tcga_mc3	TCGA-AD-A5EK:12:25398284:C	KRAS	G12D	G12
tcga_mc3	TCGA-AM-5820:12:25398284:C	KRAS	G12V	G12
tcga_mc3	TCGA-AM-5821:15:66729175:G	MAP2K1	G128D	G128
tcga_mc3	TCGA-AM-5821:17:7577121:G	TP53	R273C	R273
tcga_mc3	TCGA-AM-5821:2:217005909:A	XRCC5	E448V	E448
tcga_mc3	TCGA-AM-5821:3:178952085:A	PIK3CA	H1047R	H1047
tcga_mc3	TCGA-AM-5821:4:153249384:C	FBXW7	R465H	R465
tcga_mc3	TCGA-AU-3779:10:45938547:C	ALOX5	T445I	T445
tcga_mc3	TCGA-AU-3779:17:7578406:C	TP53	R175H	R175
tcga_mc3	TCGA-AU-3779:6:32155551:C	PBX2	R248H	R248
tcga_mc3	TCGA-AU-6004:12:15742396:G	PTPRO	V1140M	V1140
tcga_mc3	TCGA-AU-6004:14:105208238:G	ADSSL1	G283C	G283
tcga_mc3	TCGA-AU-6004:3:178952085:A	PIK3CA	H1047R	H1047
tcga_mc3	TCGA-AU-6004:9:70993145:A	PGM5	I98V	I98
tcga_mc3	TCGA-AY-5543:12:25398281:C	KRAS	G13D	G13
tcga_mc3	TCGA-AY-5543:3:178936091:G	PIK3CA	E545K	E545
tcga_mc3	TCGA-AY-6196:17:7577120:C	TP53	R273H	R273
tcga_mc3	TCGA-AY-6197:17:7578406:C	TP53	R175H	R175
tcga_mc3	TCGA-AY-6197:2:200804838:G	TYW5	R108W	R108
tcga_mc3	TCGA-AY-6197:2:224849556:G	SERPINE2	S266F	S266
tcga_mc3	TCGA-AY-6197:2:26417961:C	HADHA	K540N	K540
tcga_mc3	TCGA-AY-6197:6:43578442:C	POLH	S409Y	S409
tcga_mc3	TCGA-AY-6386:12:118577336:C	PEBP1	S109L	S109
tcga_mc3	TCGA-AY-6386:12:25398284:C	KRAS	G12D	G12
tcga_mc3	TCGA-AY-6386:3:178936082:G	PIK3CA	E542K	E542
tcga_mc3	TCGA-AY-A54L:12:25398285:C	KRAS	G12C	G12
tcga_mc3	TCGA-AY-A69D:12:25398285:C	KRAS	G12S	G12
tcga_mc3	TCGA-AY-A69D:19:4099406:G	MAP2K2	R238W	R238
tcga_mc3	TCGA-AY-A69D:3:178927980:T	PIK3CA	C420R	C420
tcga_mc3	TCGA-AY-A69D:9:2081899:T	SMARCA2	M751T	M751
tcga_mc3	TCGA-AY-A71X:12:25398284:C	KRAS	G12V	G12
tcga_mc3	TCGA-AZ-4315:10:89692905:G	PTEN	R130Q	R130
tcga_mc3	TCGA-AZ-4315:11:111626053:C	PPP2R1B	R270H	R270
tcga_mc3	TCGA-AZ-4315:12:25378562:C	KRAS	A146T	A146
tcga_mc3	TCGA-AZ-4315:12:5603879:G	NTF3	D167N	D167
tcga_mc3	TCGA-AZ-4315:17:21319420:G	KCNJ12	D256N	D256
tcga_mc3	TCGA-AZ-4315:18:43667185:C	ATP5A1	R322H	R322
tcga_mc3	TCGA-AZ-4315:18:54281690:G	TXNL1	R234C	R234
tcga_mc3	TCGA-AZ-4315:19:51015539:T	ASPDH	D221G	D221
tcga_mc3	TCGA-AZ-4315:1:155348300:G	ASH1L	R2078C	R2078
tcga_mc3	TCGA-AZ-4315:20:468196:C	CSNK2A1	R283H	R283
tcga_mc3	TCGA-AZ-4315:22:20718516:T	USP41	D328G	D328
tcga_mc3	TCGA-AZ-4315:2:242441080:C	STK25	R25H	R25
tcga_mc3	TCGA-AZ-4315:2:98354262:G	ZAP70	E509K	E509
tcga_mc3	TCGA-AZ-4315:3:133478155:C	TF	D395E	D395
tcga_mc3	TCGA-AZ-4315:3:154834519:T	MME	V169E	V169
tcga_mc3	TCGA-AZ-4315:3:178916876:G	PIK3CA	R88Q	R88
tcga_mc3	TCGA-AZ-4315:4:103505872:G	NFKB1	D320Y	D320
tcga_mc3	TCGA-AZ-4315:4:184431941:G	ING2	G227R	G227
tcga_mc3	TCGA-AZ-4315:5:145878136:G	TCERG1	D757Y	D757
tcga_mc3	TCGA-AZ-4315:5:78294008:A	DMGDH	L833R	L833
tcga_mc3	TCGA-AZ-4315:7:20721180:G	ABCB5	R587Q	R587
tcga_mc3	TCGA-AZ-4315:8:99115125:C	HRSP12	R120Q	R120
tcga_mc3	TCGA-AZ-4614:14:94933485:G	SERPINA9	A288D	A288
tcga_mc3	TCGA-AZ-4614:17:7578403:C	TP53	C176Y	C176
tcga_mc3	TCGA-AZ-4615:14:50789326:A	ATP5S	R84G	R84
tcga_mc3	TCGA-AZ-4615:3:67546277:C	SUCLG2	G336D	G336
tcga_mc3	TCGA-AZ-4616:12:25398284:C	KRAS	G12A	G12
tcga_mc3	TCGA-AZ-4616:17:7577561:A	TP53	S240R	S240
tcga_mc3	TCGA-AZ-4681:17:7578406:C	TP53	R175H	R175
tcga_mc3	TCGA-AZ-4681:7:151962204:C	KMT2C	G368A	G368
tcga_mc3	TCGA-AZ-5403:4:128665855:G	SLC25A31	L87F	L87
tcga_mc3	TCGA-AZ-5407:12:25398284:C	KRAS	G12D	G12
tcga_mc3	TCGA-AZ-6598:6:42179595:G	MRPS10	H83Y	H83
tcga_mc3	TCGA-AZ-6598:9:70993145:A	PGM5	I98V	I98
tcga_mc3	TCGA-AZ-6599:12:25398281:C	KRAS	G13D	G13
tcga_mc3	TCGA-AZ-6599:20:57484420:C	GNAS	R201C	R201
tcga_mc3	TCGA-AZ-6600:12:25398281:C	KRAS	G13D	G13
tcga_mc3	TCGA-AZ-6603:17:7578534:C	TP53	K132N	K132
tcga_mc3	TCGA-AZ-6605:2:47643544:T	MSH2	M351T	M351
tcga_mc3	TCGA-AZ-6606:17:7578406:C	TP53	R175H	R175
tcga_mc3	TCGA-AZ-6607:12:25398285:C	KRAS	G12C	G12
tcga_mc3	TCGA-CA-5255:12:25398284:C	KRAS	G12V	G12
tcga_mc3	TCGA-CA-5255:3:178936092:A	PIK3CA	E545A	E545
tcga_mc3	TCGA-CA-5255:3:178952085:A	PIK3CA	H1047R	H1047
tcga_mc3	TCGA-CA-5796:18:48591889:A	SMAD4	D351G	D351
tcga_mc3	TCGA-CA-5796:1:19611180:C	AKR7A3	R235H	R235
tcga_mc3	TCGA-CA-6716:12:25398281:C	KRAS	G13D	G13
tcga_mc3	TCGA-CA-6716:1:26737993:C	LIN28A	R50C	R50
tcga_mc3	TCGA-CA-6717:11:4142936:G	RRM1	D327Y	D327
tcga_mc3	TCGA-CA-6717:12:22208509:G	CMAS	R175H	R175
tcga_mc3	TCGA-CA-6717:12:57906046:G	MARS	D555Y	D555
tcga_mc3	TCGA-CA-6717:16:50384037:A	BRD7	F163C	F163
tcga_mc3	TCGA-CA-6717:18:48591919:G	SMAD4	R361H	R361
tcga_mc3	TCGA-CA-6717:1:174973965:T	CACYBP	N77K	N77
tcga_mc3	TCGA-CA-6717:1:181018257:C	MR1	S46L	S46
tcga_mc3	TCGA-CA-6717:1:215345499:A	KCNK2	T266A	T266
tcga_mc3	TCGA-CA-6717:1:22987799:G	C1QB	D228N	D228
tcga_mc3	TCGA-CA-6717:1:9107761:G	SLC2A5	S109Y	S109
tcga_mc3	TCGA-CA-6717:20:30686851:T	HCK	F431V	F431
tcga_mc3	TCGA-CA-6717:2:204591474:A	CD28	K57N	K57
tcga_mc3	TCGA-CA-6717:2:218757728:C	TNS1	R117Q	R117
tcga_mc3	TCGA-CA-6717:2:38956730:G	GALM	D223N	D223
tcga_mc3	TCGA-CA-6717:3:122422620:A	PARP14	D1038A	D1038
tcga_mc3	TCGA-CA-6717:3:178916876:G	PIK3CA	R88Q	R88
tcga_mc3	TCGA-CA-6717:3:41268763:A	CTNNB1	E334A	E334
tcga_mc3	TCGA-CA-6717:4:183836687:T	DCTD	Y12C	Y12
tcga_mc3	TCGA-CA-6717:5:110710587:C	CAMK4	L94I	L94
tcga_mc3	TCGA-CA-6717:5:133494196:G	SKP1	R136C	R136
tcga_mc3	TCGA-CA-6717:8:11420539:T	BLK	V411A	V411
tcga_mc3	TCGA-CA-6717:8:86114416:G	E2F5	R90I	R90
tcga_mc3	TCGA-CA-6717:9:101900288:C	TGFBR1	S241L	S241
tcga_mc3	TCGA-CA-6717:9:32489410:C	DDX58	R244I	R244
tcga_mc3	TCGA-CA-6718:11:99932104:C	CNTN5	R381C	R381
tcga_mc3	TCGA-CA-6718:13:48615171:T	NUDT15	Y92D	Y92
tcga_mc3	TCGA-CA-6718:1:155348300:G	ASH1L	R2078C	R2078
tcga_mc3	TCGA-CA-6718:1:181018257:C	MR1	S46L	S46
tcga_mc3	TCGA-CA-6718:1:198721444:G	PTPRC	D1092Y	D1092
tcga_mc3	TCGA-CA-6718:1:76257984:C	RABGGTB	P233L	P233
tcga_mc3	TCGA-CA-6718:2:120129876:G	DBI	K82N	K82
tcga_mc3	TCGA-CA-6718:2:209025629:G	CRYGA	R142W	R142
tcga_mc3	TCGA-CA-6718:3:156181517:A	KCNAB1	K170T	K170
tcga_mc3	TCGA-CA-6718:3:178916876:G	PIK3CA	R88Q	R88
tcga_mc3	TCGA-CA-6718:3:178952086:T	PIK3CA	H1047Q	H1047
tcga_mc3	TCGA-CA-6718:3:45038695:T	EXOSC7	L124R	L124
tcga_mc3	TCGA-CA-6718:6:79656520:T	PHIP	K1426N	K1426
tcga_mc3	TCGA-CA-6718:7:151962253:C	KMT2C	D352Y	D352
tcga_mc3	TCGA-CK-4947:12:25398284:C	KRAS	G12A	G12
tcga_mc3	TCGA-CK-4948:12:25398284:C	KRAS	G12D	G12
tcga_mc3	TCGA-CK-4950:12:25398284:C	KRAS	G12D	G12
tcga_mc3	TCGA-CK-4950:2:70315180:T	PCBP1	L102R	L102
tcga_mc3	TCGA-CK-4951:15:78346476:T	TBC1D2B	R138S	R138
tcga_mc3	TCGA-CK-4951:16:66919272:G	PDP2	S362I	S362
tcga_mc3	TCGA-CK-4951:20:35563532:C	SAMHD1	D137N	D137
tcga_mc3	TCGA-CK-4951:5:251128:G	SDHA	V525M	V525
tcga_mc3	TCGA-CK-4952:1:40236246:G	OXCT2	R228C	R228
tcga_mc3	TCGA-CK-4952:20:57484421:G	GNAS	R201H	R201
tcga_mc3	TCGA-CK-4952:7:151188085:G	RHEB	T23M	T23
tcga_mc3	TCGA-CK-5913:7:39726328:G	RALA	G21A	G21
tcga_mc3	TCGA-CK-5914:17:7577538:C	TP53	R248Q	R248
tcga_mc3	TCGA-CK-5916:18:43666424:G	ATP5A1	R405C	R405
tcga_mc3	TCGA-CK-5916:1:41215348:G	NFYC	R94Q	R94
tcga_mc3	TCGA-CK-6746:5:80513218:G	RASGRF2	D1160Y	D1160
tcga_mc3	TCGA-CK-6747:3:178936091:G	PIK3CA	E545K	E545
tcga_mc3	TCGA-CK-6748:12:25398284:C	KRAS	G12D	G12
tcga_mc3	TCGA-CK-6751:2:70315174:T	PCBP1	L100Q	L100
tcga_mc3	TCGA-CM-4743:3:30732969:C	TGFBR2	R528C	R528
tcga_mc3	TCGA-CM-4743:9:96398693:T	PHF2	L62S	L62
tcga_mc3	TCGA-CM-4746:12:25378562:C	KRAS	A146T	A146
tcga_mc3	TCGA-CM-4746:19:45974486:G	FOSB	R161H	R161
tcga_mc3	TCGA-CM-4746:3:178952084:C	PIK3CA	H1047Y	H1047
tcga_mc3	TCGA-CM-4747:12:25398285:C	KRAS	G12C	G12
tcga_mc3	TCGA-CM-4747:1:220156596:G	EPRS	P1079S	P1079
tcga_mc3	TCGA-CM-4747:3:178936083:A	PIK3CA	E542A	E542
tcga_mc3	TCGA-CM-4748:12:25398284:C	KRAS	G12D	G12
tcga_mc3	TCGA-CM-4748:3:178936091:G	PIK3CA	E545K	E545
tcga_mc3	TCGA-CM-4751:3:178938934:G	PIK3CA	E726K	E726
tcga_mc3	TCGA-CM-4752:2:86297314:G	POLR1A	R565C	R565
tcga_mc3	TCGA-CM-5341:17:7577538:C	TP53	R248Q	R248
tcga_mc3	TCGA-CM-5348:22:19175227:G	CLTCL1	S1483C	S1483
tcga_mc3	TCGA-CM-5348:22:50716157:G	PLXNB2	R1687W	R1687
tcga_mc3	TCGA-CM-5861:11:49204780:G	FOLH1	R281C	R281
tcga_mc3	TCGA-CM-5861:17:27778672:C	TAOK1	H36Y	H36
tcga_mc3	TCGA-CM-5861:3:185769850:C	ETV5	R427H	R427
tcga_mc3	TCGA-CM-5861:5:174156216:C	MSX2	P145L	P145
tcga_mc3	TCGA-CM-5862:17:7577094:G	TP53	R282W	R282
tcga_mc3	TCGA-CM-6163:17:7577120:C	TP53	R273H	R273
tcga_mc3	TCGA-CM-6164:16:21288838:A	CRYM	Y80H	Y80
tcga_mc3	TCGA-CM-6166:12:25378562:C	KRAS	A146T	A146
tcga_mc3	TCGA-CM-6166:3:139097030:A	COPB2	D119E	D119
tcga_mc3	TCGA-CM-6168:12:25398281:C	KRAS	G13D	G13
tcga_mc3	TCGA-CM-6168:3:178936091:G	PIK3CA	E545K	E545
tcga_mc3	TCGA-CM-6168:9:106862381:C	SMC2	S163C	S163
tcga_mc3	TCGA-CM-6170:18:48591931:G	SMAD4	G365D	G365
tcga_mc3	TCGA-CM-6171:11:49204780:G	FOLH1	R281C	R281
tcga_mc3	TCGA-CM-6171:12:4479909:G	FGF23	T119M	T119
tcga_mc3	TCGA-CM-6171:18:48591919:G	SMAD4	R361H	R361
tcga_mc3	TCGA-CM-6171:22:42042964:G	XRCC6	A280S	A280
tcga_mc3	TCGA-CM-6171:3:178952007:A	PIK3CA	Y1021C	Y1021
tcga_mc3	TCGA-CM-6172:17:7577538:C	TP53	R248Q	R248
tcga_mc3	TCGA-CM-6674:17:70118954:C	SOX9	P176S	P176
tcga_mc3	TCGA-CM-6674:2:121036310:G	RALB	G24C	G24
tcga_mc3	TCGA-CM-6674:2:96956435:A	SNRNP200	L847P	L847
tcga_mc3	TCGA-CM-6676:17:7577539:G	TP53	R248W	R248
tcga_mc3	TCGA-CM-6677:17:7577094:G	TP53	R282W	R282
tcga_mc3	TCGA-CM-6678:12:25398284:C	KRAS	G12D	G12
tcga_mc3	TCGA-CM-6678:3:178936082:G	PIK3CA	E542K	E542
tcga_mc3	TCGA-CM-6680:18:48591901:A	SMAD4	D355G	D355
tcga_mc3	TCGA-CM-6680:2:70315174:T	PCBP1	L100Q	L100
tcga_mc3	TCGA-CM-6680:3:178936091:G	PIK3CA	E545K	E545
tcga_mc3	TCGA-D5-5537:14:105246551:C	AKT1	E17K	E17
tcga_mc3	TCGA-D5-5538:12:25398284:C	KRAS	G12V	G12
tcga_mc3	TCGA-D5-5538:18:48591919:G	SMAD4	R361H	R361
tcga_mc3	TCGA-D5-5539:12:25398281:C	KRAS	G13D	G13
tcga_mc3	TCGA-D5-5540:12:25398284:C	KRAS	G12V	G12
tcga_mc3	TCGA-D5-5540:17:7578406:C	TP53	R175H	R175
tcga_mc3	TCGA-D5-5541:17:7577120:C	TP53	R273H	R273
tcga_mc3	TCGA-D5-6529:12:25398281:C	KRAS	G13D	G13
tcga_mc3	TCGA-D5-6529:2:70315174:T	PCBP1	L100Q	L100
tcga_mc3	TCGA-D5-6529:3:178936091:G	PIK3CA	E545K	E545
tcga_mc3	TCGA-D5-6530:11:49204780:G	FOLH1	R281C	R281
tcga_mc3	TCGA-D5-6530:11:75160035:C	GDPD5	R234H	R234
tcga_mc3	TCGA-D5-6530:12:7060852:G	PTPN6	R30Q	R30
tcga_mc3	TCGA-D5-6530:1:23240025:C	EPHB2	R975W	R975
tcga_mc3	TCGA-D5-6530:4:123748486:C	FGF2	R186W	R186
tcga_mc3	TCGA-D5-6532:17:7578406:C	TP53	R175H	R175
tcga_mc3	TCGA-D5-6532:18:48591918:C	SMAD4	R361C	R361
tcga_mc3	TCGA-D5-6532:3:178936091:G	PIK3CA	E545K	E545
tcga_mc3	TCGA-D5-6532:4:153802155:C	ARFIP1	S151L	S151
tcga_mc3	TCGA-D5-6533:17:7577539:G	TP53	R248W	R248
tcga_mc3	TCGA-D5-6534:10:73579313:T	PSAP	D420V	D420
tcga_mc3	TCGA-D5-6535:17:7577094:G	TP53	R282W	R282
tcga_mc3	TCGA-D5-6535:19:2717753:C	DIRAS1	V18M	V18
tcga_mc3	TCGA-D5-6536:12:25398285:C	KRAS	G12R	G12
tcga_mc3	TCGA-D5-6537:12:25398285:C	KRAS	G12R	G12
tcga_mc3	TCGA-D5-6538:12:112888210:G	PTPN11	E76K	E76
tcga_mc3	TCGA-D5-6538:12:25398284:C	KRAS	G12V	G12
tcga_mc3	TCGA-D5-6538:17:7577548:C	TP53	G245S	G245
tcga_mc3	TCGA-D5-6539:12:25398284:C	KRAS	G12V	G12
tcga_mc3	TCGA-D5-6540:13:46716466:C	LCP1	R488H	R488
tcga_mc3	TCGA-D5-6540:19:51015813:G	ASPDH	H153Y	H153
tcga_mc3	TCGA-D5-6541:12:25398284:C	KRAS	G12D	G12
tcga_mc3	TCGA-D5-6541:17:7578406:C	TP53	R175H	R175
tcga_mc3	TCGA-D5-6541:3:178936082:G	PIK3CA	E542K	E542
tcga_mc3	TCGA-D5-6920:15:91434849:C	FES	S532R	S532
tcga_mc3	TCGA-D5-6920:3:178936091:G	PIK3CA	E545K	E545
tcga_mc3	TCGA-D5-6924:3:139098268:C	COPB2	R61Q	R61
tcga_mc3	TCGA-D5-6926:14:93182482:T	LGMN	S135G	S135
tcga_mc3	TCGA-D5-6926:17:7577120:C	TP53	R273H	R273
tcga_mc3	TCGA-D5-6927:3:178916876:G	PIK3CA	R88Q	R88
tcga_mc3	TCGA-D5-6927:4:153247289:G	FBXW7	R505C	R505
tcga_mc3	TCGA-D5-6928:10:15120539:T	ACBD7	Y86C	Y86
tcga_mc3	TCGA-D5-6928:10:90773996:A	FAS	N266I	N266
tcga_mc3	TCGA-D5-6928:17:43111641:G	DCAKD	P77H	P77
tcga_mc3	TCGA-D5-6928:22:42043073:C	XRCC6	T316I	T316
tcga_mc3	TCGA-D5-6928:4:153249385:G	FBXW7	R465C	R465
tcga_mc3	TCGA-D5-6928:9:70993145:A	PGM5	I98V	I98
tcga_mc3	TCGA-D5-6929:17:7574017:C	TP53	R337L	R337
tcga_mc3	TCGA-D5-6930:10:96084232:C	PLCE1	R2210W	R2210
tcga_mc3	TCGA-D5-6930:17:6544530:G	TXNDC17	C43Y	C43
tcga_mc3	TCGA-D5-6931:12:25398284:C	KRAS	G12D	G12
tcga_mc3	TCGA-D5-6931:15:25220656:A	SNRPN	K52T	K52
tcga_mc3	TCGA-D5-6931:17:70118952:A	SOX9	Q175P	Q175
tcga_mc3	TCGA-D5-6931:3:178936091:G	PIK3CA	E545K	E545
tcga_mc3	TCGA-D5-6931:3:30732969:C	TGFBR2	R528C	R528
tcga_mc3	TCGA-D5-6931:4:153249385:G	FBXW7	R465C	R465
tcga_mc3	TCGA-D5-6931:4:48173426:C	TEC	S95I	S95
tcga_mc3	TCGA-D5-6932:12:25398284:C	KRAS	G12D	G12
tcga_mc3	TCGA-D5-6932:17:7577114:C	TP53	C275Y	C275
tcga_mc3	TCGA-D5-7000:18:48591919:G	SMAD4	R361H	R361
tcga_mc3	TCGA-DM-A0X9:3:178936091:G	PIK3CA	E545K	E545
tcga_mc3	TCGA-DM-A0XD:12:25398281:C	KRAS	G13D	G13
tcga_mc3	TCGA-DM-A0XF:17:7578403:C	TP53	C176F	C176
tcga_mc3	TCGA-DM-A0XF:17:7578406:C	TP53	R175H	R175
tcga_mc3	TCGA-DM-A1D0:12:25398284:C	KRAS	G12V	G12
tcga_mc3	TCGA-DM-A1D4:12:25398285:C	KRAS	G12C	G12
tcga_mc3	TCGA-DM-A1D4:17:7577538:C	TP53	R248Q	R248
tcga_mc3	TCGA-DM-A1D6:12:25398285:C	KRAS	G12C	G12
tcga_mc3	TCGA-DM-A1D6:17:7577094:G	TP53	R282W	R282
tcga_mc3	TCGA-DM-A1D7:17:7577538:C	TP53	R248Q	R248
tcga_mc3	TCGA-DM-A1D8:12:25398281:C	KRAS	G13D	G13
tcga_mc3	TCGA-DM-A1D8:17:7578406:C	TP53	R175H	R175
tcga_mc3	TCGA-DM-A1D8:18:48591930:G	SMAD4	G365R	G365
tcga_mc3	TCGA-DM-A1D8:3:178936082:G	PIK3CA	E542K	E542
tcga_mc3	TCGA-DM-A1D9:12:25398281:C	KRAS	G13D	G13
tcga_mc3	TCGA-DM-A1D9:17:7578406:C	TP53	R175H	R175
tcga_mc3	TCGA-DM-A1DA:1:115258747:C	NRAS	G12V	G12
tcga_mc3	TCGA-DM-A1DB:17:7577538:C	TP53	R248Q	R248
tcga_mc3	TCGA-DM-A1HA:12:25398285:C	KRAS	G12C	G12
tcga_mc3	TCGA-DM-A1HA:17:7577539:G	TP53	R248W	R248
tcga_mc3	TCGA-DM-A1HB:16:30724638:A	SRCAP	E747A	E747
tcga_mc3	TCGA-DM-A1HB:1:76211507:C	ACADM	R206C	R206
tcga_mc3	TCGA-DM-A1HB:3:178952085:A	PIK3CA	H1047R	H1047
tcga_mc3	TCGA-DM-A1HB:4:153249385:G	FBXW7	R465C	R465
tcga_mc3	TCGA-DM-A280:12:25398285:C	KRAS	G12S	G12
tcga_mc3	TCGA-DM-A282:12:25398284:C	KRAS	G12D	G12
tcga_mc3	TCGA-DM-A288:12:25398281:C	KRAS	G13D	G13
tcga_mc3	TCGA-DM-A288:17:7578532:A	TP53	M133R	M133
tcga_mc3	TCGA-DM-A28A:12:25398284:C	KRAS	G12D	G12
tcga_mc3	TCGA-DM-A28A:3:178921549:T	PIK3CA	V344G	V344
tcga_mc3	TCGA-DM-A28A:3:178952084:C	PIK3CA	H1047Y	H1047
tcga_mc3	TCGA-DM-A28C:14:95560476:C	DICER1	E1705Q	E1705
tcga_mc3	TCGA-DM-A28C:3:178936091:G	PIK3CA	E545K	E545
tcga_mc3	TCGA-DM-A28E:12:25398284:C	KRAS	G12V	G12
tcga_mc3	TCGA-DM-A28K:12:25398284:C	KRAS	G12D	G12
tcga_mc3	TCGA-DM-A28M:12:25398284:C	KRAS	G12V	G12
tcga_mc3	TCGA-F4-6459:17:7577538:C	TP53	R248Q	R248
tcga_mc3	TCGA-F4-6461:12:25398284:C	KRAS	G12D	G12
tcga_mc3	TCGA-F4-6461:2:209113113:G	IDH1	R132C	R132
tcga_mc3	TCGA-F4-6461:3:178938934:G	PIK3CA	E726K	E726
tcga_mc3	TCGA-F4-6463:12:25378562:C	KRAS	A146T	A146
tcga_mc3	TCGA-F4-6569:18:48593405:G	SMAD4	G386S	G386
tcga_mc3	TCGA-F4-6569:3:178922301:G	PIK3CA	R357Q	R357
tcga_mc3	TCGA-F4-6569:3:178952084:C	PIK3CA	H1047Y	H1047
tcga_mc3	TCGA-F4-6570:1:9323954:G	H6PD	G468C	G468
tcga_mc3	TCGA-F4-6570:6:42179598:C	MRPS10	G82C	G82
tcga_mc3	TCGA-F4-6703:12:25398284:C	KRAS	G12D	G12
tcga_mc3	TCGA-F4-6703:5:174156219:G	MSX2	R146H	R146
tcga_mc3	TCGA-F4-6704:7:22767215:C	IL6	R58W	R58
tcga_mc3	TCGA-F4-6805:17:7577539:G	TP53	R248W	R248
tcga_mc3	TCGA-F4-6806:10:112266804:C	DUSP5	R214W	R214
tcga_mc3	TCGA-F4-6806:12:25398284:C	KRAS	G12V	G12
tcga_mc3	TCGA-F4-6807:3:178952074:G	PIK3CA	M1043I	M1043
tcga_mc3	TCGA-F4-6808:1:244006429:C	AKT3	R15M	R15
tcga_mc3	TCGA-F4-6809:3:178936091:G	PIK3CA	E545K	E545
tcga_mc3	TCGA-F4-6854:12:25398284:C	KRAS	G12V	G12
tcga_mc3	TCGA-F4-6854:17:7577094:G	TP53	R282W	R282
tcga_mc3	TCGA-F4-6854:17:7578406:C	TP53	R175H	R175
tcga_mc3	TCGA-F4-6855:12:25398284:C	KRAS	G12V	G12
tcga_mc3	TCGA-F4-6855:3:178952085:A	PIK3CA	H1047R	H1047
tcga_mc3	TCGA-F4-6856:10:89720677:T	PTEN	N276K	N276
tcga_mc3	TCGA-G4-6293:3:178936082:G	PIK3CA	E542K	E542
tcga_mc3	TCGA-G4-6293:4:153247367:G	FBXW7	R479G	R479
tcga_mc3	TCGA-G4-6294:12:25398285:C	KRAS	G12S	G12
tcga_mc3	TCGA-G4-6294:17:7577094:G	TP53	R282W	R282
tcga_mc3	TCGA-G4-6297:12:25398285:C	KRAS	G12S	G12
tcga_mc3	TCGA-G4-6298:17:37868208:C	ERBB2	S310F	S310
tcga_mc3	TCGA-G4-6298:17:7578406:C	TP53	R175H	R175
tcga_mc3	TCGA-G4-6302:12:7060852:G	PTPN6	R30Q	R30
tcga_mc3	TCGA-G4-6304:12:25398281:C	KRAS	G13D	G13
tcga_mc3	TCGA-G4-6304:1:207868072:C	CR1L	P280S	P280
tcga_mc3	TCGA-G4-6304:2:106761735:G	UXS1	T123M	T123
tcga_mc3	TCGA-G4-6304:3:178936091:G	PIK3CA	E545K	E545
tcga_mc3	TCGA-G4-6304:3:182756918:C	MCCC1	E425K	E425
tcga_mc3	TCGA-G4-6304:7:102114816:G	POLR2J	R104C	R104
tcga_mc3	TCGA-G4-6306:17:7578406:C	TP53	R175H	R175
tcga_mc3	TCGA-G4-6309:14:23391748:G	PRMT5	R534C	R534
tcga_mc3	TCGA-G4-6309:20:3007409:T	PTPRA	V564A	V564
tcga_mc3	TCGA-G4-6309:6:22294679:G	PRL	H55Y	H55
tcga_mc3	TCGA-G4-6309:8:131172111:C	ASAP1	G337R	G337
tcga_mc3	TCGA-G4-6315:17:7577539:G	TP53	R248W	R248
tcga_mc3	TCGA-G4-6315:1:115258747:C	NRAS	G12D	G12
tcga_mc3	TCGA-G4-6320:12:25398281:C	KRAS	G13D	G13
tcga_mc3	TCGA-G4-6320:12:25398284:C	KRAS	G12D	G12
tcga_mc3	TCGA-G4-6320:14:74532032:A	ALDH6A1	F419S	F419
tcga_mc3	TCGA-G4-6320:17:7577548:C	TP53	G245S	G245
tcga_mc3	TCGA-G4-6320:3:12627296:T	RAF1	I474L	I474
tcga_mc3	TCGA-G4-6320:5:16694613:C	MYO10	G1223R	G1223
tcga_mc3	TCGA-G4-6320:9:110248151:C	KLF4	D475N	D475
tcga_mc3	TCGA-G4-6322:18:48591919:G	SMAD4	R361H	R361
tcga_mc3	TCGA-G4-6322:19:11132437:C	SMARCA4	R885C	R885
tcga_mc3	TCGA-G4-6322:2:209113113:G	IDH1	R132G	R132
tcga_mc3	TCGA-G4-6586:3:178952085:A	PIK3CA	H1047R	H1047
tcga_mc3	TCGA-G4-6586:7:137773402:G	AKR1D1	R50Q	R50
tcga_mc3	TCGA-G4-6586:9:70993145:A	PGM5	I98V	I98
tcga_mc3	TCGA-G4-6588:16:58220731:C	CSNK2A2	E82D	E82
tcga_mc3	TCGA-G4-6588:3:30732970:G	TGFBR2	R528H	R528
tcga_mc3	TCGA-G4-6588:5:174156219:G	MSX2	R146H	R146
tcga_mc3	TCGA-G4-6588:5:32126695:G	GOLPH3	R174W	R174
tcga_mc3	TCGA-G4-6588:9:70993145:A	PGM5	I98V	I98
tcga_mc3	TCGA-G4-6626:17:7578406:C	TP53	R175H	R175
tcga_mc3	TCGA-G4-6627:2:70315174:T	PCBP1	L100Q	L100
tcga_mc3	TCGA-G4-6627:6:109768339:A	MICAL1	F722L	F722
tcga_mc3	TCGA-G4-6628:11:78154734:T	NARS2	Y412C	Y412
tcga_mc3	TCGA-G4-6628:12:10762440:A	MAGOHB	V85G	V85
tcga_mc3	TCGA-G4-6628:18:48591918:C	SMAD4	R361C	R361
tcga_mc3	TCGA-G4-6628:2:114386274:G	RABL2A	A31T	A31
tcga_mc3	TCGA-G4-6628:2:211454891:G	CPS1	G258E	G258
tcga_mc3	TCGA-G4-6628:3:151545918:A	AADAC	R386S	R386
tcga_mc3	TCGA-G4-6628:3:178916876:G	PIK3CA	R88Q	R88
tcga_mc3	TCGA-G4-6628:3:25668727:C	TOP2B	R656H	R656
tcga_mc3	TCGA-NH-A50T:3:178936082:G	PIK3CA	E542K	E542
tcga_mc3	TCGA-NH-A50T:4:153249384:C	FBXW7	R465H	R465
tcga_mc3	TCGA-NH-A50U:12:25398284:C	KRAS	G12D	G12
tcga_mc3	TCGA-NH-A50U:2:96810004:C	DUSP2	A207T	A207
tcga_mc3	TCGA-NH-A50V:12:25398284:C	KRAS	G12V	G12
tcga_mc3	TCGA-NH-A50V:17:7577120:C	TP53	R273H	R273
tcga_mc3	TCGA-NH-A5IV:10:11207585:G	CELF2	G64R	G64
tcga_mc3	TCGA-NH-A5IV:12:25378562:C	KRAS	A146T	A146
tcga_mc3	TCGA-NH-A5IV:1:32689686:G	EIF3I	G50C	G50
tcga_mc3	TCGA-NH-A5IV:20:30309660:T	BCL2L1	Q121P	Q121
tcga_mc3	TCGA-NH-A5IV:3:178952007:A	PIK3CA	Y1021C	Y1021
tcga_mc3	TCGA-NH-A5IV:3:25668727:C	TOP2B	R656H	R656
tcga_mc3	TCGA-NH-A5IV:3:51458110:G	VPRBP	R1145W	R1145
tcga_mc3	TCGA-NH-A5IV:8:54891623:A	TCEA1	C263R	C263
tcga_mc3	TCGA-NH-A5IV:9:70993145:A	PGM5	I98V	I98
tcga_mc3	TCGA-NH-A6GA:12:25398284:C	KRAS	G12D	G12
tcga_mc3	TCGA-NH-A6GA:17:7577538:C	TP53	R248Q	R248
tcga_mc3	TCGA-NH-A6GB:12:25398282:C	KRAS	G13C	G13
tcga_mc3	TCGA-NH-A6GB:1:110765961:G	KCNC4	V352M	V352
tcga_mc3	TCGA-NH-A6GB:4:153249384:C	FBXW7	R465H	R465
tcga_mc3	TCGA-NH-A6GC:12:25398284:C	KRAS	G12V	G12
tcga_mc3	TCGA-NH-A8F8:12:25398284:C	KRAS	G12V	G12
tcga_mc3	TCGA-NH-A8F8:14:105246551:C	AKT1	E17K	E17
tcga_mc3	TCGA-NH-A8F8:17:7577120:C	TP53	R273H	R273
tcga_mc3	TCGA-QG-A5YV:12:25398284:C	KRAS	G12V	G12
tcga_mc3	TCGA-QG-A5YV:17:7578406:C	TP53	R175H	R175
tcga_mc3	TCGA-QG-A5YV:2:5833163:C	SOX11	R104W	R104
tcga_mc3	TCGA-QG-A5YV:3:178952074:G	PIK3CA	M1043I	M1043
tcga_mc3	TCGA-QG-A5YV:6:43221331:G	TTBK1	R119H	R119
tcga_mc3	TCGA-QG-A5YW:3:178936091:G	PIK3CA	E545K	E545
tcga_mc3	TCGA-QG-A5YW:4:153249385:G	FBXW7	R465C	R465
tcga_mc3	TCGA-QG-A5YX:17:7577575:A	TP53	Y236H	Y236
tcga_mc3	TCGA-QG-A5YX:3:178952085:A	PIK3CA	H1047R	H1047
tcga_mc3	TCGA-QG-A5Z2:1:198703522:G	PTPRC	V749I	V749
tcga_mc3	TCGA-QG-A5Z2:1:9784449:G	PIK3CD	G945V	G945
tcga_mc3	TCGA-QL-A97D:17:7577094:G	TP53	R282W	R282
tcga_mc3	TCGA-RU-A8FL:17:7577121:G	TP53	R273C	R273
tcga_mc3	TCGA-SS-A7HO:12:25398284:C	KRAS	G12A	G12
tcga_mc3	TCGA-SS-A7HO:12:56676693:T	CS	E117G	E117
tcga_mc3	TCGA-SS-A7HO:17:7578403:C	TP53	C176F	C176
tcga_mc3	TCGA-T9-A92H:17:7577548:C	TP53	G245S	G245
tcga_mc3	TCGA-T9-A92H:20:13098334:A	SPTLC3	S372R	S372
tcga_mc3	TCGA-WS-AB45:11:763825:G	TALDO1	R239H	R239
tcga_mc3	TCGA-WS-AB45:17:53851196:C	PCTP	R151W	R151
tcga_mc3	TCGA-WS-AB45:17:7578407:G	TP53	R175C	R175
tcga_mc3	TCGA-WS-AB45:19:3979990:C	EEF2	G474D	G474
tcga_mc3	TCGA-WS-AB45:20:57484421:G	GNAS	R201H	R201
tcga_mc3	TCGA-WS-AB45:3:9793484:A	OGG1	E160G	E160
tcga_mc3	TCGA-WS-AB45:8:87447712:C	WWP1	R545C	R545
tcga_mc3	TCGA-WS-AB45:9:70993145:A	PGM5	I98V	I98
tcga_mc3	TCGA-FA-8693:14:102552577:C	HSP90AA1	E47Q	E47
tcga_mc3	TCGA-FA-A6HN:1:149783507:G	HIST2H2BF	S124R	S124
tcga_mc3	TCGA-FA-A6HO:3:49362425:G	USP4	R179G	R179
tcga_mc3	TCGA-FA-A82F:17:7577121:G	TP53	R273C	R273
tcga_mc3	TCGA-FF-8041:5:133494195:C	SKP1	R136H	R136
tcga_mc3	TCGA-FF-8042:11:67833918:C	CHKA	E332K	E332
tcga_mc3	TCGA-FF-8042:3:12627284:C	RAF1	E478K	E478
tcga_mc3	TCGA-FF-A7CQ:6:26123915:C	HIST1H2BC	R73H	R73
tcga_mc3	TCGA-GR-A4D5:9:2081900:G	SMARCA2	M751I	M751
tcga_mc3	TCGA-GS-A9TY:3:49136098:C	QARS	A631S	A631
tcga_mc3	TCGA-GS-A9TY:7:22767218:T	IL6	Y59H	Y59
tcga_mc3	TCGA-GS-A9TZ:4:57871515:G	POLR2B	R335I	R335
tcga_mc3	TCGA-GS-A9U3:10:90773975:T	FAS	I259T	I259
tcga_mc3	TCGA-GS-A9U4:9:33900200:A	UBE2R2	H98L	H98
tcga_mc3	TCGA-RQ-AAAT:17:7577539:G	TP53	R248W	R248
tcga_mc3	TCGA-2H-A9GJ:7:128496898:G	FLNC	R2495P	R2495
tcga_mc3	TCGA-2H-A9GN:18:48591919:G	SMAD4	R361H	R361
tcga_mc3	TCGA-2H-A9GQ:17:7577094:G	TP53	R282W	R282
tcga_mc3	TCGA-2H-A9GQ:3:38168072:C	ACAA1	R249H	R249
tcga_mc3	TCGA-IC-A6RE:3:178936091:G	PIK3CA	E545K	E545
tcga_mc3	TCGA-IC-A6RE:9:140006360:C	DPP7	R391Q	R391
tcga_mc3	TCGA-IG-A3QL:3:178952085:A	PIK3CA	H1047L	H1047
tcga_mc3	TCGA-IG-A3Y9:17:7577094:G	TP53	R282W	R282
tcga_mc3	TCGA-IG-A3YA:3:178936091:G	PIK3CA	E545K	E545
tcga_mc3	TCGA-IG-A3YB:4:153247289:G	FBXW7	R505G	R505
tcga_mc3	TCGA-IG-A4P3:3:178936091:G	PIK3CA	E545K	E545
tcga_mc3	TCGA-IG-A4QS:11:118960710:C	HMBS	P119T	P119
tcga_mc3	TCGA-IG-A50L:17:7577114:C	TP53	C275F	C275
tcga_mc3	TCGA-IG-A5B8:17:7578190:T	TP53	Y220C	Y220
tcga_mc3	TCGA-IG-A5B8:19:46190949:C	SNRPD2	M73I	M73
tcga_mc3	TCGA-IG-A5B8:1:149783597:C	HIST2H2BF	E94D	E94
tcga_mc3	TCGA-IG-A6QS:17:7577556:C	TP53	C242Y	C242
tcga_mc3	TCGA-IG-A6QS:1:16475134:A	EPHA2	C188R	C188
tcga_mc3	TCGA-IG-A8O2:15:75219207:T	COX5A	Y80C	Y80
tcga_mc3	TCGA-JY-A6F8:6:119623233:C	MAN1A1	D246Y	D246
tcga_mc3	TCGA-JY-A6FA:1:206943229:A	IL10	L130P	L130
tcga_mc3	TCGA-JY-A6FG:17:7577120:C	TP53	R273H	R273
tcga_mc3	TCGA-JY-A6FG:19:11143993:C	SMARCA4	R1192C	R1192
tcga_mc3	TCGA-JY-A6FG:20:57484421:G	GNAS	R201H	R201
tcga_mc3	TCGA-JY-A6FG:2:139308582:T	SPOPL	F104I	F104
tcga_mc3	TCGA-JY-A938:17:37868208:C	ERBB2	S310F	S310
tcga_mc3	TCGA-JY-A938:6:27114372:T	HIST1H2BK	D69G	D69
tcga_mc3	TCGA-JY-A93C:17:7577538:C	TP53	R248Q	R248
tcga_mc3	TCGA-JY-A93C:18:48591918:C	SMAD4	R361C	R361
tcga_mc3	TCGA-JY-A93D:17:7577539:G	TP53	R248W	R248
tcga_mc3	TCGA-JY-A93F:3:30732976:C	TGFBR2	T530I	T530
tcga_mc3	TCGA-L5-A43C:17:7578406:C	TP53	R175H	R175
tcga_mc3	TCGA-L5-A43E:12:44166789:G	IRAK4	G189C	G189
tcga_mc3	TCGA-L5-A43E:17:7577120:C	TP53	R273H	R273
tcga_mc3	TCGA-L5-A43J:17:7577094:G	TP53	R282W	R282
tcga_mc3	TCGA-L5-A43J:17:7578190:T	TP53	Y220C	Y220
tcga_mc3	TCGA-L5-A43J:19:11123691:A	SMARCA4	M781V	M781
tcga_mc3	TCGA-L5-A43J:1:29641996:C	PTPRU	R1124S	R1124
tcga_mc3	TCGA-L5-A4OE:17:7578401:G	TP53	P177S	P177
tcga_mc3	TCGA-L5-A4OI:19:6694571:C	C3	G1009C	G1009
tcga_mc3	TCGA-L5-A4OI:22:35782901:G	HMOX1	R123H	R123
tcga_mc3	TCGA-L5-A4OI:4:153247289:G	FBXW7	R505C	R505
tcga_mc3	TCGA-L5-A4OI:8:56864612:G	LYN	G192D	G192
tcga_mc3	TCGA-L5-A4ON:17:7577121:G	TP53	R273C	R273
tcga_mc3	TCGA-L5-A4OO:15:40864010:C	RPUSD2	R272W	R272
tcga_mc3	TCGA-L5-A4OO:17:7578406:C	TP53	R175H	R175
tcga_mc3	TCGA-L5-A4OP:12:15370380:G	RERG	A15V	A15
tcga_mc3	TCGA-L5-A4OQ:17:7577545:T	TP53	M246V	M246
tcga_mc3	TCGA-L5-A4OR:18:48593406:G	SMAD4	G386V	G386
tcga_mc3	TCGA-L5-A4OT:17:7577538:C	TP53	R248Q	R248
tcga_mc3	TCGA-L5-A4OU:17:7577117:A	TP53	V274G	V274
tcga_mc3	TCGA-L5-A88V:17:7578190:T	TP53	Y220C	Y220
tcga_mc3	TCGA-L5-A88W:13:20012288:T	TPTE2	T327S	T327
tcga_mc3	TCGA-L5-A88W:20:57484420:C	GNAS	R201C	R201
tcga_mc3	TCGA-L5-A88W:3:178952085:A	PIK3CA	H1047L	H1047
tcga_mc3	TCGA-L5-A88Y:17:7577094:G	TP53	R282W	R282
tcga_mc3	TCGA-L5-A8NG:22:26074809:A	ADRBK2	K225T	K225
tcga_mc3	TCGA-L5-A8NJ:17:7577094:G	TP53	R282W	R282
tcga_mc3	TCGA-L5-A8NK:17:7577121:G	TP53	R273C	R273
tcga_mc3	TCGA-L5-A8NM:19:51015803:C	ASPDH	G156D	G156
tcga_mc3	TCGA-L5-A8NM:1:197032137:A	F13B	Y39H	Y39
tcga_mc3	TCGA-L5-A8NM:2:241817492:G	AGXT	W332C	W332
tcga_mc3	TCGA-L5-A8NM:4:146029243:C	ABCE1	A89V	A89
tcga_mc3	TCGA-L5-A8NM:5:158204526:G	EBF1	R311C	R311
tcga_mc3	TCGA-L5-A8NM:7:55224336:C	EGFR	P373S	P373
tcga_mc3	TCGA-L5-A8NM:9:21971023:C	CDKN2A	R112H	R112
tcga_mc3	TCGA-L5-A8NQ:5:102353101:C	PAM	H799D	H799
tcga_mc3	TCGA-L5-A8NS:17:7577539:G	TP53	R248W	R248
tcga_mc3	TCGA-L5-A8NS:9:21971111:G	CDKN2A	H83Y	H83
tcga_mc3	TCGA-L5-A8NT:12:25398284:C	KRAS	G12D	G12
tcga_mc3	TCGA-L5-A8NT:17:7578526:C	TP53	C135F	C135
tcga_mc3	TCGA-L5-A8NU:14:35468837:A	SRP54	Q51L	Q51
tcga_mc3	TCGA-L5-A8NV:17:7578406:C	TP53	R175H	R175
tcga_mc3	TCGA-L5-A8NW:17:7578403:C	TP53	C176F	C176
tcga_mc3	TCGA-L7-A56G:2:46986968:G	SOCS5	W433C	W433
tcga_mc3	TCGA-LN-A49O:17:7578403:C	TP53	C176Y	C176
tcga_mc3	TCGA-LN-A49S:17:7578190:T	TP53	Y220C	Y220
tcga_mc3	TCGA-LN-A49Y:17:7577114:C	TP53	C275F	C275
tcga_mc3	TCGA-LN-A49Y:17:7577547:C	TP53	G245V	G245
tcga_mc3	TCGA-LN-A4A4:3:178952085:A	PIK3CA	H1047R	H1047
tcga_mc3	TCGA-LN-A4A9:16:27357918:G	IL4R	W164C	W164
tcga_mc3	TCGA-LN-A4A9:3:49405948:C	RHOA	E64Q	E64
tcga_mc3	TCGA-LN-A4MR:17:7578406:C	TP53	R175H	R175
tcga_mc3	TCGA-LN-A5U7:17:7578406:C	TP53	R175H	R175
tcga_mc3	TCGA-LN-A7HW:3:178936091:G	PIK3CA	E545K	E545
tcga_mc3	TCGA-LN-A7HX:17:7578410:T	TP53	R174W	R174
tcga_mc3	TCGA-LN-A7HX:22:22127181:T	MAPK1	Y316C	Y316
tcga_mc3	TCGA-LN-A8I0:17:7577120:C	TP53	R273H	R273
tcga_mc3	TCGA-LN-A8I1:17:7577538:C	TP53	R248Q	R248
tcga_mc3	TCGA-LN-A9FP:7:73932624:A	GTF2IRD1	S193C	S193
tcga_mc3	TCGA-LN-A9FQ:17:7577538:C	TP53	R248Q	R248
tcga_mc3	TCGA-LN-A9FR:17:7577084:T	TP53	E285V	E285
tcga_mc3	TCGA-LN-A9FR:3:69105806:T	UBA3	D347V	D347
tcga_mc3	TCGA-R6-A6DN:17:7577539:G	TP53	R248W	R248
tcga_mc3	TCGA-R6-A6KZ:17:7577539:G	TP53	R248W	R248
tcga_mc3	TCGA-R6-A6XG:2:224849554:C	SERPINE2	A267S	A267
tcga_mc3	TCGA-R6-A6XQ:17:7577538:C	TP53	R248Q	R248
tcga_mc3	TCGA-R6-A8W5:17:7578406:C	TP53	R175H	R175
tcga_mc3	TCGA-R6-A8WC:17:37868208:C	ERBB2	S310F	S310
tcga_mc3	TCGA-R6-A8WG:17:7577120:C	TP53	R273H	R273
tcga_mc3	TCGA-RE-A7BO:22:33253282:C	TIMP3	T84M	T84
tcga_mc3	TCGA-S8-A6BV:17:7577538:C	TP53	R248Q	R248
tcga_mc3	TCGA-V5-A7RB:17:7577538:C	TP53	R248Q	R248
tcga_mc3	TCGA-V5-A7RB:1:1250292:G	CPSF3L	T205M	T205
tcga_mc3	TCGA-V5-A7RB:3:41268766:A	CTNNB1	K335T	K335
tcga_mc3	TCGA-V5-AASV:19:11123693:G	SMARCA4	M781I	M781
tcga_mc3	TCGA-V5-AASV:3:178936091:G	PIK3CA	E545K	E545
tcga_mc3	TCGA-V5-AASW:17:7578406:C	TP53	R175H	R175
tcga_mc3	TCGA-VR-A8EO:17:7578407:G	TP53	R175G	R175
tcga_mc3	TCGA-VR-A8EU:12:32908126:T	YARS2	D228G	D228
tcga_mc3	TCGA-VR-A8EY:11:76979559:G	GDPD4	S217Y	S217
tcga_mc3	TCGA-VR-AA4D:17:7577539:G	TP53	R248W	R248
tcga_mc3	TCGA-Z6-A8JD:17:7577120:C	TP53	R273H	R273
tcga_mc3	TCGA-Z6-AAPN:3:178952074:G	PIK3CA	M1043I	M1043
tcga_mc3	TCGA-Z6-AAPN:8:56912040:A	LYN	K423T	K423
tcga_mc3	TCGA-02-0003:17:7577094:G	TP53	R282W	R282
tcga_mc3	TCGA-02-0033:17:7577538:C	TP53	R248Q	R248
tcga_mc3	TCGA-02-0047:3:178921553:T	PIK3CA	N345K	N345
tcga_mc3	TCGA-02-0055:10:89692907:A	PTEN	T131A	T131
tcga_mc3	TCGA-02-2483:17:7577120:C	TP53	R273H	R273
tcga_mc3	TCGA-02-2483:2:209113112:C	IDH1	R132H	R132
tcga_mc3	TCGA-02-2485:17:7577538:C	TP53	R248Q	R248
tcga_mc3	TCGA-02-2485:7:55221822:C	EGFR	A289D	A289
tcga_mc3	TCGA-06-0128:2:209113112:C	IDH1	R132H	R132
tcga_mc3	TCGA-06-0129:17:7577538:C	TP53	R248Q	R248
tcga_mc3	TCGA-06-0130:17:7578457:C	TP53	R158H	R158
tcga_mc3	TCGA-06-0142:7:55221822:C	EGFR	A289V	A289
tcga_mc3	TCGA-06-0145:11:125503112:G	CHEK1	R160H	R160
tcga_mc3	TCGA-06-0155:7:55223543:C	EGFR	H304Y	H304
tcga_mc3	TCGA-06-0157:7:55221822:C	EGFR	A289V	A289
tcga_mc3	TCGA-06-0158:7:55211080:G	EGFR	R108K	R108
tcga_mc3	TCGA-06-0168:4:1807889:A	FGFR3	K650E	K650
tcga_mc3	TCGA-06-0171:12:112910837:C	PTPN11	I282M	I282
tcga_mc3	TCGA-06-0171:3:178952072:A	PIK3CA	M1043V	M1043
tcga_mc3	TCGA-06-0184:10:89653809:G	PTEN	G36E	G36
tcga_mc3	TCGA-06-0184:17:7578457:C	TP53	R158H	R158
tcga_mc3	TCGA-06-0187:10:89692911:G	PTEN	G132D	G132
tcga_mc3	TCGA-06-0189:17:7578406:C	TP53	R175H	R175
tcga_mc3	TCGA-06-0189:2:106761696:T	UXS1	E136G	E136
tcga_mc3	TCGA-06-0190:18:55238743:C	FECH	R115Q	R115
tcga_mc3	TCGA-06-0195:17:7577096:T	TP53	D281A	D281
tcga_mc3	TCGA-06-0210:17:7577538:C	TP53	R248Q	R248
tcga_mc3	TCGA-06-0221:2:209113113:G	IDH1	R132G	R132
tcga_mc3	TCGA-06-0241:17:7577538:C	TP53	R248Q	R248
tcga_mc3	TCGA-06-0644:17:7578190:T	TP53	Y220C	Y220
tcga_mc3	TCGA-06-0646:20:30689234:C	HCK	P498L	P498
tcga_mc3	TCGA-06-0743:17:7578394:T	TP53	H179R	H179
tcga_mc3	TCGA-06-0743:7:55221822:C	EGFR	A289V	A289
tcga_mc3	TCGA-06-0744:17:7578394:T	TP53	H179R	H179
tcga_mc3	TCGA-06-0747:6:80746263:G	TTK	G666R	G666
tcga_mc3	TCGA-06-0747:7:55221822:C	EGFR	A289V	A289
tcga_mc3	TCGA-06-0749:7:55221821:G	EGFR	A289T	A289
tcga_mc3	TCGA-06-0749:7:55249022:G	EGFR	V774M	V774
tcga_mc3	TCGA-06-0750:7:55221821:G	EGFR	A289T	A289
tcga_mc3	TCGA-06-0750:7:55221822:C	EGFR	A289D	A289
tcga_mc3	TCGA-06-0875:17:7577094:G	TP53	R282W	R282
tcga_mc3	TCGA-06-0876:17:7577539:G	TP53	R248W	R248
tcga_mc3	TCGA-06-0876:7:55211080:G	EGFR	R108K	R108
tcga_mc3	TCGA-06-0876:7:55221822:C	EGFR	A289D	A289
tcga_mc3	TCGA-06-0878:7:55221821:G	EGFR	A289T	A289
tcga_mc3	TCGA-06-0881:7:55221822:C	EGFR	A289V	A289
tcga_mc3	TCGA-06-2558:17:7577097:C	TP53	D281H	D281
tcga_mc3	TCGA-06-2561:12:25398284:C	KRAS	G12D	G12
tcga_mc3	TCGA-06-2563:7:55221710:C	EGFR	R252C	R252
tcga_mc3	TCGA-06-2565:7:55211080:G	EGFR	R108K	R108
tcga_mc3	TCGA-06-2569:14:95560476:C	DICER1	E1705Q	E1705
tcga_mc3	TCGA-06-2570:2:209113112:C	IDH1	R132H	R132
tcga_mc3	TCGA-06-2570:3:178936083:A	PIK3CA	E542V	E542
tcga_mc3	TCGA-06-5408:17:7577120:C	TP53	R273H	R273
tcga_mc3	TCGA-06-5412:9:137300840:C	RXRA	T162M	T162
tcga_mc3	TCGA-06-5416:10:7844254:A	ATP5C1	D220G	D220
tcga_mc3	TCGA-06-5416:11:104897672:A	CASP1	V338A	V338
tcga_mc3	TCGA-06-5416:11:1776161:C	CTSD	A268T	A268
tcga_mc3	TCGA-06-5416:12:3042616:G	TULP3	K243N	K243
tcga_mc3	TCGA-06-5416:13:26911760:C	CDK8	S62L	S62
tcga_mc3	TCGA-06-5416:15:81615241:G	STARD5	L50M	L50
tcga_mc3	TCGA-06-5416:16:2258299:G	MLST8	R221H	R221
tcga_mc3	TCGA-06-5416:16:3533506:C	NAA60	L161F	L161
tcga_mc3	TCGA-06-5416:16:50784087:G	CYLD	G160R	G160
tcga_mc3	TCGA-06-5416:17:79827070:T	ARHGDIA	T132A	T132
tcga_mc3	TCGA-06-5416:19:16606600:G	CALR3	S52L	S52
tcga_mc3	TCGA-06-5416:19:3155857:G	GNA15	K217N	K217
tcga_mc3	TCGA-06-5416:1:41474373:G	CTPS1	R479H	R479
tcga_mc3	TCGA-06-5416:1:43825766:A	CDC20	Y185C	Y185
tcga_mc3	TCGA-06-5416:21:34877982:G	GART	R871C	R871
tcga_mc3	TCGA-06-5416:2:179576707:C	TTN	G8967R	G8967
tcga_mc3	TCGA-06-5416:2:220251103:C	DNPEP	G122S	G122
tcga_mc3	TCGA-06-5416:2:44549932:A	PREPL	I653S	I653
tcga_mc3	TCGA-06-5416:2:88478395:C	THNSL2	S222L	S222
tcga_mc3	TCGA-06-5416:3:150460062:G	SIAH2	R281C	R281
tcga_mc3	TCGA-06-5416:3:151475209:G	AADACL2	D345Y	D345
tcga_mc3	TCGA-06-5416:3:38417643:G	XYLB	R347H	R347
tcga_mc3	TCGA-06-5416:3:44835767:C	KIF15	S233L	S233
tcga_mc3	TCGA-06-5416:3:49405936:G	RHOA	R68C	R68
tcga_mc3	TCGA-06-5416:3:52257563:G	TLR9	R257C	R257
tcga_mc3	TCGA-06-5416:3:58416399:G	PDHB	R192W	R192
tcga_mc3	TCGA-06-5416:4:114452428:G	CAMK2D	S182F	S182
tcga_mc3	TCGA-06-5416:5:154394045:C	KIF4B	S209L	S209
tcga_mc3	TCGA-06-5416:5:68651492:C	TAF9	E104K	E104
tcga_mc3	TCGA-06-5416:6:63990359:C	LGSN	R366Q	R366
tcga_mc3	TCGA-06-5416:7:106509717:G	PIK3CG	D571Y	D571
tcga_mc3	TCGA-06-5416:7:142961658:C	GSTK1	L58M	L58
tcga_mc3	TCGA-06-5416:7:56082717:G	PSPH	A190V	A190
tcga_mc3	TCGA-06-5416:8:29195909:G	DUSP4	S230L	S230
tcga_mc3	TCGA-06-5416:8:38272306:C	FGFR1	K656N	K656
tcga_mc3	TCGA-06-5416:9:102594985:A	NR4A3	K322N	K322
tcga_mc3	TCGA-06-5416:9:2086866:G	SMARCA2	R855Q	R855
tcga_mc3	TCGA-06-5416:9:32984665:C	APTX	R259H	R259
tcga_mc3	TCGA-06-5416:9:33900191:C	UBE2R2	S95L	S95
tcga_mc3	TCGA-06-5856:7:55221822:C	EGFR	A289V	A289
tcga_mc3	TCGA-06-5858:17:7578406:C	TP53	R175H	R175
tcga_mc3	TCGA-06-5858:6:31637206:G	CSNK2B-LY6G5B-1181	G160S	G160
tcga_mc3	TCGA-06-6388:17:70118954:C	SOX9	P176S	P176
tcga_mc3	TCGA-06-6389:17:7578190:T	TP53	Y220C	Y220
tcga_mc3	TCGA-06-6389:2:209113112:C	IDH1	R132H	R132
tcga_mc3	TCGA-06-6389:6:111214026:C	AMD1	S235L	S235
tcga_mc3	TCGA-06-6694:15:49776594:G	FGF7	G160R	G160
tcga_mc3	TCGA-06-6694:17:7577568:C	TP53	C238F	C238
tcga_mc3	TCGA-06-6698:17:7578406:C	TP53	R175H	R175
tcga_mc3	TCGA-06-6698:3:138374298:A	PIK3CB	L1049R	L1049
tcga_mc3	TCGA-06-6701:17:7577096:T	TP53	D281A	D281
tcga_mc3	TCGA-06-6701:17:7577097:C	TP53	D281H	D281
tcga_mc3	TCGA-06-A5U1:21:43857670:C	UBASH3A	T489M	T489
tcga_mc3	TCGA-06-A7TL:17:7577114:C	TP53	C275Y	C275
tcga_mc3	TCGA-06-A7TL:2:209113112:C	IDH1	R132H	R132
tcga_mc3	TCGA-12-0618:17:7577568:C	TP53	C238Y	C238
tcga_mc3	TCGA-12-3649:9:97333806:C	FBP2	G169S	G169
tcga_mc3	TCGA-12-3650:7:55221822:C	EGFR	A289V	A289
tcga_mc3	TCGA-14-0740:17:7577548:C	TP53	G245S	G245
tcga_mc3	TCGA-14-0786:7:55221822:C	EGFR	A289V	A289
tcga_mc3	TCGA-14-0790:7:55221822:C	EGFR	A289V	A289
tcga_mc3	TCGA-14-0813:17:7577094:G	TP53	R282W	R282
tcga_mc3	TCGA-14-1034:7:55210077:G	EGFR	G63R	G63
tcga_mc3	TCGA-14-1456:17:7578190:T	TP53	Y220C	Y220
tcga_mc3	TCGA-14-1456:2:209113112:C	IDH1	R132H	R132
tcga_mc3	TCGA-14-1456:7:55221822:C	EGFR	A289V	A289
tcga_mc3	TCGA-14-1825:17:7577094:G	TP53	R282W	R282
tcga_mc3	TCGA-14-4157:17:7578406:C	TP53	R175H	R175
tcga_mc3	TCGA-14-4157:17:7578460:A	TP53	V157G	V157
tcga_mc3	TCGA-14-4157:2:209113112:C	IDH1	R132H	R132
tcga_mc3	TCGA-16-0848:10:89692911:G	PTEN	G132D	G132
tcga_mc3	TCGA-16-1045:3:30885739:T	GADL1	E250V	E250
tcga_mc3	TCGA-19-1787:17:7578406:C	TP53	R175H	R175
tcga_mc3	TCGA-19-1787:2:238494710:C	RAB17	V30M	V30
tcga_mc3	TCGA-19-2623:17:7577548:C	TP53	G245S	G245
tcga_mc3	TCGA-19-2624:7:55210077:G	EGFR	G63R	G63
tcga_mc3	TCGA-19-2625:10:89685314:T	PTEN	L70H	L70
tcga_mc3	TCGA-19-2629:2:209113112:C	IDH1	R132H	R132
tcga_mc3	TCGA-19-5947:3:52257538:C	TLR9	C265F	C265
tcga_mc3	TCGA-19-5952:10:89692911:G	PTEN	G132D	G132
tcga_mc3	TCGA-19-5956:10:61823980:G	ANK3	S4129Y	S4129
tcga_mc3	TCGA-19-5956:10:89692905:G	PTEN	R130Q	R130
tcga_mc3	TCGA-19-5956:11:107960307:C	CUL5	S467Y	S467
tcga_mc3	TCGA-19-5956:12:112888199:C	PTPN11	A72V	A72
tcga_mc3	TCGA-19-5956:12:7984225:C	SLC2A14	G106R	G106
tcga_mc3	TCGA-19-5956:14:24765737:C	DHRS1	D118Y	D118
tcga_mc3	TCGA-19-5956:15:66845510:C	LCTL	D337N	D337
tcga_mc3	TCGA-19-5956:18:732914:C	YES1	R448L	R448
tcga_mc3	TCGA-19-5956:1:228334618:C	GUK1	S77L	S77
tcga_mc3	TCGA-19-5956:20:24950942:C	APMAP	D202Y	D202
tcga_mc3	TCGA-19-5956:2:101541647:G	NPAS2	Q24H	Q24
tcga_mc3	TCGA-19-5956:2:187540566:C	ITGAV	S947F	S947
tcga_mc3	TCGA-19-5956:3:182756918:C	MCCC1	E425K	E425
tcga_mc3	TCGA-19-5956:3:37058999:C	MLH1	R265C	R265
tcga_mc3	TCGA-19-5956:4:2833695:G	SH3BP2	E466K	E466
tcga_mc3	TCGA-19-5956:6:116264282:C	FRK	E403K	E403
tcga_mc3	TCGA-19-5956:6:29580366:C	GABBR1	G531D	G531
tcga_mc3	TCGA-19-A6J5:17:7578394:T	TP53	H179R	H179
tcga_mc3	TCGA-19-A6J5:2:209113112:C	IDH1	R132H	R132
tcga_mc3	TCGA-26-1442:17:7577121:G	TP53	R273C	R273
tcga_mc3	TCGA-26-1442:2:209113112:C	IDH1	R132H	R132
tcga_mc3	TCGA-26-5136:17:7578534:C	TP53	K132N	K132
tcga_mc3	TCGA-27-1830:17:7577538:C	TP53	R248Q	R248
tcga_mc3	TCGA-27-1831:7:55211080:G	EGFR	R108K	R108
tcga_mc3	TCGA-27-1831:7:55249022:G	EGFR	V774M	V774
tcga_mc3	TCGA-27-1834:10:89720676:A	PTEN	N276S	N276
tcga_mc3	TCGA-27-1838:10:89720670:G	PTEN	W274S	W274
tcga_mc3	TCGA-27-1838:8:41543721:T	ANK1	S1447C	S1447
tcga_mc3	TCGA-27-2521:2:209113112:C	IDH1	R132H	R132
tcga_mc3	TCGA-27-2527:3:178952085:A	PIK3CA	H1047R	H1047
tcga_mc3	TCGA-28-1747:7:55223543:C	EGFR	H304Y	H304
tcga_mc3	TCGA-28-1753:17:7577120:C	TP53	R273H	R273
tcga_mc3	TCGA-28-2502:10:89690805:G	PTEN	C71Y	C71
tcga_mc3	TCGA-28-2502:6:25727356:C	HIST1H2BA	R74C	R74
tcga_mc3	TCGA-28-2509:17:7577556:C	TP53	C242Y	C242
tcga_mc3	TCGA-28-5207:12:57033894:G	ATP5B	S386L	S386
tcga_mc3	TCGA-28-5207:7:55221821:G	EGFR	A289T	A289
tcga_mc3	TCGA-28-5208:12:117723944:G	NOS1	R419C	R419
tcga_mc3	TCGA-28-5216:11:75160035:C	GDPD5	R234H	R234
tcga_mc3	TCGA-28-5216:17:7577535:C	TP53	R249M	R249
tcga_mc3	TCGA-28-6450:2:143713833:C	KYNU	P166H	P166
tcga_mc3	TCGA-32-1970:7:55221822:C	EGFR	A289V	A289
tcga_mc3	TCGA-32-1977:10:89653808:G	PTEN	G36R	G36
tcga_mc3	TCGA-32-1982:16:5053502:C	SEC14L5	D410E	D410
tcga_mc3	TCGA-32-1991:7:55221821:G	EGFR	A289T	A289
tcga_mc3	TCGA-32-2491:17:7577568:C	TP53	C238F	C238
tcga_mc3	TCGA-32-2491:3:178952072:A	PIK3CA	M1043V	M1043
tcga_mc3	TCGA-32-2615:12:66838466:C	GRIP1	G529R	G529
tcga_mc3	TCGA-32-2616:11:111626164:C	PPP2R1B	R233H	R233
tcga_mc3	TCGA-32-2616:14:24614638:G	PSME2	R61W	R61
tcga_mc3	TCGA-32-2616:17:7578406:C	TP53	R175H	R175
tcga_mc3	TCGA-32-2616:19:535885:C	CDC34	R76W	R76
tcga_mc3	TCGA-32-2616:1:23848405:G	E2F2	R168C	R168
tcga_mc3	TCGA-32-2616:2:85770138:C	MAT2A	R356C	R356
tcga_mc3	TCGA-32-2616:4:186423500:C	PDLIM3	R348H	R348
tcga_mc3	TCGA-32-2632:7:55210075:T	EGFR	L62R	L62
tcga_mc3	TCGA-32-2634:19:3151776:G	GNA15	R186H	R186
tcga_mc3	TCGA-32-4208:17:7578406:C	TP53	R175H	R175
tcga_mc3	TCGA-32-4208:2:209113112:C	IDH1	R132H	R132
tcga_mc3	TCGA-32-5222:10:89692902:G	PTEN	G129E	G129
tcga_mc3	TCGA-41-2575:1:38464646:C	FHL3	G111R	G111
tcga_mc3	TCGA-41-3392:1:204129738:G	REN	R148C	R148
tcga_mc3	TCGA-41-3392:7:129040182:G	AHCYL2	C292Y	C292
tcga_mc3	TCGA-41-5651:3:178916881:T	PIK3CA	C90G	C90
tcga_mc3	TCGA-4W-AA9R:17:7577539:G	TP53	R248W	R248
tcga_mc3	TCGA-4W-AA9T:7:55221822:C	EGFR	A289V	A289
tcga_mc3	TCGA-74-6573:3:59999845:C	FHIT	R46H	R46
tcga_mc3	TCGA-74-6577:12:25398284:C	KRAS	G12D	G12
tcga_mc3	TCGA-74-6578:3:178936092:A	PIK3CA	E545A	E545
tcga_mc3	TCGA-76-4925:17:7577535:C	TP53	R249T	R249
tcga_mc3	TCGA-76-4934:17:7577120:C	TP53	R273H	R273
tcga_mc3	TCGA-76-6193:12:117723943:C	NOS1	R419H	R419
tcga_mc3	TCGA-76-6193:17:7577551:C	TP53	G244S	G244
tcga_mc3	TCGA-76-6283:17:7578457:C	TP53	R158H	R158
tcga_mc3	TCGA-76-6661:7:55223543:C	EGFR	H304Y	H304
tcga_mc3	TCGA-76-6663:17:7577538:C	TP53	R248L	R248
tcga_mc3	TCGA-76-6664:17:7577539:G	TP53	R248W	R248
tcga_mc3	TCGA-81-5910:7:55221710:C	EGFR	R252C	R252
tcga_mc3	TCGA-87-5896:15:74925078:C	EDC3	G468W	G468
tcga_mc3	TCGA-RR-A6KA:3:178936095:A	PIK3CA	Q546P	Q546
tcga_mc3	TCGA-BA-4076:1:76211507:C	ACADM	R206C	R206
tcga_mc3	TCGA-BA-4076:2:165381587:T	GRB14	Y202C	Y202
tcga_mc3	TCGA-BA-5149:1:70881666:C	CTH	P66A	P66
tcga_mc3	TCGA-BA-5149:3:178952085:A	PIK3CA	H1047L	H1047
tcga_mc3	TCGA-BA-5151:15:66727455:G	MAP2K1	K57N	K57
tcga_mc3	TCGA-BA-5152:15:59499805:G	LDHAL6B	L222F	L222
tcga_mc3	TCGA-BA-5152:17:7577548:C	TP53	G245S	G245
tcga_mc3	TCGA-BA-5152:19:10402810:C	ICAM5	S258L	S258
tcga_mc3	TCGA-BA-5555:17:7577574:T	TP53	Y236C	Y236
tcga_mc3	TCGA-BA-5555:1:116280898:C	CASQ2	R160P	R160
tcga_mc3	TCGA-BA-5556:11:534286:C	HRAS	G13R	G13
tcga_mc3	TCGA-BA-5558:17:7578406:C	TP53	R175H	R175
tcga_mc3	TCGA-BA-6869:6:106547326:A	PRDM1	K188M	K188
tcga_mc3	TCGA-BA-6870:17:7577556:C	TP53	C242Y	C242
tcga_mc3	TCGA-BA-6872:17:7578406:C	TP53	R175H	R175
tcga_mc3	TCGA-BA-A4IF:3:178936091:G	PIK3CA	E545K	E545
tcga_mc3	TCGA-BA-A4IH:4:1803568:C	FGFR3	S249C	S249
tcga_mc3	TCGA-BA-A4II:17:7577111:G	TP53	A276D	A276
tcga_mc3	TCGA-BA-A6DB:17:7577121:G	TP53	R273C	R273
tcga_mc3	TCGA-BA-A6DD:12:109998858:G	MMAB	R191W	R191
tcga_mc3	TCGA-BA-A6DD:17:7577120:C	TP53	R273H	R273
tcga_mc3	TCGA-BA-A6DF:4:153249385:G	FBXW7	R465C	R465
tcga_mc3	TCGA-BA-A6DI:17:7578403:C	TP53	C176Y	C176
tcga_mc3	TCGA-BA-A6DL:17:7577550:C	TP53	G244V	G244
tcga_mc3	TCGA-BB-4223:3:178936082:G	PIK3CA	E542K	E542
tcga_mc3	TCGA-BB-4227:1:55224213:C	PARS2	D208H	D208
tcga_mc3	TCGA-BB-4228:4:153247289:G	FBXW7	R505G	R505
tcga_mc3	TCGA-BB-7870:3:185167779:A	MAP3K13	N368Y	N368
tcga_mc3	TCGA-BB-7870:4:153247366:C	FBXW7	R479L	R479
tcga_mc3	TCGA-BB-A5HU:17:7578403:C	TP53	C176Y	C176
tcga_mc3	TCGA-BB-A5HZ:17:7577539:G	TP53	R248W	R248
tcga_mc3	TCGA-BB-A6UM:10:89692905:G	PTEN	R130Q	R130
tcga_mc3	TCGA-BB-A6UO:10:111643888:C	XPNPEP1	G256E	G256
tcga_mc3	TCGA-CN-4723:17:7577556:C	TP53	C242F	C242
tcga_mc3	TCGA-CN-4723:2:208477997:C	METTL21A	D144N	D144
tcga_mc3	TCGA-CN-4723:3:178936091:G	PIK3CA	E545K	E545
tcga_mc3	TCGA-CN-4723:7:144288620:C	TPK1	D133N	D133
tcga_mc3	TCGA-CN-4725:17:7574017:C	TP53	R337L	R337
tcga_mc3	TCGA-CN-4725:17:7577114:C	TP53	C275F	C275
tcga_mc3	TCGA-CN-4729:17:7578394:T	TP53	H179R	H179
tcga_mc3	TCGA-CN-4729:17:7578461:C	TP53	V157F	V157
tcga_mc3	TCGA-CN-4733:17:7577120:C	TP53	R273H	R273
tcga_mc3	TCGA-CN-4738:5:60199489:G	ERCC8	S179F	S179
tcga_mc3	TCGA-CN-4738:9:21971017:G	CDKN2A	P114L	P114
tcga_mc3	TCGA-CN-4739:16:56481815:C	NUDT21	R68T	R68
tcga_mc3	TCGA-CN-4739:17:7574018:G	TP53	R337C	R337
tcga_mc3	TCGA-CN-5356:17:7577120:C	TP53	R273H	R273
tcga_mc3	TCGA-CN-5360:14:20818708:C	PARP2	N129K	N129
tcga_mc3	TCGA-CN-5364:18:48591919:G	SMAD4	R361H	R361
tcga_mc3	TCGA-CN-5365:3:178936091:G	PIK3CA	E545K	E545
tcga_mc3	TCGA-CN-5366:4:153247175:T	FBXW7	R543G	R543
tcga_mc3	TCGA-CN-5367:17:7577121:G	TP53	R273C	R273
tcga_mc3	TCGA-CN-5369:7:6441974:C	RAC1	A159V	A159
tcga_mc3	TCGA-CN-5370:17:7578406:C	TP53	R175H	R175
tcga_mc3	TCGA-CN-5373:17:7577547:C	TP53	G245V	G245
tcga_mc3	TCGA-CN-5373:3:178952085:A	PIK3CA	H1047R	H1047
tcga_mc3	TCGA-CN-6010:2:116510785:A	DPP10	N329I	N329
tcga_mc3	TCGA-CN-6011:17:7577106:G	TP53	P278S	P278
tcga_mc3	TCGA-CN-6012:22:38075659:G	LGALS1	G104V	G104
tcga_mc3	TCGA-CN-6013:17:7577094:G	TP53	R282W	R282
tcga_mc3	TCGA-CN-6013:3:178936082:G	PIK3CA	E542K	E542
tcga_mc3	TCGA-CN-6016:17:7577548:C	TP53	G245S	G245
tcga_mc3	TCGA-CN-6018:17:7577539:G	TP53	R248W	R248
tcga_mc3	TCGA-CN-6021:3:178936082:G	PIK3CA	E542K	E542
tcga_mc3	TCGA-CN-6022:17:7577539:G	TP53	R248W	R248
tcga_mc3	TCGA-CN-6023:17:7577548:C	TP53	G245S	G245
tcga_mc3	TCGA-CN-6989:17:29586061:T	NF1	S1448R	S1448
tcga_mc3	TCGA-CN-6992:10:71913632:G	SAR1A	R148C	R148
tcga_mc3	TCGA-CN-6992:17:7577535:C	TP53	R249M	R249
tcga_mc3	TCGA-CN-6992:17:7577547:C	TP53	G245D	G245
tcga_mc3	TCGA-CN-6994:17:7577090:C	TP53	R283P	R283
tcga_mc3	TCGA-CN-6994:17:7578406:C	TP53	R175H	R175
tcga_mc3	TCGA-CN-6994:3:178936091:G	PIK3CA	E545K	E545
tcga_mc3	TCGA-CN-6995:10:103342623:C	POLL	R364L	R364
tcga_mc3	TCGA-CN-6996:17:7577568:C	TP53	C238F	C238
tcga_mc3	TCGA-CN-6997:9:21971098:C	CDKN2A	R87P	R87
tcga_mc3	TCGA-CN-6998:14:23444255:T	AJUBA	N433I	N433
tcga_mc3	TCGA-CN-6998:17:40925516:C	VPS25	P8L	P8
tcga_mc3	TCGA-CN-A497:14:67589039:G	GPHN	A532T	A532
tcga_mc3	TCGA-CN-A498:3:178952085:A	PIK3CA	H1047R	H1047
tcga_mc3	TCGA-CN-A49A:17:7577121:G	TP53	R273C	R273
tcga_mc3	TCGA-CN-A49B:17:7577094:G	TP53	R282W	R282
tcga_mc3	TCGA-CN-A49C:14:67831619:G	EIF2S1	M45I	M45
tcga_mc3	TCGA-CN-A63T:17:7578461:C	TP53	V157F	V157
tcga_mc3	TCGA-CN-A63U:5:73181874:G	ARHGEF28	R1085S	R1085
tcga_mc3	TCGA-CN-A63V:14:23444276:C	AJUBA	C426Y	C426
tcga_mc3	TCGA-CN-A63Y:1:179086512:C	ABL2	E455Q	E455
tcga_mc3	TCGA-CN-A640:7:6441974:C	RAC1	A159V	A159
tcga_mc3	TCGA-CN-A641:17:7577097:C	TP53	D281Y	D281
tcga_mc3	TCGA-CN-A642:11:534286:C	HRAS	G13C	G13
tcga_mc3	TCGA-CN-A642:16:56481804:C	NUDT21	D72H	D72
tcga_mc3	TCGA-CN-A6V3:9:21971036:C	CDKN2A	D108Y	D108
tcga_mc3	TCGA-CN-A6V7:4:153247289:G	FBXW7	R505G	R505
tcga_mc3	TCGA-CN-A6V7:4:1803568:C	FGFR3	S249C	S249
tcga_mc3	TCGA-CQ-5324:11:534285:C	HRAS	G13V	G13
tcga_mc3	TCGA-CQ-5324:11:534291:G	HRAS	A11D	A11
tcga_mc3	TCGA-CQ-5326:17:7577534:C	TP53	R249S	R249
tcga_mc3	TCGA-CQ-5327:4:153247366:C	FBXW7	R479Q	R479
tcga_mc3	TCGA-CQ-5329:17:7577120:C	TP53	R273H	R273
tcga_mc3	TCGA-CQ-5331:3:178952085:A	PIK3CA	H1047R	H1047
tcga_mc3	TCGA-CQ-5332:4:153247244:C	FBXW7	D520H	D520
tcga_mc3	TCGA-CQ-5333:11:534285:C	HRAS	G13V	G13
tcga_mc3	TCGA-CQ-5333:17:7578403:C	TP53	C176F	C176
tcga_mc3	TCGA-CQ-5334:16:57015105:G	CETP	K394N	K394
tcga_mc3	TCGA-CQ-6218:3:178936082:G	PIK3CA	E542K	E542
tcga_mc3	TCGA-CQ-6219:19:13879659:G	MRI1	R249H	R249
tcga_mc3	TCGA-CQ-6222:17:7577094:G	TP53	R282W	R282
tcga_mc3	TCGA-CQ-6222:3:178952085:A	PIK3CA	H1047R	H1047
tcga_mc3	TCGA-CQ-6225:17:7578403:C	TP53	C176S	C176
tcga_mc3	TCGA-CQ-7063:11:534289:C	HRAS	G12S	G12
tcga_mc3	TCGA-CQ-7064:17:7577548:C	TP53	G245S	G245
tcga_mc3	TCGA-CQ-7064:17:7578442:T	TP53	Y163C	Y163
tcga_mc3	TCGA-CQ-7068:11:534285:C	HRAS	G13V	G13
tcga_mc3	TCGA-CQ-7068:2:202149659:A	CASP8	D308G	D308
tcga_mc3	TCGA-CQ-7068:3:89498433:C	EPHA3	T802R	T802
tcga_mc3	TCGA-CQ-7071:11:534285:C	HRAS	G13V	G13
tcga_mc3	TCGA-CQ-7071:3:30732942:G	TGFBR2	E519K	E519
tcga_mc3	TCGA-CQ-7071:7:121766480:C	AASS	D141H	D141
tcga_mc3	TCGA-CQ-7072:17:7578461:C	TP53	V157F	V157
tcga_mc3	TCGA-CQ-A4C6:3:178952072:A	PIK3CA	M1043V	M1043
tcga_mc3	TCGA-CQ-A4C9:16:84623742:G	COTL1	T96M	T96
tcga_mc3	TCGA-CQ-A4CE:4:153247175:T	FBXW7	R543G	R543
tcga_mc3	TCGA-CQ-A4CG:3:178936091:G	PIK3CA	E545K	E545
tcga_mc3	TCGA-CQ-A4CG:4:153247366:C	FBXW7	R479Q	R479
tcga_mc3	TCGA-CR-5243:3:178936082:G	PIK3CA	E542K	E542
tcga_mc3	TCGA-CR-5249:3:178936082:G	PIK3CA	E542K	E542
tcga_mc3	TCGA-CR-6471:3:178952072:A	PIK3CA	M1043V	M1043
tcga_mc3	TCGA-CR-6472:3:178936091:G	PIK3CA	E545K	E545
tcga_mc3	TCGA-CR-6472:6:131999049:C	ENPP3	S327C	S327
tcga_mc3	TCGA-CR-6474:17:7577547:C	TP53	G245V	G245
tcga_mc3	TCGA-CR-6481:4:1803568:C	FGFR3	S249C	S249
tcga_mc3	TCGA-CR-6481:5:37815932:C	GDNF	E153Q	E153
tcga_mc3	TCGA-CR-6484:11:110327657:C	FDX1	T109S	T109
tcga_mc3	TCGA-CR-6487:1:87805751:C	LMO4	R119W	R119
tcga_mc3	TCGA-CR-6487:3:178936091:G	PIK3CA	E545K	E545
tcga_mc3	TCGA-CR-7364:3:170078601:G	SKIL	G161V	G161
tcga_mc3	TCGA-CR-7367:3:178952085:A	PIK3CA	H1047R	H1047
tcga_mc3	TCGA-CR-7368:17:7577538:C	TP53	R248Q	R248
tcga_mc3	TCGA-CR-7369:10:89692794:A	PTEN	H93R	H93
tcga_mc3	TCGA-CR-7370:17:7577569:A	TP53	C238S	C238
tcga_mc3	TCGA-CR-7370:5:140188217:C	PCDHA4	A482E	A482
tcga_mc3	TCGA-CR-7370:9:21971035:T	CDKN2A	D108V	D108
tcga_mc3	TCGA-CR-7371:17:7578406:C	TP53	R175H	R175
tcga_mc3	TCGA-CR-7371:3:178936091:G	PIK3CA	E545K	E545
tcga_mc3	TCGA-CR-7374:15:59934436:C	GTF2A2	C68F	C68
tcga_mc3	TCGA-CR-7377:6:26184294:A	HIST1H2BE	T91A	T91
tcga_mc3	TCGA-CR-7388:5:173376544:C	CPEB4	P497R	P497
tcga_mc3	TCGA-CR-7389:12:50036081:C	PRPF40B	R628C	R628
tcga_mc3	TCGA-CR-7394:11:534289:C	HRAS	G12S	G12
tcga_mc3	TCGA-CR-7394:17:7253489:C	ACAP1	R669G	R669
tcga_mc3	TCGA-CR-7395:11:534288:C	HRAS	G12D	G12
tcga_mc3	TCGA-CR-7395:3:178936082:G	PIK3CA	E542K	E542
tcga_mc3	TCGA-CR-7397:17:7577539:G	TP53	R248W	R248
tcga_mc3	TCGA-CR-7398:17:7574017:C	TP53	R337L	R337
tcga_mc3	TCGA-CR-7398:4:153247288:C	FBXW7	R505L	R505
tcga_mc3	TCGA-CR-7399:17:7577106:G	TP53	P278S	P278
tcga_mc3	TCGA-CR-7399:3:178936091:G	PIK3CA	E545K	E545
tcga_mc3	TCGA-CR-7401:3:178921549:T	PIK3CA	V344G	V344
tcga_mc3	TCGA-CR-7402:1:198721748:A	PTPRC	Q1119L	Q1119
tcga_mc3	TCGA-CR-7404:3:178936082:G	PIK3CA	E542K	E542
tcga_mc3	TCGA-CV-5430:17:7577094:G	TP53	R282W	R282
tcga_mc3	TCGA-CV-5432:12:112186135:C	ACAD10	R834S	R834
tcga_mc3	TCGA-CV-5434:12:70925945:C	PTPRB	G1907V	G1907
tcga_mc3	TCGA-CV-5434:17:7577574:T	TP53	Y236C	Y236
tcga_mc3	TCGA-CV-5436:13:46721156:T	LCP1	D354V	D354
tcga_mc3	TCGA-CV-5440:17:7578403:C	TP53	C176Y	C176
tcga_mc3	TCGA-CV-5440:17:7579358:C	TP53	R110L	R110
tcga_mc3	TCGA-CV-5440:9:21971111:G	CDKN2A	H83Y	H83
tcga_mc3	TCGA-CV-5442:3:178936091:G	PIK3CA	E545K	E545
tcga_mc3	TCGA-CV-5443:14:105246551:C	AKT1	E17K	E17
tcga_mc3	TCGA-CV-5970:17:7577538:C	TP53	R248Q	R248
tcga_mc3	TCGA-CV-5973:17:7577094:G	TP53	R282W	R282
tcga_mc3	TCGA-CV-5976:17:7578190:T	TP53	Y220C	Y220
tcga_mc3	TCGA-CV-5976:17:7579358:C	TP53	R110L	R110
tcga_mc3	TCGA-CV-5976:9:21971108:C	CDKN2A	D84N	D84
tcga_mc3	TCGA-CV-5979:17:7577538:C	TP53	R248Q	R248
tcga_mc3	TCGA-CV-6436:11:534288:C	HRAS	G12D	G12
tcga_mc3	TCGA-CV-6436:12:112167625:G	ACAD10	R420L	R420
tcga_mc3	TCGA-CV-6436:17:7577120:C	TP53	R273H	R273
tcga_mc3	TCGA-CV-6436:4:153247289:G	FBXW7	R505G	R505
tcga_mc3	TCGA-CV-6935:17:7577557:A	TP53	C242S	C242
tcga_mc3	TCGA-CV-6938:11:17523029:C	USH1C	K460N	K460
tcga_mc3	TCGA-CV-6943:17:7577539:G	TP53	R248W	R248
tcga_mc3	TCGA-CV-6948:19:39336596:G	HNRNPL	S174C	S174
tcga_mc3	TCGA-CV-6948:4:153247289:G	FBXW7	R505G	R505
tcga_mc3	TCGA-CV-6952:17:7577114:C	TP53	C275F	C275
tcga_mc3	TCGA-CV-6952:3:178936082:G	PIK3CA	E542K	E542
tcga_mc3	TCGA-CV-6955:3:178936082:G	PIK3CA	E542K	E542
tcga_mc3	TCGA-CV-6961:7:55224337:C	EGFR	P373Q	P373
tcga_mc3	TCGA-CV-7089:17:7578442:T	TP53	Y163C	Y163
tcga_mc3	TCGA-CV-7090:17:7577120:C	TP53	R273H	R273
tcga_mc3	TCGA-CV-7095:2:158390507:C	ACVR1C	G469R	G469
tcga_mc3	TCGA-CV-7099:12:7069304:C	PTPN6	R495C	R495
tcga_mc3	TCGA-CV-7099:6:31323241:G	HLA-B	Q250E	Q250
tcga_mc3	TCGA-CV-7177:3:178936091:G	PIK3CA	E545K	E545
tcga_mc3	TCGA-CV-7178:16:1033825:C	SOX8	R174W	R174
tcga_mc3	TCGA-CV-7178:8:56912010:A	LYN	E413G	E413
tcga_mc3	TCGA-CV-7180:17:7577539:G	TP53	R248W	R248
tcga_mc3	TCGA-CV-7183:11:534289:C	HRAS	G12C	G12
tcga_mc3	TCGA-CV-7243:6:27114379:C	HIST1H2BK	V67I	V67
tcga_mc3	TCGA-CV-7245:11:66834226:C	RHOD	R80C	R80
tcga_mc3	TCGA-CV-7245:17:7577094:G	TP53	R282W	R282
tcga_mc3	TCGA-CV-7245:21:34878381:G	GART	T828I	T828
tcga_mc3	TCGA-CV-7245:4:39507339:C	UGDH	R312S	R312
tcga_mc3	TCGA-CV-7248:17:7577556:C	TP53	C242F	C242
tcga_mc3	TCGA-CV-7248:6:26158752:G	HIST1H2BD	V119F	V119
tcga_mc3	TCGA-CV-7250:19:11141507:G	SMARCA4	G1162C	G1162
tcga_mc3	TCGA-CV-7250:3:178936091:G	PIK3CA	E545K	E545
tcga_mc3	TCGA-CV-7250:4:184432021:G	ING2	W253C	W253
tcga_mc3	TCGA-CV-7255:14:69697274:C	EXD2	R226C	R226
tcga_mc3	TCGA-CV-7255:6:32150719:G	AGER	A197D	A197
tcga_mc3	TCGA-CV-7255:6:32150720:C	AGER	A197T	A197
tcga_mc3	TCGA-CV-7406:3:178936091:G	PIK3CA	E545K	E545
tcga_mc3	TCGA-CV-7407:17:7578406:C	TP53	R175H	R175
tcga_mc3	TCGA-CV-7410:3:178936091:G	PIK3CA	E545K	E545
tcga_mc3	TCGA-CV-7411:9:131345356:G	SPTAN1	D603Y	D603
tcga_mc3	TCGA-CV-7415:17:7578532:A	TP53	M133K	M133
tcga_mc3	TCGA-CV-7416:17:7578406:C	TP53	R175H	R175
tcga_mc3	TCGA-CV-7418:17:7577534:C	TP53	R249S	R249
tcga_mc3	TCGA-CV-7421:15:28511050:C	HERC2	A557T	A557
tcga_mc3	TCGA-CV-7422:19:50826961:G	KCNC3	R417C	R417
tcga_mc3	TCGA-CV-7422:3:178936082:G	PIK3CA	E542K	E542
tcga_mc3	TCGA-CV-7427:1:15904338:C	AGMAT	E248K	E248
tcga_mc3	TCGA-CV-7427:22:50356510:C	PIM3	P264S	P264
tcga_mc3	TCGA-CV-7430:11:14316390:T	RRAS2	Q72L	Q72
tcga_mc3	TCGA-CV-7433:17:7577106:G	TP53	P278S	P278
tcga_mc3	TCGA-CV-7435:17:7578190:T	TP53	Y220C	Y220
tcga_mc3	TCGA-CV-A45P:11:534285:C	HRAS	G13V	G13
tcga_mc3	TCGA-CV-A45P:3:30732942:G	TGFBR2	E519K	E519
tcga_mc3	TCGA-CV-A45P:7:6441974:C	RAC1	A159V	A159
tcga_mc3	TCGA-CV-A45R:4:153247168:T	FBXW7	Y545C	Y545
tcga_mc3	TCGA-CV-A45U:11:122930906:G	HSPA8	A161D	A161
tcga_mc3	TCGA-CV-A45V:3:178936082:G	PIK3CA	E542K	E542
tcga_mc3	TCGA-CV-A45V:4:153247289:G	FBXW7	R505G	R505
tcga_mc3	TCGA-CV-A45Z:3:176768329:C	TBL1XR1	R166L	R166
tcga_mc3	TCGA-CV-A460:17:7577120:C	TP53	R273H	R273
tcga_mc3	TCGA-CV-A461:17:7577574:T	TP53	Y236C	Y236
tcga_mc3	TCGA-CV-A461:2:216182916:G	ATIC	L61F	L61
tcga_mc3	TCGA-CV-A461:3:178952086:T	PIK3CA	H1047Q	H1047
tcga_mc3	TCGA-CV-A461:6:105406081:C	LIN28B	R40S	R40
tcga_mc3	TCGA-CV-A464:17:7577538:C	TP53	R248Q	R248
tcga_mc3	TCGA-CV-A464:17:7578406:C	TP53	R175H	R175
tcga_mc3	TCGA-CV-A465:17:7579358:C	TP53	R110L	R110
tcga_mc3	TCGA-CV-A465:9:21971023:C	CDKN2A	R112H	R112
tcga_mc3	TCGA-CV-A468:1:227387341:G	CDC42BPA	R123C	R123
tcga_mc3	TCGA-CV-A6JD:11:534286:C	HRAS	G13R	G13
tcga_mc3	TCGA-CV-A6JD:7:6441974:C	RAC1	A159V	A159
tcga_mc3	TCGA-CV-A6JM:17:63010817:T	GNA13	K231I	K231
tcga_mc3	TCGA-CV-A6JM:17:73654511:G	RECQL5	S339Y	S339
tcga_mc3	TCGA-CV-A6JM:9:21971107:T	CDKN2A	D84G	D84
tcga_mc3	TCGA-CV-A6JO:11:534289:C	HRAS	G12S	G12
tcga_mc3	TCGA-CV-A6JO:1:6190292:G	CHD5	S1120L	S1120
tcga_mc3	TCGA-CV-A6JO:3:178921553:T	PIK3CA	N345K	N345
tcga_mc3	TCGA-CV-A6JT:17:7574018:G	TP53	R337C	R337
tcga_mc3	TCGA-CV-A6JZ:17:7578403:C	TP53	C176F	C176
tcga_mc3	TCGA-CV-A6K1:19:41312517:C	EGLN2	P301T	P301
tcga_mc3	TCGA-CV-A6K2:17:38640807:G	TNS4	S477C	S477
tcga_mc3	TCGA-CV-A6K2:17:7577543:C	TP53	M246I	M246
tcga_mc3	TCGA-CV-A6K2:3:30732942:G	TGFBR2	E519K	E519
tcga_mc3	TCGA-CV-A6K2:7:150752435:G	CDK5	P170L	P170
tcga_mc3	TCGA-CX-7085:1:149783657:G	HIST2H2BF	I74M	I74
tcga_mc3	TCGA-CX-7086:3:179525537:G	PEX5L	A534E	A534
tcga_mc3	TCGA-D6-6515:17:7577120:C	TP53	R273H	R273
tcga_mc3	TCGA-D6-6515:3:178936091:G	PIK3CA	E545K	E545
tcga_mc3	TCGA-D6-6516:11:94759406:C	KDM4E	P229S	P229
tcga_mc3	TCGA-D6-6516:12:7171649:C	C1S	S157F	S157
tcga_mc3	TCGA-D6-6516:5:158223460:T	EBF1	S268G	S268
tcga_mc3	TCGA-D6-6517:17:7578406:C	TP53	R175H	R175
tcga_mc3	TCGA-D6-6517:3:178936082:G	PIK3CA	E542K	E542
tcga_mc3	TCGA-D6-8569:17:7577109:A	TP53	C277G	C277
tcga_mc3	TCGA-D6-8569:1:98205982:T	DPYD	D96V	D96
tcga_mc3	TCGA-D6-A4Z9:17:7578442:T	TP53	Y163C	Y163
tcga_mc3	TCGA-D6-A4ZB:16:18796121:C	RPS15A	D80N	D80
tcga_mc3	TCGA-D6-A4ZB:8:145151588:C	CYC1	P238L	P238
tcga_mc3	TCGA-D6-A6EK:1:91818136:T	HFM1	Y635C	Y635
tcga_mc3	TCGA-D6-A6EN:6:43222821:G	TTBK1	R204H	R204
tcga_mc3	TCGA-D6-A6ES:3:156175318:G	KCNAB1	G145E	G145
tcga_mc3	TCGA-D6-A74Q:17:37868208:C	ERBB2	S310F	S310
tcga_mc3	TCGA-D6-A74Q:9:21971036:C	CDKN2A	D108Y	D108
tcga_mc3	TCGA-DQ-5629:17:7578461:C	TP53	V157F	V157
tcga_mc3	TCGA-DQ-5630:3:178928073:G	PIK3CA	G451R	G451
tcga_mc3	TCGA-DQ-5631:11:111630634:C	PPP2R1B	R194P	R194
tcga_mc3	TCGA-DQ-5631:17:7577548:C	TP53	G245S	G245
tcga_mc3	TCGA-DQ-7588:19:10249209:G	DNMT1	P1325S	P1325
tcga_mc3	TCGA-DQ-7591:2:202700438:C	CDK15	P268L	P268
tcga_mc3	TCGA-DQ-7592:17:7577575:A	TP53	Y236D	Y236
tcga_mc3	TCGA-DQ-7596:3:30732969:C	TGFBR2	R528C	R528
tcga_mc3	TCGA-F7-8489:17:7577141:C	TP53	G266E	G266
tcga_mc3	TCGA-F7-8489:3:178952085:A	PIK3CA	H1047R	H1047
tcga_mc3	TCGA-F7-8489:3:30713505:A	TGFBR2	K277M	K277
tcga_mc3	TCGA-F7-A61S:17:7577538:C	TP53	R248Q	R248
tcga_mc3	TCGA-F7-A61S:3:178952085:A	PIK3CA	H1047R	H1047
tcga_mc3	TCGA-F7-A622:3:30732969:C	TGFBR2	R528C	R528
tcga_mc3	TCGA-F7-A624:17:7577566:T	TP53	N239D	N239
tcga_mc3	TCGA-F7-A624:4:24801537:T	SOD3	Y132H	Y132
tcga_mc3	TCGA-F7-A624:5:137902705:C	HSPA9	K288N	K288
tcga_mc3	TCGA-H7-7774:2:98264531:G	COX5B	G117E	G117
tcga_mc3	TCGA-H7-7774:3:178952085:A	PIK3CA	H1047R	H1047
tcga_mc3	TCGA-H7-8501:11:534289:C	HRAS	G12S	G12
tcga_mc3	TCGA-H7-8501:17:7578442:T	TP53	Y163C	Y163
tcga_mc3	TCGA-HD-7229:17:7534579:G	SHBG	R152H	R152
tcga_mc3	TCGA-HD-7753:18:40695399:C	RIT2	G29E	G29
tcga_mc3	TCGA-HD-7754:3:178936082:G	PIK3CA	E542K	E542
tcga_mc3	TCGA-HD-8224:17:7574018:G	TP53	R337C	R337
tcga_mc3	TCGA-HD-8634:3:178952085:A	PIK3CA	H1047R	H1047
tcga_mc3	TCGA-HD-A4C1:11:534288:C	HRAS	G12D	G12
tcga_mc3	TCGA-HD-A633:6:26158619:C	HIST1H2BD	I74M	I74
tcga_mc3	TCGA-HD-A6HZ:17:7577574:T	TP53	Y236C	Y236
tcga_mc3	TCGA-HD-A6I0:11:534286:C	HRAS	G13R	G13
tcga_mc3	TCGA-IQ-7630:17:7577538:C	TP53	R248Q	R248
tcga_mc3	TCGA-IQ-7631:11:534285:C	HRAS	G13V	G13
tcga_mc3	TCGA-IQ-A61E:11:534289:C	HRAS	G12S	G12
tcga_mc3	TCGA-IQ-A61E:16:58552696:G	SETD6	R395S	R395
tcga_mc3	TCGA-IQ-A61E:3:178936091:G	PIK3CA	E545K	E545
tcga_mc3	TCGA-IQ-A61H:7:151962255:C	KMT2C	G351E	G351
tcga_mc3	TCGA-IQ-A61H:7:56082733:C	PSPH	E185K	E185
tcga_mc3	TCGA-IQ-A61K:17:7578406:C	TP53	R175H	R175
tcga_mc3	TCGA-IQ-A61L:17:7577538:C	TP53	R248Q	R248
tcga_mc3	TCGA-IQ-A61L:17:7577539:G	TP53	R248W	R248
tcga_mc3	TCGA-IQ-A6SG:17:7577094:G	TP53	R282W	R282
tcga_mc3	TCGA-KU-A66S:14:21360228:G	RNASE3	R128T	R128
tcga_mc3	TCGA-KU-A66T:11:69514295:T	FGF19	D129V	D129
tcga_mc3	TCGA-KU-A6H8:13:33638061:G	KL	G926V	G926
tcga_mc3	TCGA-MT-A51W:17:7577566:T	TP53	N239D	N239
tcga_mc3	TCGA-MT-A51W:6:26158602:G	HIST1H2BD	D69H	D69
tcga_mc3	TCGA-MZ-A6I9:3:178936091:G	PIK3CA	E545K	E545
tcga_mc3	TCGA-MZ-A7D7:19:41257370:G	SNRPA	E19D	E19
tcga_mc3	TCGA-P3-A5Q5:14:21360228:G	RNASE3	R128T	R128
tcga_mc3	TCGA-P3-A5Q6:14:104552178:G	ASPG	S24N	S24
tcga_mc3	TCGA-P3-A5Q6:17:7577538:C	TP53	R248Q	R248
tcga_mc3	TCGA-P3-A5QF:4:153247366:C	FBXW7	R479Q	R479
tcga_mc3	TCGA-P3-A6T2:11:534288:C	HRAS	G12V	G12
tcga_mc3	TCGA-P3-A6T2:11:534289:C	HRAS	G12C	G12
tcga_mc3	TCGA-P3-A6T2:17:7577090:C	TP53	R283P	R283
tcga_mc3	TCGA-P3-A6T3:17:7577548:C	TP53	G245S	G245
tcga_mc3	TCGA-P3-A6T7:18:48591933:C	SMAD4	Q366K	Q366
tcga_mc3	TCGA-P3-A6T7:1:11080535:G	TARDBP	C198Y	C198
tcga_mc3	TCGA-P3-A6T8:17:7578190:T	TP53	Y220C	Y220
tcga_mc3	TCGA-QK-A64Z:17:7577121:G	TP53	R273C	R273
tcga_mc3	TCGA-QK-A652:17:7577538:C	TP53	R248Q	R248
tcga_mc3	TCGA-QK-A652:17:7577548:C	TP53	G245S	G245
tcga_mc3	TCGA-QK-A6II:4:153249385:G	FBXW7	R465G	R465
tcga_mc3	TCGA-QK-A6II:8:134107289:G	TG	G2414A	G2414
tcga_mc3	TCGA-QK-A6V9:12:57033894:G	ATP5B	S386L	S386
tcga_mc3	TCGA-QK-A6VB:17:7578190:T	TP53	Y220C	Y220
tcga_mc3	TCGA-QK-A6VB:19:34984431:G	WTIP	G312D	G312
tcga_mc3	TCGA-QK-A6VB:8:22432192:G	SORBS3	R656M	R656
tcga_mc3	TCGA-QK-A8Z9:17:7577534:C	TP53	R249S	R249
tcga_mc3	TCGA-QK-AA3K:17:7579358:C	TP53	R110L	R110
tcga_mc3	TCGA-QK-AA3K:3:178952085:A	PIK3CA	H1047R	H1047
tcga_mc3	TCGA-RS-A6TO:17:7577094:G	TP53	R282W	R282
tcga_mc3	TCGA-T2-A6WX:11:534285:C	HRAS	G13V	G13
tcga_mc3	TCGA-T2-A6X2:19:46457193:G	NOVA2	R81W	R81
tcga_mc3	TCGA-T2-A6X2:3:30732942:G	TGFBR2	E519K	E519
tcga_mc3	TCGA-T2-A6X2:6:31323241:G	HLA-B	Q250E	Q250
tcga_mc3	TCGA-T2-A6X2:8:61736513:G	CHD7	E1106K	E1106
tcga_mc3	TCGA-T3-A92M:2:9515039:A	ASAP2	D571G	D571
tcga_mc3	TCGA-T3-A92N:2:44428690:C	PPM1B	R118C	R118
tcga_mc3	TCGA-TN-A7HI:3:178936082:G	PIK3CA	E542K	E542
tcga_mc3	TCGA-TN-A7HL:22:22162014:C	MAPK1	E81K	E81
tcga_mc3	TCGA-TN-A7HL:3:178936082:G	PIK3CA	E542K	E542
tcga_mc3	TCGA-UF-A71A:17:7577538:C	TP53	R248Q	R248
tcga_mc3	TCGA-UF-A71B:3:178936082:G	PIK3CA	E542K	E542
tcga_mc3	TCGA-UF-A7J9:17:7577548:C	TP53	G245C	G245
tcga_mc3	TCGA-UF-A7J9:3:178936091:G	PIK3CA	E545K	E545
tcga_mc3	TCGA-UF-A7J9:8:89180150:G	MMP16	R153C	R153
tcga_mc3	TCGA-UF-A7JA:17:7578406:C	TP53	R175H	R175
tcga_mc3	TCGA-UF-A7JF:17:7578461:C	TP53	V157F	V157
tcga_mc3	TCGA-UF-A7JO:4:153247289:G	FBXW7	R505G	R505
tcga_mc3	TCGA-UF-A7JS:17:7578406:C	TP53	R175H	R175
tcga_mc3	TCGA-UF-A7JT:17:7577121:G	TP53	R273C	R273
tcga_mc3	TCGA-UF-A7JT:7:6441974:C	RAC1	A159V	A159
tcga_mc3	TCGA-UF-A7JV:11:763465:G	TALDO1	D195H	D195
tcga_mc3	TCGA-WA-A7H4:14:21424255:C	RNASE2	H109Y	H109
tcga_mc3	TCGA-KL-8325:15:49493438:A	GALK2	N45D	N45
tcga_mc3	TCGA-KL-8338:17:7577114:C	TP53	C275Y	C275
tcga_mc3	TCGA-KN-8423:17:7577566:T	TP53	N239D	N239
tcga_mc3	TCGA-KN-8424:17:7578403:C	TP53	C176F	C176
tcga_mc3	TCGA-KN-8427:6:26158611:G	HIST1H2BD	E72Q	E72
tcga_mc3	TCGA-KN-8428:16:21968871:G	UQCRC2	R84H	R84
tcga_mc3	TCGA-KN-8428:19:34984440:G	WTIP	R315Q	R315
tcga_mc3	TCGA-KN-8428:9:130569287:G	FPGS	R141H	R141
tcga_mc3	TCGA-KO-8414:17:7577543:C	TP53	M246I	M246
tcga_mc3	TCGA-3Z-A93Z:14:54878247:C	CDKN3	T80I	T80
tcga_mc3	TCGA-3Z-A93Z:3:10188200:C	VHL	H115N	H115
tcga_mc3	TCGA-A3-3316:5:43677827:G	NNT	G932D	G932
tcga_mc3	TCGA-A3-3326:16:3533548:T	NAA60	F175L	F175
tcga_mc3	TCGA-A3-3326:16:3533549:T	NAA60	F175Y	F175
tcga_mc3	TCGA-A3-3357:3:178952090:G	PIK3CA	G1049R	G1049
tcga_mc3	TCGA-A3-A6NN:18:52544862:G	RAB27B	G16R	G16
tcga_mc3	TCGA-A3-A8OX:3:10188250:C	VHL	N131K	N131
tcga_mc3	TCGA-AK-3426:12:32908125:G	YARS2	D228E	D228
tcga_mc3	TCGA-AK-3451:1:53516318:T	SCP2	M529K	M529
tcga_mc3	TCGA-B0-4698:12:25398285:C	KRAS	G12C	G12
tcga_mc3	TCGA-B0-4698:17:7577538:C	TP53	R248L	R248
tcga_mc3	TCGA-B0-4821:3:178952085:A	PIK3CA	H1047R	H1047
tcga_mc3	TCGA-B0-4823:12:52374824:T	ACVR1B	F218I	F218
tcga_mc3	TCGA-B0-4827:19:40742001:T	AKT2	D324G	D324
tcga_mc3	TCGA-B0-5088:3:10188240:T	VHL	L128H	L128
tcga_mc3	TCGA-B0-5092:21:37445149:T	CBR1	F268C	F268
tcga_mc3	TCGA-B0-5097:9:80043923:T	GNA14	E208A	E208
tcga_mc3	TCGA-B0-5098:16:336667:G	PDIA2	E452K	E452
tcga_mc3	TCGA-B0-5108:3:10188248:A	VHL	N131Y	N131
tcga_mc3	TCGA-B0-5119:12:117703219:C	NOS1	D680N	D680
tcga_mc3	TCGA-B0-5699:22:39709724:A	RPL3	V321D	V321
tcga_mc3	TCGA-B0-5701:9:139973455:T	UAP1L1	L233P	L233
tcga_mc3	TCGA-B0-5703:14:88658594:G	KCNK10	T276M	T276
tcga_mc3	TCGA-B2-4101:19:40742002:C	AKT2	D324H	D324
tcga_mc3	TCGA-B4-5838:13:27828378:A	RPL21	Y30F	Y30
tcga_mc3	TCGA-B8-4143:17:37899552:C	GRB7	P195S	P195
tcga_mc3	TCGA-B8-4619:2:234237129:C	SAG	S173F	S173
tcga_mc3	TCGA-BP-4801:3:186256604:A	CRYGS	Y140N	Y140
tcga_mc3	TCGA-BP-4960:3:178952085:A	PIK3CA	H1047L	H1047
tcga_mc3	TCGA-BP-4961:18:61154215:G	SERPINB5	G69R	G69
tcga_mc3	TCGA-BP-4964:22:30805428:T	SEC14L2	F178Y	F178
tcga_mc3	TCGA-BP-4964:8:27362496:A	EPHX2	N124Y	N124
tcga_mc3	TCGA-BP-4965:3:10188245:G	VHL	V130F	V130
tcga_mc3	TCGA-BP-4967:3:10188263:T	VHL	F136V	F136
tcga_mc3	TCGA-BP-4967:7:5632985:C	FSCN1	P140S	P140
tcga_mc3	TCGA-BP-5001:4:156723600:G	GUCY1B3	V428M	V428
tcga_mc3	TCGA-BP-5001:4:2833702:A	SH3BP2	E468G	E468
tcga_mc3	TCGA-BP-5182:3:10188240:T	VHL	L128H	L128
tcga_mc3	TCGA-BP-5196:3:10188309:T	VHL	I151T	I151
tcga_mc3	TCGA-BP-5201:3:10188245:G	VHL	V130L	V130
tcga_mc3	TCGA-CJ-4636:3:10191513:T	VHL	L169P	L169
tcga_mc3	TCGA-CJ-4899:22:42071041:C	NHP2L1	V95I	V95
tcga_mc3	TCGA-CJ-4907:19:49119434:C	RPL18	R108Q	R108
tcga_mc3	TCGA-CJ-5679:17:4836600:G	GP1BA	R234H	R234
tcga_mc3	TCGA-CJ-6031:16:30133218:G	MAPK3	R94C	R94
tcga_mc3	TCGA-CJ-6032:3:10188309:T	VHL	I151N	I151
tcga_mc3	TCGA-CW-5580:3:10188245:G	VHL	V130F	V130
tcga_mc3	TCGA-CW-6097:2:242277165:A	SEPT2	D185A	D185
tcga_mc3	TCGA-CZ-5458:3:10188240:T	VHL	L128H	L128
tcga_mc3	TCGA-CZ-5461:3:47144880:G	SETD2	R1625C	R1625
tcga_mc3	TCGA-CZ-5466:12:58201174:C	AVIL	R477S	R477
tcga_mc3	TCGA-CZ-5470:3:10188200:C	VHL	H115N	H115
tcga_mc3	TCGA-MM-A84U:21:44483097:C	CBS	G307D	G307
tcga_mc3	TCGA-MW-A4EC:16:56481803:T	NUDT21	D72G	D72
tcga_mc3	TCGA-2Z-A9J3:2:98275931:C	ACTR1B	G67R	G67
tcga_mc3	TCGA-2Z-A9JD:9:2115822:G	SMARCA2	D1153H	D1153
tcga_mc3	TCGA-4A-A93W:3:52456291:A	PHF7	Y245C	Y245
tcga_mc3	TCGA-4A-A93W:7:116417457:G	MET	V1092I	V1092
tcga_mc3	TCGA-5P-A9JZ:9:140006480:G	DPP7	A351D	A351
tcga_mc3	TCGA-5P-A9K3:3:178916725:C	PIK3CA	R38C	R38
tcga_mc3	TCGA-5P-A9K3:3:178936082:G	PIK3CA	E542K	E542
tcga_mc3	TCGA-5P-A9KA:7:116423474:T	MET	M1250T	M1250
tcga_mc3	TCGA-A4-7287:18:662242:A	TYMS	R126G	R126
tcga_mc3	TCGA-A4-8310:16:2035934:A	GFER	N175H	N175
tcga_mc3	TCGA-A4-8310:19:11132430:A	SMARCA4	E882D	E882
tcga_mc3	TCGA-A4-8312:12:25398284:C	KRAS	G12D	G12
tcga_mc3	TCGA-A4-8517:7:73932549:G	GTF2IRD1	G168R	G168
tcga_mc3	TCGA-A4-A57E:1:173454563:A	PRDX6	R106G	R106
tcga_mc3	TCGA-A4-A5Y0:6:101075824:C	ASCC3	R1472L	R1472
tcga_mc3	TCGA-AL-7173:7:116417463:C	MET	H1094Y	H1094
tcga_mc3	TCGA-AT-A5NU:1:89352944:C	GTF2B	G42R	G42
tcga_mc3	TCGA-B3-4104:4:1803568:C	FGFR3	S249C	S249
tcga_mc3	TCGA-B9-4114:12:118577333:G	PEBP1	G108D	G108
tcga_mc3	TCGA-B9-4115:10:73579285:C	PSAP	K429N	K429
tcga_mc3	TCGA-B9-4617:3:127831784:G	RUVBL1	S103L	S103
tcga_mc3	TCGA-B9-A8YI:3:178936082:G	PIK3CA	E542K	E542
tcga_mc3	TCGA-BQ-5877:17:17106274:G	PLD6	T189M	T189
tcga_mc3	TCGA-BQ-5883:12:25398284:C	KRAS	G12D	G12
tcga_mc3	TCGA-BQ-7045:4:17590497:G	LAP3	G254R	G254
tcga_mc3	TCGA-BQ-7059:2:131801882:G	ARHGEF4	R537H	R537
tcga_mc3	TCGA-DZ-6132:7:107542828:T	DLD	I86T	I86
tcga_mc3	TCGA-DZ-6132:7:116417457:G	MET	V1092I	V1092
tcga_mc3	TCGA-DZ-6134:3:178936082:G	PIK3CA	E542K	E542
tcga_mc3	TCGA-DZ-6135:7:116423474:T	MET	M1250T	M1250
tcga_mc3	TCGA-EV-5901:20:468205:C	CSNK2A1	R280Q	R280
tcga_mc3	TCGA-F9-A97G:18:48575090:A	SMAD4	Y95C	Y95
tcga_mc3	TCGA-G7-A8LB:19:11141507:G	SMARCA4	G1162R	G1162
tcga_mc3	TCGA-GL-A59R:8:87447715:G	WWP1	G546C	G546
tcga_mc3	TCGA-GL-A9DC:12:25398284:C	KRAS	G12D	G12
tcga_mc3	TCGA-GL-A9DD:9:8341183:A	PTPRD	I1678S	I1678
tcga_mc3	TCGA-GL-A9DE:20:49354458:A	PARD6B	Y44C	Y44
tcga_mc3	TCGA-HE-7130:10:135209677:C	RP11-108K14.8	S63L	S63
tcga_mc3	TCGA-HE-7130:4:1807891:G	FGFR3	K650N	K650
tcga_mc3	TCGA-HE-A5NF:17:7534128:C	SHBG	H112D	H112
tcga_mc3	TCGA-IA-A83V:11:14380350:C	RRAS2	G23C	G23
tcga_mc3	TCGA-IA-A83W:7:116423474:T	MET	M1250T	M1250
tcga_mc3	TCGA-MH-A561:7:116423474:T	MET	M1250T	M1250
tcga_mc3	TCGA-PJ-A5Z8:3:128993744:G	COPG1	A774S	A774
tcga_mc3	TCGA-PJ-A5Z8:3:128993745:C	COPG1	A774E	A774
tcga_mc3	TCGA-SX-A71S:12:10762497:A	MAGOHB	I66S	I66
tcga_mc3	TCGA-SX-A7SQ:7:116417463:C	MET	H1094Y	H1094
tcga_mc3	TCGA-UZ-A9PJ:7:116417457:G	MET	V1092I	V1092
tcga_mc3	TCGA-UZ-A9PO:6:44279883:C	AARS2	V121M	V121
tcga_mc3	TCGA-UZ-A9Q1:8:145151503:T	CYC1	Y210H	Y210
tcga_mc3	TCGA-V9-A7HT:1:16475488:A	EPHA2	C70R	C70
tcga_mc3	TCGA-WN-A9G9:4:114378666:G	CAMK2D	H420Y	H420
tcga_mc3	TCGA-Y8-A8S1:6:144724303:A	UTRN	N42Y	N42
tcga_mc3	TCGA-CS-4938:17:7577539:G	TP53	R248W	R248
tcga_mc3	TCGA-CS-4938:2:209113112:C	IDH1	R132H	R132
tcga_mc3	TCGA-CS-4942:17:7577114:C	TP53	C275F	C275
tcga_mc3	TCGA-CS-4942:2:209113112:C	IDH1	R132H	R132
tcga_mc3	TCGA-CS-4943:17:7578190:T	TP53	Y220C	Y220
tcga_mc3	TCGA-CS-4944:2:209113112:C	IDH1	R132H	R132
tcga_mc3	TCGA-CS-5390:2:209113112:C	IDH1	R132H	R132
tcga_mc3	TCGA-CS-5393:2:209113112:C	IDH1	R132H	R132
tcga_mc3	TCGA-CS-5394:2:209113112:C	IDH1	R132H	R132
tcga_mc3	TCGA-CS-5395:12:112888199:C	PTPN11	A72D	A72
tcga_mc3	TCGA-CS-5396:2:209113112:C	IDH1	R132H	R132
tcga_mc3	TCGA-CS-6290:17:7578394:T	TP53	H179R	H179
tcga_mc3	TCGA-CS-6290:2:209113112:C	IDH1	R132H	R132
tcga_mc3	TCGA-CS-6665:2:209113112:C	IDH1	R132H	R132
tcga_mc3	TCGA-CS-6666:17:7578406:C	TP53	R175H	R175
tcga_mc3	TCGA-CS-6666:2:209113113:G	IDH1	R132C	R132
tcga_mc3	TCGA-CS-6667:19:11143993:C	SMARCA4	R1192C	R1192
tcga_mc3	TCGA-CS-6668:2:209113112:C	IDH1	R132H	R132
tcga_mc3	TCGA-CS-6670:2:209113112:C	IDH1	R132H	R132
tcga_mc3	TCGA-DB-5270:2:209113112:C	IDH1	R132H	R132
tcga_mc3	TCGA-DB-5273:2:209113112:C	IDH1	R132H	R132
tcga_mc3	TCGA-DB-5274:2:209113112:C	IDH1	R132H	R132
tcga_mc3	TCGA-DB-5275:2:209113112:C	IDH1	R132H	R132
tcga_mc3	TCGA-DB-5276:17:7577547:C	TP53	G245D	G245
tcga_mc3	TCGA-DB-5276:2:209113113:G	IDH1	R132C	R132
tcga_mc3	TCGA-DB-5277:17:7577574:T	TP53	Y236C	Y236
tcga_mc3	TCGA-DB-5277:2:209113112:C	IDH1	R132H	R132
tcga_mc3	TCGA-DB-5278:2:209113112:C	IDH1	R132H	R132
tcga_mc3	TCGA-DB-5279:2:209113112:C	IDH1	R132H	R132
tcga_mc3	TCGA-DB-5280:17:7577120:C	TP53	R273H	R273
tcga_mc3	TCGA-DB-5280:2:209113112:C	IDH1	R132H	R132
tcga_mc3	TCGA-DB-5281:2:209113112:C	IDH1	R132H	R132
tcga_mc3	TCGA-DB-A4X9:2:209113112:C	IDH1	R132H	R132
tcga_mc3	TCGA-DB-A4XA:2:209113112:C	IDH1	R132H	R132
tcga_mc3	TCGA-DB-A4XB:17:7577538:C	TP53	R248Q	R248
tcga_mc3	TCGA-DB-A4XB:2:209113112:C	IDH1	R132H	R132
tcga_mc3	TCGA-DB-A4XC:2:209113112:C	IDH1	R132H	R132
tcga_mc3	TCGA-DB-A4XD:17:7578190:T	TP53	Y220C	Y220
tcga_mc3	TCGA-DB-A4XD:2:209113113:G	IDH1	R132C	R132
tcga_mc3	TCGA-DB-A4XE:2:209113112:C	IDH1	R132H	R132
tcga_mc3	TCGA-DB-A4XF:2:209113113:G	IDH1	R132C	R132
tcga_mc3	TCGA-DB-A4XH:2:209113112:C	IDH1	R132H	R132
tcga_mc3	TCGA-DB-A4XH:7:65705779:C	TPST1	R123C	R123
tcga_mc3	TCGA-DB-A64L:2:209113112:C	IDH1	R132H	R132
tcga_mc3	TCGA-DB-A64P:2:209113112:C	IDH1	R132H	R132
tcga_mc3	TCGA-DB-A64Q:2:209113112:C	IDH1	R132H	R132
tcga_mc3	TCGA-DB-A64R:2:209113112:C	IDH1	R132H	R132
tcga_mc3	TCGA-DB-A64S:2:209113113:G	IDH1	R132C	R132
tcga_mc3	TCGA-DB-A64U:2:209113112:C	IDH1	R132H	R132
tcga_mc3	TCGA-DB-A64V:2:209113112:C	IDH1	R132H	R132
tcga_mc3	TCGA-DB-A64V:3:178928079:G	PIK3CA	E453K	E453
tcga_mc3	TCGA-DB-A64W:2:209113112:C	IDH1	R132H	R132
tcga_mc3	TCGA-DB-A64X:2:209113112:C	IDH1	R132H	R132
tcga_mc3	TCGA-DB-A75K:2:209113112:C	IDH1	R132H	R132
tcga_mc3	TCGA-DB-A75L:17:33319550:G	LIG3	A432T	A432
tcga_mc3	TCGA-DB-A75L:2:209113112:C	IDH1	R132H	R132
tcga_mc3	TCGA-DB-A75M:17:7577114:C	TP53	C275F	C275
tcga_mc3	TCGA-DB-A75M:2:209113113:G	IDH1	R132C	R132
tcga_mc3	TCGA-DH-5141:15:90631838:C	IDH2	R172K	R172
tcga_mc3	TCGA-DH-5142:2:209113112:C	IDH1	R132H	R132
tcga_mc3	TCGA-DH-5143:17:7577538:C	TP53	R248Q	R248
tcga_mc3	TCGA-DH-5143:2:209113112:C	IDH1	R132H	R132
tcga_mc3	TCGA-DH-5144:14:65544747:C	MAX	R60Q	R60
tcga_mc3	TCGA-DH-5144:2:209113112:C	IDH1	R132H	R132
tcga_mc3	TCGA-DH-A66D:17:7578407:G	TP53	R175G	R175
tcga_mc3	TCGA-DH-A66D:2:209113112:C	IDH1	R132H	R132
tcga_mc3	TCGA-DH-A66F:2:209113112:C	IDH1	R132H	R132
tcga_mc3	TCGA-DH-A66G:2:209113112:C	IDH1	R132H	R132
tcga_mc3	TCGA-DH-A7UR:15:90631839:T	IDH2	R172G	R172
tcga_mc3	TCGA-DH-A7US:2:209113112:C	IDH1	R132H	R132
tcga_mc3	TCGA-DH-A7UT:17:7578534:C	TP53	K132N	K132
tcga_mc3	TCGA-DH-A7UT:2:209113112:C	IDH1	R132H	R132
tcga_mc3	TCGA-DH-A7UU:17:7577120:C	TP53	R273L	R273
tcga_mc3	TCGA-DH-A7UU:2:209113112:C	IDH1	R132H	R132
tcga_mc3	TCGA-DH-A7UV:17:7577121:G	TP53	R273C	R273
tcga_mc3	TCGA-DH-A7UV:2:209113113:G	IDH1	R132G	R132
tcga_mc3	TCGA-DU-5849:15:90631838:C	IDH2	R172K	R172
tcga_mc3	TCGA-DU-5851:17:7577121:G	TP53	R273C	R273
tcga_mc3	TCGA-DU-5851:2:209113112:C	IDH1	R132H	R132
tcga_mc3	TCGA-DU-5852:7:55221710:C	EGFR	R252C	R252
tcga_mc3	TCGA-DU-5853:17:7577121:G	TP53	R273C	R273
tcga_mc3	TCGA-DU-5853:2:209113112:C	IDH1	R132H	R132
tcga_mc3	TCGA-DU-5855:17:7577121:G	TP53	R273C	R273
tcga_mc3	TCGA-DU-5855:2:209113112:C	IDH1	R132H	R132
tcga_mc3	TCGA-DU-5870:19:42791757:C	CIC	R215W	R215
tcga_mc3	TCGA-DU-5871:17:7577121:G	TP53	R273C	R273
tcga_mc3	TCGA-DU-5871:2:209113113:G	IDH1	R132G	R132
tcga_mc3	TCGA-DU-5872:17:7578394:T	TP53	H179R	H179
tcga_mc3	TCGA-DU-5872:2:209113112:C	IDH1	R132H	R132
tcga_mc3	TCGA-DU-5874:2:209113112:C	IDH1	R132H	R132
tcga_mc3	TCGA-DU-6392:11:125503111:C	CHEK1	R160C	R160
tcga_mc3	TCGA-DU-6392:11:95591744:G	MTMR2	S174Y	S174
tcga_mc3	TCGA-DU-6392:12:50036069:C	PRPF40B	R624C	R624
tcga_mc3	TCGA-DU-6392:14:24026141:G	THTPA	D59Y	D59
tcga_mc3	TCGA-DU-6392:14:95560464:C	DICER1	D1709N	D1709
tcga_mc3	TCGA-DU-6392:16:56969209:G	HERPUD1	R70S	R70
tcga_mc3	TCGA-DU-6392:17:7578407:G	TP53	R175C	R175
tcga_mc3	TCGA-DU-6392:1:160283846:G	COPA	P259H	P259
tcga_mc3	TCGA-DU-6392:1:9323955:G	H6PD	G468D	G468
tcga_mc3	TCGA-DU-6392:20:35575193:C	SAMHD1	G75C	G75
tcga_mc3	TCGA-DU-6392:22:42071031:G	NHP2L1	P98H	P98
tcga_mc3	TCGA-DU-6392:3:158384464:G	LXN	R214C	R214
tcga_mc3	TCGA-DU-6392:5:36168426:T	SKP2	V183A	V183
tcga_mc3	TCGA-DU-6392:5:86707051:C	CCNH	R77K	R77
tcga_mc3	TCGA-DU-6392:6:25727362:G	HIST1H2BA	A76S	A76
tcga_mc3	TCGA-DU-6392:7:124493083:T	POT1	Y271C	Y271
tcga_mc3	TCGA-DU-6392:9:116359132:C	RGS3	R1166C	R1166
tcga_mc3	TCGA-DU-6393:2:209113112:C	IDH1	R132H	R132
tcga_mc3	TCGA-DU-6394:2:209113112:C	IDH1	R132H	R132
tcga_mc3	TCGA-DU-6395:2:209113112:C	IDH1	R132H	R132
tcga_mc3	TCGA-DU-6396:2:209113112:C	IDH1	R132H	R132
tcga_mc3	TCGA-DU-6397:2:209113112:C	IDH1	R132H	R132
tcga_mc3	TCGA-DU-6399:10:111647887:T	XPNPEP1	E191G	E191
tcga_mc3	TCGA-DU-6399:2:209113112:C	IDH1	R132H	R132
tcga_mc3	TCGA-DU-6400:2:209113112:C	IDH1	R132H	R132
tcga_mc3	TCGA-DU-6401:17:7574018:G	TP53	R337C	R337
tcga_mc3	TCGA-DU-6401:2:209113113:G	IDH1	R132S	R132
tcga_mc3	TCGA-DU-6408:13:33638070:G	KL	R929H	R929
tcga_mc3	TCGA-DU-6408:17:7577121:G	TP53	R273C	R273
tcga_mc3	TCGA-DU-6410:10:26802585:C	APBB1IP	P270L	P270
tcga_mc3	TCGA-DU-6410:2:209113112:C	IDH1	R132H	R132
tcga_mc3	TCGA-DU-6542:17:7578190:T	TP53	Y220C	Y220
tcga_mc3	TCGA-DU-6542:2:209113112:C	IDH1	R132H	R132
tcga_mc3	TCGA-DU-7006:3:178936095:A	PIK3CA	Q546P	Q546
tcga_mc3	TCGA-DU-7008:2:209113112:C	IDH1	R132H	R132
tcga_mc3	TCGA-DU-7010:17:7578394:T	TP53	H179R	H179
tcga_mc3	TCGA-DU-7010:2:209113112:C	IDH1	R132H	R132
tcga_mc3	TCGA-DU-7011:17:7577094:G	TP53	R282W	R282
tcga_mc3	TCGA-DU-7011:2:209113112:C	IDH1	R132H	R132
tcga_mc3	TCGA-DU-7015:2:209113112:C	IDH1	R132H	R132
tcga_mc3	TCGA-DU-7018:2:209113112:C	IDH1	R132H	R132
tcga_mc3	TCGA-DU-7019:17:7578406:C	TP53	R175H	R175
tcga_mc3	TCGA-DU-7019:2:209113112:C	IDH1	R132H	R132
tcga_mc3	TCGA-DU-7294:2:209113112:C	IDH1	R132H	R132
tcga_mc3	TCGA-DU-7298:2:209113112:C	IDH1	R132H	R132
tcga_mc3	TCGA-DU-7299:2:209113112:C	IDH1	R132H	R132
tcga_mc3	TCGA-DU-7301:2:209113112:C	IDH1	R132H	R132
tcga_mc3	TCGA-DU-7302:2:209113112:C	IDH1	R132H	R132
tcga_mc3	TCGA-DU-7304:17:7577121:G	TP53	R273C	R273
tcga_mc3	TCGA-DU-7304:2:209113113:G	IDH1	R132G	R132
tcga_mc3	TCGA-DU-7306:17:7577538:C	TP53	R248Q	R248
tcga_mc3	TCGA-DU-7306:2:209113112:C	IDH1	R132H	R132
tcga_mc3	TCGA-DU-7309:15:90631837:C	IDH2	R172S	R172
tcga_mc3	TCGA-DU-7309:17:7577538:C	TP53	R248Q	R248
tcga_mc3	TCGA-DU-8161:1:198703516:G	PTPRC	V747L	V747
tcga_mc3	TCGA-DU-8163:17:7577120:C	TP53	R273L	R273
tcga_mc3	TCGA-DU-8163:2:209113112:C	IDH1	R132H	R132
tcga_mc3	TCGA-DU-8164:2:209113112:C	IDH1	R132H	R132
tcga_mc3	TCGA-DU-8164:3:178928079:G	PIK3CA	E453K	E453
tcga_mc3	TCGA-DU-8165:17:7577121:G	TP53	R273C	R273
tcga_mc3	TCGA-DU-8166:2:209113112:C	IDH1	R132H	R132
tcga_mc3	TCGA-DU-8167:2:209113112:C	IDH1	R132H	R132
tcga_mc3	TCGA-DU-8168:2:209113112:C	IDH1	R132H	R132
tcga_mc3	TCGA-DU-A5TP:17:7577094:G	TP53	R282W	R282
tcga_mc3	TCGA-DU-A5TP:2:209113112:C	IDH1	R132H	R132
tcga_mc3	TCGA-DU-A5TR:17:7577121:G	TP53	R273C	R273
tcga_mc3	TCGA-DU-A5TR:2:209113113:G	IDH1	R132S	R132
tcga_mc3	TCGA-DU-A5TS:2:209113112:C	IDH1	R132H	R132
tcga_mc3	TCGA-DU-A5TT:10:5008161:G	AKR1C1	R47H	R47
tcga_mc3	TCGA-DU-A5TT:7:55221822:C	EGFR	A289V	A289
tcga_mc3	TCGA-DU-A5TU:2:209113112:C	IDH1	R132H	R132
tcga_mc3	TCGA-DU-A5TW:2:209113112:C	IDH1	R132H	R132
tcga_mc3	TCGA-DU-A6S2:2:209113112:C	IDH1	R132H	R132
tcga_mc3	TCGA-DU-A6S3:19:42791757:C	CIC	R215W	R215
tcga_mc3	TCGA-DU-A6S3:2:209113112:C	IDH1	R132H	R132
tcga_mc3	TCGA-DU-A76O:17:7577121:G	TP53	R273C	R273
tcga_mc3	TCGA-DU-A76O:2:209113112:C	IDH1	R132H	R132
tcga_mc3	TCGA-DU-A76R:2:209113112:C	IDH1	R132H	R132
tcga_mc3	TCGA-DU-A7T6:2:209113112:C	IDH1	R132H	R132
tcga_mc3	TCGA-DU-A7T8:2:209113112:C	IDH1	R132H	R132
tcga_mc3	TCGA-DU-A7TG:2:209113112:C	IDH1	R132H	R132
tcga_mc3	TCGA-E1-5302:2:209113112:C	IDH1	R132H	R132
tcga_mc3	TCGA-E1-5303:2:209113112:C	IDH1	R132H	R132
tcga_mc3	TCGA-E1-5304:2:209113112:C	IDH1	R132H	R132
tcga_mc3	TCGA-E1-5305:2:209113112:C	IDH1	R132H	R132
tcga_mc3	TCGA-E1-5307:17:7577121:G	TP53	R273C	R273
tcga_mc3	TCGA-E1-5307:2:209113112:C	IDH1	R132H	R132
tcga_mc3	TCGA-E1-5311:19:42791718:C	CIC	R202W	R202
tcga_mc3	TCGA-E1-5318:6:80746270:C	TTK	A668E	A668
tcga_mc3	TCGA-E1-5319:2:209113112:C	IDH1	R132H	R132
tcga_mc3	TCGA-E1-A7YE:17:7577121:G	TP53	R273C	R273
tcga_mc3	TCGA-E1-A7YE:2:209113112:C	IDH1	R132H	R132
tcga_mc3	TCGA-E1-A7YH:2:209113112:C	IDH1	R132H	R132
tcga_mc3	TCGA-E1-A7YI:17:7577121:G	TP53	R273C	R273
tcga_mc3	TCGA-E1-A7YJ:7:55221710:C	EGFR	R252C	R252
tcga_mc3	TCGA-E1-A7YK:17:7577121:G	TP53	R273C	R273
tcga_mc3	TCGA-E1-A7YL:17:47696430:C	SPOP	W131C	W131
tcga_mc3	TCGA-E1-A7YL:17:7578534:C	TP53	K132N	K132
tcga_mc3	TCGA-E1-A7YM:7:55221822:C	EGFR	A289V	A289
tcga_mc3	TCGA-E1-A7YO:2:209113112:C	IDH1	R132H	R132
tcga_mc3	TCGA-E1-A7YS:2:209113112:C	IDH1	R132H	R132
tcga_mc3	TCGA-E1-A7YU:17:7577094:G	TP53	R282W	R282
tcga_mc3	TCGA-E1-A7YU:2:209113112:C	IDH1	R132H	R132
tcga_mc3	TCGA-E1-A7YV:17:7577121:G	TP53	R273C	R273
tcga_mc3	TCGA-E1-A7YV:2:209113112:C	IDH1	R132H	R132
tcga_mc3	TCGA-E1-A7YW:2:209113112:C	IDH1	R132H	R132
tcga_mc3	TCGA-E1-A7YY:2:209113112:C	IDH1	R132H	R132
tcga_mc3	TCGA-E1-A7Z3:2:209113112:C	IDH1	R132H	R132
tcga_mc3	TCGA-E1-A7Z4:2:209113112:C	IDH1	R132H	R132
tcga_mc3	TCGA-E1-A7Z6:17:7577121:G	TP53	R273C	R273
tcga_mc3	TCGA-E1-A7Z6:2:209113112:C	IDH1	R132H	R132
tcga_mc3	TCGA-EZ-7264:2:209113112:C	IDH1	R132H	R132
tcga_mc3	TCGA-F6-A8O3:2:209113112:C	IDH1	R132H	R132
tcga_mc3	TCGA-F6-A8O4:17:7578406:C	TP53	R175H	R175
tcga_mc3	TCGA-F6-A8O4:2:209113112:C	IDH1	R132H	R132
tcga_mc3	TCGA-FG-5962:2:209113112:C	IDH1	R132H	R132
tcga_mc3	TCGA-FG-5965:17:7577121:G	TP53	R273C	R273
tcga_mc3	TCGA-FG-5965:2:209113112:C	IDH1	R132H	R132
tcga_mc3	TCGA-FG-6689:2:209113112:C	IDH1	R132H	R132
tcga_mc3	TCGA-FG-6690:17:7577568:C	TP53	C238Y	C238
tcga_mc3	TCGA-FG-6690:2:209113112:C	IDH1	R132H	R132
tcga_mc3	TCGA-FG-6691:2:209113113:G	IDH1	R132S	R132
tcga_mc3	TCGA-FG-6692:7:55221822:C	EGFR	A289V	A289
tcga_mc3	TCGA-FG-7634:2:209113112:C	IDH1	R132H	R132
tcga_mc3	TCGA-FG-7636:2:209113112:C	IDH1	R132H	R132
tcga_mc3	TCGA-FG-7637:2:209113112:C	IDH1	R132H	R132
tcga_mc3	TCGA-FG-7638:19:42791757:C	CIC	R215W	R215
tcga_mc3	TCGA-FG-7638:2:209113112:C	IDH1	R132H	R132
tcga_mc3	TCGA-FG-8182:2:209113112:C	IDH1	R132H	R132
tcga_mc3	TCGA-FG-8185:2:209113113:G	IDH1	R132C	R132
tcga_mc3	TCGA-FG-8187:2:209113112:C	IDH1	R132H	R132
tcga_mc3	TCGA-FG-8187:3:178952085:A	PIK3CA	H1047R	H1047
tcga_mc3	TCGA-FG-8188:17:7577121:G	TP53	R273C	R273
tcga_mc3	TCGA-FG-8188:2:209113112:C	IDH1	R132H	R132
tcga_mc3	TCGA-FG-8189:15:90631839:T	IDH2	R172W	R172
tcga_mc3	TCGA-FG-8191:2:209113112:C	IDH1	R132H	R132
tcga_mc3	TCGA-FG-A4MT:17:7578403:C	TP53	C176F	C176
tcga_mc3	TCGA-FG-A4MX:2:209113112:C	IDH1	R132H	R132
tcga_mc3	TCGA-FG-A4MY:17:7578403:C	TP53	C176Y	C176
tcga_mc3	TCGA-FG-A60J:17:7577574:T	TP53	Y236C	Y236
tcga_mc3	TCGA-FG-A60J:2:209113112:C	IDH1	R132H	R132
tcga_mc3	TCGA-FG-A60K:2:209113112:C	IDH1	R132H	R132
tcga_mc3	TCGA-FG-A60L:2:209113112:C	IDH1	R132H	R132
tcga_mc3	TCGA-FG-A6IZ:2:209113112:C	IDH1	R132H	R132
tcga_mc3	TCGA-FG-A6J1:2:209113112:C	IDH1	R132H	R132
tcga_mc3	TCGA-FG-A6J3:2:209113112:C	IDH1	R132H	R132
tcga_mc3	TCGA-FG-A70Z:7:55221822:C	EGFR	A289V	A289
tcga_mc3	TCGA-FG-A710:2:209113112:C	IDH1	R132H	R132
tcga_mc3	TCGA-FG-A711:2:209113112:C	IDH1	R132H	R132
tcga_mc3	TCGA-FG-A713:2:209113112:C	IDH1	R132H	R132
tcga_mc3	TCGA-FN-7833:2:209113112:C	IDH1	R132H	R132
tcga_mc3	TCGA-HT-7468:19:42791757:C	CIC	R215W	R215
tcga_mc3	TCGA-HT-7468:2:209113112:C	IDH1	R132H	R132
tcga_mc3	TCGA-HT-7468:3:178952072:A	PIK3CA	M1043V	M1043
tcga_mc3	TCGA-HT-7469:17:7577539:G	TP53	R248W	R248
tcga_mc3	TCGA-HT-7470:2:209113113:G	IDH1	R132S	R132
tcga_mc3	TCGA-HT-7471:2:209113112:C	IDH1	R132H	R132
tcga_mc3	TCGA-HT-7472:2:209113112:C	IDH1	R132H	R132
tcga_mc3	TCGA-HT-7473:17:7577121:G	TP53	R273C	R273
tcga_mc3	TCGA-HT-7473:2:209113112:C	IDH1	R132H	R132
tcga_mc3	TCGA-HT-7474:2:209113112:C	IDH1	R132H	R132
tcga_mc3	TCGA-HT-7476:15:90631838:C	IDH2	R172K	R172
tcga_mc3	TCGA-HT-7476:17:7577121:G	TP53	R273C	R273
tcga_mc3	TCGA-HT-7477:17:7578394:T	TP53	H179R	H179
tcga_mc3	TCGA-HT-7477:2:209113112:C	IDH1	R132H	R132
tcga_mc3	TCGA-HT-7478:17:7577120:C	TP53	R273H	R273
tcga_mc3	TCGA-HT-7478:2:209113112:C	IDH1	R132H	R132
tcga_mc3	TCGA-HT-7479:2:209113113:G	IDH1	R132C	R132
tcga_mc3	TCGA-HT-7480:2:209113112:C	IDH1	R132H	R132
tcga_mc3	TCGA-HT-7481:2:209113112:C	IDH1	R132H	R132
tcga_mc3	TCGA-HT-7481:3:178952072:A	PIK3CA	M1043V	M1043
tcga_mc3	TCGA-HT-7483:17:7577551:C	TP53	G244R	G244
tcga_mc3	TCGA-HT-7483:2:209113113:G	IDH1	R132G	R132
tcga_mc3	TCGA-HT-7485:2:209113112:C	IDH1	R132H	R132
tcga_mc3	TCGA-HT-7601:17:7577121:G	TP53	R273C	R273
tcga_mc3	TCGA-HT-7601:2:209113112:C	IDH1	R132H	R132
tcga_mc3	TCGA-HT-7602:17:7577094:G	TP53	R282W	R282
tcga_mc3	TCGA-HT-7603:17:7577548:C	TP53	G245S	G245
tcga_mc3	TCGA-HT-7603:2:209113112:C	IDH1	R132H	R132
tcga_mc3	TCGA-HT-7604:2:209113113:G	IDH1	R132S	R132
tcga_mc3	TCGA-HT-7605:2:209113112:C	IDH1	R132H	R132
tcga_mc3	TCGA-HT-7606:17:7577121:G	TP53	R273C	R273
tcga_mc3	TCGA-HT-7606:2:209113112:C	IDH1	R132H	R132
tcga_mc3	TCGA-HT-7607:2:209113112:C	IDH1	R132H	R132
tcga_mc3	TCGA-HT-7607:3:178928079:G	PIK3CA	E453K	E453
tcga_mc3	TCGA-HT-7609:17:7577120:C	TP53	R273H	R273
tcga_mc3	TCGA-HT-7609:2:209113112:C	IDH1	R132H	R132
tcga_mc3	TCGA-HT-7611:2:209113113:G	IDH1	R132G	R132
tcga_mc3	TCGA-HT-7620:2:209113112:C	IDH1	R132H	R132
tcga_mc3	TCGA-HT-7676:17:7578394:T	TP53	H179R	H179
tcga_mc3	TCGA-HT-7676:2:209113112:C	IDH1	R132H	R132
tcga_mc3	TCGA-HT-7677:2:209113112:C	IDH1	R132H	R132
tcga_mc3	TCGA-HT-7681:15:90631838:C	IDH2	R172K	R172
tcga_mc3	TCGA-HT-7681:19:42791757:C	CIC	R215W	R215
tcga_mc3	TCGA-HT-7684:2:209113112:C	IDH1	R132H	R132
tcga_mc3	TCGA-HT-7686:17:7577120:C	TP53	R273H	R273
tcga_mc3	TCGA-HT-7686:2:209113112:C	IDH1	R132H	R132
tcga_mc3	TCGA-HT-7687:2:209113112:C	IDH1	R132H	R132
tcga_mc3	TCGA-HT-7688:17:7578394:T	TP53	H179R	H179
tcga_mc3	TCGA-HT-7688:2:209113112:C	IDH1	R132H	R132
tcga_mc3	TCGA-HT-7689:17:7577121:G	TP53	R273C	R273
tcga_mc3	TCGA-HT-7689:2:209113112:C	IDH1	R132H	R132
tcga_mc3	TCGA-HT-7690:17:7577574:T	TP53	Y236C	Y236
tcga_mc3	TCGA-HT-7690:2:209113112:C	IDH1	R132H	R132
tcga_mc3	TCGA-HT-7692:2:209113112:C	IDH1	R132H	R132
tcga_mc3	TCGA-HT-7693:17:7577121:G	TP53	R273C	R273
tcga_mc3	TCGA-HT-7693:2:209113113:G	IDH1	R132C	R132
tcga_mc3	TCGA-HT-7694:2:209113112:C	IDH1	R132H	R132
tcga_mc3	TCGA-HT-7695:2:209113112:C	IDH1	R132H	R132
tcga_mc3	TCGA-HT-7855:2:209113113:G	IDH1	R132C	R132
tcga_mc3	TCGA-HT-7856:15:90631839:T	IDH2	R172W	R172
tcga_mc3	TCGA-HT-7857:12:112888197:T	PTPN11	F71L	F71
tcga_mc3	TCGA-HT-7858:17:7578406:C	TP53	R175H	R175
tcga_mc3	TCGA-HT-7858:2:209113113:G	IDH1	R132S	R132
tcga_mc3	TCGA-HT-7874:2:209113112:C	IDH1	R132H	R132
tcga_mc3	TCGA-HT-7875:2:209113112:C	IDH1	R132H	R132
tcga_mc3	TCGA-HT-7877:2:209113112:C	IDH1	R132H	R132
tcga_mc3	TCGA-HT-7880:17:7577545:T	TP53	M246V	M246
tcga_mc3	TCGA-HT-7880:2:209113112:C	IDH1	R132H	R132
tcga_mc3	TCGA-HT-7881:2:209113112:C	IDH1	R132H	R132
tcga_mc3	TCGA-HT-7884:17:7577121:G	TP53	R273C	R273
tcga_mc3	TCGA-HT-7884:2:209113112:C	IDH1	R132H	R132
tcga_mc3	TCGA-HT-7902:17:7578190:T	TP53	Y220C	Y220
tcga_mc3	TCGA-HT-7902:17:7578403:C	TP53	C176Y	C176
tcga_mc3	TCGA-HT-7902:2:209113112:C	IDH1	R132H	R132
tcga_mc3	TCGA-HT-8010:2:209113112:C	IDH1	R132H	R132
tcga_mc3	TCGA-HT-8013:17:7577121:G	TP53	R273C	R273
tcga_mc3	TCGA-HT-8013:17:7577545:T	TP53	M246V	M246
tcga_mc3	TCGA-HT-8013:2:209113112:C	IDH1	R132H	R132
tcga_mc3	TCGA-HT-8018:2:209113112:C	IDH1	R132H	R132
tcga_mc3	TCGA-HT-8105:17:7577121:G	TP53	R273C	R273
tcga_mc3	TCGA-HT-8105:2:209113112:C	IDH1	R132H	R132
tcga_mc3	TCGA-HT-8106:2:209113112:C	IDH1	R132H	R132
tcga_mc3	TCGA-HT-8109:2:209113112:C	IDH1	R132H	R132
tcga_mc3	TCGA-HT-8110:7:55211080:G	EGFR	R108K	R108
tcga_mc3	TCGA-HT-8111:2:209113112:C	IDH1	R132H	R132
tcga_mc3	TCGA-HT-8113:15:90631838:C	IDH2	R172K	R172
tcga_mc3	TCGA-HT-8114:2:209113112:C	IDH1	R132H	R132
tcga_mc3	TCGA-HT-8563:2:209113112:C	IDH1	R132H	R132
tcga_mc3	TCGA-HT-A4DS:17:7577120:C	TP53	R273H	R273
tcga_mc3	TCGA-HT-A4DS:2:234235841:G	SAG	K170N	K170
tcga_mc3	TCGA-HT-A4DV:2:209113112:C	IDH1	R132H	R132
tcga_mc3	TCGA-HT-A5R5:17:7577121:G	TP53	R273C	R273
tcga_mc3	TCGA-HT-A5R5:2:209113112:C	IDH1	R132H	R132
tcga_mc3	TCGA-HT-A5R7:2:209113112:C	IDH1	R132H	R132
tcga_mc3	TCGA-HT-A5R9:15:90631839:T	IDH2	R172G	R172
tcga_mc3	TCGA-HT-A5RB:2:209113112:C	IDH1	R132H	R132
tcga_mc3	TCGA-HT-A614:17:7577120:C	TP53	R273L	R273
tcga_mc3	TCGA-HT-A614:2:209113112:C	IDH1	R132H	R132
tcga_mc3	TCGA-HT-A615:2:209113112:C	IDH1	R132H	R132
tcga_mc3	TCGA-HT-A616:2:209113112:C	IDH1	R132H	R132
tcga_mc3	TCGA-HT-A618:17:7577094:G	TP53	R282W	R282
tcga_mc3	TCGA-HT-A61B:17:7578190:T	TP53	Y220C	Y220
tcga_mc3	TCGA-HT-A61B:2:209113112:C	IDH1	R132H	R132
tcga_mc3	TCGA-HT-A74J:2:209113112:C	IDH1	R132H	R132
tcga_mc3	TCGA-HT-A74K:2:209113112:C	IDH1	R132H	R132
tcga_mc3	TCGA-HT-A74L:2:209113112:C	IDH1	R132H	R132
tcga_mc3	TCGA-HT-A74O:2:209113113:G	IDH1	R132G	R132
tcga_mc3	TCGA-HW-7486:2:209113112:C	IDH1	R132H	R132
tcga_mc3	TCGA-HW-7487:19:42791758:G	CIC	R215Q	R215
tcga_mc3	TCGA-HW-7487:2:209113112:C	IDH1	R132H	R132
tcga_mc3	TCGA-HW-7489:17:7577121:G	TP53	R273C	R273
tcga_mc3	TCGA-HW-7489:2:209113112:C	IDH1	R132H	R132
tcga_mc3	TCGA-HW-7490:17:7577120:C	TP53	R273H	R273
tcga_mc3	TCGA-HW-7491:15:90631838:C	IDH2	R172K	R172
tcga_mc3	TCGA-HW-7491:19:42791757:C	CIC	R215W	R215
tcga_mc3	TCGA-HW-7495:2:209113112:C	IDH1	R132H	R132
tcga_mc3	TCGA-HW-8319:17:7577538:C	TP53	R248Q	R248
tcga_mc3	TCGA-HW-8319:2:209113112:C	IDH1	R132H	R132
tcga_mc3	TCGA-HW-8320:2:209113112:C	IDH1	R132H	R132
tcga_mc3	TCGA-HW-8321:17:7577548:C	TP53	G245S	G245
tcga_mc3	TCGA-HW-8321:2:209113112:C	IDH1	R132H	R132
tcga_mc3	TCGA-HW-8322:2:209113112:C	IDH1	R132H	R132
tcga_mc3	TCGA-HW-A5KJ:2:209113112:C	IDH1	R132H	R132
tcga_mc3	TCGA-HW-A5KL:2:209113112:C	IDH1	R132H	R132
tcga_mc3	TCGA-HW-A5KM:17:7577121:G	TP53	R273C	R273
tcga_mc3	TCGA-HW-A5KM:2:209113112:C	IDH1	R132H	R132
tcga_mc3	TCGA-IK-7675:17:7577121:G	TP53	R273C	R273
tcga_mc3	TCGA-IK-8125:2:209113112:C	IDH1	R132H	R132
tcga_mc3	TCGA-KT-A74X:19:42791758:G	CIC	R215Q	R215
tcga_mc3	TCGA-KT-A74X:2:209113112:C	IDH1	R132H	R132
tcga_mc3	TCGA-KT-A7W1:7:55221822:C	EGFR	A289V	A289
tcga_mc3	TCGA-P5-A5EU:2:209113112:C	IDH1	R132H	R132
tcga_mc3	TCGA-P5-A5EV:18:77748273:C	TXNL4A	K40N	K40
tcga_mc3	TCGA-P5-A5EV:2:209113112:C	IDH1	R132H	R132
tcga_mc3	TCGA-P5-A5EW:17:7577120:C	TP53	R273H	R273
tcga_mc3	TCGA-P5-A5EW:2:209113112:C	IDH1	R132H	R132
tcga_mc3	TCGA-P5-A5EX:2:209113112:C	IDH1	R132H	R132
tcga_mc3	TCGA-P5-A5F0:2:209113112:C	IDH1	R132H	R132
tcga_mc3	TCGA-P5-A5F1:2:209113112:C	IDH1	R132H	R132
tcga_mc3	TCGA-P5-A5F2:17:7577121:G	TP53	R273C	R273
tcga_mc3	TCGA-P5-A5F2:2:209113112:C	IDH1	R132H	R132
tcga_mc3	TCGA-P5-A5F4:17:7577120:C	TP53	R273L	R273
tcga_mc3	TCGA-P5-A5F4:2:209113113:G	IDH1	R132C	R132
tcga_mc3	TCGA-P5-A72W:17:7577568:C	TP53	C238F	C238
tcga_mc3	TCGA-P5-A72W:2:209113112:C	IDH1	R132H	R132
tcga_mc3	TCGA-P5-A72X:2:209113112:C	IDH1	R132H	R132
tcga_mc3	TCGA-P5-A72Z:2:209113112:C	IDH1	R132H	R132
tcga_mc3	TCGA-P5-A730:15:90631838:C	IDH2	R172K	R172
tcga_mc3	TCGA-P5-A731:2:209113112:C	IDH1	R132H	R132
tcga_mc3	TCGA-P5-A733:17:7578400:G	TP53	P177R	P177
tcga_mc3	TCGA-P5-A735:17:7577096:T	TP53	D281V	D281
tcga_mc3	TCGA-P5-A735:2:209113112:C	IDH1	R132H	R132
tcga_mc3	TCGA-P5-A736:2:209113112:C	IDH1	R132H	R132
tcga_mc3	TCGA-P5-A737:2:209113112:C	IDH1	R132H	R132
tcga_mc3	TCGA-P5-A77W:2:209113112:C	IDH1	R132H	R132
tcga_mc3	TCGA-P5-A77X:2:209113112:C	IDH1	R132H	R132
tcga_mc3	TCGA-P5-A780:2:209113112:C	IDH1	R132H	R132
tcga_mc3	TCGA-QH-A65R:2:209113112:C	IDH1	R132H	R132
tcga_mc3	TCGA-QH-A65S:2:209113112:C	IDH1	R132H	R132
tcga_mc3	TCGA-QH-A65V:2:209113112:C	IDH1	R132H	R132
tcga_mc3	TCGA-QH-A65X:15:90631838:C	IDH2	R172K	R172
tcga_mc3	TCGA-QH-A6CU:2:209113112:C	IDH1	R132H	R132
tcga_mc3	TCGA-QH-A6CW:19:11123693:G	SMARCA4	M781I	M781
tcga_mc3	TCGA-QH-A6CY:2:209113112:C	IDH1	R132H	R132
tcga_mc3	TCGA-QH-A6CZ:2:209113112:C	IDH1	R132H	R132
tcga_mc3	TCGA-QH-A6X3:2:209113112:C	IDH1	R132H	R132
tcga_mc3	TCGA-QH-A6X5:14:65544747:C	MAX	R60Q	R60
tcga_mc3	TCGA-QH-A6X5:2:209113112:C	IDH1	R132H	R132
tcga_mc3	TCGA-QH-A6X8:2:209113112:C	IDH1	R132H	R132
tcga_mc3	TCGA-QH-A6X9:17:7578460:A	TP53	V157D	V157
tcga_mc3	TCGA-QH-A6X9:2:209113112:C	IDH1	R132H	R132
tcga_mc3	TCGA-QH-A6XA:17:7577121:G	TP53	R273C	R273
tcga_mc3	TCGA-QH-A6XA:2:209113112:C	IDH1	R132H	R132
tcga_mc3	TCGA-QH-A86X:2:209113112:C	IDH1	R132H	R132
tcga_mc3	TCGA-QH-A870:17:7577120:C	TP53	R273H	R273
tcga_mc3	TCGA-QH-A870:2:209113112:C	IDH1	R132H	R132
tcga_mc3	TCGA-R8-A6MK:2:209113112:C	IDH1	R132H	R132
tcga_mc3	TCGA-R8-A6ML:2:209113112:C	IDH1	R132H	R132
tcga_mc3	TCGA-R8-A6MO:19:42791757:C	CIC	R215W	R215
tcga_mc3	TCGA-R8-A6MO:2:209113112:C	IDH1	R132H	R132
tcga_mc3	TCGA-R8-A6YH:17:7577115:A	TP53	C275R	C275
tcga_mc3	TCGA-R8-A6YH:2:209113112:C	IDH1	R132H	R132
tcga_mc3	TCGA-RY-A83X:2:209113112:C	IDH1	R132H	R132
tcga_mc3	TCGA-RY-A83Z:2:209113112:C	IDH1	R132H	R132
tcga_mc3	TCGA-RY-A843:12:25398284:C	KRAS	G12A	G12
tcga_mc3	TCGA-RY-A843:2:209113112:C	IDH1	R132H	R132
tcga_mc3	TCGA-RY-A845:2:209113112:C	IDH1	R132H	R132
tcga_mc3	TCGA-RY-A847:2:209113112:C	IDH1	R132H	R132
tcga_mc3	TCGA-S9-A6TS:17:7577121:G	TP53	R273C	R273
tcga_mc3	TCGA-S9-A6TS:2:209113112:C	IDH1	R132H	R132
tcga_mc3	TCGA-S9-A6TU:17:7578190:T	TP53	Y220C	Y220
tcga_mc3	TCGA-S9-A6TU:2:209113112:C	IDH1	R132H	R132
tcga_mc3	TCGA-S9-A6TV:17:7577121:G	TP53	R273C	R273
tcga_mc3	TCGA-S9-A6TV:2:209113112:C	IDH1	R132H	R132
tcga_mc3	TCGA-S9-A6TW:2:209113112:C	IDH1	R132H	R132
tcga_mc3	TCGA-S9-A6TW:3:178921551:A	PIK3CA	N345Y	N345
tcga_mc3	TCGA-S9-A6TY:15:90631838:C	IDH2	R172K	R172
tcga_mc3	TCGA-S9-A6TZ:17:7577539:G	TP53	R248W	R248
tcga_mc3	TCGA-S9-A6TZ:2:209113112:C	IDH1	R132H	R132
tcga_mc3	TCGA-S9-A6U0:10:35320290:G	CUL2	R442C	R442
tcga_mc3	TCGA-S9-A6U1:2:209113113:G	IDH1	R132C	R132
tcga_mc3	TCGA-S9-A6U2:2:209113112:C	IDH1	R132H	R132
tcga_mc3	TCGA-S9-A6U5:2:209113112:C	IDH1	R132H	R132
tcga_mc3	TCGA-S9-A6U6:2:209113112:C	IDH1	R132H	R132
tcga_mc3	TCGA-S9-A6U8:2:209113113:G	IDH1	R132C	R132
tcga_mc3	TCGA-S9-A6U9:17:7577547:C	TP53	G245V	G245
tcga_mc3	TCGA-S9-A6U9:2:209113113:G	IDH1	R132C	R132
tcga_mc3	TCGA-S9-A6UB:2:209113112:C	IDH1	R132H	R132
tcga_mc3	TCGA-S9-A6WD:2:209113112:C	IDH1	R132H	R132
tcga_mc3	TCGA-S9-A6WE:19:42791718:C	CIC	R202W	R202
tcga_mc3	TCGA-S9-A6WG:2:209113112:C	IDH1	R132H	R132
tcga_mc3	TCGA-S9-A6WH:19:42791758:G	CIC	R215Q	R215
tcga_mc3	TCGA-S9-A6WH:2:209113112:C	IDH1	R132H	R132
tcga_mc3	TCGA-S9-A6WI:2:209113113:G	IDH1	R132C	R132
tcga_mc3	TCGA-S9-A6WL:2:209113112:C	IDH1	R132H	R132
tcga_mc3	TCGA-S9-A6WN:2:209113112:C	IDH1	R132H	R132
tcga_mc3	TCGA-S9-A6WO:2:209113112:C	IDH1	R132H	R132
tcga_mc3	TCGA-S9-A7IQ:2:209113112:C	IDH1	R132H	R132
tcga_mc3	TCGA-S9-A7IS:2:209113112:C	IDH1	R132H	R132
tcga_mc3	TCGA-S9-A7IX:7:128470957:G	FLNC	R89H	R89
tcga_mc3	TCGA-S9-A7IX:7:55210075:T	EGFR	L62R	L62
tcga_mc3	TCGA-S9-A7IY:2:209113112:C	IDH1	R132H	R132
tcga_mc3	TCGA-S9-A7IZ:2:209113112:C	IDH1	R132H	R132
tcga_mc3	TCGA-S9-A7J0:1:115258745:C	NRAS	G13R	G13
tcga_mc3	TCGA-S9-A7J0:2:209113113:G	IDH1	R132S	R132
tcga_mc3	TCGA-S9-A7J1:2:209113112:C	IDH1	R132H	R132
tcga_mc3	TCGA-S9-A7J2:2:209113112:C	IDH1	R132H	R132
tcga_mc3	TCGA-S9-A7J3:19:42791757:C	CIC	R215W	R215
tcga_mc3	TCGA-S9-A7J3:2:209113112:C	IDH1	R132H	R132
tcga_mc3	TCGA-S9-A7QW:2:209113112:C	IDH1	R132H	R132
tcga_mc3	TCGA-S9-A7QX:2:209113112:C	IDH1	R132H	R132
tcga_mc3	TCGA-S9-A7QX:7:98984335:A	ARPC1B	E31V	E31
tcga_mc3	TCGA-S9-A7QY:15:90631838:C	IDH2	R172K	R172
tcga_mc3	TCGA-S9-A7QY:5:68470917:C	CCNB1	R307W	R307
tcga_mc3	TCGA-S9-A7QZ:2:209113112:C	IDH1	R132H	R132
tcga_mc3	TCGA-S9-A7R1:2:209113112:C	IDH1	R132H	R132
tcga_mc3	TCGA-S9-A7R2:7:55210075:T	EGFR	L62R	L62
tcga_mc3	TCGA-S9-A7R3:17:7577121:G	TP53	R273C	R273
tcga_mc3	TCGA-S9-A7R3:2:209113112:C	IDH1	R132H	R132
tcga_mc3	TCGA-S9-A7R4:2:209113112:C	IDH1	R132H	R132
tcga_mc3	TCGA-S9-A7R7:17:7577538:C	TP53	R248Q	R248
tcga_mc3	TCGA-S9-A7R7:2:209113112:C	IDH1	R132H	R132
tcga_mc3	TCGA-S9-A7R7:3:178952085:A	PIK3CA	H1047R	H1047
tcga_mc3	TCGA-S9-A7R8:2:209113112:C	IDH1	R132H	R132
tcga_mc3	TCGA-S9-A89Z:17:7577120:C	TP53	R273H	R273
tcga_mc3	TCGA-S9-A89Z:2:209113112:C	IDH1	R132H	R132
tcga_mc3	TCGA-TM-A7C3:7:55221822:C	EGFR	A289V	A289
tcga_mc3	TCGA-TM-A7C4:17:7577115:A	TP53	C275G	C275
tcga_mc3	TCGA-TM-A7C4:2:209113112:C	IDH1	R132H	R132
tcga_mc3	TCGA-TM-A7CF:16:84623755:C	COTL1	A92T	A92
tcga_mc3	TCGA-TM-A7CF:17:7577121:G	TP53	R273C	R273
tcga_mc3	TCGA-TM-A84F:2:209113112:C	IDH1	R132H	R132
tcga_mc3	TCGA-TM-A84G:2:209113112:C	IDH1	R132H	R132
tcga_mc3	TCGA-TM-A84H:2:209113112:C	IDH1	R132H	R132
tcga_mc3	TCGA-TM-A84L:2:209113112:C	IDH1	R132H	R132
tcga_mc3	TCGA-TM-A84M:17:7577539:G	TP53	R248W	R248
tcga_mc3	TCGA-TM-A84M:19:42791758:G	CIC	R215Q	R215
tcga_mc3	TCGA-TM-A84M:2:209113112:C	IDH1	R132H	R132
tcga_mc3	TCGA-TM-A84O:2:209113112:C	IDH1	R132H	R132
tcga_mc3	TCGA-TM-A84R:15:90631838:C	IDH2	R172M	R172
tcga_mc3	TCGA-TM-A84S:3:178952072:A	PIK3CA	M1043V	M1043
tcga_mc3	TCGA-TM-A84T:17:7577121:G	TP53	R273C	R273
tcga_mc3	TCGA-TM-A84T:2:209113112:C	IDH1	R132H	R132
tcga_mc3	TCGA-TQ-A7RF:2:209113112:C	IDH1	R132H	R132
tcga_mc3	TCGA-TQ-A7RG:2:209113112:C	IDH1	R132H	R132
tcga_mc3	TCGA-TQ-A7RI:2:209113112:C	IDH1	R132H	R132
tcga_mc3	TCGA-TQ-A7RJ:2:209113113:G	IDH1	R132G	R132
tcga_mc3	TCGA-TQ-A7RK:2:209113113:G	IDH1	R132G	R132
tcga_mc3	TCGA-TQ-A7RM:17:7578406:C	TP53	R175H	R175
tcga_mc3	TCGA-TQ-A7RM:2:209113112:C	IDH1	R132H	R132
tcga_mc3	TCGA-TQ-A7RN:17:7577107:A	TP53	C277W	C277
tcga_mc3	TCGA-TQ-A7RN:2:209113112:C	IDH1	R132H	R132
tcga_mc3	TCGA-TQ-A7RO:15:90631838:C	IDH2	R172K	R172
tcga_mc3	TCGA-TQ-A7RO:3:178952085:A	PIK3CA	H1047R	H1047
tcga_mc3	TCGA-TQ-A7RP:7:55221710:C	EGFR	R252C	R252
tcga_mc3	TCGA-TQ-A7RP:9:80046294:C	GNA14	R179P	R179
tcga_mc3	TCGA-TQ-A7RQ:2:209113112:C	IDH1	R132H	R132
tcga_mc3	TCGA-TQ-A7RR:2:209113112:C	IDH1	R132H	R132
tcga_mc3	TCGA-TQ-A7RS:19:42791718:C	CIC	R202W	R202
tcga_mc3	TCGA-TQ-A7RS:2:209113112:C	IDH1	R132H	R132
tcga_mc3	TCGA-TQ-A7RU:19:42791757:C	CIC	R215W	R215
tcga_mc3	TCGA-TQ-A7RU:2:209113112:C	IDH1	R132H	R132
tcga_mc3	TCGA-TQ-A7RV:17:7577539:G	TP53	R248W	R248
tcga_mc3	TCGA-TQ-A8XE:2:209113112:C	IDH1	R132H	R132
tcga_mc3	TCGA-VM-A8C8:17:7578190:T	TP53	Y220C	Y220
tcga_mc3	TCGA-VM-A8C8:2:209113112:C	IDH1	R132H	R132
tcga_mc3	TCGA-VM-A8CB:2:209113112:C	IDH1	R132H	R132
tcga_mc3	TCGA-VM-A8CE:19:42791757:C	CIC	R215W	R215
tcga_mc3	TCGA-VM-A8CF:17:7577121:G	TP53	R273C	R273
tcga_mc3	TCGA-VM-A8CF:1:207930905:C	CD46	R103W	R103
tcga_mc3	TCGA-VM-A8CF:2:209113112:C	IDH1	R132H	R132
tcga_mc3	TCGA-VV-A829:2:209113112:C	IDH1	R132H	R132
tcga_mc3	TCGA-VV-A86M:2:209113112:C	IDH1	R132H	R132
tcga_mc3	TCGA-VW-A7QS:2:209113112:C	IDH1	R132H	R132
tcga_mc3	TCGA-VW-A8FI:17:7578400:G	TP53	P177H	P177
tcga_mc3	TCGA-W9-A837:2:209113112:C	IDH1	R132H	R132
tcga_mc3	TCGA-WH-A86K:17:7577121:G	TP53	R273C	R273
tcga_mc3	TCGA-WH-A86K:17:7578190:T	TP53	Y220C	Y220
tcga_mc3	TCGA-WH-A86K:2:209113112:C	IDH1	R132H	R132
tcga_mc3	TCGA-WY-A858:17:7577094:G	TP53	R282W	R282
tcga_mc3	TCGA-WY-A858:2:209113112:C	IDH1	R132H	R132
tcga_mc3	TCGA-WY-A859:17:7577539:G	TP53	R248W	R248
tcga_mc3	TCGA-WY-A859:2:209113113:G	IDH1	R132S	R132
tcga_mc3	TCGA-WY-A85A:17:7577121:G	TP53	R273C	R273
tcga_mc3	TCGA-WY-A85A:19:11132515:G	SMARCA4	G911C	G911
tcga_mc3	TCGA-WY-A85A:2:209113112:C	IDH1	R132H	R132
tcga_mc3	TCGA-WY-A85B:17:7577121:G	TP53	R273C	R273
tcga_mc3	TCGA-WY-A85B:2:209113113:G	IDH1	R132G	R132
tcga_mc3	TCGA-WY-A85C:17:7578406:C	TP53	R175H	R175
tcga_mc3	TCGA-WY-A85D:17:7577108:C	TP53	C277Y	C277
tcga_mc3	TCGA-WY-A85D:2:209113112:C	IDH1	R132H	R132
tcga_mc3	TCGA-WY-A85E:17:7578190:T	TP53	Y220C	Y220
tcga_mc3	TCGA-WY-A85E:1:97547949:A	DPYD	I948M	I948
tcga_mc3	TCGA-WY-A85E:2:209113112:C	IDH1	R132H	R132
tcga_mc3	TCGA-2Y-A9GS:17:7577534:C	TP53	R249S	R249
tcga_mc3	TCGA-2Y-A9GW:11:117162462:T	BACE1	E303A	E303
tcga_mc3	TCGA-2Y-A9H3:12:53895919:C	TARBP2	H58Q	H58
tcga_mc3	TCGA-2Y-A9H7:12:25398285:C	KRAS	G12C	G12
tcga_mc3	TCGA-2Y-A9H8:17:7577547:C	TP53	G245D	G245
tcga_mc3	TCGA-4R-AA8I:10:5827986:C	GDI2	R139H	R139
tcga_mc3	TCGA-4R-AA8I:12:12300444:G	LRP6	R1085W	R1085
tcga_mc3	TCGA-4R-AA8I:5:139939980:C	APBB3	G381V	G381
tcga_mc3	TCGA-4R-AA8I:5:74650434:T	HMGCR	V492A	V492
tcga_mc3	TCGA-5R-AAAM:13:27830355:A	RPL21	I93L	I93
tcga_mc3	TCGA-BC-A10Q:2:209113113:G	IDH1	R132C	R132
tcga_mc3	TCGA-BC-A10W:1:33478978:C	AK2	R175Q	R175
tcga_mc3	TCGA-BC-A10W:7:151962208:G	KMT2C	H367D	H367
tcga_mc3	TCGA-BC-A216:17:7577539:G	TP53	R248W	R248
tcga_mc3	TCGA-BC-A69H:3:41274909:A	CTNNB1	N387Y	N387
tcga_mc3	TCGA-BC-A8YO:7:74114719:G	GTF2I	W172C	W172
tcga_mc3	TCGA-BD-A2L6:17:26110007:G	NOS2	P198L	P198
tcga_mc3	TCGA-CC-5260:2:209113113:G	IDH1	R132C	R132
tcga_mc3	TCGA-CC-5262:3:41274899:G	CTNNB1	W383C	W383
tcga_mc3	TCGA-CC-5264:4:1957858:G	WHSC1	G942W	G942
tcga_mc3	TCGA-CC-A3M9:17:7577534:C	TP53	R249S	R249
tcga_mc3	TCGA-CC-A3MB:17:7577534:C	TP53	R249S	R249
tcga_mc3	TCGA-CC-A5UD:17:7578461:C	TP53	V157F	V157
tcga_mc3	TCGA-CC-A5UE:17:7577534:C	TP53	R249S	R249
tcga_mc3	TCGA-CC-A5UE:2:37349804:C	EIF2AK2	K304N	K304
tcga_mc3	TCGA-CC-A7IE:15:40241361:C	EIF2AK4	S135R	S135
tcga_mc3	TCGA-CC-A7IH:19:56173908:G	U2AF2	G176V	G176
tcga_mc3	TCGA-CC-A7II:17:7577534:C	TP53	R249S	R249
tcga_mc3	TCGA-CC-A7IJ:17:7578461:C	TP53	V157F	V157
tcga_mc3	TCGA-CC-A7IL:1:197032133:T	F13B	Y40C	Y40
tcga_mc3	TCGA-CC-A8HT:12:112926248:G	PTPN11	A465S	A465
tcga_mc3	TCGA-CC-A8HU:17:7577534:C	TP53	R249S	R249
tcga_mc3	TCGA-CC-A8HV:17:7577534:C	TP53	R249S	R249
tcga_mc3	TCGA-DD-A114:17:7577534:C	TP53	R249S	R249
tcga_mc3	TCGA-DD-A115:17:58013587:A	RPS6KB1	R330S	R330
tcga_mc3	TCGA-DD-A115:2:70315174:T	PCBP1	L100Q	L100
tcga_mc3	TCGA-DD-A118:20:57484420:C	GNAS	R201C	R201
tcga_mc3	TCGA-DD-A11C:11:43923153:A	ALKBH3	N183Y	N183
tcga_mc3	TCGA-DD-A11C:19:52716334:C	PPP2R1A	R260G	R260
tcga_mc3	TCGA-DD-A1EE:15:81615246:C	STARD5	G48V	G48
tcga_mc3	TCGA-DD-A1EE:17:58013587:A	RPS6KB1	R330S	R330
tcga_mc3	TCGA-DD-A1EE:17:80051491:A	FASN	F146S	F146
tcga_mc3	TCGA-DD-A1EE:19:11141502:G	SMARCA4	G1160E	G1160
tcga_mc3	TCGA-DD-A1EE:22:19223332:C	CLTCL1	D286H	D286
tcga_mc3	TCGA-DD-A1EE:2:209113113:G	IDH1	R132C	R132
tcga_mc3	TCGA-DD-A1EE:3:41268766:A	CTNNB1	K335I	K335
tcga_mc3	TCGA-DD-A1EE:4:1957858:G	WHSC1	G942W	G942
tcga_mc3	TCGA-DD-A1EE:7:6590947:C	GRID2IP	G41R	G41
tcga_mc3	TCGA-DD-A1EH:17:52991114:G	TOM1L1	W126C	W126
tcga_mc3	TCGA-DD-A1EJ:3:41268766:A	CTNNB1	K335I	K335
tcga_mc3	TCGA-DD-A39X:4:71691022:A	GRSF1	S462P	S462
tcga_mc3	TCGA-DD-A3A4:3:41268766:A	CTNNB1	K335I	K335
tcga_mc3	TCGA-DD-A4NA:2:209113113:G	IDH1	R132G	R132
tcga_mc3	TCGA-DD-A4NE:3:38168072:C	ACAA1	R249H	R249
tcga_mc3	TCGA-DD-A4NG:19:40742001:T	AKT2	D324G	D324
tcga_mc3	TCGA-DD-A4NH:10:126089485:C	OAT	M361I	M361
tcga_mc3	TCGA-DD-A4NL:3:41268766:A	CTNNB1	K335I	K335
tcga_mc3	TCGA-DD-A4NR:5:154311018:C	GEMIN5	G261R	G261
tcga_mc3	TCGA-DD-A4NV:12:58174205:G	METTL21B	V153L	V153
tcga_mc3	TCGA-DD-A73A:3:41274910:A	CTNNB1	N387I	N387
tcga_mc3	TCGA-DD-AA3A:11:102395766:G	MMP7	P172S	P172
tcga_mc3	TCGA-DD-AAC9:9:21971101:G	CDKN2A	A86D	A86
tcga_mc3	TCGA-DD-AACB:13:113882334:G	CUL4A	C138F	C138
tcga_mc3	TCGA-DD-AACB:17:7577095:G	TP53	D281E	D281
tcga_mc3	TCGA-DD-AACD:18:43667311:T	ATP5A1	K316R	K316
tcga_mc3	TCGA-DD-AACF:19:49464086:C	BAX	P130L	P130
tcga_mc3	TCGA-DD-AACI:7:141424074:A	WEE2	E407V	E407
tcga_mc3	TCGA-DD-AACJ:19:13260405:T	STX10	I70V	I70
tcga_mc3	TCGA-DD-AACK:3:41268766:A	CTNNB1	K335I	K335
tcga_mc3	TCGA-DD-AACK:9:21971035:T	CDKN2A	D108G	D108
tcga_mc3	TCGA-DD-AACL:17:7577569:A	TP53	C238R	C238
tcga_mc3	TCGA-DD-AACM:3:178916726:G	PIK3CA	R38H	R38
tcga_mc3	TCGA-DD-AACT:2:106761696:T	UXS1	E136G	E136
tcga_mc3	TCGA-DD-AACU:17:7577545:T	TP53	M246V	M246
tcga_mc3	TCGA-DD-AACW:22:22160239:T	MAPK1	Y131C	Y131
tcga_mc3	TCGA-DD-AACZ:22:36863964:C	TXN2	V130L	V130
tcga_mc3	TCGA-DD-AAD0:3:178952085:A	PIK3CA	H1047L	H1047
tcga_mc3	TCGA-DD-AAD5:2:110332246:C	SEPT10	R171L	R171
tcga_mc3	TCGA-DD-AAD6:12:118577335:T	PEBP1	S109T	S109
tcga_mc3	TCGA-DD-AAD6:9:21971108:C	CDKN2A	D84Y	D84
tcga_mc3	TCGA-DD-AADA:12:25398284:C	KRAS	G12D	G12
tcga_mc3	TCGA-DD-AADB:17:67521046:A	MAP2K6	E223G	E223
tcga_mc3	TCGA-DD-AADB:17:7577121:G	TP53	R273S	R273
tcga_mc3	TCGA-DD-AADI:2:109964272:C	SH3RF3	T239K	T239
tcga_mc3	TCGA-DD-AADI:3:178952085:A	PIK3CA	H1047R	H1047
tcga_mc3	TCGA-DD-AADM:3:41274911:T	CTNNB1	N387K	N387
tcga_mc3	TCGA-DD-AADW:17:7578402:G	TP53	C176W	C176
tcga_mc3	TCGA-DD-AADY:19:49464086:C	BAX	P130L	P130
tcga_mc3	TCGA-DD-AAE0:18:48591919:G	SMAD4	R361H	R361
tcga_mc3	TCGA-DD-AAE3:17:53040188:T	COX11	D246A	D246
tcga_mc3	TCGA-DD-AAEB:7:73520215:G	LIMK1	G207C	G207
tcga_mc3	TCGA-DD-AAEE:5:137762974:G	KDM3B	R1533S	R1533
tcga_mc3	TCGA-DD-AAVR:12:56669864:T	CS	D235G	D235
tcga_mc3	TCGA-DD-AAW3:2:202698631:A	CDK15	R223G	R223
tcga_mc3	TCGA-ED-A459:6:44279864:T	AARS2	H127L	H127
tcga_mc3	TCGA-ED-A4XI:21:45194153:T	CSTB	E76G	E76
tcga_mc3	TCGA-ED-A66Y:14:21270068:A	RNASE1	C54R	C54
tcga_mc3	TCGA-ED-A66Y:19:11132515:G	SMARCA4	G911S	G911
tcga_mc3	TCGA-ED-A7PZ:11:102398359:C	MMP7	R127L	R127
tcga_mc3	TCGA-ED-A7XP:17:7577534:C	TP53	R249S	R249
tcga_mc3	TCGA-ED-A82E:15:90631838:C	IDH2	R172K	R172
tcga_mc3	TCGA-EP-A12J:7:151962169:G	KMT2C	R380C	R380
tcga_mc3	TCGA-EP-A26S:3:15604875:C	HACL1	R565P	R565
tcga_mc3	TCGA-EP-A3JL:3:41274911:T	CTNNB1	N387K	N387
tcga_mc3	TCGA-FV-A2QQ:3:41274911:T	CTNNB1	N387K	N387
tcga_mc3	TCGA-FV-A3R2:15:66729181:A	MAP2K1	Y130C	Y130
tcga_mc3	TCGA-FV-A3R3:20:57484420:C	GNAS	R201C	R201
tcga_mc3	TCGA-G3-A25T:15:90631837:C	IDH2	R172S	R172
tcga_mc3	TCGA-G3-A25U:15:81615246:C	STARD5	G48V	G48
tcga_mc3	TCGA-G3-A25U:17:7577534:C	TP53	R249S	R249
tcga_mc3	TCGA-G3-A3CK:17:80039907:T	FASN	K2047N	K2047
tcga_mc3	TCGA-G3-A5SJ:3:41268760:A	CTNNB1	Y333F	Y333
tcga_mc3	TCGA-G3-A5SJ:7:56140741:G	SUMF2	W92C	W92
tcga_mc3	TCGA-G3-A5SL:12:18691110:T	PIK3C2G	F1074C	F1074
tcga_mc3	TCGA-G3-A7M5:19:48643272:C	LIG1	G348V	G348
tcga_mc3	TCGA-G3-A7M5:19:48643273:C	LIG1	G348C	G348
tcga_mc3	TCGA-G3-A7M8:3:178952085:A	PIK3CA	H1047R	H1047
tcga_mc3	TCGA-G3-A7M9:8:9538246:A	TNKS	E348V	E348
tcga_mc3	TCGA-G3-AAV0:3:178952085:A	PIK3CA	H1047L	H1047
tcga_mc3	TCGA-G3-AAV0:4:74285253:C	ALB	P561R	P561
tcga_mc3	TCGA-G3-AAV6:7:11082380:C	PHF14	H751D	H751
tcga_mc3	TCGA-GJ-A3OU:17:7577115:A	TP53	C275R	C275
tcga_mc3	TCGA-K7-A6G5:3:41268766:A	CTNNB1	K335T	K335
tcga_mc3	TCGA-KR-A7K0:1:41457492:T	CTPS1	M232T	M232
tcga_mc3	TCGA-LG-A9QD:16:30745076:C	SRCAP	R2151C	R2151
tcga_mc3	TCGA-LG-A9QD:9:35707195:G	TLN1	A1610D	A1610
tcga_mc3	TCGA-MI-A75C:3:41268766:A	CTNNB1	K335I	K335
tcga_mc3	TCGA-MI-A75G:12:112910827:A	PTPN11	Y279C	Y279
tcga_mc3	TCGA-MI-A75G:2:128380906:A	MYO7B	S1233C	S1233
tcga_mc3	TCGA-MI-A75G:4:74285252:C	ALB	P561S	P561
tcga_mc3	TCGA-NI-A4U2:4:89443178:T	PYURF	Y69C	Y69
tcga_mc3	TCGA-PD-A5DF:11:85975264:T	EED	F229V	F229
tcga_mc3	TCGA-QA-A7B7:17:7577534:C	TP53	R249S	R249
tcga_mc3	TCGA-RC-A6M6:14:20925548:T	APEX1	W280R	W280
tcga_mc3	TCGA-UB-A7MB:12:123498472:C	PITPNM2	G66C	G66
tcga_mc3	TCGA-UB-A7MB:1:109321954:C	STXBP3	P244H	P244
tcga_mc3	TCGA-UB-A7MB:7:71036347:T	WBSCR17	M347R	M347
tcga_mc3	TCGA-UB-A7MC:17:7577538:C	TP53	R248Q	R248
tcga_mc3	TCGA-UB-A7MC:7:22767222:T	IL6	I60N	I60
tcga_mc3	TCGA-UB-AA0V:10:93258688:A	HECTD2	K605N	K605
tcga_mc3	TCGA-WQ-A9G7:4:146030397:A	ABCE1	Y134C	Y134
tcga_mc3	TCGA-WQ-AB4B:17:7577538:C	TP53	R248Q	R248
tcga_mc3	TCGA-XR-A8TG:17:7577538:C	TP53	R248Q	R248
tcga_mc3	TCGA-ZP-A9CZ:11:34680176:G	EHF	G235D	G235
tcga_mc3	TCGA-05-4244:12:25398285:C	KRAS	G12C	G12
tcga_mc3	TCGA-05-4244:5:80021292:G	MSH3	R454L	R454
tcga_mc3	TCGA-05-4249:12:25398285:C	KRAS	G12C	G12
tcga_mc3	TCGA-05-4249:3:178936091:G	PIK3CA	E545K	E545
tcga_mc3	TCGA-05-4249:5:140176000:C	PCDHA2	A484E	A484
tcga_mc3	TCGA-05-4382:1:40747027:C	ZMPSTE24	S261F	S261
tcga_mc3	TCGA-05-4382:4:55968157:G	KDR	R725C	R725
tcga_mc3	TCGA-05-4382:7:65552346:G	ASL	G210C	G210
tcga_mc3	TCGA-05-4390:12:25398284:C	KRAS	G12V	G12
tcga_mc3	TCGA-05-4395:12:25398284:C	KRAS	G12V	G12
tcga_mc3	TCGA-05-4395:17:7578403:C	TP53	C176Y	C176
tcga_mc3	TCGA-05-4395:7:148497615:G	CUL1	E758Q	E758
tcga_mc3	TCGA-05-4396:14:67589024:C	GPHN	R527C	R527
tcga_mc3	TCGA-05-4396:16:70305819:C	AARS	G179D	G179
tcga_mc3	TCGA-05-4397:3:178936091:G	PIK3CA	E545K	E545
tcga_mc3	TCGA-05-4397:4:169923276:C	CBR4	A161S	A161
tcga_mc3	TCGA-05-4397:7:151962241:G	KMT2C	Q356K	Q356
tcga_mc3	TCGA-05-4398:11:61110055:G	DAK	A234S	A234
tcga_mc3	TCGA-05-4402:14:69697274:C	EXD2	R226G	R226
tcga_mc3	TCGA-05-4405:17:7577108:C	TP53	C277F	C277
tcga_mc3	TCGA-05-4405:17:7578406:C	TP53	R175H	R175
tcga_mc3	TCGA-05-4410:17:7577096:T	TP53	D281V	D281
tcga_mc3	TCGA-05-4410:1:118045579:G	MAN1A2	A594S	A594
tcga_mc3	TCGA-05-4415:12:25398285:C	KRAS	G12C	G12
tcga_mc3	TCGA-05-4417:12:25398285:C	KRAS	G12C	G12
tcga_mc3	TCGA-05-4418:12:25398285:C	KRAS	G12C	G12
tcga_mc3	TCGA-05-4418:12:95927916:C	USP44	W39C	W39
tcga_mc3	TCGA-05-4420:4:170077704:C	SH3RF1	G174R	G174
tcga_mc3	TCGA-05-4420:7:89856415:T	STEAP2	L208H	L208
tcga_mc3	TCGA-05-4424:10:5693200:G	ASB13	P120S	P120
tcga_mc3	TCGA-05-4424:5:140237074:G	PCDHA10	A481S	A481
tcga_mc3	TCGA-05-4427:12:25398284:C	KRAS	G12V	G12
tcga_mc3	TCGA-05-4427:17:7577097:C	TP53	D281N	D281
tcga_mc3	TCGA-05-4432:17:7577095:G	TP53	D281E	D281
tcga_mc3	TCGA-05-4433:12:25398284:C	KRAS	G12V	G12
tcga_mc3	TCGA-05-4433:9:21971111:G	CDKN2A	H83Y	H83
tcga_mc3	TCGA-05-5423:17:7577535:C	TP53	R249M	R249
tcga_mc3	TCGA-05-5423:7:55259441:G	EGFR	L833F	L833
tcga_mc3	TCGA-05-5423:7:55259524:T	EGFR	L861Q	L861
tcga_mc3	TCGA-05-5425:15:66729175:G	MAP2K1	G128V	G128
tcga_mc3	TCGA-05-5425:2:228681090:C	CCL20	R87G	R87
tcga_mc3	TCGA-05-5428:17:7577568:C	TP53	C238Y	C238
tcga_mc3	TCGA-05-5428:2:65561824:C	SPRED2	R96S	R96
tcga_mc3	TCGA-05-5428:7:150554886:C	AOC1	A443E	A443
tcga_mc3	TCGA-05-5429:18:48604655:G	SMAD4	D493N	D493
tcga_mc3	TCGA-35-3615:12:25398285:C	KRAS	G12C	G12
tcga_mc3	TCGA-35-4122:17:7577535:C	TP53	R249M	R249
tcga_mc3	TCGA-35-4122:1:206327587:C	CTSE	A259V	A259
tcga_mc3	TCGA-35-4122:3:69124610:C	UBA3	G79S	G79
tcga_mc3	TCGA-35-5375:1:109774338:C	SARS	P226L	P226
tcga_mc3	TCGA-38-4625:15:66727454:A	MAP2K1	K57T	K57
tcga_mc3	TCGA-38-4625:9:21971107:T	CDKN2A	D84V	D84
tcga_mc3	TCGA-38-4626:2:69304562:A	ANTXR1	K195T	K195
tcga_mc3	TCGA-38-4627:19:56173908:G	U2AF2	G176E	G176
tcga_mc3	TCGA-38-4627:7:55210075:T	EGFR	L62R	L62
tcga_mc3	TCGA-38-4627:7:55259515:T	EGFR	L858R	L858
tcga_mc3	TCGA-44-2656:17:37868208:C	ERBB2	S310F	S310
tcga_mc3	TCGA-44-2656:5:37815930:C	GDNF	E153D	E153
tcga_mc3	TCGA-44-2656:7:151962159:C	KMT2C	W383L	W383
tcga_mc3	TCGA-44-2656:8:109001368:C	RSPO2	G67W	G67
tcga_mc3	TCGA-44-2668:3:30732969:C	TGFBR2	R528C	R528
tcga_mc3	TCGA-44-3396:11:4142838:C	RRM1	P294L	P294
tcga_mc3	TCGA-44-3917:12:25398285:C	KRAS	G12S	G12
tcga_mc3	TCGA-44-3917:16:84623745:C	COTL1	G95E	G95
tcga_mc3	TCGA-44-3917:17:7577534:C	TP53	R249S	R249
tcga_mc3	TCGA-44-3918:6:49819733:G	CRISP1	A59D	A59
tcga_mc3	TCGA-44-4112:4:71691024:C	GRSF1	R461L	R461
tcga_mc3	TCGA-44-5643:3:178936091:G	PIK3CA	E545K	E545
tcga_mc3	TCGA-44-5643:9:123632765:G	PHF19	S107L	S107
tcga_mc3	TCGA-44-5644:2:181922478:G	UBE2E3	G102C	G102
tcga_mc3	TCGA-44-5644:7:107546743:G	DLD	G205A	G205
tcga_mc3	TCGA-44-5644:8:71556426:C	LACTB2	E156Q	E156
tcga_mc3	TCGA-44-5645:3:178952085:A	PIK3CA	H1047R	H1047
tcga_mc3	TCGA-44-6144:12:27835625:T	PPFIBP1	Y752D	Y752
tcga_mc3	TCGA-44-6144:17:7574017:C	TP53	R337L	R337
tcga_mc3	TCGA-44-6145:12:25398284:C	KRAS	G12V	G12
tcga_mc3	TCGA-44-6145:19:7174600:C	INSR	G373R	G373
tcga_mc3	TCGA-44-6146:12:25398284:C	KRAS	G12V	G12
tcga_mc3	TCGA-44-6774:17:7577548:C	TP53	G245C	G245
tcga_mc3	TCGA-44-6776:12:25398284:C	KRAS	G12D	G12
tcga_mc3	TCGA-44-6776:2:86305001:T	POLR1A	N454I	N454
tcga_mc3	TCGA-44-6777:17:7577547:C	TP53	G245V	G245
tcga_mc3	TCGA-44-6779:17:7578536:T	TP53	K132E	K132
tcga_mc3	TCGA-44-7660:21:34892683:A	GART	C564G	C564
tcga_mc3	TCGA-44-7661:12:25398284:C	KRAS	G12V	G12
tcga_mc3	TCGA-44-7662:10:89653807:G	PTEN	M35I	M35
tcga_mc3	TCGA-44-7662:9:21971108:C	CDKN2A	D84N	D84
tcga_mc3	TCGA-44-7667:11:68703722:G	IGHMBP2	A592S	A592
tcga_mc3	TCGA-44-7667:14:105208227:G	ADSSL1	G279V	G279
tcga_mc3	TCGA-44-7667:6:25727344:G	HIST1H2BA	D70N	D70
tcga_mc3	TCGA-44-7669:18:48575090:A	SMAD4	Y95C	Y95
tcga_mc3	TCGA-44-7669:2:202700438:C	CDK15	P268H	P268
tcga_mc3	TCGA-44-7670:17:7574017:C	TP53	R337L	R337
tcga_mc3	TCGA-44-7670:2:212295716:C	ERBB4	R866K	R866
tcga_mc3	TCGA-44-7670:5:140202807:G	PCDHA5	A483P	A483
tcga_mc3	TCGA-44-7670:6:160468351:G	IGF2R	G738C	G738
tcga_mc3	TCGA-44-7671:12:25398285:C	KRAS	G12C	G12
tcga_mc3	TCGA-44-7671:6:31727709:C	MSH5	R548S	R548
tcga_mc3	TCGA-44-8117:11:61205531:G	SDHAF2	D106Y	D106
tcga_mc3	TCGA-44-8117:17:7096430:G	DLG4	T567K	T567
tcga_mc3	TCGA-44-8119:12:109539761:G	UNG	G164R	G164
tcga_mc3	TCGA-44-8119:19:11132437:C	SMARCA4	R885C	R885
tcga_mc3	TCGA-44-8120:19:3115012:C	GNA11	R183C	R183
tcga_mc3	TCGA-44-A47A:13:20012281:G	TPTE2	T329I	T329
tcga_mc3	TCGA-44-A47A:17:40705595:C	HSD17B1	S135W	S135
tcga_mc3	TCGA-44-A47F:12:25398285:C	KRAS	G12C	G12
tcga_mc3	TCGA-44-A4SS:17:7577547:C	TP53	G245V	G245
tcga_mc3	TCGA-44-A4SS:17:7577548:C	TP53	G245C	G245
tcga_mc3	TCGA-44-A4SS:8:54891616:T	TCEA1	K265I	K265
tcga_mc3	TCGA-49-4490:18:48591919:G	SMAD4	R361H	R361
tcga_mc3	TCGA-49-4490:7:55259515:T	EGFR	L858R	L858
tcga_mc3	TCGA-49-4501:19:52716329:G	PPP2R1A	R258H	R258
tcga_mc3	TCGA-49-4505:12:25398285:C	KRAS	G12C	G12
tcga_mc3	TCGA-49-4505:17:7577108:C	TP53	C277F	C277
tcga_mc3	TCGA-49-4506:12:25398281:C	KRAS	G13D	G13
tcga_mc3	TCGA-49-4506:7:56087408:C	PSPH	G54R	G54
tcga_mc3	TCGA-49-4510:12:25398284:C	KRAS	G12D	G12
tcga_mc3	TCGA-49-4514:17:7578406:C	TP53	R175H	R175
tcga_mc3	TCGA-49-4514:2:232322434:C	NCL	G456V	G456
tcga_mc3	TCGA-49-4514:2:232322435:C	NCL	G456W	G456
tcga_mc3	TCGA-49-4514:2:232322437:T	NCL	D455V	D455
tcga_mc3	TCGA-49-6743:2:37347280:G	EIF2AK2	S357L	S357
tcga_mc3	TCGA-49-6744:2:190660540:G	PMS1	G60C	G60
tcga_mc3	TCGA-49-6745:14:21870611:G	CHD8	R1256C	R1256
tcga_mc3	TCGA-49-AAQV:17:7577120:C	TP53	R273H	R273
tcga_mc3	TCGA-49-AAQV:18:48604655:G	SMAD4	D493N	D493
tcga_mc3	TCGA-49-AAR2:10:62544595:A	CDK1	E57V	E57
tcga_mc3	TCGA-49-AAR4:10:5693176:C	ASB13	G128W	G128
tcga_mc3	TCGA-49-AAR4:16:69687291:C	NFAT5	S304L	S304
tcga_mc3	TCGA-49-AAR4:1:155874530:C	RIT1	A77S	A77
tcga_mc3	TCGA-49-AAR4:1:40747027:C	ZMPSTE24	S261F	S261
tcga_mc3	TCGA-49-AAR9:17:37667826:C	CDK12	P904L	P904
tcga_mc3	TCGA-49-AAR9:6:26184240:C	HIST1H2BE	R73S	R73
tcga_mc3	TCGA-49-AARE:12:109293181:G	DAO	G281V	G281
tcga_mc3	TCGA-49-AARE:12:133454165:C	CHFR	G70V	G70
tcga_mc3	TCGA-49-AARE:17:7577121:G	TP53	R273G	R273
tcga_mc3	TCGA-49-AARE:1:200567453:T	KIF14	K821E	K821
tcga_mc3	TCGA-49-AARE:3:127816215:A	RUVBL1	L315R	L315
tcga_mc3	TCGA-49-AARE:3:147113837:C	ZIC4	G164S	G164
tcga_mc3	TCGA-49-AARN:11:67269423:C	PITPNM1	G184R	G184
tcga_mc3	TCGA-49-AARN:3:47144880:G	SETD2	R1625C	R1625
tcga_mc3	TCGA-49-AARN:5:55083770:G	DDX4	A372S	A372
tcga_mc3	TCGA-49-AARO:12:25398284:C	KRAS	G12A	G12
tcga_mc3	TCGA-49-AARQ:12:25398284:C	KRAS	G12V	G12
tcga_mc3	TCGA-49-AARQ:3:123005545:G	ADCY5	P1215H	P1215
tcga_mc3	TCGA-4B-A93V:16:18799456:C	RPS15A	G48R	G48
tcga_mc3	TCGA-50-5044:3:178936082:G	PIK3CA	E542K	E542
tcga_mc3	TCGA-50-5045:12:6979504:C	TPI1	S273Y	S273
tcga_mc3	TCGA-50-5049:16:57015098:A	CETP	Y392F	Y392
tcga_mc3	TCGA-50-5049:5:34909397:C	RAD1	E211K	E211
tcga_mc3	TCGA-50-5066:8:63985621:T	TTPA	R77S	R77
tcga_mc3	TCGA-50-5068:2:39281778:T	SOS1	N233Y	N233
tcga_mc3	TCGA-50-5931:2:47643558:A	MSH2	I356V	I356
tcga_mc3	TCGA-50-5932:12:25398285:C	KRAS	G12C	G12
tcga_mc3	TCGA-50-5933:17:7578457:C	TP53	R158L	R158
tcga_mc3	TCGA-50-5933:19:56173908:G	U2AF2	G176V	G176
tcga_mc3	TCGA-50-5936:10:101163595:G	GOT1	Q227E	Q227
tcga_mc3	TCGA-50-5941:7:48143002:G	UPP1	G144R	G144
tcga_mc3	TCGA-50-5944:7:55259515:T	EGFR	L858R	L858
tcga_mc3	TCGA-50-6590:17:4849269:C	PFN1	E117Q	E117
tcga_mc3	TCGA-50-6591:7:55259439:T	EGFR	L833V	L833
tcga_mc3	TCGA-50-6591:9:125145998:G	PTGS1	E325K	E325
tcga_mc3	TCGA-50-6592:17:7577536:T	TP53	R249G	R249
tcga_mc3	TCGA-50-6594:7:151962241:G	KMT2C	Q356K	Q356
tcga_mc3	TCGA-50-6595:17:7578406:C	TP53	R175H	R175
tcga_mc3	TCGA-50-6673:17:7574018:G	TP53	R337C	R337
tcga_mc3	TCGA-50-6673:22:29091782:G	CHEK2	A392V	A392
tcga_mc3	TCGA-53-7624:11:104817917:T	CASP4	N310Y	N310
tcga_mc3	TCGA-53-7624:19:39924008:C	RPS16	D116Y	D116
tcga_mc3	TCGA-53-7624:1:119575622:T	WARS2	E332V	E332
tcga_mc3	TCGA-53-7626:9:32500928:T	DDX58	Q39L	Q39
tcga_mc3	TCGA-53-7813:12:25398284:C	KRAS	G12A	G12
tcga_mc3	TCGA-55-1592:17:7577551:C	TP53	G244C	G244
tcga_mc3	TCGA-55-1595:1:70877246:G	CTH	G50W	G50
tcga_mc3	TCGA-55-1596:10:111642213:C	XPNPEP1	A340S	A340
tcga_mc3	TCGA-55-1596:17:7577097:C	TP53	D281Y	D281
tcga_mc3	TCGA-55-6642:12:25398284:C	KRAS	G12V	G12
tcga_mc3	TCGA-55-6968:14:105246551:C	AKT1	E17K	E17
tcga_mc3	TCGA-55-6969:17:7577120:C	TP53	R273L	R273
tcga_mc3	TCGA-55-6969:18:43671703:T	ATP5A1	H85L	H85
tcga_mc3	TCGA-55-6969:19:11144003:A	SMARCA4	Q1195L	Q1195
tcga_mc3	TCGA-55-6969:9:130548455:T	CDK9	C10G	C10
tcga_mc3	TCGA-55-6970:12:25398284:C	KRAS	G12V	G12
tcga_mc3	TCGA-55-6972:6:27775480:C	HIST1H2BL	D69N	D69
tcga_mc3	TCGA-55-6975:12:25398282:C	KRAS	G13C	G13
tcga_mc3	TCGA-55-6982:3:14223145:A	LSM3	D36V	D36
tcga_mc3	TCGA-55-6983:12:25398285:C	KRAS	G12C	G12
tcga_mc3	TCGA-55-6985:17:7574026:C	TP53	G334V	G334
tcga_mc3	TCGA-55-7227:17:7578461:C	TP53	V157F	V157
tcga_mc3	TCGA-55-7227:18:51813701:G	POLI	R373L	R373
tcga_mc3	TCGA-55-7283:14:21871246:C	CHD8	G1215V	G1215
tcga_mc3	TCGA-55-7283:5:140070834:C	HARS	R19P	R19
tcga_mc3	TCGA-55-7284:12:25398284:C	KRAS	G12D	G12
tcga_mc3	TCGA-55-7284:1:23240034:A	EPHB2	M978L	M978
tcga_mc3	TCGA-55-7284:20:57484421:G	GNAS	R201H	R201
tcga_mc3	TCGA-55-7576:12:132416843:G	PUS1	A143S	A143
tcga_mc3	TCGA-55-7576:12:25398285:C	KRAS	G12S	G12
tcga_mc3	TCGA-55-7576:1:98187196:G	DPYD	S118C	S118
tcga_mc3	TCGA-55-7576:22:31534710:T	PLA2G3	N197I	N197
tcga_mc3	TCGA-55-7724:14:105246551:C	AKT1	E17K	E17
tcga_mc3	TCGA-55-7724:3:178936082:G	PIK3CA	E542K	E542
tcga_mc3	TCGA-55-7725:12:25398284:C	KRAS	G12V	G12
tcga_mc3	TCGA-55-7726:12:25398285:C	KRAS	G12C	G12
tcga_mc3	TCGA-55-7728:12:25398284:C	KRAS	G12V	G12
tcga_mc3	TCGA-55-7728:2:212295790:A	ERBB4	H841Q	H841
tcga_mc3	TCGA-55-7815:12:25398284:C	KRAS	G12V	G12
tcga_mc3	TCGA-55-7907:12:25398285:C	KRAS	G12C	G12
tcga_mc3	TCGA-55-7907:1:40236125:C	OXCT2	R268L	R268
tcga_mc3	TCGA-55-7907:2:220329177:C	SPEG	R910S	R910
tcga_mc3	TCGA-55-7907:7:26400640:G	SNX10	D24Y	D24
tcga_mc3	TCGA-55-7910:12:25398282:C	KRAS	G13C	G13
tcga_mc3	TCGA-55-7910:1:22987797:C	C1QB	T227N	T227
tcga_mc3	TCGA-55-7910:6:36040673:G	MAPK14	G110A	G110
tcga_mc3	TCGA-55-7911:12:25398284:C	KRAS	G12V	G12
tcga_mc3	TCGA-55-7911:14:24738889:C	RABGGTA	D147Y	D147
tcga_mc3	TCGA-55-7911:2:209113112:C	IDH1	R132L	R132
tcga_mc3	TCGA-55-7914:7:128040196:C	IMPDH1	G191V	G191
tcga_mc3	TCGA-55-7994:10:71332522:C	NEUROG3	R93H	R93
tcga_mc3	TCGA-55-7994:16:25143810:G	LCMT1	G98V	G98
tcga_mc3	TCGA-55-7994:17:7577120:C	TP53	R273L	R273
tcga_mc3	TCGA-55-7994:7:44104604:C	PGAM2	R141P	R141
tcga_mc3	TCGA-55-7995:17:76696496:C	CYTH1	G156V	G156
tcga_mc3	TCGA-55-8089:17:7577534:C	TP53	R249S	R249
tcga_mc3	TCGA-55-8089:8:12870258:G	KIAA1456	G74W	G74
tcga_mc3	TCGA-55-8090:12:25398284:C	KRAS	G12V	G12
tcga_mc3	TCGA-55-8090:3:185639873:C	TRA2B	R188S	R188
tcga_mc3	TCGA-55-8092:17:7578457:C	TP53	R158L	R158
tcga_mc3	TCGA-55-8092:3:178936082:G	PIK3CA	E542K	E542
tcga_mc3	TCGA-55-8094:12:25398282:C	KRAS	G13C	G13
tcga_mc3	TCGA-55-8094:16:31382466:G	ITGAX	G591V	G591
tcga_mc3	TCGA-55-8096:7:55259515:T	EGFR	L858R	L858
tcga_mc3	TCGA-55-8097:12:25398285:C	KRAS	G12C	G12
tcga_mc3	TCGA-55-8205:19:10823666:G	QTRT1	D337Y	D337
tcga_mc3	TCGA-55-8207:16:46960903:G	GPT2	V479M	V479
tcga_mc3	TCGA-55-8208:17:7577114:C	TP53	C275F	C275
tcga_mc3	TCGA-55-8208:6:20481576:G	E2F3	K215N	K215
tcga_mc3	TCGA-55-8299:12:25398285:C	KRAS	G12C	G12
tcga_mc3	TCGA-55-8301:17:7577547:C	TP53	G245V	G245
tcga_mc3	TCGA-55-8301:17:7577548:C	TP53	G245S	G245
tcga_mc3	TCGA-55-8301:5:150073716:T	RBM22	Q278L	Q278
tcga_mc3	TCGA-55-8506:16:84623742:G	COTL1	T96M	T96
tcga_mc3	TCGA-55-8506:3:113513751:G	ATP6V1A	G341C	G341
tcga_mc3	TCGA-55-8506:5:251128:G	SDHA	V525M	V525
tcga_mc3	TCGA-55-8506:6:27100252:C	HIST1H2BJ	R93T	R93
tcga_mc3	TCGA-55-8506:7:55259515:T	EGFR	L858R	L858
tcga_mc3	TCGA-55-8507:5:43677830:A	NNT	Y933C	Y933
tcga_mc3	TCGA-55-8507:5:54416315:G	CDC20B	R427S	R427
tcga_mc3	TCGA-55-8508:19:1220487:G	STK11	D194Y	D194
tcga_mc3	TCGA-55-8510:2:212566821:T	ERBB4	S454C	S454
tcga_mc3	TCGA-55-8511:12:118457469:C	RFC5	H55Y	H55
tcga_mc3	TCGA-55-8511:1:159558301:T	APCS	Y159N	Y159
tcga_mc3	TCGA-55-8511:7:100469273:C	TRIP6	R370C	R370
tcga_mc3	TCGA-55-8511:7:151962159:C	KMT2C	W383L	W383
tcga_mc3	TCGA-55-8514:17:7574017:C	TP53	R337P	R337
tcga_mc3	TCGA-55-8615:12:25398285:C	KRAS	G12C	G12
tcga_mc3	TCGA-55-8616:12:25398285:C	KRAS	G12C	G12
tcga_mc3	TCGA-55-A48X:2:173830352:C	RAPGEF4	S254F	S254
tcga_mc3	TCGA-55-A48Y:19:49464096:C	BAX	I133M	I133
tcga_mc3	TCGA-55-A48Z:17:7574018:G	TP53	R337C	R337
tcga_mc3	TCGA-55-A490:12:25398285:C	KRAS	G12C	G12
tcga_mc3	TCGA-55-A490:19:12858360:A	ASNA1	K290M	K290
tcga_mc3	TCGA-55-A490:21:39755656:C	ERG	R377L	R377
tcga_mc3	TCGA-55-A490:22:22162018:T	MAPK1	R79S	R79
tcga_mc3	TCGA-55-A490:9:139103118:C	QSOX2	R514L	R514
tcga_mc3	TCGA-55-A491:11:14316390:T	RRAS2	Q72L	Q72
tcga_mc3	TCGA-55-A491:22:42049694:G	XRCC6	G431C	G431
tcga_mc3	TCGA-55-A493:17:7577121:G	TP53	R273S	R273
tcga_mc3	TCGA-55-A494:12:25398284:C	KRAS	G12D	G12
tcga_mc3	TCGA-55-A494:20:57484610:C	GNAS	R232C	R232
tcga_mc3	TCGA-55-A4DF:1:154940681:G	SHC1	P268L	P268
tcga_mc3	TCGA-55-A4DF:1:154940682:G	SHC1	P268S	P268
tcga_mc3	TCGA-55-A4DG:13:52513329:C	ATP7B	G1186V	G1186
tcga_mc3	TCGA-55-A4DG:17:41004682:G	AOC3	R441L	R441
tcga_mc3	TCGA-55-A4DG:17:7578457:C	TP53	R158L	R158
tcga_mc3	TCGA-55-A57B:3:16268972:C	GALNT15	R629C	R629
tcga_mc3	TCGA-62-8394:7:55259515:T	EGFR	L858R	L858
tcga_mc3	TCGA-62-8398:12:25398284:C	KRAS	G12D	G12
tcga_mc3	TCGA-62-8399:7:143000898:A	CASP2	D330V	D330
tcga_mc3	TCGA-62-8402:17:7578401:G	TP53	P177T	P177
tcga_mc3	TCGA-62-8402:4:55593652:C	KIT	P573L	P573
tcga_mc3	TCGA-62-A46O:17:12043179:G	MAP2K4	R355T	R355
tcga_mc3	TCGA-62-A46R:12:25398284:C	KRAS	G12A	G12
tcga_mc3	TCGA-62-A46U:17:7578461:C	TP53	V157L	V157
tcga_mc3	TCGA-62-A46V:9:2115837:G	SMARCA2	D1158Y	D1158
tcga_mc3	TCGA-64-1676:14:88658607:C	KCNK10	V277F	V277
tcga_mc3	TCGA-64-1679:17:7577547:C	TP53	G245V	G245
tcga_mc3	TCGA-64-1681:7:55259515:T	EGFR	L858R	L858
tcga_mc3	TCGA-64-5774:12:25398285:C	KRAS	G12C	G12
tcga_mc3	TCGA-64-5778:17:7577565:T	TP53	N239S	N239
tcga_mc3	TCGA-67-3770:3:45038682:G	EXOSC7	D120Y	D120
tcga_mc3	TCGA-67-3770:7:55259515:T	EGFR	L858R	L858
tcga_mc3	TCGA-67-3771:19:11687567:G	ACP5	S118F	S118
tcga_mc3	TCGA-67-3771:1:65849892:C	DNAJC6	S171L	S171
tcga_mc3	TCGA-67-3771:20:40118549:G	CHD6	P517S	P517
tcga_mc3	TCGA-67-3771:20:62701953:G	TCEA2	G262C	G262
tcga_mc3	TCGA-67-3771:6:169632775:G	THBS2	A639D	A639
tcga_mc3	TCGA-67-3771:6:26273408:G	HIST1H2BI	D69N	D69
tcga_mc3	TCGA-67-3773:12:25398284:C	KRAS	G12V	G12
tcga_mc3	TCGA-67-3774:12:25398284:C	KRAS	G12V	G12
tcga_mc3	TCGA-67-3774:12:25398285:C	KRAS	G12C	G12
tcga_mc3	TCGA-67-4679:12:25398284:C	KRAS	G12A	G12
tcga_mc3	TCGA-67-6217:7:55259515:T	EGFR	L858R	L858
tcga_mc3	TCGA-69-7761:5:177034353:G	B4GALT7	S155I	S155
tcga_mc3	TCGA-69-7765:2:29006832:G	PPP1CB	V194I	V194
tcga_mc3	TCGA-69-7765:7:121766473:C	AASS	R143I	R143
tcga_mc3	TCGA-69-7973:12:25398285:C	KRAS	G12C	G12
tcga_mc3	TCGA-69-7974:17:7574027:C	TP53	G334W	G334
tcga_mc3	TCGA-69-7978:12:25398285:C	KRAS	G12C	G12
tcga_mc3	TCGA-69-7978:2:216182916:G	ATIC	L61F	L61
tcga_mc3	TCGA-69-7980:2:212295709:C	ERBB4	L868F	L868
tcga_mc3	TCGA-69-8253:12:25398284:C	KRAS	G12D	G12
tcga_mc3	TCGA-69-8254:12:25398284:C	KRAS	G12D	G12
tcga_mc3	TCGA-71-8520:7:55210075:T	EGFR	L62R	L62
tcga_mc3	TCGA-71-8520:7:55259515:T	EGFR	L858R	L858
tcga_mc3	TCGA-73-4658:2:209113181:C	IDH1	R109K	R109
tcga_mc3	TCGA-73-4659:7:151188085:G	RHEB	T23M	T23
tcga_mc3	TCGA-73-4662:12:25398285:C	KRAS	G12C	G12
tcga_mc3	TCGA-73-4666:17:7577538:C	TP53	R248P	R248
tcga_mc3	TCGA-73-4666:1:155874530:C	RIT1	A77S	A77
tcga_mc3	TCGA-73-4670:7:56140737:G	SUMF2	G91E	G91
tcga_mc3	TCGA-73-4670:8:121457313:G	MRPL13	P8S	P8
tcga_mc3	TCGA-73-4676:17:7578403:C	TP53	C176F	C176
tcga_mc3	TCGA-73-4677:12:25398284:C	KRAS	G12A	G12
tcga_mc3	TCGA-73-4677:20:32267639:C	E2F1	R165Q	R165
tcga_mc3	TCGA-75-5122:18:61262278:G	SERPINB13	V211L	V211
tcga_mc3	TCGA-75-5125:3:39452305:C	RPSA	P105T	P105
tcga_mc3	TCGA-75-5126:12:25398285:C	KRAS	G12C	G12
tcga_mc3	TCGA-75-5126:5:156608074:G	ITK	R29L	R29
tcga_mc3	TCGA-75-5146:18:51813703:T	POLI	Y374H	Y374
tcga_mc3	TCGA-75-6205:20:39725971:A	TOP1	D281G	D281
tcga_mc3	TCGA-75-6206:12:25398281:C	KRAS	G13D	G13
tcga_mc3	TCGA-75-6211:15:66727441:T	MAP2K1	F53L	F53
tcga_mc3	TCGA-75-6214:17:7578461:C	TP53	V157F	V157
tcga_mc3	TCGA-75-7027:12:25398284:C	KRAS	G12V	G12
tcga_mc3	TCGA-75-7027:2:211456679:G	CPS1	D358N	D358
tcga_mc3	TCGA-75-7030:12:25398284:C	KRAS	G12D	G12
tcga_mc3	TCGA-78-7145:12:25398284:C	KRAS	G12D	G12
tcga_mc3	TCGA-78-7145:12:25398285:C	KRAS	G12C	G12
tcga_mc3	TCGA-78-7145:5:43700243:G	NNT	G967C	G967
tcga_mc3	TCGA-78-7146:1:186915862:C	PLA2G4A	T376K	T376
tcga_mc3	TCGA-78-7146:2:96810004:C	DUSP2	A207T	A207
tcga_mc3	TCGA-78-7146:3:178921553:T	PIK3CA	N345K	N345
tcga_mc3	TCGA-78-7146:7:144288620:C	TPK1	D133H	D133
tcga_mc3	TCGA-78-7147:7:55259524:T	EGFR	L861Q	L861
tcga_mc3	TCGA-78-7147:8:143956411:G	CYP11B1	R454C	R454
tcga_mc3	TCGA-78-7148:12:25398285:C	KRAS	G12C	G12
tcga_mc3	TCGA-78-7148:19:11141507:G	SMARCA4	G1162C	G1162
tcga_mc3	TCGA-78-7149:17:7577538:C	TP53	R248L	R248
tcga_mc3	TCGA-78-7149:3:183885740:G	DVL3	R462M	R462
tcga_mc3	TCGA-78-7149:3:183885741:G	DVL3	R462S	R462
tcga_mc3	TCGA-78-7150:17:7578457:C	TP53	R158L	R158
tcga_mc3	TCGA-78-7150:1:53699287:C	MAGOH	R62T	R62
tcga_mc3	TCGA-78-7152:2:39281778:T	SOS1	N233Y	N233
tcga_mc3	TCGA-78-7155:12:15370383:C	RERG	R14I	R14
tcga_mc3	TCGA-78-7155:17:7574017:C	TP53	R337L	R337
tcga_mc3	TCGA-78-7156:18:61569653:G	SERPINB2	V232L	V232
tcga_mc3	TCGA-78-7160:12:25398284:C	KRAS	G12D	G12
tcga_mc3	TCGA-78-7161:12:25398284:C	KRAS	G12V	G12
tcga_mc3	TCGA-78-7166:12:25398285:C	KRAS	G12C	G12
tcga_mc3	TCGA-78-7166:14:23393546:C	PRMT5	A378P	A378
tcga_mc3	TCGA-78-7167:12:25398284:C	KRAS	G12V	G12
tcga_mc3	TCGA-78-7167:12:25398285:C	KRAS	G12C	G12
tcga_mc3	TCGA-78-7220:16:31382492:G	ITGAX	V600L	V600
tcga_mc3	TCGA-78-7535:7:107542810:G	DLD	C80F	C80
tcga_mc3	TCGA-78-7535:9:110248154:A	KLF4	S474A	S474
tcga_mc3	TCGA-78-7536:2:182423388:G	CERKL	A268D	A268
tcga_mc3	TCGA-78-7539:12:25398285:C	KRAS	G12C	G12
tcga_mc3	TCGA-78-7540:12:25398284:C	KRAS	G12V	G12
tcga_mc3	TCGA-78-7540:17:7577121:G	TP53	R273C	R273
tcga_mc3	TCGA-78-7542:16:5053500:G	SEC14L5	D410Y	D410
tcga_mc3	TCGA-78-7542:17:45376782:T	ITGB3	L600Q	L600
tcga_mc3	TCGA-78-7542:2:208993031:C	CRYGC	G141R	G141
tcga_mc3	TCGA-78-7542:3:179525602:G	PEX5L	N512K	N512
tcga_mc3	TCGA-78-7542:6:311936:C	DUSP22	H38N	H38
tcga_mc3	TCGA-78-7542:8:21890716:A	NPM2	S116C	S116
tcga_mc3	TCGA-78-8640:17:7578461:C	TP53	V157L	V157
tcga_mc3	TCGA-78-8640:2:27015103:C	CENPA	R69C	R69
tcga_mc3	TCGA-78-8640:2:27015104:G	CENPA	R69L	R69
tcga_mc3	TCGA-78-8640:7:78256541:G	MAGI2	H145Y	H145
tcga_mc3	TCGA-78-8655:12:25398285:C	KRAS	G12S	G12
tcga_mc3	TCGA-78-8660:15:66727455:G	MAP2K1	K57N	K57
tcga_mc3	TCGA-78-8662:1:62321811:A	INADL	N741I	N741
tcga_mc3	TCGA-80-5607:3:178936091:G	PIK3CA	E545K	E545
tcga_mc3	TCGA-80-5608:12:25398284:C	KRAS	G12A	G12
tcga_mc3	TCGA-80-5611:5:16694657:C	MYO10	R1208L	R1208
tcga_mc3	TCGA-83-5908:12:25398284:C	KRAS	G12A	G12
tcga_mc3	TCGA-86-6851:19:39924008:C	RPS16	D116Y	D116
tcga_mc3	TCGA-86-6851:6:161160215:G	PLG	D665Y	D665
tcga_mc3	TCGA-86-6851:7:74114663:C	GTF2I	P154S	P154
tcga_mc3	TCGA-86-7711:17:7578403:C	TP53	C176F	C176
tcga_mc3	TCGA-86-7713:12:25398285:C	KRAS	G12C	G12
tcga_mc3	TCGA-86-7953:12:25398284:C	KRAS	G12D	G12
tcga_mc3	TCGA-86-7955:4:125591421:T	ANKRD50	D1004V	D1004
tcga_mc3	TCGA-86-8054:10:15648360:T	ITGA8	D609V	D609
tcga_mc3	TCGA-86-8054:12:25398284:C	KRAS	G12V	G12
tcga_mc3	TCGA-86-8055:7:55259515:T	EGFR	L858R	L858
tcga_mc3	TCGA-86-8056:12:25398284:C	KRAS	G12D	G12
tcga_mc3	TCGA-86-8073:17:7536624:A	SHBG	H388R	H388
tcga_mc3	TCGA-86-8073:21:18924097:G	CXADR	D81Y	D81
tcga_mc3	TCGA-86-8073:2:3598039:C	RNASEH1	D145N	D145
tcga_mc3	TCGA-86-8075:7:55259515:T	EGFR	L858R	L858
tcga_mc3	TCGA-86-8075:9:37708411:G	FRMPD1	G92D	G92
tcga_mc3	TCGA-86-8076:12:25398284:C	KRAS	G12D	G12
tcga_mc3	TCGA-86-8278:3:47144879:C	SETD2	R1625H	R1625
tcga_mc3	TCGA-86-8281:19:11132438:G	SMARCA4	R885L	R885
tcga_mc3	TCGA-86-8358:11:105961310:C	AASDHPPT	H146Y	H146
tcga_mc3	TCGA-86-8358:17:7577541:T	TP53	N247I	N247
tcga_mc3	TCGA-86-8358:4:155487111:C	FGB	A89D	A89
tcga_mc3	TCGA-86-8358:5:140202807:G	PCDHA5	A483S	A483
tcga_mc3	TCGA-86-8359:12:25398284:C	KRAS	G12A	G12
tcga_mc3	TCGA-86-8585:15:28511043:C	HERC2	G559E	G559
tcga_mc3	TCGA-86-8585:2:127950719:C	CYP27C1	C318F	C318
tcga_mc3	TCGA-86-8668:7:55259515:T	EGFR	L858R	L858
tcga_mc3	TCGA-86-8669:7:65705780:G	TPST1	R123H	R123
tcga_mc3	TCGA-86-8672:10:93902846:C	CPEB3	G465R	G465
tcga_mc3	TCGA-86-8672:11:77064624:C	PAK1	D265Y	D265
tcga_mc3	TCGA-86-8673:17:7577538:C	TP53	R248L	R248
tcga_mc3	TCGA-86-8674:12:25398282:C	KRAS	G13C	G13
tcga_mc3	TCGA-86-8674:5:156638348:C	ITK	S98R	S98
tcga_mc3	TCGA-86-A456:12:25398284:C	KRAS	G12V	G12
tcga_mc3	TCGA-86-A456:21:42629148:C	BACE2	P400S	P400
tcga_mc3	TCGA-86-A456:2:44428678:G	PPM1B	D114Y	D114
tcga_mc3	TCGA-86-A4JF:11:13380012:C	ARNTL	R85W	R85
tcga_mc3	TCGA-86-A4JF:11:82705146:G	RAB30	Q38E	Q38
tcga_mc3	TCGA-86-A4JF:12:121154761:G	UNC119B	D187Y	D187
tcga_mc3	TCGA-86-A4JF:12:25398284:C	KRAS	G12V	G12
tcga_mc3	TCGA-86-A4JF:1:180163519:G	QSOX1	R487H	R487
tcga_mc3	TCGA-86-A4JF:5:109117128:A	MAN2A1	D469V	D469
tcga_mc3	TCGA-86-A4JF:7:100218578:T	TFR2	S770C	S770
tcga_mc3	TCGA-86-A4P7:12:4479909:G	FGF23	T119M	T119
tcga_mc3	TCGA-86-A4P7:1:38082234:G	RSPO1	R70C	R70
tcga_mc3	TCGA-91-6830:11:77051807:A	PAK1	Y334D	Y334
tcga_mc3	TCGA-91-6830:14:50085644:G	RPL36AL	A60G	A60
tcga_mc3	TCGA-91-6836:19:6665094:C	TNFSF14	R218L	R218
tcga_mc3	TCGA-91-6849:12:25398285:C	KRAS	G12C	G12
tcga_mc3	TCGA-91-6849:12:6761453:C	ING4	G211V	G211
tcga_mc3	TCGA-91-7771:14:74533589:C	ALDH6A1	G348E	G348
tcga_mc3	TCGA-91-8499:6:4056594:G	PRPF4B	G836W	G836
tcga_mc3	TCGA-91-A4BC:5:180218759:C	MGAT1	D405Y	D405
tcga_mc3	TCGA-91-A4BC:9:6477774:C	UHRF2	P376T	P376
tcga_mc3	TCGA-93-7347:12:25398285:C	KRAS	G12C	G12
tcga_mc3	TCGA-93-7348:12:32908428:C	YARS2	K127N	K127
tcga_mc3	TCGA-93-7348:3:178936082:G	PIK3CA	E542K	E542
tcga_mc3	TCGA-93-8067:12:25398284:C	KRAS	G12V	G12
tcga_mc3	TCGA-93-8067:17:7577085:C	TP53	E285K	E285
tcga_mc3	TCGA-93-A4JP:7:55259524:T	EGFR	L861Q	L861
tcga_mc3	TCGA-95-7039:17:7577120:C	TP53	R273L	R273
tcga_mc3	TCGA-95-7043:17:7578457:C	TP53	R158L	R158
tcga_mc3	TCGA-95-7043:2:87085357:C	CD8B	A76S	A76
tcga_mc3	TCGA-95-7043:3:147128676:G	ZIC1	E259D	E259
tcga_mc3	TCGA-95-7043:9:8319965:C	PTPRD	A1846T	A1846
tcga_mc3	TCGA-95-7562:12:25398285:C	KRAS	G12C	G12
tcga_mc3	TCGA-95-7562:14:81670444:C	GTF2A1	W46S	W46
tcga_mc3	TCGA-95-7567:12:25398284:C	KRAS	G12V	G12
tcga_mc3	TCGA-95-7567:20:57484421:G	GNAS	R201H	R201
tcga_mc3	TCGA-95-7944:10:90773980:G	FAS	E261K	E261
tcga_mc3	TCGA-95-7944:2:74071950:G	STAMBP	E72K	E72
tcga_mc3	TCGA-95-7948:22:19222139:G	CLTCL1	R354C	R354
tcga_mc3	TCGA-95-7948:3:178936091:G	PIK3CA	E545K	E545
tcga_mc3	TCGA-95-8494:17:7578534:C	TP53	K132N	K132
tcga_mc3	TCGA-95-8494:2:121036307:G	RALB	G23R	G23
tcga_mc3	TCGA-95-8494:2:209113202:A	IDH1	I102T	I102
tcga_mc3	TCGA-95-A4VK:12:25398284:C	KRAS	G12V	G12
tcga_mc3	TCGA-95-A4VK:22:50716156:C	PLXNB2	R1687L	R1687
tcga_mc3	TCGA-95-A4VN:12:25398284:C	KRAS	G12V	G12
tcga_mc3	TCGA-95-A4VP:19:1220487:G	STK11	D194H	D194
tcga_mc3	TCGA-97-7546:12:15095548:A	ARHGDIB	Y172H	Y172
tcga_mc3	TCGA-97-7546:5:122281823:A	SNX24	Q73L	Q73
tcga_mc3	TCGA-97-7547:1:198713307:C	PTPRC	P941R	P941
tcga_mc3	TCGA-97-7554:12:25398284:C	KRAS	G12V	G12
tcga_mc3	TCGA-97-7554:17:7577536:T	TP53	R249W	R249
tcga_mc3	TCGA-97-7554:3:151545806:G	AADAC	G349E	G349
tcga_mc3	TCGA-97-7937:17:7577547:C	TP53	G245V	G245
tcga_mc3	TCGA-97-7938:12:25398285:C	KRAS	G12C	G12
tcga_mc3	TCGA-97-7938:2:98263849:A	COX5B	R74G	R74
tcga_mc3	TCGA-97-7938:7:151962165:G	KMT2C	A381E	A381
tcga_mc3	TCGA-97-7941:12:25398284:C	KRAS	G12A	G12
tcga_mc3	TCGA-97-8172:17:67521099:T	MAP2K6	W241R	W241
tcga_mc3	TCGA-97-8174:8:11420538:G	BLK	V411F	V411
tcga_mc3	TCGA-97-8176:12:25398285:C	KRAS	G12S	G12
tcga_mc3	TCGA-97-8177:7:55259515:T	EGFR	L858R	L858
tcga_mc3	TCGA-97-8179:17:7577120:C	TP53	R273L	R273
tcga_mc3	TCGA-97-8179:1:205744038:G	RAB7L1	A16G	A16
tcga_mc3	TCGA-97-8547:11:63419431:C	ATL3	E180K	E180
tcga_mc3	TCGA-97-A4LX:17:7577556:C	TP53	C242F	C242
tcga_mc3	TCGA-97-A4LX:1:95001593:T	F3	N114Y	N114
tcga_mc3	TCGA-97-A4M0:12:104517137:G	NFYB	S99F	S99
tcga_mc3	TCGA-97-A4M0:12:110032875:G	MVK	V310L	V310
tcga_mc3	TCGA-97-A4M0:12:112926892:G	PTPN11	M508I	M508
tcga_mc3	TCGA-97-A4M1:7:55259515:T	EGFR	L858R	L858
tcga_mc3	TCGA-97-A4M3:2:39281778:T	SOS1	N233Y	N233
tcga_mc3	TCGA-97-A4M3:3:93780124:T	DHFRL1	R78G	R78
tcga_mc3	TCGA-97-A4M7:7:55259515:T	EGFR	L858R	L858
tcga_mc3	TCGA-99-7458:16:31121042:C	BCKDK	R105S	R105
tcga_mc3	TCGA-99-7458:2:88474273:G	THNSL2	K113N	K113
tcga_mc3	TCGA-99-7458:6:147704039:G	STXBP5	A1107S	A1107
tcga_mc3	TCGA-99-8028:12:25398285:C	KRAS	G12C	G12
tcga_mc3	TCGA-99-8028:17:7577556:C	TP53	C242F	C242
tcga_mc3	TCGA-99-8032:12:25398285:C	KRAS	G12C	G12
tcga_mc3	TCGA-99-8032:22:39822784:G	TAB1	R333P	R333
tcga_mc3	TCGA-99-8033:10:94223586:G	IDE	A888E	A888
tcga_mc3	TCGA-99-8033:12:25398282:C	KRAS	G13C	G13
tcga_mc3	TCGA-J2-8194:12:25398285:C	KRAS	G12C	G12
tcga_mc3	TCGA-J2-A4AG:12:25398284:C	KRAS	G12D	G12
tcga_mc3	TCGA-L9-A443:1:165872427:G	UCK2	D170Y	D170
tcga_mc3	TCGA-L9-A444:4:68699015:C	TMPRSS11D	W200S	W200
tcga_mc3	TCGA-L9-A444:7:151962236:G	KMT2C	F357L	F357
tcga_mc3	TCGA-L9-A50W:7:55259515:T	EGFR	L858R	L858
tcga_mc3	TCGA-L9-A5IP:3:195009889:C	ACAP2	S712I	S712
tcga_mc3	TCGA-L9-A7SV:17:74717952:C	JMJD6	S290I	S290
tcga_mc3	TCGA-L9-A7SV:17:7577120:C	TP53	R273L	R273
tcga_mc3	TCGA-L9-A7SV:21:37442687:G	CBR1	G92C	G92
tcga_mc3	TCGA-L9-A7SV:2:113308538:C	POLR1B	R241G	R241
tcga_mc3	TCGA-L9-A7SV:3:160129708:G	SMC4	G230C	G230
tcga_mc3	TCGA-L9-A8F4:17:7577539:G	TP53	R248W	R248
tcga_mc3	TCGA-L9-A8F4:2:158991296:A	UPP2	D283G	D283
tcga_mc3	TCGA-MN-A4N1:9:8319964:G	PTPRD	A1846E	A1846
tcga_mc3	TCGA-MN-A4N4:17:7577117:A	TP53	V274D	V274
tcga_mc3	TCGA-MN-A4N4:1:44713611:C	ERI3	D311Y	D311
tcga_mc3	TCGA-MN-A4N4:2:181922478:G	UBE2E3	G102C	G102
tcga_mc3	TCGA-MN-A4N5:12:25398285:C	KRAS	G12C	G12
tcga_mc3	TCGA-MN-A4N5:6:26123854:C	HIST1H2BC	R93S	R93
tcga_mc3	TCGA-MP-A4SV:17:7577574:T	TP53	Y236C	Y236
tcga_mc3	TCGA-MP-A4SW:19:52715982:C	PPP2R1A	R183W	R183
tcga_mc3	TCGA-MP-A4SW:7:55259515:T	EGFR	L858R	L858
tcga_mc3	TCGA-MP-A4SY:3:178952085:A	PIK3CA	H1047R	H1047
tcga_mc3	TCGA-MP-A4T4:20:62172643:C	SRMS	E396K	E396
tcga_mc3	TCGA-MP-A4T7:12:25398284:C	KRAS	G12V	G12
tcga_mc3	TCGA-MP-A4T8:12:25398284:C	KRAS	G12D	G12
tcga_mc3	TCGA-MP-A4TD:12:25398285:C	KRAS	G12C	G12
tcga_mc3	TCGA-MP-A4TE:12:25398285:C	KRAS	G12C	G12
tcga_mc3	TCGA-MP-A4TF:12:25398285:C	KRAS	G12C	G12
tcga_mc3	TCGA-MP-A4TF:15:41798201:G	LTK	A515V	A515
tcga_mc3	TCGA-MP-A4TF:17:7577535:C	TP53	R249M	R249
tcga_mc3	TCGA-MP-A4TI:12:25398285:C	KRAS	G12C	G12
tcga_mc3	TCGA-MP-A4TI:12:32908175:C	YARS2	E212K	E212
tcga_mc3	TCGA-MP-A4TK:12:25398284:C	KRAS	G12V	G12
tcga_mc3	TCGA-MP-A4TK:17:7577556:C	TP53	C242F	C242
tcga_mc3	TCGA-NJ-A4YF:7:141443384:G	SSBP1	G37W	G37
tcga_mc3	TCGA-NJ-A4YG:12:25398284:C	KRAS	G12D	G12
tcga_mc3	TCGA-NJ-A4YI:12:25398285:C	KRAS	G12C	G12
tcga_mc3	TCGA-NJ-A4YQ:6:111067334:T	CDK19	I67V	I67
tcga_mc3	TCGA-NJ-A55O:12:25398285:C	KRAS	G12C	G12
tcga_mc3	TCGA-NJ-A55R:12:25398284:C	KRAS	G12A	G12
tcga_mc3	TCGA-S2-AA1A:1:197026199:C	F13B	G372A	G372
tcga_mc3	TCGA-18-3408:17:7577556:C	TP53	C242F	C242
tcga_mc3	TCGA-18-3410:2:242662685:T	ING5	W227R	W227
tcga_mc3	TCGA-18-3410:3:178936091:G	PIK3CA	E545K	E545
tcga_mc3	TCGA-18-3410:3:52265552:G	TWF2	R96G	R96
tcga_mc3	TCGA-18-3412:17:7577568:C	TP53	C238S	C238
tcga_mc3	TCGA-18-3414:11:534286:C	HRAS	G13C	G13
tcga_mc3	TCGA-18-3414:17:7577120:C	TP53	R273L	R273
tcga_mc3	TCGA-18-3417:10:89692898:A	PTEN	K128Q	K128
tcga_mc3	TCGA-18-4083:4:178355561:C	AGA	D261N	D261
tcga_mc3	TCGA-18-5592:13:111926211:T	ARHGEF7	I396T	I396
tcga_mc3	TCGA-21-1071:3:178936091:G	PIK3CA	E545K	E545
tcga_mc3	TCGA-21-1076:17:7578442:T	TP53	Y163C	Y163
tcga_mc3	TCGA-21-1076:3:134967254:C	EPHB1	R865W	R865
tcga_mc3	TCGA-21-5782:3:178952085:A	PIK3CA	H1047R	H1047
tcga_mc3	TCGA-21-5783:11:534288:C	HRAS	G12V	G12
tcga_mc3	TCGA-21-5783:12:25398279:C	KRAS	V14I	V14
tcga_mc3	TCGA-21-5786:1:89322963:C	GTF2B	R248M	R248
tcga_mc3	TCGA-21-5787:16:31388586:G	ITGAX	S930I	S930
tcga_mc3	TCGA-21-5787:1:116280898:C	CASQ2	R160L	R160
tcga_mc3	TCGA-21-5787:7:124493080:C	POT1	G272V	G272
tcga_mc3	TCGA-22-0940:9:21971036:C	CDKN2A	D108Y	D108
tcga_mc3	TCGA-22-0940:9:32436269:C	ACO1	N707K	N707
tcga_mc3	TCGA-22-0944:11:82549495:C	PRCP	R403M	R403
tcga_mc3	TCGA-22-0944:17:7577580:T	TP53	Y234C	Y234
tcga_mc3	TCGA-22-1005:6:31901497:G	CFB	G185W	G185
tcga_mc3	TCGA-22-1005:7:87020954:C	CROT	R451C	R451
tcga_mc3	TCGA-22-1012:5:16694658:G	MYO10	R1208C	R1208
tcga_mc3	TCGA-22-4593:9:21971017:G	CDKN2A	P114L	P114
tcga_mc3	TCGA-22-4599:17:7577548:C	TP53	G245C	G245
tcga_mc3	TCGA-22-4599:1:46812705:C	NSUN4	P184S	P184
tcga_mc3	TCGA-22-4599:9:21971036:C	CDKN2A	D108Y	D108
tcga_mc3	TCGA-22-4601:17:7577121:G	TP53	R273C	R273
tcga_mc3	TCGA-22-4604:4:153247252:C	FBXW7	G517E	G517
tcga_mc3	TCGA-22-4605:4:155508746:C	FGA	R143L	R143
tcga_mc3	TCGA-22-4607:17:7578403:C	TP53	C176F	C176
tcga_mc3	TCGA-22-4613:17:7577574:T	TP53	Y236C	Y236
tcga_mc3	TCGA-22-4613:2:182543262:C	NEUROD1	R109L	R109
tcga_mc3	TCGA-22-4613:3:178936091:G	PIK3CA	E545K	E545
tcga_mc3	TCGA-22-4613:6:63990387:A	LGSN	C357S	C357
tcga_mc3	TCGA-22-5471:17:7577539:G	TP53	R248W	R248
tcga_mc3	TCGA-22-5472:20:62120333:A	EEF1A2	I401T	I401
tcga_mc3	TCGA-22-5473:3:178936082:G	PIK3CA	E542K	E542
tcga_mc3	TCGA-22-5477:17:7578461:C	TP53	V157F	V157
tcga_mc3	TCGA-22-5477:9:21971036:C	CDKN2A	D108Y	D108
tcga_mc3	TCGA-22-5479:3:178936082:G	PIK3CA	E542K	E542
tcga_mc3	TCGA-22-5479:3:48562998:C	PFKFB4	E364D	E364
tcga_mc3	TCGA-22-5481:17:7577580:T	TP53	Y234C	Y234
tcga_mc3	TCGA-22-5483:3:151545425:T	AADAC	L222P	L222
tcga_mc3	TCGA-22-5485:17:64210612:T	APOH	Q314L	Q314
tcga_mc3	TCGA-22-5491:14:102483504:G	DYNC1H1	R2643L	R2643
tcga_mc3	TCGA-22-A5C4:7:16341079:G	ISPD	R268G	R268
tcga_mc3	TCGA-33-4532:2:139310159:G	SPOPL	D130Y	D130
tcga_mc3	TCGA-33-4566:1:60073511:G	FGGY	G314W	G314
tcga_mc3	TCGA-33-4566:1:65849883:G	DNAJC6	R168L	R168
tcga_mc3	TCGA-33-4583:17:7577536:T	TP53	R249W	R249
tcga_mc3	TCGA-33-4583:17:7578457:C	TP53	R158L	R158
tcga_mc3	TCGA-33-4583:2:24046409:C	ATAD2B	C617Y	C617
tcga_mc3	TCGA-33-4586:17:7577538:C	TP53	R248Q	R248
tcga_mc3	TCGA-33-4587:15:42373774:C	PLA2G4D	C287F	C287
tcga_mc3	TCGA-33-4589:9:21971108:C	CDKN2A	D84Y	D84
tcga_mc3	TCGA-33-A4WN:13:73649905:G	KLF5	E419Q	E419
tcga_mc3	TCGA-33-A4WN:17:7577548:C	TP53	G245C	G245
tcga_mc3	TCGA-33-A4WN:1:167874240:C	ADCY10	D47H	D47
tcga_mc3	TCGA-33-A4WN:3:178936082:G	PIK3CA	E542K	E542
tcga_mc3	TCGA-33-AASB:17:7578461:C	TP53	V157F	V157
tcga_mc3	TCGA-33-AASB:6:129774163:T	LAMA2	C2154S	C2154
tcga_mc3	TCGA-33-AASB:9:125143995:G	PTGS1	R244L	R244
tcga_mc3	TCGA-33-AASI:17:7578394:T	TP53	H179R	H179
tcga_mc3	TCGA-33-AASI:6:128304515:C	PTPRK	A1086S	A1086
tcga_mc3	TCGA-33-AASL:17:7578407:G	TP53	R175G	R175
tcga_mc3	TCGA-34-2596:9:21971036:C	CDKN2A	D108Y	D108
tcga_mc3	TCGA-34-2600:1:38463723:G	FHL3	S138F	S138
tcga_mc3	TCGA-34-2600:5:158749482:C	IL12B	K134N	K134
tcga_mc3	TCGA-34-2600:5:889243:C	BRD9	D167Y	D167
tcga_mc3	TCGA-34-2608:17:7578457:C	TP53	R158L	R158
tcga_mc3	TCGA-34-2609:19:48643396:G	LIG1	R307G	R307
tcga_mc3	TCGA-34-5231:10:103339394:G	POLL	S515C	S515
tcga_mc3	TCGA-34-5231:3:105439079:C	CBLB	G407C	G407
tcga_mc3	TCGA-34-5232:17:7577097:C	TP53	D281Y	D281
tcga_mc3	TCGA-34-5236:17:7578535:T	TP53	K132R	K132
tcga_mc3	TCGA-34-5240:17:7577548:C	TP53	G245S	G245
tcga_mc3	TCGA-34-5928:2:225422481:A	CUL3	S53R	S53
tcga_mc3	TCGA-34-5929:17:7577094:G	TP53	R282W	R282
tcga_mc3	TCGA-34-7107:17:7578457:C	TP53	R158L	R158
tcga_mc3	TCGA-34-7107:17:7578467:T	TP53	T155P	T155
tcga_mc3	TCGA-34-8454:20:45905504:G	ZMYND8	S325C	S325
tcga_mc3	TCGA-34-8454:3:178936091:G	PIK3CA	E545Q	E545
tcga_mc3	TCGA-34-8455:17:7577534:C	TP53	R249S	R249
tcga_mc3	TCGA-34-A5IX:17:7578454:G	TP53	A159V	A159
tcga_mc3	TCGA-34-A5IX:19:39191265:A	ACTN4	H63L	H63
tcga_mc3	TCGA-37-3792:17:7577550:C	TP53	G244V	G244
tcga_mc3	TCGA-37-3792:19:11143985:G	SMARCA4	R1189L	R1189
tcga_mc3	TCGA-37-4130:15:35086933:T	ACTC1	D26V	D26
tcga_mc3	TCGA-37-4130:17:33476027:A	UNC45B	R68S	R68
tcga_mc3	TCGA-37-4132:17:7577547:C	TP53	G245V	G245
tcga_mc3	TCGA-37-4132:7:107542825:G	DLD	C85F	C85
tcga_mc3	TCGA-37-4133:9:2081898:A	SMARCA2	M751V	M751
tcga_mc3	TCGA-37-4141:10:129877825:G	PTPRE	A632T	A632
tcga_mc3	TCGA-37-4141:17:7577556:C	TP53	C242F	C242
tcga_mc3	TCGA-37-4141:7:31378572:C	NEUROD6	R104K	R104
tcga_mc3	TCGA-37-4141:8:145151504:A	CYC1	Y210F	Y210
tcga_mc3	TCGA-37-5819:1:229676360:A	ABCB10	F399C	F399
tcga_mc3	TCGA-37-A5EL:14:96178700:G	TCL1A	R52S	R52
tcga_mc3	TCGA-37-A5EL:6:27114374:G	HIST1H2BK	N68K	N68
tcga_mc3	TCGA-37-A5EM:17:7578410:T	TP53	R174W	R174
tcga_mc3	TCGA-37-A5EM:1:161494936:C	HSPA6	A163E	A163
tcga_mc3	TCGA-37-A5EM:1:22987799:G	C1QB	D228H	D228
tcga_mc3	TCGA-37-A5EM:4:186508827:G	SORBS2	T1086N	T1086
tcga_mc3	TCGA-37-A5EN:17:7577548:C	TP53	G245C	G245
tcga_mc3	TCGA-39-5011:14:95557649:C	DICER1	K1806N	K1806
tcga_mc3	TCGA-39-5011:8:120598437:C	ENPP2	W452C	W452
tcga_mc3	TCGA-39-5016:17:7578407:G	TP53	R175G	R175
tcga_mc3	TCGA-39-5021:17:57733276:A	CLTC	D286V	D286
tcga_mc3	TCGA-39-5024:10:89692902:G	PTEN	G129E	G129
tcga_mc3	TCGA-39-5031:14:55369083:G	GCH1	S100L	S100
tcga_mc3	TCGA-39-5031:14:75747297:G	FOS	R143Q	R143
tcga_mc3	TCGA-39-5037:16:31383005:G	ITGAX	S687I	S687
tcga_mc3	TCGA-43-2576:4:178357451:C	AGA	G226V	G226
tcga_mc3	TCGA-43-2581:12:25398284:C	KRAS	G12V	G12
tcga_mc3	TCGA-43-2581:1:33138126:A	RBBP4	S348C	S348
tcga_mc3	TCGA-43-3394:17:53851197:G	PCTP	R151L	R151
tcga_mc3	TCGA-43-5668:17:7577120:C	TP53	R273L	R273
tcga_mc3	TCGA-43-5668:3:30713504:A	TGFBR2	K277E	K277
tcga_mc3	TCGA-43-6647:17:7577538:C	TP53	R248L	R248
tcga_mc3	TCGA-43-6770:12:15095562:A	ARHGDIB	L167P	L167
tcga_mc3	TCGA-43-6771:11:14316390:T	RRAS2	Q72L	Q72
tcga_mc3	TCGA-43-7656:17:7577106:G	TP53	P278S	P278
tcga_mc3	TCGA-43-7658:17:7578457:C	TP53	R158L	R158
tcga_mc3	TCGA-43-7658:2:106761733:C	UXS1	G124C	G124
tcga_mc3	TCGA-43-8115:17:7578442:T	TP53	Y163C	Y163
tcga_mc3	TCGA-43-8115:3:178952085:A	PIK3CA	H1047R	H1047
tcga_mc3	TCGA-43-8116:17:7577556:C	TP53	C242F	C242
tcga_mc3	TCGA-43-8116:3:45038690:G	EXOSC7	K122N	K122
tcga_mc3	TCGA-43-A475:17:7578461:C	TP53	V157F	V157
tcga_mc3	TCGA-43-A475:18:8296438:G	PTPRM	G930R	G930
tcga_mc3	TCGA-46-3765:17:7577120:C	TP53	R273H	R273
tcga_mc3	TCGA-46-3767:14:105246551:C	AKT1	E17K	E17
tcga_mc3	TCGA-46-3768:17:7577538:C	TP53	R248P	R248
tcga_mc3	TCGA-46-3769:7:106509912:T	PIK3CG	S636P	S636
tcga_mc3	TCGA-46-6026:14:50623738:T	SOS2	Y679F	Y679
tcga_mc3	TCGA-46-6026:3:47144879:C	SETD2	R1625H	R1625
tcga_mc3	TCGA-51-4079:3:178936091:G	PIK3CA	E545K	E545
tcga_mc3	TCGA-51-4081:17:7577120:C	TP53	R273L	R273
tcga_mc3	TCGA-51-4081:17:7578469:C	TP53	G154V	G154
tcga_mc3	TCGA-51-6867:17:7578190:T	TP53	Y220C	Y220
tcga_mc3	TCGA-52-7622:17:7578536:T	TP53	K132E	K132
tcga_mc3	TCGA-52-7810:3:178936091:G	PIK3CA	E545K	E545
tcga_mc3	TCGA-52-7811:3:178952085:A	PIK3CA	H1047L	H1047
tcga_mc3	TCGA-52-7812:3:178936091:G	PIK3CA	E545K	E545
tcga_mc3	TCGA-56-1622:10:88835729:T	GLUD1	Y193C	Y193
tcga_mc3	TCGA-56-1622:17:7574017:C	TP53	R337L	R337
tcga_mc3	TCGA-56-1622:7:151962204:C	KMT2C	G368V	G368
tcga_mc3	TCGA-56-5898:17:7578442:T	TP53	Y163C	Y163
tcga_mc3	TCGA-56-6545:17:7578461:C	TP53	V157F	V157
tcga_mc3	TCGA-56-6545:19:52716078:G	PPP2R1A	D215H	D215
tcga_mc3	TCGA-56-6545:22:30890178:G	SEC14L4	A180E	A180
tcga_mc3	TCGA-56-6546:17:7578395:G	TP53	H179Y	H179
tcga_mc3	TCGA-56-7221:4:1803568:C	FGFR3	S249C	S249
tcga_mc3	TCGA-56-7222:1:45798463:C	MUTYH	G180V	G180
tcga_mc3	TCGA-56-7222:1:45798464:C	MUTYH	G180C	G180
tcga_mc3	TCGA-56-7222:2:158617453:C	ACVR1	R401S	R401
tcga_mc3	TCGA-56-7222:5:36168428:C	SKP2	Q184K	Q184
tcga_mc3	TCGA-56-7223:11:105961323:G	AASDHPPT	R150T	R150
tcga_mc3	TCGA-56-7223:17:7578403:C	TP53	C176F	C176
tcga_mc3	TCGA-56-7223:7:128480724:C	FLNC	R558S	R558
tcga_mc3	TCGA-56-7731:16:27363941:G	IL4R	R198S	R198
tcga_mc3	TCGA-56-7731:19:34890214:G	GPI	D458Y	D458
tcga_mc3	TCGA-56-7731:9:21971111:G	CDKN2A	H83Y	H83
tcga_mc3	TCGA-56-7822:17:7578460:A	TP53	V157D	V157
tcga_mc3	TCGA-56-7822:1:236973854:C	MTR	S154F	S154
tcga_mc3	TCGA-56-7822:3:178936082:G	PIK3CA	E542K	E542
tcga_mc3	TCGA-56-7822:9:37428564:G	GRHPR	R163H	R163
tcga_mc3	TCGA-56-7823:8:41543726:T	ANK1	E1445V	E1445
tcga_mc3	TCGA-56-8083:6:17632923:C	NUP153	A873S	A873
tcga_mc3	TCGA-56-8304:1:161494939:G	HSPA6	G164E	G164
tcga_mc3	TCGA-56-8304:7:55211016:G	EGFR	G87C	G87
tcga_mc3	TCGA-56-8307:1:209773329:G	CAMK1G	G32R	G32
tcga_mc3	TCGA-56-8503:17:7577120:C	TP53	R273L	R273
tcga_mc3	TCGA-56-8504:16:30456597:C	SEPHS2	G151V	G151
tcga_mc3	TCGA-56-8504:17:7578454:G	TP53	A159V	A159
tcga_mc3	TCGA-56-8504:3:2908480:G	CNTN4	D167Y	D167
tcga_mc3	TCGA-56-8504:5:179222594:C	LTC4S	S23Y	S23
tcga_mc3	TCGA-56-A49D:17:7578536:T	TP53	K132Q	K132
tcga_mc3	TCGA-56-A49D:5:78415096:C	BHMT	R61G	R61
tcga_mc3	TCGA-56-A4BW:17:7578461:C	TP53	V157F	V157
tcga_mc3	TCGA-56-A4BW:19:34934787:C	UBA2	S207C	S207
tcga_mc3	TCGA-56-A4BY:17:7577550:C	TP53	G244D	G244
tcga_mc3	TCGA-56-A5DS:3:178936082:G	PIK3CA	E542K	E542
tcga_mc3	TCGA-58-8386:17:7577120:C	TP53	R273L	R273
tcga_mc3	TCGA-58-8387:11:534285:C	HRAS	G13V	G13
tcga_mc3	TCGA-58-8388:9:93983212:C	AUH	A240S	A240
tcga_mc3	TCGA-58-8391:17:7577547:C	TP53	G245V	G245
tcga_mc3	TCGA-58-8391:19:12995826:G	KLF1	A321E	A321
tcga_mc3	TCGA-58-8391:2:5833158:C	SOX11	A102V	A102
tcga_mc3	TCGA-58-8391:8:61749494:G	CHD7	G1370R	G1370
tcga_mc3	TCGA-58-8393:3:178936082:G	PIK3CA	E542K	E542
tcga_mc3	TCGA-58-A46K:17:7578457:C	TP53	R158L	R158
tcga_mc3	TCGA-58-A46K:22:42463824:C	NAGA	R90L	R90
tcga_mc3	TCGA-58-A46L:16:1820909:C	NME3	R122L	R122
tcga_mc3	TCGA-58-A46L:16:31382995:G	ITGAX	G684R	G684
tcga_mc3	TCGA-58-A46M:3:128990639:G	COPG1	G625C	G625
tcga_mc3	TCGA-58-A46M:7:154738093:T	PAXIP1	Q1059P	Q1059
tcga_mc3	TCGA-60-2695:3:178952085:A	PIK3CA	H1047L	H1047
tcga_mc3	TCGA-60-2698:1:55224180:C	PARS2	A219S	A219
tcga_mc3	TCGA-60-2703:17:7577580:T	TP53	Y234C	Y234
tcga_mc3	TCGA-60-2703:6:122733878:A	HSF2	Q100L	Q100
tcga_mc3	TCGA-60-2704:10:89692899:A	PTEN	K128M	K128
tcga_mc3	TCGA-60-2708:6:31828353:C	NEU1	G221W	G221
tcga_mc3	TCGA-60-2709:1:169489877:G	F5	S2025Y	S2025
tcga_mc3	TCGA-60-2710:17:7577550:C	TP53	G244D	G244
tcga_mc3	TCGA-60-2714:6:34309722:G	NUDT3	P43A	P43
tcga_mc3	TCGA-60-2714:8:63948230:C	GGH	R70T	R70
tcga_mc3	TCGA-60-2714:8:63948245:T	GGH	E65G	E65
tcga_mc3	TCGA-60-2720:17:7578190:T	TP53	Y220C	Y220
tcga_mc3	TCGA-60-2721:3:178936082:G	PIK3CA	E542K	E542
tcga_mc3	TCGA-60-2722:17:7578394:T	TP53	H179R	H179
tcga_mc3	TCGA-60-2722:4:153247289:G	FBXW7	R505G	R505
tcga_mc3	TCGA-60-2724:3:178952079:A	PIK3CA	D1045V	D1045
tcga_mc3	TCGA-60-2726:3:178936082:G	PIK3CA	E542K	E542
tcga_mc3	TCGA-63-5131:17:7578457:C	TP53	R158L	R158
tcga_mc3	TCGA-63-5131:19:12817544:C	TNPO2	D446H	D446
tcga_mc3	TCGA-63-6202:17:7578457:C	TP53	R158L	R158
tcga_mc3	TCGA-63-7020:17:7577111:G	TP53	A276D	A276
tcga_mc3	TCGA-63-7022:17:7577106:G	TP53	P278A	P278
tcga_mc3	TCGA-63-A5M9:9:21971108:C	CDKN2A	D84N	D84
tcga_mc3	TCGA-63-A5MH:3:178936082:G	PIK3CA	E542K	E542
tcga_mc3	TCGA-63-A5MI:14:55607035:C	LGALS3	R129C	R129
tcga_mc3	TCGA-63-A5MI:5:118877679:C	HSD17B4	A734G	A734
tcga_mc3	TCGA-63-A5ML:17:7577574:T	TP53	Y236C	Y236
tcga_mc3	TCGA-63-A5MM:1:40236245:C	OXCT2	R228H	R228
tcga_mc3	TCGA-63-A5MR:3:57994497:G	FLNB	R69L	R69
tcga_mc3	TCGA-63-A5MS:15:64717751:C	TRIP4	P499R	P499
tcga_mc3	TCGA-63-A5MU:17:7578461:C	TP53	V157F	V157
tcga_mc3	TCGA-63-A5MU:3:59999837:C	FHIT	D49Y	D49
tcga_mc3	TCGA-63-A5MY:17:7577120:C	TP53	R273P	R273
tcga_mc3	TCGA-66-2727:17:7577580:T	TP53	Y234C	Y234
tcga_mc3	TCGA-66-2734:17:7577534:C	TP53	R249S	R249
tcga_mc3	TCGA-66-2742:7:55259524:T	EGFR	L861Q	L861
tcga_mc3	TCGA-66-2744:11:74994459:G	ARRB1	R76C	R76
tcga_mc3	TCGA-66-2744:17:7578407:G	TP53	R175G	R175
tcga_mc3	TCGA-66-2744:1:55224198:C	PARS2	D213H	D213
tcga_mc3	TCGA-66-2755:17:7577120:C	TP53	R273P	R273
tcga_mc3	TCGA-66-2755:7:56087413:A	PSPH	M52T	M52
tcga_mc3	TCGA-66-2756:11:66206131:C	MRPL11	G32V	G32
tcga_mc3	TCGA-66-2756:11:82536067:C	PRCP	D458H	D458
tcga_mc3	TCGA-66-2756:7:55910723:C	SEPT14	R157L	R157
tcga_mc3	TCGA-66-2758:11:534285:C	HRAS	G13V	G13
tcga_mc3	TCGA-66-2759:17:7577536:T	TP53	R249G	R249
tcga_mc3	TCGA-66-2759:3:178936091:G	PIK3CA	E545K	E545
tcga_mc3	TCGA-66-2763:17:7577106:G	TP53	P278A	P278
tcga_mc3	TCGA-66-2766:11:67842266:A	CHKA	M183T	M183
tcga_mc3	TCGA-66-2766:1:16264403:C	SPEN	R3536G	R3536
tcga_mc3	TCGA-66-2766:3:178936091:G	PIK3CA	E545K	E545
tcga_mc3	TCGA-66-2767:6:26123851:C	HIST1H2BC	E94D	E94
tcga_mc3	TCGA-66-2769:10:97959872:C	BLNK	D352Y	D352
tcga_mc3	TCGA-66-2770:1:95709967:T	RWDD3	S96P	S96
tcga_mc3	TCGA-66-2773:11:64009984:G	FKBP2	C42Y	C42
tcga_mc3	TCGA-66-2777:11:75160035:C	GDPD5	R234H	R234
tcga_mc3	TCGA-66-2777:17:7577538:C	TP53	R248L	R248
tcga_mc3	TCGA-66-2783:13:73649905:G	KLF5	E419Q	E419
tcga_mc3	TCGA-66-2783:5:149441342:G	CSF1R	P566L	P566
tcga_mc3	TCGA-66-2783:7:151181828:C	RHEB	G63W	G63
tcga_mc3	TCGA-66-2785:13:73649905:G	KLF5	E419Q	E419
tcga_mc3	TCGA-66-2785:1:110050902:C	AMIGO1	W211C	W211
tcga_mc3	TCGA-66-2785:3:178936091:G	PIK3CA	E545K	E545
tcga_mc3	TCGA-66-2785:5:158223456:G	EBF1	P269R	P269
tcga_mc3	TCGA-66-2785:5:36168476:G	SKP2	G200C	G200
tcga_mc3	TCGA-66-2787:9:21974677:C	CDKN2A	Q50H	Q50
tcga_mc3	TCGA-66-2791:17:7577547:C	TP53	G245V	G245
tcga_mc3	TCGA-66-2791:1:206944254:A	IL10	C126R	C126
tcga_mc3	TCGA-66-2791:9:131345357:A	SPTAN1	D603G	D603
tcga_mc3	TCGA-66-2792:11:82708291:G	RAB30	T23M	T23
tcga_mc3	TCGA-66-2793:16:2035935:A	GFER	N175S	N175
tcga_mc3	TCGA-66-2793:18:61306559:C	SERPINB4	V210L	V210
tcga_mc3	TCGA-66-2795:17:7578457:C	TP53	R158L	R158
tcga_mc3	TCGA-66-2800:17:7577547:C	TP53	G245V	G245
tcga_mc3	TCGA-68-7755:4:153250867:G	FBXW7	S398Y	S398
tcga_mc3	TCGA-68-7755:6:129781451:G	LAMA2	C2325F	C2325
tcga_mc3	TCGA-68-7757:10:89692902:G	PTEN	G129E	G129
tcga_mc3	TCGA-68-7757:17:7577120:C	TP53	R273L	R273
tcga_mc3	TCGA-68-7757:3:178936083:A	PIK3CA	E542V	E542
tcga_mc3	TCGA-68-8250:16:88876892:C	APRT	R87Q	R87
tcga_mc3	TCGA-68-8250:1:145507700:G	RBM8A	G12R	G12
tcga_mc3	TCGA-68-8250:1:179086481:T	ABL2	K465T	K465
tcga_mc3	TCGA-68-8250:4:80975478:T	ANTXR2	Q195P	Q195
tcga_mc3	TCGA-6A-AB49:10:101643803:A	DNMBP	M1321K	M1321
tcga_mc3	TCGA-6A-AB49:7:151181836:T	RHEB	D60V	D60
tcga_mc3	TCGA-70-6722:7:55259524:T	EGFR	L861Q	L861
tcga_mc3	TCGA-70-6723:6:111995783:T	FYN	R442G	R442
tcga_mc3	TCGA-77-6842:17:7574026:C	TP53	G334V	G334
tcga_mc3	TCGA-77-6844:4:1803568:C	FGFR3	S249C	S249
tcga_mc3	TCGA-77-7140:1:55224234:C	PARS2	G201S	G201
tcga_mc3	TCGA-77-7141:17:7577118:C	TP53	V274F	V274
tcga_mc3	TCGA-77-7141:2:136566313:C	LCT	D1202N	D1202
tcga_mc3	TCGA-77-7142:5:86629102:C	RASA1	R283C	R283
tcga_mc3	TCGA-77-7335:13:73649905:G	KLF5	E419Q	E419
tcga_mc3	TCGA-77-7335:17:7577580:T	TP53	Y234C	Y234
tcga_mc3	TCGA-77-7337:11:105732806:A	GRIA4	S182C	S182
tcga_mc3	TCGA-77-7337:17:7578461:C	TP53	V157F	V157
tcga_mc3	TCGA-77-7337:3:170725020:C	SLC2A2	G177R	G177
tcga_mc3	TCGA-77-7338:17:7578454:G	TP53	A159V	A159
tcga_mc3	TCGA-77-7465:17:7577548:C	TP53	G245C	G245
tcga_mc3	TCGA-77-7465:18:61306551:C	SERPINB4	M212I	M212
tcga_mc3	TCGA-77-7465:19:12995820:G	KLF1	S323L	S323
tcga_mc3	TCGA-77-8133:17:7577539:G	TP53	R248W	R248
tcga_mc3	TCGA-77-8138:17:7578406:C	TP53	R175H	R175
tcga_mc3	TCGA-77-8139:6:44279864:T	AARS2	H127R	H127
tcga_mc3	TCGA-77-8143:10:89692790:G	PTEN	D92H	D92
tcga_mc3	TCGA-77-8145:3:178936082:G	PIK3CA	E542K	E542
tcga_mc3	TCGA-77-8148:4:24557886:T	DHX15	R283S	R283
tcga_mc3	TCGA-77-8148:5:149630366:G	CAMK2A	S234L	S234
tcga_mc3	TCGA-77-8150:17:7577580:T	TP53	Y234C	Y234
tcga_mc3	TCGA-77-8153:3:178936091:G	PIK3CA	E545Q	E545
tcga_mc3	TCGA-77-8154:17:7577106:G	TP53	P278A	P278
tcga_mc3	TCGA-77-8156:17:7574026:C	TP53	G334V	G334
tcga_mc3	TCGA-77-A5G3:17:7577538:C	TP53	R248L	R248
tcga_mc3	TCGA-77-A5G3:17:7577548:C	TP53	G245C	G245
tcga_mc3	TCGA-77-A5G3:18:40503728:C	RIT2	A79S	A79
tcga_mc3	TCGA-77-A5G3:1:205744025:C	RAB7L1	K20N	K20
tcga_mc3	TCGA-77-A5G3:2:165351018:C	GRB14	D467H	D467
tcga_mc3	TCGA-77-A5G6:10:88428473:G	LDB3	G9R	G9
tcga_mc3	TCGA-77-A5G6:17:7578394:T	TP53	H179R	H179
tcga_mc3	TCGA-77-A5G6:1:46812709:G	NSUN4	G185V	G185
tcga_mc3	TCGA-77-A5G6:3:178952085:A	PIK3CA	H1047R	H1047
tcga_mc3	TCGA-77-A5G8:17:7577113:A	TP53	C275W	C275
tcga_mc3	TCGA-77-A5GH:17:7578457:C	TP53	R158L	R158
tcga_mc3	TCGA-85-6561:3:148714590:G	GYG1	G127A	G127
tcga_mc3	TCGA-85-6798:17:7578190:T	TP53	Y220C	Y220
tcga_mc3	TCGA-85-7696:17:7577574:T	TP53	Y236C	Y236
tcga_mc3	TCGA-85-7698:6:26123856:T	HIST1H2BC	R93G	R93
tcga_mc3	TCGA-85-7699:17:7578457:C	TP53	R158L	R158
tcga_mc3	TCGA-85-7710:17:7578461:C	TP53	V157F	V157
tcga_mc3	TCGA-85-7710:3:178936091:G	PIK3CA	E545K	E545
tcga_mc3	TCGA-85-7843:21:18924097:G	CXADR	D81Y	D81
tcga_mc3	TCGA-85-7844:17:7577106:G	TP53	P278S	P278
tcga_mc3	TCGA-85-7844:19:15769550:T	CYP4F3	F443C	F443
tcga_mc3	TCGA-85-7950:7:128037021:T	IMPDH1	Q292L	Q292
tcga_mc3	TCGA-85-8049:17:7578469:C	TP53	G154V	G154
tcga_mc3	TCGA-85-8052:17:7577551:C	TP53	G244S	G244
tcga_mc3	TCGA-85-8071:9:21971110:T	CDKN2A	H83L	H83
tcga_mc3	TCGA-85-8072:6:26123919:C	HIST1H2BC	E72Q	E72
tcga_mc3	TCGA-85-8276:6:43578442:C	POLH	S409Y	S409
tcga_mc3	TCGA-85-8277:17:7578406:C	TP53	R175H	R175
tcga_mc3	TCGA-85-8350:9:21971108:C	CDKN2A	D84Y	D84
tcga_mc3	TCGA-85-8351:17:7578395:G	TP53	H179Y	H179
tcga_mc3	TCGA-85-8351:7:144288616:T	TPK1	Q134L	Q134
tcga_mc3	TCGA-85-8352:19:11123694:G	SMARCA4	G782C	G782
tcga_mc3	TCGA-85-8352:22:38055321:C	PDXP	R178C	R178
tcga_mc3	TCGA-85-8353:10:89692902:G	PTEN	G129E	G129
tcga_mc3	TCGA-85-8353:2:39281778:T	SOS1	N233Y	N233
tcga_mc3	TCGA-85-8355:14:65527924:T	FNTB	I403N	I403
tcga_mc3	TCGA-85-8355:16:48337117:A	LONP2	R566G	R566
tcga_mc3	TCGA-85-8355:9:21971107:T	CDKN2A	D84G	D84
tcga_mc3	TCGA-85-8580:17:7577534:C	TP53	R249S	R249
tcga_mc3	TCGA-85-8580:20:62120456:A	EEF1A2	V360A	V360
tcga_mc3	TCGA-85-8582:14:90437544:G	TDP1	G229R	G229
tcga_mc3	TCGA-85-8582:17:7577094:G	TP53	R282W	R282
tcga_mc3	TCGA-85-8664:17:7577094:G	TP53	R282W	R282
tcga_mc3	TCGA-85-A4CN:7:22767230:G	IL6	G63C	G63
tcga_mc3	TCGA-85-A4JB:14:74531596:G	ALDH6A1	P478S	P478
tcga_mc3	TCGA-85-A4QQ:17:7577120:C	TP53	R273L	R273
tcga_mc3	TCGA-85-A4QR:9:21971107:T	CDKN2A	D84G	D84
tcga_mc3	TCGA-85-A50M:9:21971108:C	CDKN2A	D84N	D84
tcga_mc3	TCGA-85-A510:17:7577536:T	TP53	R249G	R249
tcga_mc3	TCGA-85-A511:17:7577568:C	TP53	C238F	C238
tcga_mc3	TCGA-85-A512:1:243859016:C	AKT3	E17K	E17
tcga_mc3	TCGA-90-7766:17:7577534:C	TP53	R249S	R249
tcga_mc3	TCGA-90-7769:3:178952085:A	PIK3CA	H1047R	H1047
tcga_mc3	TCGA-90-7964:2:242407622:G	FARP2	C654F	C654
tcga_mc3	TCGA-90-7964:2:55873399:G	PNPT1	A578V	A578
tcga_mc3	TCGA-90-A4EE:17:7578457:C	TP53	R158L	R158
tcga_mc3	TCGA-92-7340:1:53699289:C	MAGOH	K61N	K61
tcga_mc3	TCGA-92-7340:2:38956730:G	GALM	D223H	D223
tcga_mc3	TCGA-92-8063:11:17140856:C	PIK3C2A	A951S	A951
tcga_mc3	TCGA-92-8063:11:534286:C	HRAS	G13C	G13
tcga_mc3	TCGA-92-8063:17:7578467:T	TP53	T155P	T155
tcga_mc3	TCGA-92-8064:11:111899288:A	DLAT	Y144C	Y144
tcga_mc3	TCGA-92-8065:3:122160899:C	KPNA1	D328H	D328
tcga_mc3	TCGA-92-8065:3:178936082:G	PIK3CA	E542K	E542
tcga_mc3	TCGA-94-7943:17:7577548:C	TP53	G245C	G245
tcga_mc3	TCGA-94-8490:11:111626165:G	PPP2R1B	R233C	R233
tcga_mc3	TCGA-94-8490:20:2641561:C	IDH3B	R131L	R131
tcga_mc3	TCGA-94-A4VJ:17:7577538:C	TP53	R248Q	R248
tcga_mc3	TCGA-94-A4VJ:22:20731542:C	USP41	G53C	G53
tcga_mc3	TCGA-94-A4VJ:7:100404134:T	EPHB4	T798A	T798
tcga_mc3	TCGA-94-A4VJ:7:39726327:G	RALA	G21S	G21
tcga_mc3	TCGA-94-A5I6:9:21971116:G	CDKN2A	P81L	P81
tcga_mc3	TCGA-96-7544:17:7578457:C	TP53	R158L	R158
tcga_mc3	TCGA-96-7544:4:39506928:T	UGDH	Y367C	Y367
tcga_mc3	TCGA-96-7544:6:63990294:C	LGSN	D388N	D388
tcga_mc3	TCGA-96-8169:12:110032875:G	MVK	V310M	V310
tcga_mc3	TCGA-96-A4JL:11:70052355:C	FADD	R135C	R135
tcga_mc3	TCGA-96-A4JL:15:66729175:G	MAP2K1	G128D	G128
tcga_mc3	TCGA-98-8020:17:7577539:G	TP53	R248W	R248
tcga_mc3	TCGA-98-8020:17:7578403:C	TP53	C176F	C176
tcga_mc3	TCGA-98-8021:12:121469414:G	OASL	S163F	S163
tcga_mc3	TCGA-98-8021:20:40086017:G	CHD6	R906C	R906
tcga_mc3	TCGA-98-8021:3:178936091:G	PIK3CA	E545K	E545
tcga_mc3	TCGA-98-8023:17:7577120:C	TP53	R273L	R273
tcga_mc3	TCGA-98-A538:12:15731863:C	PTPRO	T969K	T969
tcga_mc3	TCGA-98-A53J:13:73649905:G	KLF5	E419Q	E419
tcga_mc3	TCGA-98-A53J:17:7577094:G	TP53	R282W	R282
tcga_mc3	TCGA-J1-A4AH:2:9517089:C	ASAP2	S600F	S600
tcga_mc3	TCGA-L3-A524:17:7577580:T	TP53	Y234C	Y234
tcga_mc3	TCGA-LA-A446:3:178936082:G	PIK3CA	E542K	E542
tcga_mc3	TCGA-NC-A5HF:17:7578442:T	TP53	Y163C	Y163
tcga_mc3	TCGA-NC-A5HF:7:55910790:G	SEPT14	Q135K	Q135
tcga_mc3	TCGA-NC-A5HG:17:7577120:C	TP53	R273L	R273
tcga_mc3	TCGA-NC-A5HG:17:7577121:G	TP53	R273G	R273
tcga_mc3	TCGA-NC-A5HI:17:7577556:C	TP53	C242F	C242
tcga_mc3	TCGA-NC-A5HI:20:35545172:G	SAMHD1	R339C	R339
tcga_mc3	TCGA-NC-A5HI:5:140237075:C	PCDHA10	A481V	A481
tcga_mc3	TCGA-NC-A5HJ:16:3533516:A	NAA60	Y164C	Y164
tcga_mc3	TCGA-NC-A5HJ:4:155461199:C	PLRG1	D316Y	D316
tcga_mc3	TCGA-NC-A5HL:8:89180138:C	MMP16	D157Y	D157
tcga_mc3	TCGA-NC-A5HN:17:7577120:C	TP53	R273P	R273
tcga_mc3	TCGA-NC-A5HN:1:212870367:T	BATF3	K44R	K44
tcga_mc3	TCGA-NC-A5HN:9:125140838:G	PTGS1	R113L	R113
tcga_mc3	TCGA-NC-A5HP:17:7577548:C	TP53	G245R	G245
tcga_mc3	TCGA-NC-A5HP:9:21971111:G	CDKN2A	H83Y	H83
tcga_mc3	TCGA-NC-A5HQ:3:178936091:G	PIK3CA	E545K	E545
tcga_mc3	TCGA-NC-A5HT:1:115258745:C	NRAS	G13R	G13
tcga_mc3	TCGA-NK-A5CR:17:7578457:C	TP53	R158L	R158
tcga_mc3	TCGA-NK-A5CT:17:7578461:C	TP53	V157F	V157
tcga_mc3	TCGA-NK-A5CT:19:40762959:C	AKT2	E17K	E17
tcga_mc3	TCGA-O2-A52Q:6:31779260:C	HSPA1L	G164C	G164
tcga_mc3	TCGA-O2-A52Q:6:41904406:G	CCND3	S201Y	S201
tcga_mc3	TCGA-O2-A52V:17:7578403:C	TP53	C176Y	C176
tcga_mc3	TCGA-O2-A52W:17:7577538:C	TP53	R248Q	R248
tcga_mc3	TCGA-O2-A5IB:18:40554044:C	RIT2	G77S	G77
tcga_mc3	TCGA-O2-A5IB:5:37815928:G	GDNF	T154I	T154
tcga_mc3	TCGA-O2-A5IB:7:107543924:C	DLD	A90D	A90
tcga_mc3	TCGA-XC-AA0X:16:84118693:T	MBTPS1	Y394C	Y394
tcga_mc3	TCGA-XC-AA0X:17:7578457:C	TP53	R158L	R158
tcga_mc3	TCGA-3H-AB3L:17:7578534:C	TP53	K132N	K132
tcga_mc3	TCGA-3U-A98I:17:7577121:G	TP53	R273C	R273
tcga_mc3	TCGA-NQ-A57I:12:25398285:C	KRAS	G12C	G12
tcga_mc3	TCGA-SC-A6LP:17:7577120:C	TP53	R273H	R273
tcga_mc3	TCGA-SC-AA5Z:17:7577568:C	TP53	C238F	C238
tcga_mc3	TCGA-TS-A7OU:17:7577550:C	TP53	G244D	G244
tcga_mc3	TCGA-TS-A7P8:2:27322362:A	KHK	D243A	D243
tcga_mc3	TCGA-UD-AAC1:17:7577548:C	TP53	G245S	G245
tcga_mc3	TCGA-UD-AAC1:19:11143993:C	SMARCA4	R1192C	R1192
tcga_mc3	TCGA-UD-AAC1:21:43852251:G	UBASH3A	G404R	G404
tcga_mc3	TCGA-UD-AAC1:9:97355860:C	FBP2	R50H	R50
tcga_mc3	TCGA-UT-A88E:2:209025629:G	CRYGA	R142W	R142
tcga_mc3	TCGA-XT-AASU:3:89499424:G	EPHA3	R865M	R865
tcga_mc3	TCGA-10-0934:17:7577120:C	TP53	R273H	R273
tcga_mc3	TCGA-10-0934:17:7577538:C	TP53	R248Q	R248
tcga_mc3	TCGA-13-1477:11:110327648:G	FDX1	C106F	C106
tcga_mc3	TCGA-13-1500:17:7577539:G	TP53	R248W	R248
tcga_mc3	TCGA-13-1505:2:219447753:C	RQCD1	N88K	N88
tcga_mc3	TCGA-13-2057:17:7578406:C	TP53	R175H	R175
tcga_mc3	TCGA-13-A5FU:17:7577120:C	TP53	R273H	R273
tcga_mc3	TCGA-23-1110:17:7578403:C	TP53	C176Y	C176
tcga_mc3	TCGA-23-2643:17:7577538:C	TP53	R248Q	R248
tcga_mc3	TCGA-29-2434:16:53859939:G	FTO	R96L	R96
tcga_mc3	TCGA-29-2434:17:7577095:G	TP53	D281E	D281
tcga_mc3	TCGA-36-2530:17:37868208:C	ERBB2	S310F	S310
tcga_mc3	TCGA-3P-A9WA:17:7577120:C	TP53	R273L	R273
tcga_mc3	TCGA-42-2582:17:7577120:C	TP53	R273H	R273
tcga_mc3	TCGA-42-2587:17:7577568:C	TP53	C238Y	C238
tcga_mc3	TCGA-42-2589:17:7578403:C	TP53	C176Y	C176
tcga_mc3	TCGA-42-2593:3:151545797:G	AADAC	R346I	R346
tcga_mc3	TCGA-59-2372:17:7578406:C	TP53	R175H	R175
tcga_mc3	TCGA-VG-A8LO:17:7577538:C	TP53	R248Q	R248
tcga_mc3	TCGA-2J-AAB1:12:25398285:C	KRAS	G12R	G12
tcga_mc3	TCGA-2J-AAB4:12:25398284:C	KRAS	G12V	G12
tcga_mc3	TCGA-2J-AAB6:12:25398284:C	KRAS	G12V	G12
tcga_mc3	TCGA-2J-AAB6:17:7577120:C	TP53	R273H	R273
tcga_mc3	TCGA-2J-AAB8:12:25398285:C	KRAS	G12R	G12
tcga_mc3	TCGA-2J-AAB9:7:87190672:A	ABCB1	L245S	L245
tcga_mc3	TCGA-2J-AABE:12:25398285:C	KRAS	G12R	G12
tcga_mc3	TCGA-2J-AABF:12:25398284:C	KRAS	G12D	G12
tcga_mc3	TCGA-2J-AABF:16:3533506:C	NAA60	L161F	L161
tcga_mc3	TCGA-2J-AABH:12:25398284:C	KRAS	G12V	G12
tcga_mc3	TCGA-2J-AABO:12:25398284:C	KRAS	G12V	G12
tcga_mc3	TCGA-2J-AABT:12:25398285:C	KRAS	G12R	G12
tcga_mc3	TCGA-2J-AABU:12:25398285:C	KRAS	G12R	G12
tcga_mc3	TCGA-2L-AAQA:17:7578406:C	TP53	R175H	R175
tcga_mc3	TCGA-2L-AAQE:12:25398284:C	KRAS	G12D	G12
tcga_mc3	TCGA-2L-AAQE:9:21971111:G	CDKN2A	H83Y	H83
tcga_mc3	TCGA-2L-AAQI:12:25398284:C	KRAS	G12V	G12
tcga_mc3	TCGA-2L-AAQJ:12:25398284:C	KRAS	G12D	G12
tcga_mc3	TCGA-3A-A9I7:12:25398284:C	KRAS	G12D	G12
tcga_mc3	TCGA-3A-A9I9:12:25398285:C	KRAS	G12R	G12
tcga_mc3	TCGA-3A-A9I9:17:7577548:C	TP53	G245S	G245
tcga_mc3	TCGA-3A-A9IB:12:25398284:C	KRAS	G12D	G12
tcga_mc3	TCGA-3A-A9IC:12:25398285:C	KRAS	G12R	G12
tcga_mc3	TCGA-3A-A9IC:3:30732964:A	TGFBR2	E526V	E526
tcga_mc3	TCGA-3A-A9IH:12:25398285:C	KRAS	G12R	G12
tcga_mc3	TCGA-3A-A9IH:18:48575093:C	SMAD4	A96D	A96
tcga_mc3	TCGA-3A-A9IU:12:25398284:C	KRAS	G12D	G12
tcga_mc3	TCGA-3E-AAAZ:12:25398284:C	KRAS	G12V	G12
tcga_mc3	TCGA-3E-AAAZ:18:48591889:A	SMAD4	D351A	D351
tcga_mc3	TCGA-F2-6879:12:25398284:C	KRAS	G12V	G12
tcga_mc3	TCGA-F2-A44G:12:25398284:C	KRAS	G12D	G12
tcga_mc3	TCGA-F2-A8YN:12:25398285:C	KRAS	G12R	G12
tcga_mc3	TCGA-FB-A545:12:25398284:C	KRAS	G12V	G12
tcga_mc3	TCGA-FB-A78T:12:25398282:C	KRAS	G13C	G13
tcga_mc3	TCGA-FB-A78T:12:25398284:C	KRAS	G12A	G12
tcga_mc3	TCGA-FB-A78T:17:7577538:C	TP53	R248L	R248
tcga_mc3	TCGA-FB-A7DR:12:25398284:C	KRAS	G12V	G12
tcga_mc3	TCGA-FB-AAPP:20:57484420:C	GNAS	R201C	R201
tcga_mc3	TCGA-FB-AAPQ:10:129877829:G	PTPRE	G633V	G633
tcga_mc3	TCGA-FB-AAPQ:12:25398284:C	KRAS	G12D	G12
tcga_mc3	TCGA-FB-AAPQ:18:48591919:G	SMAD4	R361H	R361
tcga_mc3	TCGA-FB-AAPU:12:25398285:C	KRAS	G12R	G12
tcga_mc3	TCGA-FB-AAPY:12:25398284:C	KRAS	G12D	G12
tcga_mc3	TCGA-FB-AAPZ:12:25398285:C	KRAS	G12R	G12
tcga_mc3	TCGA-FB-AAQ0:11:111626165:G	PPP2R1B	R233C	R233
tcga_mc3	TCGA-FB-AAQ0:12:25398285:C	KRAS	G12R	G12
tcga_mc3	TCGA-FB-AAQ1:12:25398284:C	KRAS	G12D	G12
tcga_mc3	TCGA-FB-AAQ2:12:25398284:C	KRAS	G12D	G12
tcga_mc3	TCGA-FB-AAQ3:12:25398284:C	KRAS	G12D	G12
tcga_mc3	TCGA-FB-AAQ6:12:25398284:C	KRAS	G12V	G12
tcga_mc3	TCGA-FB-AAQ6:17:7577538:C	TP53	R248Q	R248
tcga_mc3	TCGA-FB-AAQ6:18:48591892:G	SMAD4	G352V	G352
tcga_mc3	TCGA-FZ-5919:12:25398284:C	KRAS	G12D	G12
tcga_mc3	TCGA-FZ-5920:12:25398284:C	KRAS	G12D	G12
tcga_mc3	TCGA-FZ-5923:12:25398284:C	KRAS	G12D	G12
tcga_mc3	TCGA-FZ-5923:18:48591918:C	SMAD4	R361C	R361
tcga_mc3	TCGA-FZ-5926:12:25398284:C	KRAS	G12D	G12
tcga_mc3	TCGA-FZ-5926:17:7577120:C	TP53	R273H	R273
tcga_mc3	TCGA-H6-8124:12:25398284:C	KRAS	G12V	G12
tcga_mc3	TCGA-H8-A6C1:12:25398284:C	KRAS	G12V	G12
tcga_mc3	TCGA-HV-A5A3:12:25398284:C	KRAS	G12D	G12
tcga_mc3	TCGA-HV-A5A3:17:7577539:G	TP53	R248W	R248
tcga_mc3	TCGA-HV-A5A4:12:25398284:C	KRAS	G12V	G12
tcga_mc3	TCGA-HV-A5A4:16:67189164:G	TRADD	L155M	L155
tcga_mc3	TCGA-HV-A5A6:12:25398284:C	KRAS	G12D	G12
tcga_mc3	TCGA-HV-A7OL:12:25398284:C	KRAS	G12D	G12
tcga_mc3	TCGA-HV-AA8V:12:25398284:C	KRAS	G12V	G12
tcga_mc3	TCGA-HV-AA8V:20:57484420:C	GNAS	R201C	R201
tcga_mc3	TCGA-HV-AA8X:12:25398284:C	KRAS	G12D	G12
tcga_mc3	TCGA-HZ-7289:20:57484420:C	GNAS	R201C	R201
tcga_mc3	TCGA-HZ-7919:12:25398285:C	KRAS	G12R	G12
tcga_mc3	TCGA-HZ-7925:12:25398284:C	KRAS	G12V	G12
tcga_mc3	TCGA-HZ-7926:12:25398284:C	KRAS	G12D	G12
tcga_mc3	TCGA-HZ-8001:17:7577538:C	TP53	R248Q	R248
tcga_mc3	TCGA-HZ-8005:11:9166560:A	DENND5A	I1035T	I1035
tcga_mc3	TCGA-HZ-8315:12:25398284:C	KRAS	G12D	G12
tcga_mc3	TCGA-HZ-8317:20:57484421:G	GNAS	R201H	R201
tcga_mc3	TCGA-HZ-8317:3:49405942:A	RHOA	Y66N	Y66
tcga_mc3	TCGA-HZ-8636:12:25398284:C	KRAS	G12V	G12
tcga_mc3	TCGA-HZ-8637:12:25398284:C	KRAS	G12V	G12
tcga_mc3	TCGA-HZ-8637:17:7577548:C	TP53	G245S	G245
tcga_mc3	TCGA-HZ-A49G:17:7577114:C	TP53	C275F	C275
tcga_mc3	TCGA-HZ-A49H:12:25398284:C	KRAS	G12V	G12
tcga_mc3	TCGA-HZ-A49I:12:25398284:C	KRAS	G12D	G12
tcga_mc3	TCGA-HZ-A49I:17:7577544:A	TP53	M246R	M246
tcga_mc3	TCGA-HZ-A4BH:12:25398284:C	KRAS	G12D	G12
tcga_mc3	TCGA-HZ-A4BH:9:21971111:G	CDKN2A	H83D	H83
tcga_mc3	TCGA-HZ-A4BK:12:25398284:C	KRAS	G12D	G12
tcga_mc3	TCGA-HZ-A77O:12:25398284:C	KRAS	G12V	G12
tcga_mc3	TCGA-HZ-A77O:9:21971111:G	CDKN2A	H83Y	H83
tcga_mc3	TCGA-HZ-A77Q:12:25398285:C	KRAS	G12R	G12
tcga_mc3	TCGA-HZ-A8P1:12:25398284:C	KRAS	G12D	G12
tcga_mc3	TCGA-HZ-A9TJ:12:25398284:C	KRAS	G12V	G12
tcga_mc3	TCGA-HZ-A9TJ:17:7578406:C	TP53	R175H	R175
tcga_mc3	TCGA-IB-7644:12:25398284:C	KRAS	G12V	G12
tcga_mc3	TCGA-IB-7645:12:25398284:C	KRAS	G12V	G12
tcga_mc3	TCGA-IB-7646:12:25398284:C	KRAS	G12D	G12
tcga_mc3	TCGA-IB-7647:12:25398284:C	KRAS	G12V	G12
tcga_mc3	TCGA-IB-7647:17:7577539:G	TP53	R248W	R248
tcga_mc3	TCGA-IB-7651:10:101180479:T	GOT1	N68H	N68
tcga_mc3	TCGA-IB-7651:10:103542239:G	NPM3	P107L	P107
tcga_mc3	TCGA-IB-7651:10:62670660:C	RHOBTB1	R94H	R94
tcga_mc3	TCGA-IB-7651:10:94836365:A	CYP26A1	Y355C	Y355
tcga_mc3	TCGA-IB-7651:11:66834227:G	RHOD	R80H	R80
tcga_mc3	TCGA-IB-7651:12:10762505:C	MAGOHB	K63N	K63
tcga_mc3	TCGA-IB-7651:12:25398284:C	KRAS	G12D	G12
tcga_mc3	TCGA-IB-7651:15:56139215:C	NEDD4	R939S	R939
tcga_mc3	TCGA-IB-7651:16:3533542:G	NAA60	D173Y	D173
tcga_mc3	TCGA-IB-7651:17:37881332:G	ERBB2	V842I	V842
tcga_mc3	TCGA-IB-7651:18:47806310:C	MBD1	R18H	R18
tcga_mc3	TCGA-IB-7651:19:8386871:C	RPS28	S41Y	S41
tcga_mc3	TCGA-IB-7651:1:46827361:G	NSUN4	S333I	S333
tcga_mc3	TCGA-IB-7651:20:40118638:T	CHD6	E487G	E487
tcga_mc3	TCGA-IB-7651:22:38308422:C	MICALL1	S87Y	S87
tcga_mc3	TCGA-IB-7651:22:38505149:C	BAIAP2L2	A40T	A40
tcga_mc3	TCGA-IB-7651:22:41621043:C	L3MBTL2	L442M	L442
tcga_mc3	TCGA-IB-7651:2:128380907:G	MYO7B	S1233I	S1233
tcga_mc3	TCGA-IB-7651:2:130738170:A	RAB6C	Y161C	Y161
tcga_mc3	TCGA-IB-7651:2:98354262:G	ZAP70	E509K	E509
tcga_mc3	TCGA-IB-7651:3:139097937:G	COPB2	R103C	R103
tcga_mc3	TCGA-IB-7651:3:30732970:G	TGFBR2	R528H	R528
tcga_mc3	TCGA-IB-7651:3:52257562:C	TLR9	R257H	R257
tcga_mc3	TCGA-IB-7651:4:124177183:C	SPATA5	P785S	P785
tcga_mc3	TCGA-IB-7651:4:140599697:G	MGST2	S20N	S20
tcga_mc3	TCGA-IB-7651:5:133944084:A	SAR1B	L153S	L153
tcga_mc3	TCGA-IB-7651:5:134871080:C	NEUROG1	E101K	E101
tcga_mc3	TCGA-IB-7651:5:251561:C	SDHA	A591V	A591
tcga_mc3	TCGA-IB-7651:7:128496602:T	FLNC	S2428P	S2428
tcga_mc3	TCGA-IB-7651:7:74114664:C	GTF2I	P154L	P154
tcga_mc3	TCGA-IB-7651:9:93979605:G	AUH	P283H	P283
tcga_mc3	TCGA-IB-7652:12:25398285:C	KRAS	G12R	G12
tcga_mc3	TCGA-IB-7652:17:7578406:C	TP53	R175H	R175
tcga_mc3	TCGA-IB-7887:12:25398285:C	KRAS	G12R	G12
tcga_mc3	TCGA-IB-7889:12:25398284:C	KRAS	G12V	G12
tcga_mc3	TCGA-IB-7889:18:48591918:C	SMAD4	R361C	R361
tcga_mc3	TCGA-IB-7891:17:7577547:C	TP53	G245V	G245
tcga_mc3	TCGA-IB-7893:12:25398284:C	KRAS	G12D	G12
tcga_mc3	TCGA-IB-8127:12:25398284:C	KRAS	G12D	G12
tcga_mc3	TCGA-IB-8127:17:7577121:G	TP53	R273C	R273
tcga_mc3	TCGA-IB-A5SO:12:25398284:C	KRAS	G12D	G12
tcga_mc3	TCGA-IB-A5SS:12:25398284:C	KRAS	G12D	G12
tcga_mc3	TCGA-IB-A6UF:12:25398285:C	KRAS	G12R	G12
tcga_mc3	TCGA-IB-A6UF:17:7577120:C	TP53	R273H	R273
tcga_mc3	TCGA-IB-A6UG:12:25398284:C	KRAS	G12D	G12
tcga_mc3	TCGA-IB-A6UG:17:7577539:G	TP53	R248W	R248
tcga_mc3	TCGA-IB-A7LX:12:25398284:C	KRAS	G12D	G12
tcga_mc3	TCGA-IB-A7M4:12:25398284:C	KRAS	G12D	G12
tcga_mc3	TCGA-IB-AAUM:12:25398284:C	KRAS	G12D	G12
tcga_mc3	TCGA-IB-AAUN:12:25398284:C	KRAS	G12D	G12
tcga_mc3	TCGA-IB-AAUN:17:7574018:G	TP53	R337C	R337
tcga_mc3	TCGA-IB-AAUO:12:25398284:C	KRAS	G12D	G12
tcga_mc3	TCGA-IB-AAUR:18:48591901:A	SMAD4	D355G	D355
tcga_mc3	TCGA-IB-AAUU:12:25398285:C	KRAS	G12R	G12
tcga_mc3	TCGA-LB-A9Q5:18:48593400:G	SMAD4	G384D	G384
tcga_mc3	TCGA-M8-A5N4:12:25398284:C	KRAS	G12D	G12
tcga_mc3	TCGA-OE-A75W:12:25398284:C	KRAS	G12D	G12
tcga_mc3	TCGA-OE-A75W:9:21971111:G	CDKN2A	H83Y	H83
tcga_mc3	TCGA-Q3-AA2A:12:25398284:C	KRAS	G12V	G12
tcga_mc3	TCGA-RB-A7B8:12:25398285:C	KRAS	G12R	G12
tcga_mc3	TCGA-RB-A7B8:3:178952072:A	PIK3CA	M1043L	M1043
tcga_mc3	TCGA-S4-A8RO:12:25398284:C	KRAS	G12D	G12
tcga_mc3	TCGA-S4-A8RO:14:88411975:C	GALC	R531H	R531
tcga_mc3	TCGA-S4-A8RO:2:241817502:G	AGXT	V336I	V336
tcga_mc3	TCGA-S4-A8RP:12:25398285:C	KRAS	G12R	G12
tcga_mc3	TCGA-US-A776:20:57484420:C	GNAS	R201C	R201
tcga_mc3	TCGA-US-A77E:20:57484421:G	GNAS	R201H	R201
tcga_mc3	TCGA-US-A77G:12:25398285:C	KRAS	G12R	G12
tcga_mc3	TCGA-XD-AAUI:12:25398284:C	KRAS	G12V	G12
tcga_mc3	TCGA-XD-AAUL:12:25398285:C	KRAS	G12R	G12
tcga_mc3	TCGA-XN-A8T3:12:25398284:C	KRAS	G12D	G12
tcga_mc3	TCGA-YB-A89D:12:25398285:C	KRAS	G12R	G12
tcga_mc3	TCGA-YB-A89D:18:48591918:C	SMAD4	R361C	R361
tcga_mc3	TCGA-YH-A8SY:12:25398284:C	KRAS	G12V	G12
tcga_mc3	TCGA-YH-A8SY:17:7578406:C	TP53	R175H	R175
tcga_mc3	TCGA-YY-A8LH:12:25398284:C	KRAS	G12V	G12
tcga_mc3	TCGA-Z5-AAPL:17:7577566:T	TP53	N239D	N239
tcga_mc3	TCGA-P8-A5KC:1:150812108:G	ARNT	R99W	R99
tcga_mc3	TCGA-PR-A5PG:11:534286:C	HRAS	G13R	G13
tcga_mc3	TCGA-QR-A6GY:17:7577084:T	TP53	E285V	E285
tcga_mc3	TCGA-QT-A5XK:10:43617416:T	RET	M918T	M918
tcga_mc3	TCGA-S7-A7WM:5:256498:A	SDHA	D653A	D653
tcga_mc3	TCGA-SR-A6MQ:11:534286:C	HRAS	G13R	G13
tcga_mc3	TCGA-WB-A80O:1:53516319:G	SCP2	M529I	M529
tcga_mc3	TCGA-WB-A80V:10:43617416:T	RET	M918T	M918
tcga_mc3	TCGA-WB-A814:6:17283076:A	RBM24	K70M	K70
tcga_mc3	TCGA-WB-A819:10:43617416:T	RET	M918T	M918
tcga_mc3	TCGA-2A-A8VX:9:2115841:G	SMARCA2	R1159Q	R1159
tcga_mc3	TCGA-CH-5754:8:144696809:A	TSTA3	I150S	I150
tcga_mc3	TCGA-CH-5761:3:151545911:G	AADAC	S384I	S384
tcga_mc3	TCGA-CH-5788:17:47696432:A	SPOP	W131G	W131
tcga_mc3	TCGA-EJ-5502:10:15120540:A	ACBD7	Y86D	Y86
tcga_mc3	TCGA-EJ-5505:17:47696688:T	SPOP	Y87S	Y87
tcga_mc3	TCGA-EJ-5507:17:7578406:C	TP53	R175H	R175
tcga_mc3	TCGA-EJ-5509:17:47696425:A	SPOP	F133C	F133
tcga_mc3	TCGA-EJ-5521:17:7577548:C	TP53	G245S	G245
tcga_mc3	TCGA-EJ-5530:14:105246551:C	AKT1	E17K	E17
tcga_mc3	TCGA-EJ-5531:17:47696432:A	SPOP	W131R	W131
tcga_mc3	TCGA-EJ-7115:17:47696432:A	SPOP	W131G	W131
tcga_mc3	TCGA-EJ-7123:17:47696643:A	SPOP	F102C	F102
tcga_mc3	TCGA-EJ-7125:2:209113113:G	IDH1	R132G	R132
tcga_mc3	TCGA-EJ-7218:16:20811285:G	ERI2	H213Y	H213
tcga_mc3	TCGA-EJ-7315:18:48591894:T	SMAD4	Y353N	Y353
tcga_mc3	TCGA-EJ-7330:17:47696424:G	SPOP	F133L	F133
tcga_mc3	TCGA-EJ-7782:12:57499054:C	STAT6	R294Q	R294
tcga_mc3	TCGA-EJ-7782:17:47696426:A	SPOP	F133V	F133
tcga_mc3	TCGA-EJ-7782:7:65705780:G	TPST1	R123H	R123
tcga_mc3	TCGA-EJ-7792:21:42615330:T	BACE2	Y259N	Y259
tcga_mc3	TCGA-EJ-8468:17:47696425:A	SPOP	F133S	F133
tcga_mc3	TCGA-EJ-A46G:17:37657655:C	CDK12	R858W	R858
tcga_mc3	TCGA-EJ-A65E:10:74813264:G	P4HA1	T183R	T183
tcga_mc3	TCGA-EJ-A65M:17:47696688:T	SPOP	Y87C	Y87
tcga_mc3	TCGA-EJ-A7NH:17:7578443:A	TP53	Y163H	Y163
tcga_mc3	TCGA-EJ-A8FS:17:47696643:A	SPOP	F102S	F102
tcga_mc3	TCGA-EJ-AB20:6:111995769:C	FYN	K446N	K446
tcga_mc3	TCGA-FC-7961:17:47696425:A	SPOP	F133C	F133
tcga_mc3	TCGA-FC-A6HD:17:26110004:C	NOS2	R199H	R199
tcga_mc3	TCGA-G9-6336:9:127316735:C	NR6A1	R86Q	R86
tcga_mc3	TCGA-G9-6338:17:47696637:A	SPOP	F104S	F104
tcga_mc3	TCGA-G9-6361:1:113245708:C	RHOC	E64K	E64
tcga_mc3	TCGA-G9-6369:17:37821715:G	TCAP	E35K	E35
tcga_mc3	TCGA-G9-6369:17:47696432:A	SPOP	W131G	W131
tcga_mc3	TCGA-G9-6499:17:7578404:A	TP53	C176R	C176
tcga_mc3	TCGA-G9-7523:2:209113112:C	IDH1	R132H	R132
tcga_mc3	TCGA-G9-7525:3:46490370:C	LTF	C399Y	C399
tcga_mc3	TCGA-G9-A9S4:17:7578443:A	TP53	Y163H	Y163
tcga_mc3	TCGA-HC-7080:17:47696431:C	SPOP	W131S	W131
tcga_mc3	TCGA-HC-7081:3:178936083:A	PIK3CA	E542A	E542
tcga_mc3	TCGA-HC-7230:17:7577538:C	TP53	R248Q	R248
tcga_mc3	TCGA-HC-8258:17:47696426:A	SPOP	F133L	F133
tcga_mc3	TCGA-HC-8259:10:135170738:G	FUOM	P36R	P36
tcga_mc3	TCGA-HC-8259:20:62120459:G	EEF1A2	P359L	P359
tcga_mc3	TCGA-HC-8261:17:47696424:G	SPOP	F133L	F133
tcga_mc3	TCGA-HC-8264:17:7577547:C	TP53	G245D	G245
tcga_mc3	TCGA-HC-A631:17:7577538:C	TP53	R248Q	R248
tcga_mc3	TCGA-HC-A632:17:7577548:C	TP53	G245S	G245
tcga_mc3	TCGA-HC-A6AP:17:47696424:G	SPOP	F133L	F133
tcga_mc3	TCGA-HI-7171:17:7577566:T	TP53	N239D	N239
tcga_mc3	TCGA-J4-A67L:17:7577536:T	TP53	R249G	R249
tcga_mc3	TCGA-J4-A67S:8:109001362:G	RSPO2	R69C	R69
tcga_mc3	TCGA-J4-A67T:16:90001622:G	TUBB3	V255I	V255
tcga_mc3	TCGA-J4-A6G3:17:47696426:A	SPOP	F133V	F133
tcga_mc3	TCGA-J4-A83J:17:47696425:A	SPOP	F133C	F133
tcga_mc3	TCGA-J4-A83M:14:105239420:C	AKT1	D323Y	D323
tcga_mc3	TCGA-J9-A52C:12:4479895:A	FGF23	Y124H	Y124
tcga_mc3	TCGA-J9-A52C:6:43221327:C	TTBK1	R118C	R118
tcga_mc3	TCGA-KC-A7F5:17:47696644:A	SPOP	F102V	F102
tcga_mc3	TCGA-KK-A59V:14:21876686:C	CHD8	G839R	G839
tcga_mc3	TCGA-KK-A59V:8:17102627:A	CNOT7	I12S	I12
tcga_mc3	TCGA-KK-A59X:18:48591901:A	SMAD4	D355V	D355
tcga_mc3	TCGA-KK-A59Z:17:47696425:A	SPOP	F133C	F133
tcga_mc3	TCGA-KK-A6DY:17:7578406:C	TP53	R175H	R175
tcga_mc3	TCGA-KK-A6DY:1:220253161:G	BPNT1	R10W	R10
tcga_mc3	TCGA-KK-A6E7:2:209113113:G	IDH1	R132C	R132
tcga_mc3	TCGA-KK-A7AQ:17:47696426:A	SPOP	F133V	F133
tcga_mc3	TCGA-KK-A7AY:15:43109261:C	TTBK2	R191L	R191
tcga_mc3	TCGA-KK-A7B0:17:47696643:A	SPOP	F102S	F102
tcga_mc3	TCGA-KK-A8IG:17:7577538:C	TP53	R248Q	R248
tcga_mc3	TCGA-KK-A8IK:17:47696426:A	SPOP	F133V	F133
tcga_mc3	TCGA-M7-A71Y:14:90459746:G	TDP1	R487H	R487
tcga_mc3	TCGA-M7-A71Z:3:134967255:G	EPHB1	R865Q	R865
tcga_mc3	TCGA-M7-A722:2:209113113:G	IDH1	R132C	R132
tcga_mc3	TCGA-M7-A725:18:48604655:G	SMAD4	D493N	D493
tcga_mc3	TCGA-QU-A6IM:17:47696644:A	SPOP	F102V	F102
tcga_mc3	TCGA-TP-A8TV:17:47696688:T	SPOP	Y87C	Y87
tcga_mc3	TCGA-V1-A8WW:14:105246551:C	AKT1	E17K	E17
tcga_mc3	TCGA-V1-A9O5:17:7577566:T	TP53	N239D	N239
tcga_mc3	TCGA-V1-A9OF:17:47696432:A	SPOP	W131G	W131
tcga_mc3	TCGA-V1-A9OH:21:42613819:A	BACE2	Q231R	Q231
tcga_mc3	TCGA-V1-A9OX:1:1250305:T	CPSF3L	I201F	I201
tcga_mc3	TCGA-V1-A9ZK:17:47696424:G	SPOP	F133L	F133
tcga_mc3	TCGA-VP-A87B:17:47696426:A	SPOP	F133V	F133
tcga_mc3	TCGA-VP-A87H:17:47696426:A	SPOP	F133V	F133
tcga_mc3	TCGA-XJ-A83G:17:47696432:A	SPOP	W131G	W131
tcga_mc3	TCGA-XJ-A9DX:1:27939804:G	FGR	T436N	T436
tcga_mc3	TCGA-XK-AAIW:10:94228698:G	IDE	A753D	A753
tcga_mc3	TCGA-XK-AAIW:11:57099223:C	SSRP1	R381H	R381
tcga_mc3	TCGA-XK-AAIW:12:25398285:C	KRAS	G12R	G12
tcga_mc3	TCGA-XK-AAIW:14:74534170:C	ALDH6A1	A319T	A319
tcga_mc3	TCGA-XK-AAIW:15:65041343:G	RBPMS2	R92C	R92
tcga_mc3	TCGA-XK-AAIW:17:79993888:C	DCXR	G228D	G228
tcga_mc3	TCGA-XK-AAIW:17:8167112:A	PFAS	N550I	N550
tcga_mc3	TCGA-XK-AAIW:1:33486968:C	AK2	R142M	R142
tcga_mc3	TCGA-XK-AAIW:1:93812396:C	DR1	T65I	T65
tcga_mc3	TCGA-XK-AAIW:20:32267636:C	E2F1	R166H	R166
tcga_mc3	TCGA-XK-AAIW:20:35545171:C	SAMHD1	R339H	R339
tcga_mc3	TCGA-XK-AAIW:22:42071032:G	NHP2L1	P98S	P98
tcga_mc3	TCGA-XK-AAIW:2:160982962:C	ITGB6	C604Y	C604
tcga_mc3	TCGA-XK-AAIW:2:242441080:C	STK25	R25H	R25
tcga_mc3	TCGA-XK-AAIW:2:3504604:C	ADI1	R134H	R134
tcga_mc3	TCGA-XK-AAIW:3:113442298:C	NAA50	C79Y	C79
tcga_mc3	TCGA-XK-AAIW:6:32489898:G	HLA-DRB5	R52W	R52
tcga_mc3	TCGA-XK-AAIW:6:44279880:C	AARS2	G122C	G122
tcga_mc3	TCGA-XK-AAIW:7:107546746:C	DLD	A206V	A206
tcga_mc3	TCGA-XK-AAIW:9:95993352:C	WNK2	A346V	A346
tcga_mc3	TCGA-XQ-A8TA:3:10188250:C	VHL	N131K	N131
tcga_mc3	TCGA-Y6-A8TL:17:47696432:A	SPOP	W131G	W131
tcga_mc3	TCGA-YL-A8HK:17:7577538:C	TP53	R248Q	R248
tcga_mc3	TCGA-YL-A8HM:17:7577547:C	TP53	G245D	G245
tcga_mc3	TCGA-YL-A8S8:17:47696689:A	SPOP	Y87N	Y87
tcga_mc3	TCGA-YL-A8SH:17:47696644:A	SPOP	F102V	F102
tcga_mc3	TCGA-YL-A8SO:17:47696432:A	SPOP	W131G	W131
tcga_mc3	TCGA-YL-A9WX:17:7577548:C	TP53	G245S	G245
tcga_mc3	TCGA-YL-A9WY:17:7578400:G	TP53	P177R	P177
tcga_mc3	TCGA-ZG-A8QX:17:47696689:A	SPOP	Y87N	Y87
tcga_mc3	TCGA-ZG-A8QY:11:118635928:A	DDX6	L212R	L212
tcga_mc3	TCGA-ZG-A8QY:17:47696424:G	SPOP	F133L	F133
tcga_mc3	TCGA-ZG-A9L1:17:7578443:A	TP53	Y163H	Y163
tcga_mc3	TCGA-ZG-A9L6:17:47696432:A	SPOP	W131R	W131
tcga_mc3	TCGA-ZG-A9LB:17:7577539:G	TP53	R248W	R248
tcga_mc3	TCGA-ZG-A9LM:17:7577121:G	TP53	R273C	R273
tcga_mc3	TCGA-ZG-A9ND:17:47696432:A	SPOP	W131G	W131
tcga_mc3	TCGA-ZG-A9NI:6:49425723:C	MUT	G145V	G145
tcga_mc3	TCGA-ZG-A9NI:6:49425724:C	MUT	G145C	G145
tcga_mc3	TCGA-AF-2687:17:7577538:C	TP53	R248Q	R248
tcga_mc3	TCGA-AF-2690:17:7577538:C	TP53	R248Q	R248
tcga_mc3	TCGA-AF-2690:7:4900243:C	PAPOLB	R399Q	R399
tcga_mc3	TCGA-AF-4110:12:25398284:C	KRAS	G12D	G12
tcga_mc3	TCGA-AF-5654:11:118962859:T	HMBS	Y213H	Y213
tcga_mc3	TCGA-AF-6136:1:243385111:C	CEP170	R37H	R37
tcga_mc3	TCGA-AF-6655:12:25398281:C	KRAS	G13D	G13
tcga_mc3	TCGA-AF-6655:4:39757308:A	UBE2K	N83S	N83
tcga_mc3	TCGA-AF-6672:12:25398284:C	KRAS	G12V	G12
tcga_mc3	TCGA-AF-6672:17:7577547:C	TP53	G245D	G245
tcga_mc3	TCGA-AF-A56L:17:7577538:C	TP53	R248Q	R248
tcga_mc3	TCGA-AF-A56N:1:115258744:C	NRAS	G13D	G13
tcga_mc3	TCGA-AG-3591:12:25398284:C	KRAS	G12V	G12
tcga_mc3	TCGA-AG-3592:17:7578406:C	TP53	R175H	R175
tcga_mc3	TCGA-AG-3592:8:25745461:G	EBF2	P260L	P260
tcga_mc3	TCGA-AG-3725:17:7578406:C	TP53	R175H	R175
tcga_mc3	TCGA-AG-3731:12:25398284:C	KRAS	G12V	G12
tcga_mc3	TCGA-AG-3732:20:57484421:G	GNAS	R201L	R201
tcga_mc3	TCGA-AG-3742:17:7577120:C	TP53	R273H	R273
tcga_mc3	TCGA-AG-4021:12:25398284:C	KRAS	G12V	G12
tcga_mc3	TCGA-AG-4022:17:7577120:C	TP53	R273H	R273
tcga_mc3	TCGA-AG-4022:1:115258748:C	NRAS	G12C	G12
tcga_mc3	TCGA-AH-6544:12:25398284:C	KRAS	G12V	G12
tcga_mc3	TCGA-AH-6549:12:25398284:C	KRAS	G12V	G12
tcga_mc3	TCGA-AH-6549:17:7577538:C	TP53	R248Q	R248
tcga_mc3	TCGA-AH-6644:12:25398284:C	KRAS	G12D	G12
tcga_mc3	TCGA-AH-6897:17:7577094:G	TP53	R282W	R282
tcga_mc3	TCGA-AH-6903:12:25398284:C	KRAS	G12A	G12
tcga_mc3	TCGA-AH-6903:12:27533202:A	ARNTL2	K117E	K117
tcga_mc3	TCGA-AH-6903:18:48591918:C	SMAD4	R361C	R361
tcga_mc3	TCGA-AH-6903:3:178952085:A	PIK3CA	H1047R	H1047
tcga_mc3	TCGA-CI-6620:12:25398284:C	KRAS	G12D	G12
tcga_mc3	TCGA-CI-6621:17:7577121:G	TP53	R273C	R273
tcga_mc3	TCGA-CI-6622:2:70315174:T	PCBP1	L100Q	L100
tcga_mc3	TCGA-CI-6623:15:80181563:C	ST20-MTHFS	R84L	R84
tcga_mc3	TCGA-CI-6624:17:7578406:C	TP53	R175H	R175
tcga_mc3	TCGA-CL-4957:17:7577539:G	TP53	R248W	R248
tcga_mc3	TCGA-CL-5917:12:25398284:C	KRAS	G12V	G12
tcga_mc3	TCGA-CL-5917:17:7577120:C	TP53	R273H	R273
tcga_mc3	TCGA-CL-5917:20:1356217:G	FKBP1A	S39C	S39
tcga_mc3	TCGA-DC-5337:1:115258748:C	NRAS	G12C	G12
tcga_mc3	TCGA-DC-5337:20:57599243:C	TUBB1	A254V	A254
tcga_mc3	TCGA-DC-6155:12:25398285:C	KRAS	G12S	G12
tcga_mc3	TCGA-DC-6158:17:7577094:G	TP53	R282W	R282
tcga_mc3	TCGA-DC-6681:18:48593406:G	SMAD4	G386D	G386
tcga_mc3	TCGA-DC-6682:17:7577548:C	TP53	G245S	G245
tcga_mc3	TCGA-DC-6682:1:115258747:C	NRAS	G12D	G12
tcga_mc3	TCGA-DC-6683:12:25398285:C	KRAS	G12C	G12
tcga_mc3	TCGA-DC-6683:17:7577568:C	TP53	C238Y	C238
tcga_mc3	TCGA-DY-A0XA:8:144461593:G	RHPN1	C287Y	C287
tcga_mc3	TCGA-DY-A1DC:2:69297841:T	ANTXR1	M120T	M120
tcga_mc3	TCGA-DY-A1DD:17:7577094:G	TP53	R282W	R282
tcga_mc3	TCGA-DY-A1DF:12:25398281:C	KRAS	G13D	G13
tcga_mc3	TCGA-DY-A1DF:17:7577120:C	TP53	R273H	R273
tcga_mc3	TCGA-DY-A1DF:18:48591919:G	SMAD4	R361H	R361
tcga_mc3	TCGA-DY-A1DF:7:4900243:C	PAPOLB	R399Q	R399
tcga_mc3	TCGA-DY-A1DG:17:7577094:G	TP53	R282W	R282
tcga_mc3	TCGA-DY-A1H8:12:25398285:C	KRAS	G12C	G12
tcga_mc3	TCGA-EF-5830:12:25398284:C	KRAS	G12V	G12
tcga_mc3	TCGA-EF-5830:17:7577094:G	TP53	R282W	R282
tcga_mc3	TCGA-EF-5830:4:153249384:C	FBXW7	R465H	R465
tcga_mc3	TCGA-EI-6506:17:7574018:G	TP53	R337S	R337
tcga_mc3	TCGA-EI-6506:17:7577121:G	TP53	R273C	R273
tcga_mc3	TCGA-EI-6507:17:7577121:G	TP53	R273C	R273
tcga_mc3	TCGA-EI-6507:19:11143993:C	SMARCA4	R1192C	R1192
tcga_mc3	TCGA-EI-6507:20:47741103:G	STAU1	P211S	P211
tcga_mc3	TCGA-EI-6507:7:154585824:G	DPP6	S391N	S391
tcga_mc3	TCGA-EI-6509:17:7577094:G	TP53	R282W	R282
tcga_mc3	TCGA-EI-6510:12:25398284:C	KRAS	G12D	G12
tcga_mc3	TCGA-EI-6510:17:7577539:G	TP53	R248W	R248
tcga_mc3	TCGA-EI-6511:17:7578406:C	TP53	R175H	R175
tcga_mc3	TCGA-EI-6512:12:25398281:C	KRAS	G13D	G13
tcga_mc3	TCGA-EI-6513:1:94998708:C	F3	D177Y	D177
tcga_mc3	TCGA-EI-6514:17:7577121:G	TP53	R273C	R273
tcga_mc3	TCGA-EI-6881:12:25398284:C	KRAS	G12A	G12
tcga_mc3	TCGA-EI-6881:3:114014640:G	TIGIT	G104W	G104
tcga_mc3	TCGA-EI-6882:11:126135225:G	SRPR	R417C	R417
tcga_mc3	TCGA-EI-6882:12:25398284:C	KRAS	G12D	G12
tcga_mc3	TCGA-EI-6882:17:7577538:C	TP53	R248Q	R248
tcga_mc3	TCGA-EI-6882:9:97333808:T	FBP2	Y168C	Y168
tcga_mc3	TCGA-EI-6917:11:11374425:T	CSNK2A3	E81G	E81
tcga_mc3	TCGA-EI-6917:13:48615145:C	NUDT15	S83Y	S83
tcga_mc3	TCGA-EI-6917:15:63419807:G	LACTB	E291K	E291
tcga_mc3	TCGA-EI-6917:1:116247833:C	CASQ2	D307N	D307
tcga_mc3	TCGA-EI-6917:1:206943230:G	IL10	L130I	L130
tcga_mc3	TCGA-EI-6917:1:233482334:T	MLK4	S318P	S318
tcga_mc3	TCGA-EI-6917:1:41215348:G	NFYC	R94Q	R94
tcga_mc3	TCGA-EI-6917:20:16712393:G	SNRPB2	D16Y	D16
tcga_mc3	TCGA-EI-6917:3:37058999:C	MLH1	R265C	R265
tcga_mc3	TCGA-EI-6917:3:50294191:G	GNAI2	K210N	K210
tcga_mc3	TCGA-EI-6917:4:122723938:G	EXOSC9	E91K	E91
tcga_mc3	TCGA-EI-6917:6:26091204:G	HFE	R71Q	R71
tcga_mc3	TCGA-EI-6917:7:121773596:G	AASS	S62L	S62
tcga_mc3	TCGA-EI-6917:9:32984659:C	APTX	R261Q	R261
tcga_mc3	TCGA-EI-7002:12:25398284:C	KRAS	G12V	G12
tcga_mc3	TCGA-EI-7002:17:7577094:G	TP53	R282W	R282
tcga_mc3	TCGA-F5-6464:17:7577114:C	TP53	C275Y	C275
tcga_mc3	TCGA-F5-6465:2:70315174:T	PCBP1	L100Q	L100
tcga_mc3	TCGA-F5-6571:12:25398281:C	KRAS	G13D	G13
tcga_mc3	TCGA-F5-6702:12:25398281:C	KRAS	G13D	G13
tcga_mc3	TCGA-F5-6811:17:7578406:C	TP53	R175H	R175
tcga_mc3	TCGA-F5-6812:10:7844757:G	ATP5C1	R277H	R277
tcga_mc3	TCGA-F5-6812:12:25398284:C	KRAS	G12A	G12
tcga_mc3	TCGA-F5-6813:17:7578406:C	TP53	R175H	R175
tcga_mc3	TCGA-F5-6814:10:61823971:G	ANK3	S4132Y	S4132
tcga_mc3	TCGA-F5-6814:10:98092269:G	DNTT	K425N	K425
tcga_mc3	TCGA-F5-6814:14:69847284:G	ERH	R96C	R96
tcga_mc3	TCGA-F5-6814:15:63419807:G	LACTB	E291K	E291
tcga_mc3	TCGA-F5-6814:15:83561488:G	HOMER2	F37L	F37
tcga_mc3	TCGA-F5-6814:18:40695400:C	RIT2	G29W	G29
tcga_mc3	TCGA-F5-6814:18:54281690:G	TXNL1	R234C	R234
tcga_mc3	TCGA-F5-6814:19:52716081:G	PPP2R1A	E216K	E216
tcga_mc3	TCGA-F5-6814:1:110128861:G	GNAI3	R205I	R205
tcga_mc3	TCGA-F5-6814:1:212791512:G	ATF3	R95I	R95
tcga_mc3	TCGA-F5-6814:20:18455786:G	POLR3F	K128N	K128
tcga_mc3	TCGA-F5-6814:20:30454896:T	DUSP15	E36A	E36
tcga_mc3	TCGA-F5-6814:20:62576033:G	UCKL1	R237W	R237
tcga_mc3	TCGA-F5-6814:2:143676232:C	KYNU	S75Y	S75
tcga_mc3	TCGA-F5-6814:2:170663401:A	SSB	K151T	K151
tcga_mc3	TCGA-F5-6814:3:97686052:T	MINA	D129G	D129
tcga_mc3	TCGA-F5-6814:4:153249384:C	FBXW7	R465H	R465
tcga_mc3	TCGA-F5-6814:4:155510004:G	FGA	S102Y	S102
tcga_mc3	TCGA-F5-6814:4:56345093:G	CLOCK	Q49K	Q49
tcga_mc3	TCGA-F5-6814:5:36168422:C	SKP2	R182C	R182
tcga_mc3	TCGA-F5-6814:5:90678773:G	ARRDC3	S46Y	S46
tcga_mc3	TCGA-F5-6814:7:121773596:G	AASS	S62L	S62
tcga_mc3	TCGA-F5-6814:7:31378576:C	NEUROD6	E103K	E103
tcga_mc3	TCGA-F5-6814:7:79840307:A	GNAI1	R205G	R205
tcga_mc3	TCGA-F5-6814:9:13136717:A	MPDZ	F1429C	F1429
tcga_mc3	TCGA-F5-6861:12:25398284:C	KRAS	G12V	G12
tcga_mc3	TCGA-F5-6861:2:70315180:T	PCBP1	L102Q	L102
tcga_mc3	TCGA-F5-6861:9:4844526:T	RCL1	S238P	S238
tcga_mc3	TCGA-F5-6863:17:7577539:G	TP53	R248W	R248
tcga_mc3	TCGA-F5-6863:1:115258747:C	NRAS	G12D	G12
tcga_mc3	TCGA-G5-6641:1:244582174:C	ADSS	G278D	G278
tcga_mc3	TCGA-3B-A9HX:22:24036039:C	RGL4	R264C	R264
tcga_mc3	TCGA-3B-A9HZ:10:89692791:A	PTEN	D92V	D92
tcga_mc3	TCGA-3B-A9HZ:17:7577114:C	TP53	C275Y	C275
tcga_mc3	TCGA-3B-A9I1:17:7577551:C	TP53	G244S	G244
tcga_mc3	TCGA-DX-A3LU:12:25398282:C	KRAS	G13C	G13
tcga_mc3	TCGA-DX-A48J:17:7578406:C	TP53	R175H	R175
tcga_mc3	TCGA-DX-A48N:12:117723944:G	NOS1	R419C	R419
tcga_mc3	TCGA-DX-A48U:17:7578406:C	TP53	R175L	R175
tcga_mc3	TCGA-DX-A48V:3:113505230:C	ATP6V1A	P239L	P239
tcga_mc3	TCGA-DX-A6B7:17:7577114:C	TP53	C275Y	C275
tcga_mc3	TCGA-DX-A6BB:5:86707051:C	CCNH	R77K	R77
tcga_mc3	TCGA-DX-A6Z2:3:62248555:T	PTPRG	I881S	I881
tcga_mc3	TCGA-DX-A7EN:17:7577120:C	TP53	R273H	R273
tcga_mc3	TCGA-DX-A8BH:11:88583213:C	GRM5	D258H	D258
tcga_mc3	TCGA-DX-A8BM:1:216256823:T	USH2A	N1758I	N1758
tcga_mc3	TCGA-DX-A8BP:15:62994352:G	TLN2	G620R	G620
tcga_mc3	TCGA-DX-A8BP:4:981704:G	IDUA	R89Q	R89
tcga_mc3	TCGA-DX-A8BZ:14:94933552:C	SERPINA9	D266H	D266
tcga_mc3	TCGA-DX-AB2E:2:204735524:G	CTLA4	G109R	G109
tcga_mc3	TCGA-DX-AB2E:2:209113113:G	IDH1	R132C	R132
tcga_mc3	TCGA-DX-AB2X:17:7578406:C	TP53	R175H	R175
tcga_mc3	TCGA-DX-AB32:1:155931509:G	ARHGEF2	R471C	R471
tcga_mc3	TCGA-HB-A3YV:1:149857909:C	HIST2H2BE	E94D	E94
tcga_mc3	TCGA-IS-A3KA:14:93182482:T	LGMN	S135C	S135
tcga_mc3	TCGA-IS-A3KA:17:7574017:C	TP53	R337L	R337
tcga_mc3	TCGA-IW-A3M5:19:52715971:C	PPP2R1A	P179R	P179
tcga_mc3	TCGA-IW-A3M5:3:178952085:A	PIK3CA	H1047R	H1047
tcga_mc3	TCGA-JV-A5VF:17:7577539:G	TP53	R248W	R248
tcga_mc3	TCGA-K1-A3PN:17:7577568:C	TP53	C238Y	C238
tcga_mc3	TCGA-K1-A3PN:7:55910726:G	SEPT14	S156Y	S156
tcga_mc3	TCGA-MB-A8JL:17:7577095:G	TP53	D281E	D281
tcga_mc3	TCGA-QC-A6FX:17:7577556:C	TP53	C242S	C242
tcga_mc3	TCGA-QC-A7B5:17:7556703:C	ATP1B2	L42F	L42
tcga_mc3	TCGA-QC-A7B5:1:155874290:C	RIT1	E81K	E81
tcga_mc3	TCGA-QC-AA9N:22:43539152:G	MCAT	P68Q	P68
tcga_mc3	TCGA-QQ-A5VC:16:31201106:T	FUS	W353R	W353
tcga_mc3	TCGA-QQ-A5VD:17:7577539:G	TP53	R248W	R248
tcga_mc3	TCGA-QQ-A5VD:9:133750394:G	ABL1	E409K	E409
tcga_mc3	TCGA-QQ-A8VF:20:57276095:G	NPEPL1	A235T	A235
tcga_mc3	TCGA-QQ-A8VF:7:127447556:C	SND1	R391C	R391
tcga_mc3	TCGA-QQ-A8VH:14:95560464:C	DICER1	D1709N	D1709
tcga_mc3	TCGA-UE-A6QT:3:178952085:A	PIK3CA	H1047R	H1047
tcga_mc3	TCGA-WK-A8Y0:10:89692905:G	PTEN	R130Q	R130
tcga_mc3	TCGA-WP-A9GB:17:7577538:C	TP53	R248Q	R248
tcga_mc3	TCGA-X6-A7WB:13:21006272:G	CRYL1	A201V	A201
tcga_mc3	TCGA-X6-A7WB:3:178921553:T	PIK3CA	N345K	N345
tcga_mc3	TCGA-X6-A7WC:17:7577551:C	TP53	G244S	G244
tcga_mc3	TCGA-Z4-A9VC:10:89692794:A	PTEN	H93P	H93
tcga_mc3	TCGA-Z4-AAPG:10:94228696:G	IDE	H754N	H754
tcga_mc3	TCGA-3N-A9WB:20:9546725:G	PAK7	R433W	R433
tcga_mc3	TCGA-3N-A9WC:15:35086934:C	ACTC1	D26N	D26
tcga_mc3	TCGA-3N-A9WC:18:61324524:C	SERPINB3	E198K	E198
tcga_mc3	TCGA-3N-A9WC:1:220298661:C	IARS2	P503S	P503
tcga_mc3	TCGA-3N-A9WC:3:155212010:C	PLCH1	R689Q	R689
tcga_mc3	TCGA-3N-A9WC:5:90678773:G	ARRDC3	S46F	S46
tcga_mc3	TCGA-3N-A9WC:7:30795310:C	INMT	S212F	S212
tcga_mc3	TCGA-3N-A9WD:10:96612490:G	CYP2C19	G431E	G431
tcga_mc3	TCGA-3N-A9WD:11:83180407:C	DLG2	R714K	R714
tcga_mc3	TCGA-3N-A9WD:14:23393554:G	PRMT5	S375F	S375
tcga_mc3	TCGA-BF-A1PU:3:38417660:C	XYLB	R353C	R353
tcga_mc3	TCGA-BF-A1PV:17:7557429:G	ATP1B2	E136K	E136
tcga_mc3	TCGA-BF-A1PX:11:118074365:G	AMICA1	R184C	R184
tcga_mc3	TCGA-BF-A1PX:19:54783331:G	LILRB2	S176L	S176
tcga_mc3	TCGA-BF-A1PX:4:96761854:G	PDHA2	D185N	D185
tcga_mc3	TCGA-BF-A1PX:9:127912080:G	PPP6C	R264C	R264
tcga_mc3	TCGA-BF-A1Q0:5:95757642:C	PCSK1	D188N	D188
tcga_mc3	TCGA-BF-A1Q0:7:30795310:C	INMT	S212F	S212
tcga_mc3	TCGA-BF-A3DL:16:77850940:G	VAT1L	G119E	G119
tcga_mc3	TCGA-BF-A3DL:3:1262427:C	CNTN6	P38S	P38
tcga_mc3	TCGA-BF-A3DM:8:65527679:C	CYP7B1	E321K	E321
tcga_mc3	TCGA-BF-A5EO:1:24124207:C	GALE	R169Q	R169
tcga_mc3	TCGA-BF-A5EO:9:127912080:G	PPP6C	R264C	R264
tcga_mc3	TCGA-BF-A5EP:20:1356212:G	FKBP1A	R41W	R41
tcga_mc3	TCGA-BF-A5EQ:11:93837781:G	HEPHL1	E924K	E924
tcga_mc3	TCGA-BF-A5EQ:8:143994858:G	CYP11B2	P322S	P322
tcga_mc3	TCGA-BF-A5ER:15:50555448:C	HDC	R63Q	R63
tcga_mc3	TCGA-BF-A5ER:2:209113113:G	IDH1	R132C	R132
tcga_mc3	TCGA-BF-A5ES:17:58234034:G	CA4	D76N	D76
tcga_mc3	TCGA-BF-A5ES:4:158057999:C	GLRB	P191S	P191
tcga_mc3	TCGA-BF-A5ES:7:117199609:C	CFTR	S495F	S495
tcga_mc3	TCGA-BF-AAOU:4:120240779:C	FABP2	G87E	G87
tcga_mc3	TCGA-BF-AAOX:20:31967359:G	CDK5RAP1	R353C	R353
tcga_mc3	TCGA-BF-AAOX:2:212488718:G	ERBB4	R711C	R711
tcga_mc3	TCGA-BF-AAOX:3:38417660:C	XYLB	R353C	R353
tcga_mc3	TCGA-BF-AAP0:17:4053251:C	CYB5D2	S106F	S106
tcga_mc3	TCGA-BF-AAP0:5:154251333:C	CNOT8	R173C	R173
tcga_mc3	TCGA-BF-AAP1:11:99932099:C	CNTN5	S379F	S379
tcga_mc3	TCGA-BF-AAP1:18:29039894:G	DSG3	E202K	E202
tcga_mc3	TCGA-BF-AAP1:1:233482338:C	MLK4	S319F	S319
tcga_mc3	TCGA-BF-AAP1:7:117227878:C	CFTR	S557F	S557
tcga_mc3	TCGA-BF-AAP2:10:96609693:C	CYP2C19	S390F	S390
tcga_mc3	TCGA-BF-AAP2:14:95557639:C	DICER1	D1810N	D1810
tcga_mc3	TCGA-BF-AAP2:20:47990833:C	KCNB1	E422K	E422
tcga_mc3	TCGA-BF-AAP2:20:9546725:G	PAK7	R433W	R433
tcga_mc3	TCGA-BF-AAP2:2:209302574:C	PTH2R	R127C	R127
tcga_mc3	TCGA-BF-AAP2:7:73932556:C	GTF2IRD1	P170L	P170
tcga_mc3	TCGA-BF-AAP4:12:49255896:G	RND1	P72S	P72
tcga_mc3	TCGA-BF-AAP4:19:4538062:G	LRG1	R312C	R312
tcga_mc3	TCGA-BF-AAP7:10:96454787:G	CYP2C18	E199K	E199
tcga_mc3	TCGA-BF-AAP7:18:61324085:C	SERPINB3	E250K	E250
tcga_mc3	TCGA-D3-A1Q1:1:115258748:C	NRAS	G12R	G12
tcga_mc3	TCGA-D3-A1Q3:4:55594221:A	KIT	K642E	K642
tcga_mc3	TCGA-D3-A1Q4:9:133342128:G	ASS1	R146K	R146
tcga_mc3	TCGA-D3-A1Q5:3:25686832:G	TOP2B	R67C	R67
tcga_mc3	TCGA-D3-A1Q6:15:50540510:G	HDC	R358C	R358
tcga_mc3	TCGA-D3-A1Q6:17:61723433:C	MAP3K3	R56G	R56
tcga_mc3	TCGA-D3-A1Q6:1:212870376:C	BATF3	R41K	R41
tcga_mc3	TCGA-D3-A1Q7:20:18507119:C	SEC23B	R313C	R313
tcga_mc3	TCGA-D3-A1QA:14:23393554:G	PRMT5	S375F	S375
tcga_mc3	TCGA-D3-A1QA:7:30795310:C	INMT	S212F	S212
tcga_mc3	TCGA-D3-A2J7:12:103245469:G	PAH	S303F	S303
tcga_mc3	TCGA-D3-A2J8:10:96612490:G	CYP2C19	G431E	G431
tcga_mc3	TCGA-D3-A2J8:7:150269298:G	GIMAP4	G47E	G47
tcga_mc3	TCGA-D3-A2JA:12:58145436:T	CDK4	K22M	K22
tcga_mc3	TCGA-D3-A2JA:12:96415987:G	LTA4H	R175C	R175
tcga_mc3	TCGA-D3-A2JA:2:212295699:C	ERBB4	E872K	E872
tcga_mc3	TCGA-D3-A2JD:1:196953100:C	CFHR5	S88F	S88
tcga_mc3	TCGA-D3-A2JD:8:73480322:C	KCNB2	S118L	S118
tcga_mc3	TCGA-D3-A2JF:11:534285:C	HRAS	G13D	G13
tcga_mc3	TCGA-D3-A2JF:14:63246607:C	KCNH5	E620K	E620
tcga_mc3	TCGA-D3-A2JF:15:50535170:C	HDC	E426K	E426
tcga_mc3	TCGA-D3-A2JF:15:93496705:C	CHD2	P541S	P541
tcga_mc3	TCGA-D3-A2JF:1:12907865:C	HNRNPCL1	G93E	G93
tcga_mc3	TCGA-D3-A2JF:1:196887394:G	CFHR4	G532E	G532
tcga_mc3	TCGA-D3-A2JF:2:29006829:G	PPP1CB	D193Y	D193
tcga_mc3	TCGA-D3-A2JF:4:158057765:G	GLRB	E148K	E148
tcga_mc3	TCGA-D3-A2JF:5:168233482:G	SLIT3	P302S	P302
tcga_mc3	TCGA-D3-A2JF:8:143960599:C	CYP11B1	D82N	D82
tcga_mc3	TCGA-D3-A2JH:10:96454787:G	CYP2C18	E199K	E199
tcga_mc3	TCGA-D3-A2JH:12:4479895:A	FGF23	Y124H	Y124
tcga_mc3	TCGA-D3-A2JH:16:24166021:G	PRKCB	R361Q	R361
tcga_mc3	TCGA-D3-A2JK:12:123430577:T	ABCB9	S416C	S416
tcga_mc3	TCGA-D3-A2JL:17:41004022:G	AOC3	G221E	G221
tcga_mc3	TCGA-D3-A2JL:1:115258748:C	NRAS	G12R	G12
tcga_mc3	TCGA-D3-A2JL:4:55956220:C	KDR	R1032Q	R1032
tcga_mc3	TCGA-D3-A2JO:1:158261127:C	CD1C	R89C	R89
tcga_mc3	TCGA-D3-A2JO:4:115769380:C	NDST4	G644E	G644
tcga_mc3	TCGA-D3-A2JO:5:13830235:G	DNAH5	S2050F	S2050
tcga_mc3	TCGA-D3-A2JO:7:56079562:C	PSPH	D191H	D191
tcga_mc3	TCGA-D3-A2JO:8:52321203:C	PXDNL	G994E	G994
tcga_mc3	TCGA-D3-A2JP:10:124358388:G	DMBT1	D1019N	D1019
tcga_mc3	TCGA-D3-A2JP:11:93837781:G	HEPHL1	E924K	E924
tcga_mc3	TCGA-D3-A2JP:2:143676226:G	KYNU	G73E	G73
tcga_mc3	TCGA-D3-A2JP:3:183900603:C	AP2M1	P374S	P374
tcga_mc3	TCGA-D3-A2JP:3:183900604:C	AP2M1	P374L	P374
tcga_mc3	TCGA-D3-A3C1:2:234237135:G	SAG	R175Q	R175
tcga_mc3	TCGA-D3-A3C1:5:38506127:C	LIFR	E391K	E391
tcga_mc3	TCGA-D3-A3C3:2:217002897:C	XRCC5	P446L	P446
tcga_mc3	TCGA-D3-A3C3:4:26432080:G	RBPJ	G375R	G375
tcga_mc3	TCGA-D3-A3C7:12:104376924:C	TDG	R209C	R209
tcga_mc3	TCGA-D3-A3C7:12:43862502:G	ADAMTS20	S375L	S375
tcga_mc3	TCGA-D3-A3C7:16:31424248:G	ITGAD	M599I	M599
tcga_mc3	TCGA-D3-A3C7:1:236979789:C	MTR	S237F	S237
tcga_mc3	TCGA-D3-A3C7:2:20455081:G	PUM2	P884S	P884
tcga_mc3	TCGA-D3-A3C7:2:20647414:A	RHOB	Q63P	Q63
tcga_mc3	TCGA-D3-A3C7:3:139297856:C	NMNAT3	D51N	D51
tcga_mc3	TCGA-D3-A3C7:6:133049906:C	VNN3	G171R	G171
tcga_mc3	TCGA-D3-A3C7:7:87175237:C	ABCB1	G610E	G610
tcga_mc3	TCGA-D3-A3C8:15:50555448:C	HDC	R63Q	R63
tcga_mc3	TCGA-D3-A3C8:5:36168422:C	SKP2	R182C	R182
tcga_mc3	TCGA-D3-A3C8:7:87092091:C	ABCB4	G90E	G90
tcga_mc3	TCGA-D3-A3ML:4:128665863:T	SLC25A31	V90G	V90
tcga_mc3	TCGA-D3-A3ML:7:116418932:G	MET	R1166Q	R1166
tcga_mc3	TCGA-D3-A3ML:8:67357610:G	ADHFE1	G171R	G171
tcga_mc3	TCGA-D3-A3MR:12:57958276:C	KIF5A	R144C	R144
tcga_mc3	TCGA-D3-A3MR:2:155098601:C	GALNT13	H124Y	H124
tcga_mc3	TCGA-D3-A3MR:2:88478395:C	THNSL2	S222L	S222
tcga_mc3	TCGA-D3-A3MR:7:56082721:G	PSPH	P189S	P189
tcga_mc3	TCGA-D3-A3MU:4:166916254:G	TLL1	E186K	E186
tcga_mc3	TCGA-D3-A3MV:15:66727441:T	MAP2K1	F53I	F53
tcga_mc3	TCGA-D3-A3MV:8:52321203:C	PXDNL	G994E	G994
tcga_mc3	TCGA-D3-A3MV:8:56985774:G	RPS20	R79C	R79
tcga_mc3	TCGA-D3-A3MV:8:73480322:C	KCNB2	S118L	S118
tcga_mc3	TCGA-D3-A3MV:9:97333797:T	FBP2	T172A	T172
tcga_mc3	TCGA-D3-A51E:12:66838466:C	GRIP1	G529R	G529
tcga_mc3	TCGA-D3-A51E:7:87760750:C	ADAM22	S331L	S331
tcga_mc3	TCGA-D3-A51G:12:130929789:C	RIMBP2	E186K	E186
tcga_mc3	TCGA-D3-A51G:1:6387469:G	ACOT7	S182F	S182
tcga_mc3	TCGA-D3-A51G:2:219447751:A	RQCD1	N88Y	N88
tcga_mc3	TCGA-D3-A51G:3:16254193:C	GALNT15	R439C	R439
tcga_mc3	TCGA-D3-A51G:3:9793534:A	OGG1	T156S	T156
tcga_mc3	TCGA-D3-A51G:3:9793535:C	OGG1	T156I	T156
tcga_mc3	TCGA-D3-A51G:8:52321411:G	PXDNL	P925S	P925
tcga_mc3	TCGA-D3-A51G:9:123725027:G	C5	R1476G	R1476
tcga_mc3	TCGA-D3-A51H:5:36039597:G	UGT3A2	P353S	P353
tcga_mc3	TCGA-D3-A51J:17:4841131:G	SLC25A11	P284S	P284
tcga_mc3	TCGA-D3-A51J:5:140181759:G	PCDHA3	G326E	G326
tcga_mc3	TCGA-D3-A51R:11:30255117:G	FSHB	D54N	D54
tcga_mc3	TCGA-D3-A51R:22:42523486:G	CYP2D6	S437F	S437
tcga_mc3	TCGA-D3-A51R:2:63826365:C	MDH1	S146F	S146
tcga_mc3	TCGA-D3-A51R:8:11407739:C	BLK	S147F	S147
tcga_mc3	TCGA-D3-A51R:8:66963846:G	DNAJC5B	E22K	E22
tcga_mc3	TCGA-D3-A51T:10:15120536:C	ACBD7	G87E	G87
tcga_mc3	TCGA-D3-A51T:15:64717750:C	TRIP4	P499S	P499
tcga_mc3	TCGA-D3-A51T:1:98205983:C	DPYD	D96N	D96
tcga_mc3	TCGA-D3-A5GL:11:118074365:G	AMICA1	R184C	R184
tcga_mc3	TCGA-D3-A5GL:16:24166021:G	PRKCB	R361Q	R361
tcga_mc3	TCGA-D3-A5GN:10:89653814:C	PTEN	P38S	P38
tcga_mc3	TCGA-D3-A5GN:6:62757842:C	KHDRBS2	E93K	E93
tcga_mc3	TCGA-D3-A5GO:17:7577099:C	TP53	R280K	R280
tcga_mc3	TCGA-D3-A5GO:4:166924569:G	TLL1	G220E	G220
tcga_mc3	TCGA-D3-A5GO:4:55956220:C	KDR	R1032Q	R1032
tcga_mc3	TCGA-D3-A5GO:5:168233482:G	SLIT3	P302S	P302
tcga_mc3	TCGA-D3-A5GS:15:83561585:G	HOMER2	P5L	P5
tcga_mc3	TCGA-D3-A5GS:1:158325692:G	CD1E	G234E	G234
tcga_mc3	TCGA-D3-A5GS:7:128488617:C	FLNC	P1528L	P1528
tcga_mc3	TCGA-D3-A5GS:8:52321411:G	PXDNL	P925S	P925
tcga_mc3	TCGA-D3-A5GU:1:159683514:G	CRP	S159F	S159
tcga_mc3	TCGA-D3-A5GU:4:80328367:G	GK2	R330C	R330
tcga_mc3	TCGA-D3-A5GU:7:149986663:C	ACTR3C	G58E	G58
tcga_mc3	TCGA-D3-A8GB:16:67199717:C	HSF4	R110C	R110
tcga_mc3	TCGA-D3-A8GB:1:104122102:C	AMY2B	H506Y	H506
tcga_mc3	TCGA-D3-A8GB:1:196762501:G	CFHR3	G284E	G284
tcga_mc3	TCGA-D3-A8GB:2:212812260:G	ERBB4	R106C	R106
tcga_mc3	TCGA-D3-A8GB:8:52320904:C	PXDNL	E1094K	E1094
tcga_mc3	TCGA-D3-A8GC:10:96805651:C	CYP2C8	D293N	D293
tcga_mc3	TCGA-D3-A8GC:17:6978703:C	CLEC10A	G253E	G253
tcga_mc3	TCGA-D3-A8GD:10:3189824:C	PITRM1	R725S	R725
tcga_mc3	TCGA-D3-A8GI:10:96541593:C	CYP2C19	P220S	P220
tcga_mc3	TCGA-D3-A8GI:11:88027551:G	CTSC	R339C	R339
tcga_mc3	TCGA-D3-A8GI:11:99932099:C	CNTN5	S379F	S379
tcga_mc3	TCGA-D3-A8GI:12:53895912:A	TARBP2	Q56R	Q56
tcga_mc3	TCGA-D3-A8GI:12:53895913:A	TARBP2	Q56H	Q56
tcga_mc3	TCGA-D3-A8GI:15:50535170:C	HDC	E426K	E426
tcga_mc3	TCGA-D3-A8GI:15:50540510:G	HDC	R358C	R358
tcga_mc3	TCGA-D3-A8GI:16:69965095:C	WWP2	R496W	R496
tcga_mc3	TCGA-D3-A8GI:18:61309074:C	SERPINB4	E91K	E91
tcga_mc3	TCGA-D3-A8GI:19:39421142:C	SARS2	G79R	G79
tcga_mc3	TCGA-D3-A8GI:19:54783290:G	LILRB2	R190C	R190
tcga_mc3	TCGA-D3-A8GI:1:115258748:C	NRAS	G12S	G12
tcga_mc3	TCGA-D3-A8GI:1:115829023:C	NGF	E132K	E132
tcga_mc3	TCGA-D3-A8GI:1:158261127:C	CD1C	R89C	R89
tcga_mc3	TCGA-D3-A8GI:2:110332247:G	SEPT10	R171C	R171
tcga_mc3	TCGA-D3-A8GI:2:155098601:C	GALNT13	H124Y	H124
tcga_mc3	TCGA-D3-A8GI:3:138413677:G	PIK3CB	P615S	P615
tcga_mc3	TCGA-D3-A8GI:4:100208729:G	ADH1A	R38C	R38
tcga_mc3	TCGA-D3-A8GI:4:55956220:C	KDR	R1032Q	R1032
tcga_mc3	TCGA-D3-A8GI:5:168233482:G	SLIT3	P302S	P302
tcga_mc3	TCGA-D3-A8GI:5:36039597:G	UGT3A2	P353S	P353
tcga_mc3	TCGA-D3-A8GI:6:129837370:C	LAMA2	P3083S	P3083
tcga_mc3	TCGA-D3-A8GI:6:63990359:C	LGSN	R366Q	R366
tcga_mc3	TCGA-D3-A8GI:7:121766477:G	AASS	H142Y	H142
tcga_mc3	TCGA-D3-A8GI:8:39645760:G	ADAM2	S218L	S218
tcga_mc3	TCGA-D3-A8GI:9:8317926:G	PTPRD	S1896F	S1896
tcga_mc3	TCGA-D3-A8GJ:9:127912080:G	PPP6C	R264C	R264
tcga_mc3	TCGA-D3-A8GK:11:1973389:A	MRPL23	E58G	E58
tcga_mc3	TCGA-D3-A8GK:19:11132428:G	SMARCA4	E882K	E882
tcga_mc3	TCGA-D3-A8GK:7:87912363:G	STEAP4	P193S	P193
tcga_mc3	TCGA-D3-A8GL:10:125516860:C	CPXM2	D596N	D596
tcga_mc3	TCGA-D3-A8GL:17:73725384:C	ITGB4	S202F	S202
tcga_mc3	TCGA-D3-A8GL:20:15480430:G	MACROD2	E195K	E195
tcga_mc3	TCGA-D3-A8GL:20:56136651:G	PCK1	E62K	E62
tcga_mc3	TCGA-D3-A8GL:22:30887849:C	SEC14L4	E295K	E295
tcga_mc3	TCGA-D3-A8GL:2:219449406:C	RQCD1	P131L	P131
tcga_mc3	TCGA-D3-A8GL:5:145379738:G	SH3RF2	E166K	E166
tcga_mc3	TCGA-D3-A8GM:11:119149241:C	CBL	P417S	P417
tcga_mc3	TCGA-D3-A8GM:12:102071077:G	MYBPC1	G998E	G998
tcga_mc3	TCGA-D3-A8GM:14:24614643:G	PSME2	S59F	S59
tcga_mc3	TCGA-D3-A8GM:17:67532279:G	MAP2K6	R302P	R302
tcga_mc3	TCGA-D3-A8GM:18:70205419:G	CBLN2	P223S	P223
tcga_mc3	TCGA-D3-A8GM:1:155348300:G	ASH1L	R2078C	R2078
tcga_mc3	TCGA-D3-A8GM:20:57484427:T	GNAS	L203P	L203
tcga_mc3	TCGA-D3-A8GM:22:46739203:A	TRMU	D98V	D98
tcga_mc3	TCGA-D3-A8GM:2:212812260:G	ERBB4	R106C	R106
tcga_mc3	TCGA-D3-A8GM:3:142430752:T	PLS1	I598T	I598
tcga_mc3	TCGA-D3-A8GM:3:151545418:C	AADAC	P220S	P220
tcga_mc3	TCGA-D3-A8GM:5:36168468:C	SKP2	T197I	T197
tcga_mc3	TCGA-D3-A8GM:5:98217815:G	CHD1	R911C	R911
tcga_mc3	TCGA-D3-A8GM:7:141952147:C	PRSS58	G207E	G207
tcga_mc3	TCGA-D3-A8GM:7:157388004:C	PTPRN2	D808N	D808
tcga_mc3	TCGA-D3-A8GM:7:87760750:C	ADAM22	S331L	S331
tcga_mc3	TCGA-D3-A8GM:8:143957285:G	CYP11B1	P322S	P322
tcga_mc3	TCGA-D3-A8GM:9:131345060:C	SPTAN1	R580C	R580
tcga_mc3	TCGA-D3-A8GM:9:23704940:G	ELAVL2	R155C	R155
tcga_mc3	TCGA-D3-A8GN:18:29038468:G	DSG3	D93N	D93
tcga_mc3	TCGA-D3-A8GN:3:25686832:G	TOP2B	R67C	R67
tcga_mc3	TCGA-D3-A8GO:1:45798467:G	MUTYH	R179S	R179
tcga_mc3	TCGA-D3-A8GO:9:127912080:G	PPP6C	R264C	R264
tcga_mc3	TCGA-D3-A8GP:5:44310546:C	FGF10	G138R	G138
tcga_mc3	TCGA-D3-A8GP:7:150269298:G	GIMAP4	G47E	G47
tcga_mc3	TCGA-D3-A8GQ:12:43862502:G	ADAMTS20	S375L	S375
tcga_mc3	TCGA-D3-A8GQ:12:4479897:C	FGF23	G123E	G123
tcga_mc3	TCGA-D3-A8GQ:3:49362434:G	USP4	P176S	P176
tcga_mc3	TCGA-D3-A8GQ:4:115760697:C	NDST4	R708Q	R708
tcga_mc3	TCGA-D3-A8GQ:5:140229005:G	PCDHA9	D309N	D309
tcga_mc3	TCGA-D3-A8GS:12:103240729:C	PAH	E305K	E305
tcga_mc3	TCGA-D3-A8GS:3:41274897:T	CTNNB1	W383G	W383
tcga_mc3	TCGA-D3-A8GS:5:118877666:C	HSD17B4	L730F	L730
tcga_mc3	TCGA-D3-A8GV:2:219449406:C	RQCD1	P131L	P131
tcga_mc3	TCGA-D9-A149:15:66727455:G	MAP2K1	K57N	K57
tcga_mc3	TCGA-D9-A149:6:1961196:G	GMDS	S117F	S117
tcga_mc3	TCGA-D9-A149:7:20721180:G	ABCB5	R587Q	R587
tcga_mc3	TCGA-D9-A1JW:11:119149242:C	CBL	P417H	P417
tcga_mc3	TCGA-D9-A1JW:1:12907865:C	HNRNPCL1	G93E	G93
tcga_mc3	TCGA-D9-A1JW:1:196953100:C	CFHR5	S88F	S88
tcga_mc3	TCGA-D9-A1JW:22:33253291:C	TIMP3	S87F	S87
tcga_mc3	TCGA-D9-A1X3:9:21971110:T	CDKN2A	H83R	H83
tcga_mc3	TCGA-D9-A3Z1:22:28256204:C	PITPNB	C187F	C187
tcga_mc3	TCGA-D9-A3Z1:2:108868931:C	SULT1C3	P95S	P95
tcga_mc3	TCGA-D9-A3Z1:2:209113112:C	IDH1	R132L	R132
tcga_mc3	TCGA-D9-A3Z1:6:41165918:C	TREML2	R102Q	R102
tcga_mc3	TCGA-D9-A3Z1:9:120475859:G	TLR4	E485K	E485
tcga_mc3	TCGA-D9-A3Z3:13:28608113:G	FLT3	S618L	S618
tcga_mc3	TCGA-D9-A3Z4:17:6978703:C	CLEC10A	G253E	G253
tcga_mc3	TCGA-D9-A4Z3:11:40137212:C	LRRC4C	E211K	E211
tcga_mc3	TCGA-D9-A4Z3:19:11143993:C	SMARCA4	R1192C	R1192
tcga_mc3	TCGA-D9-A4Z3:1:172001583:G	DNM3	D211N	D211
tcga_mc3	TCGA-D9-A4Z3:5:23523410:G	PRDM9	G298E	G298
tcga_mc3	TCGA-D9-A4Z6:18:29102112:C	DSG2	S197F	S197
tcga_mc3	TCGA-D9-A4Z6:2:32093518:G	MEMO1	S269L	S269
tcga_mc3	TCGA-D9-A6E9:3:41274920:T	CTNNB1	D390E	D390
tcga_mc3	TCGA-D9-A6EA:11:40137302:C	LRRC4C	E181K	E181
tcga_mc3	TCGA-D9-A6EA:13:25281188:G	ATP12A	G733R	G733
tcga_mc3	TCGA-D9-A6EA:1:236979789:C	MTR	S237F	S237
tcga_mc3	TCGA-D9-A6EC:10:73579311:G	PSAP	R421C	R421
tcga_mc3	TCGA-D9-A6EC:11:89911136:G	NAALAD2	R570Q	R570
tcga_mc3	TCGA-D9-A6EC:12:22211571:A	CMAS	E210D	E210
tcga_mc3	TCGA-D9-A6EC:12:57958276:C	KIF5A	R144C	R144
tcga_mc3	TCGA-D9-A6EC:16:14704535:G	PARN	P174S	P174
tcga_mc3	TCGA-D9-A6EC:18:25570082:C	CDH2	R526Q	R526
tcga_mc3	TCGA-D9-A6EC:19:39338034:A	HNRNPL	V103G	V103
tcga_mc3	TCGA-D9-A6EC:19:43689011:C	PSG5	G118E	G118
tcga_mc3	TCGA-D9-A6EC:1:2538422:C	MMEL1	E208K	E208
tcga_mc3	TCGA-D9-A6EC:21:34877972:A	GART	F874C	F874
tcga_mc3	TCGA-D9-A6EC:2:219449405:C	RQCD1	P131S	P131
tcga_mc3	TCGA-D9-A6EC:5:140181759:G	PCDHA3	G326E	G326
tcga_mc3	TCGA-D9-A6EC:6:102307279:G	GRIK2	E479K	E479
tcga_mc3	TCGA-D9-A6EC:6:33543169:T	BAK1	N86D	N86
tcga_mc3	TCGA-DA-A1HV:12:130929789:C	RIMBP2	E186K	E186
tcga_mc3	TCGA-DA-A1HV:15:91434838:C	FES	H529Y	H529
tcga_mc3	TCGA-DA-A1HV:17:7577099:C	TP53	R280K	R280
tcga_mc3	TCGA-DA-A1HV:1:9323951:C	H6PD	H467Y	H467
tcga_mc3	TCGA-DA-A1HV:20:40770569:C	PTPRT	G919E	G919
tcga_mc3	TCGA-DA-A1HV:20:40770570:C	PTPRT	G919R	G919
tcga_mc3	TCGA-DA-A1HV:2:143713832:C	KYNU	P166S	P166
tcga_mc3	TCGA-DA-A1HV:6:49660530:C	CRISP2	E230K	E230
tcga_mc3	TCGA-DA-A1HV:9:21974684:G	CDKN2A	P48L	P48
tcga_mc3	TCGA-DA-A1HW:2:85770138:C	MAT2A	R356C	R356
tcga_mc3	TCGA-DA-A1HY:11:93837781:G	HEPHL1	E924K	E924
tcga_mc3	TCGA-DA-A1HY:1:201287835:C	PKP1	P382S	P382
tcga_mc3	TCGA-DA-A1HY:4:46305590:C	GABRA2	R248K	R248
tcga_mc3	TCGA-DA-A1HY:6:311939:G	DUSP22	D39N	D39
tcga_mc3	TCGA-DA-A1HY:8:52320904:C	PXDNL	E1094K	E1094
tcga_mc3	TCGA-DA-A1HY:9:21971116:G	CDKN2A	P81L	P81
tcga_mc3	TCGA-DA-A1I0:11:99932099:C	CNTN5	S379F	S379
tcga_mc3	TCGA-DA-A1I0:18:29038468:G	DSG3	D93N	D93
tcga_mc3	TCGA-DA-A1I0:1:182025717:G	ZNF648	P477S	P477
tcga_mc3	TCGA-DA-A1I0:9:93650807:G	SYK	G578E	G578
tcga_mc3	TCGA-DA-A1I1:15:66844489:G	LCTL	P406S	P406
tcga_mc3	TCGA-DA-A1I1:19:15769601:C	CYP4F3	P460L	P460
tcga_mc3	TCGA-DA-A1I1:4:185552963:G	CASP3	R147C	R147
tcga_mc3	TCGA-DA-A1I5:20:8717789:G	PLCB1	G720R	G720
tcga_mc3	TCGA-DA-A1I5:7:141635657:C	CLEC5A	G101E	G101
tcga_mc3	TCGA-DA-A1I7:1:158325195:C	CD1E	S154F	S154
tcga_mc3	TCGA-DA-A1I7:3:10188264:T	VHL	F136Y	F136
tcga_mc3	TCGA-DA-A1IA:8:66963846:G	DNAJC5B	E22K	E22
tcga_mc3	TCGA-DA-A1IC:10:71332526:C	NEUROG3	E92K	E92
tcga_mc3	TCGA-DA-A1IC:16:2647217:C	PDPK1	P499S	P499
tcga_mc3	TCGA-DA-A1IC:16:2647218:C	PDPK1	P499L	P499
tcga_mc3	TCGA-DA-A1IC:18:61324197:C	SERPINB3	M212I	M212
tcga_mc3	TCGA-DA-A1IC:19:1398967:G	GAMT	S173F	S173
tcga_mc3	TCGA-DA-A1IC:6:311939:G	DUSP22	D39N	D39
tcga_mc3	TCGA-DA-A1IC:7:106526703:G	PIK3CG	G999E	G999
tcga_mc3	TCGA-DA-A1IC:7:150693975:C	NOS3	P182S	P182
tcga_mc3	TCGA-DA-A3F3:12:4398035:C	CCND2	S200L	S200
tcga_mc3	TCGA-DA-A3F3:20:18507119:C	SEC23B	R313C	R313
tcga_mc3	TCGA-DA-A3F5:4:120240779:C	FABP2	G87E	G87
tcga_mc3	TCGA-DA-A3F8:11:67076896:G	SSH3	E364K	E364
tcga_mc3	TCGA-DA-A3F8:1:182025717:G	ZNF648	P477S	P477
tcga_mc3	TCGA-DA-A3F8:5:110710584:C	CAMK4	L93F	L93
tcga_mc3	TCGA-DA-A3F8:5:11111118:G	CTNND2	S772L	S772
tcga_mc3	TCGA-DA-A3F8:6:63990527:T	LGSN	D310V	D310
tcga_mc3	TCGA-DA-A3F8:8:65527679:C	CYP7B1	E321K	E321
tcga_mc3	TCGA-DA-A3F8:9:127912080:G	PPP6C	R264C	R264
tcga_mc3	TCGA-DA-A95V:18:28968435:G	DSG4	E108K	E108
tcga_mc3	TCGA-DA-A95V:19:22362861:C	ZNF676	R553K	R553
tcga_mc3	TCGA-DA-A95X:17:7577099:C	TP53	R280K	R280
tcga_mc3	TCGA-DA-A95Y:5:13830235:G	DNAH5	S2050F	S2050
tcga_mc3	TCGA-DA-A95Y:6:28554272:C	SCAND3	E75K	E75
tcga_mc3	TCGA-DA-A95Y:8:66963846:G	DNAJC5B	E22K	E22
tcga_mc3	TCGA-DA-A95Z:16:26147315:G	HS3ST4	D373N	D373
tcga_mc3	TCGA-DA-A95Z:16:7645572:G	RBFOX1	E164K	E164
tcga_mc3	TCGA-DA-A95Z:4:79507429:G	ANXA3	E110K	E110
tcga_mc3	TCGA-DA-A95Z:5:156638340:C	ITK	R96C	R96
tcga_mc3	TCGA-DA-A95Z:6:137528181:T	IFNGR1	Y40C	Y40
tcga_mc3	TCGA-DA-A95Z:7:65705698:C	TPST1	R96C	R96
tcga_mc3	TCGA-DA-A960:11:40137302:C	LRRC4C	E181K	E181
tcga_mc3	TCGA-DA-A960:20:30672286:C	HCK	R259W	R259
tcga_mc3	TCGA-EB-A1NK:1:196887394:G	CFHR4	G532E	G532
tcga_mc3	TCGA-EB-A1NK:9:93650807:G	SYK	G578E	G578
tcga_mc3	TCGA-EB-A24D:22:23915751:G	IGLL1	S115L	S115
tcga_mc3	TCGA-EB-A299:17:7577539:G	TP53	R248W	R248
tcga_mc3	TCGA-EB-A3XB:12:130929789:C	RIMBP2	E186K	E186
tcga_mc3	TCGA-EB-A3XB:5:13830235:G	DNAH5	S2050F	S2050
tcga_mc3	TCGA-EB-A3XB:9:127912080:G	PPP6C	R264C	R264
tcga_mc3	TCGA-EB-A3XC:21:43855019:G	UBASH3A	D450N	D450
tcga_mc3	TCGA-EB-A3XC:6:43749740:A	VEGFA	D198G	D198
tcga_mc3	TCGA-EB-A3XF:2:27455482:C	CAD	L938F	L938
tcga_mc3	TCGA-EB-A3Y7:10:111642204:C	XPNPEP1	E343Q	E343
tcga_mc3	TCGA-EB-A3Y7:11:119149250:C	CBL	R420G	R420
tcga_mc3	TCGA-EB-A3Y7:16:26147193:G	HS3ST4	R332Q	R332
tcga_mc3	TCGA-EB-A3Y7:18:61264272:A	SERPINB13	H284P	H284
tcga_mc3	TCGA-EB-A3Y7:19:54823298:C	LILRA5	G82E	G82
tcga_mc3	TCGA-EB-A3Y7:6:28554272:C	SCAND3	E75K	E75
tcga_mc3	TCGA-EB-A41A:12:81111096:G	MYF5	R85Q	R85
tcga_mc3	TCGA-EB-A41A:18:61324524:C	SERPINB3	E198K	E198
tcga_mc3	TCGA-EB-A41A:1:117297532:G	CD2	G114E	G114
tcga_mc3	TCGA-EB-A41A:1:159558299:C	APCS	S158F	S158
tcga_mc3	TCGA-EB-A41A:1:233802629:C	KCNK1	S215F	S215
tcga_mc3	TCGA-EB-A41A:3:142539803:C	PCOLCE2	G345E	G345
tcga_mc3	TCGA-EB-A41A:4:96761854:G	PDHA2	D185N	D185
tcga_mc3	TCGA-EB-A41A:6:119569512:C	MAN1A1	R302Q	R302
tcga_mc3	TCGA-EB-A41A:6:62611258:G	KHDRBS2	R168C	R168
tcga_mc3	TCGA-EB-A41A:7:151962208:G	KMT2C	H367Y	H367
tcga_mc3	TCGA-EB-A41A:8:57228600:C	SDR16C5	E103K	E103
tcga_mc3	TCGA-EB-A41B:12:51853752:G	SLC4A8	M291I	M291
tcga_mc3	TCGA-EB-A42Y:4:55594221:A	KIT	K642E	K642
tcga_mc3	TCGA-EB-A430:11:30255117:G	FSHB	D54N	D54
tcga_mc3	TCGA-EB-A430:17:7557429:G	ATP1B2	E136K	E136
tcga_mc3	TCGA-EB-A430:1:196928040:G	CFHR2	E215K	E215
tcga_mc3	TCGA-EB-A430:2:212488718:G	ERBB4	R711C	R711
tcga_mc3	TCGA-EB-A430:2:223507637:G	FARSB	P68S	P68
tcga_mc3	TCGA-EB-A431:1:22412950:G	CDC42	R66K	R66
tcga_mc3	TCGA-EB-A431:21:39755657:G	ERG	R377C	R377
tcga_mc3	TCGA-EB-A431:21:42629149:C	BACE2	P400L	P400
tcga_mc3	TCGA-EB-A431:7:38530661:G	AMPH	P129S	P129
tcga_mc3	TCGA-EB-A431:7:71134991:G	WBSCR17	R434K	R434
tcga_mc3	TCGA-EB-A431:9:133750428:C	ABL1	S420F	S420
tcga_mc3	TCGA-EB-A44N:1:3639990:T	TP73	V230D	V230
tcga_mc3	TCGA-EB-A44O:9:120475859:G	TLR4	E485K	E485
tcga_mc3	TCGA-EB-A44Q:11:119149238:T	CBL	C416S	C416
tcga_mc3	TCGA-EB-A44R:1:115258744:C	NRAS	G13D	G13
tcga_mc3	TCGA-EB-A4IS:10:15639266:C	ITGA8	M717I	M717
tcga_mc3	TCGA-EB-A4IS:1:196887394:G	CFHR4	G532E	G532
tcga_mc3	TCGA-EB-A4IS:22:38374047:G	SOX10	P175L	P175
tcga_mc3	TCGA-EB-A4IS:2:219449406:C	RQCD1	P131L	P131
tcga_mc3	TCGA-EB-A4IS:9:21971111:G	CDKN2A	H83Y	H83
tcga_mc3	TCGA-EB-A4P0:7:38530661:G	AMPH	P129S	P129
tcga_mc3	TCGA-EB-A4XL:17:80040804:G	FASN	S1918F	S1918
tcga_mc3	TCGA-EB-A4XL:2:212812260:G	ERBB4	R106C	R106
tcga_mc3	TCGA-EB-A51B:13:113873280:C	CUL4A	H96Y	H96
tcga_mc3	TCGA-EB-A51B:1:16458332:C	EPHA2	E787K	E787
tcga_mc3	TCGA-EB-A51B:3:81635304:G	GBE1	S425F	S425
tcga_mc3	TCGA-EB-A551:4:843544:C	GAK	E1285K	E1285
tcga_mc3	TCGA-EB-A5FP:15:42364019:C	PLA2G4D	G509E	G509
tcga_mc3	TCGA-EB-A5KH:4:55594221:A	KIT	K642E	K642
tcga_mc3	TCGA-EB-A5SF:12:102071077:G	MYBPC1	G998E	G998
tcga_mc3	TCGA-EB-A5SG:12:103240729:C	PAH	E305K	E305
tcga_mc3	TCGA-EB-A5SH:11:68703735:G	IGHMBP2	R596M	R596
tcga_mc3	TCGA-EB-A5SH:14:39627505:A	TRAPPC6B	L84R	L84
tcga_mc3	TCGA-EB-A5UL:20:21687255:G	PAX1	E156K	E156
tcga_mc3	TCGA-EB-A5UL:3:114014634:G	TIGIT	D102N	D102
tcga_mc3	TCGA-EB-A5UM:1:38185697:C	EPHA10	E816K	E816
tcga_mc3	TCGA-EB-A5UM:3:114014634:G	TIGIT	D102N	D102
tcga_mc3	TCGA-EB-A5UM:5:145379738:G	SH3RF2	E166K	E166
tcga_mc3	TCGA-EB-A5UN:1:155348300:G	ASH1L	R2078C	R2078
tcga_mc3	TCGA-EB-A5UN:8:121457312:G	MRPL13	P8L	P8
tcga_mc3	TCGA-EB-A6QY:4:100208729:G	ADH1A	R38C	R38
tcga_mc3	TCGA-EB-A6R0:19:11123688:G	SMARCA4	E780K	E780
tcga_mc3	TCGA-EB-A6R0:21:43783496:G	TFF1	R36C	R36
tcga_mc3	TCGA-EB-A6R0:3:172025191:C	FNDC3B	S367F	S367
tcga_mc3	TCGA-EB-A82C:2:212295732:C	ERBB4	D861N	D861
tcga_mc3	TCGA-EB-A85I:17:4841131:G	SLC25A11	P284S	P284
tcga_mc3	TCGA-EB-A85I:2:155098601:C	GALNT13	H124Y	H124
tcga_mc3	TCGA-EB-A85J:1:12907971:C	HNRNPCL1	D58N	D58
tcga_mc3	TCGA-EB-A97M:4:46305590:C	GABRA2	R248K	R248
tcga_mc3	TCGA-EE-A17X:11:40137212:C	LRRC4C	E211K	E211
tcga_mc3	TCGA-EE-A17X:13:46721144:C	LCP1	G358E	G358
tcga_mc3	TCGA-EE-A17X:18:61324524:C	SERPINB3	E198K	E198
tcga_mc3	TCGA-EE-A17X:19:51518160:G	KLK10	L243F	L243
tcga_mc3	TCGA-EE-A17X:8:39645760:G	ADAM2	S218L	S218
tcga_mc3	TCGA-EE-A17X:8:73848639:C	KCNB2	S350F	S350
tcga_mc3	TCGA-EE-A17X:9:8317926:G	PTPRD	S1896F	S1896
tcga_mc3	TCGA-EE-A17Y:18:61309074:C	SERPINB4	E91K	E91
tcga_mc3	TCGA-EE-A180:3:38524693:C	ACVR2B	S470F	S470
tcga_mc3	TCGA-EE-A181:10:124358388:G	DMBT1	D1019N	D1019
tcga_mc3	TCGA-EE-A181:12:112888197:T	PTPN11	F71L	F71
tcga_mc3	TCGA-EE-A181:12:81111096:G	MYF5	R85Q	R85
tcga_mc3	TCGA-EE-A181:16:2647217:C	PDPK1	P499S	P499
tcga_mc3	TCGA-EE-A181:16:53859927:C	FTO	T92I	T92
tcga_mc3	TCGA-EE-A181:19:6682022:C	C3	R1427K	R1427
tcga_mc3	TCGA-EE-A181:1:95709865:C	RWDD3	P62S	P62
tcga_mc3	TCGA-EE-A181:2:75108954:C	HK2	P563S	P563
tcga_mc3	TCGA-EE-A181:3:1262427:C	CNTN6	P38S	P38
tcga_mc3	TCGA-EE-A181:5:95757642:C	PCSK1	D188N	D188
tcga_mc3	TCGA-EE-A181:6:30857032:C	DDR1	P81L	P81
tcga_mc3	TCGA-EE-A181:7:141635657:C	CLEC5A	G101E	G101
tcga_mc3	TCGA-EE-A181:7:20721180:G	ABCB5	R587Q	R587
tcga_mc3	TCGA-EE-A181:8:24187543:G	ADAM28	E340K	E340
tcga_mc3	TCGA-EE-A181:8:95265325:C	GEM	R116Q	R116
tcga_mc3	TCGA-EE-A181:9:21971109:G	CDKN2A	H83Q	H83
tcga_mc3	TCGA-EE-A181:9:23704940:G	ELAVL2	R155C	R155
tcga_mc3	TCGA-EE-A181:9:93983214:G	AUH	S239F	S239
tcga_mc3	TCGA-EE-A182:16:69965095:C	WWP2	R496W	R496
tcga_mc3	TCGA-EE-A182:19:51645996:C	SIGLEC7	R124C	R124
tcga_mc3	TCGA-EE-A182:20:15480430:G	MACROD2	E195K	E195
tcga_mc3	TCGA-EE-A182:5:95757642:C	PCSK1	D188N	D188
tcga_mc3	TCGA-EE-A182:7:18788706:G	HDAC9	R660Q	R660
tcga_mc3	TCGA-EE-A183:15:49776595:G	FGF7	G160E	G160
tcga_mc3	TCGA-EE-A183:1:209773330:G	CAMK1G	G32E	G32
tcga_mc3	TCGA-EE-A183:2:179647604:C	TTN	S1010N	S1010
tcga_mc3	TCGA-EE-A184:3:16254193:C	GALNT15	R439C	R439
tcga_mc3	TCGA-EE-A185:11:122669709:C	UBASH3B	R473C	R473
tcga_mc3	TCGA-EE-A185:1:155874290:C	RIT1	E81Q	E81
tcga_mc3	TCGA-EE-A20C:11:99786792:G	CNTN5	G195E	G195
tcga_mc3	TCGA-EE-A20C:19:50826961:G	KCNC3	R417C	R417
tcga_mc3	TCGA-EE-A20C:1:243859016:C	AKT3	E17K	E17
tcga_mc3	TCGA-EE-A20C:1:47606542:C	CYP4A22	R96C	R96
tcga_mc3	TCGA-EE-A20F:17:49278985:G	MBTD1	L398F	L398
tcga_mc3	TCGA-EE-A20F:8:68956771:C	PREX2	R297C	R297
tcga_mc3	TCGA-EE-A20H:1:183197521:A	LAMC2	E494G	E494
tcga_mc3	TCGA-EE-A20H:2:136566094:C	LCT	G1275R	G1275
tcga_mc3	TCGA-EE-A20H:2:143676226:G	KYNU	G73E	G73
tcga_mc3	TCGA-EE-A20H:4:115769380:C	NDST4	G644E	G644
tcga_mc3	TCGA-EE-A20H:6:31963847:T	C4A	S1116P	S1116
tcga_mc3	TCGA-EE-A20H:6:41165918:C	TREML2	R102Q	R102
tcga_mc3	TCGA-EE-A29A:2:209113113:G	IDH1	R132C	R132
tcga_mc3	TCGA-EE-A29A:5:23523410:G	PRDM9	G298E	G298
tcga_mc3	TCGA-EE-A29B:12:79689912:C	SYT1	P180S	P180
tcga_mc3	TCGA-EE-A29B:1:196762501:G	CFHR3	G284E	G284
tcga_mc3	TCGA-EE-A29B:2:209113113:G	IDH1	R132C	R132
tcga_mc3	TCGA-EE-A29B:3:126224817:C	UROC1	G214S	G214
tcga_mc3	TCGA-EE-A29B:7:141635679:C	CLEC5A	E94K	E94
tcga_mc3	TCGA-EE-A29D:10:96541593:C	CYP2C19	P220S	P220
tcga_mc3	TCGA-EE-A29D:11:82536019:G	PRCP	R474C	R474
tcga_mc3	TCGA-EE-A29D:11:94759407:C	KDM4E	P229L	P229
tcga_mc3	TCGA-EE-A29D:13:28608113:G	FLT3	S618L	S618
tcga_mc3	TCGA-EE-A29D:15:50540510:G	HDC	R358C	R358
tcga_mc3	TCGA-EE-A29D:16:77850940:G	VAT1L	G119E	G119
tcga_mc3	TCGA-EE-A29D:19:6665332:C	TNFSF14	G110R	G110
tcga_mc3	TCGA-EE-A29D:1:158261127:C	CD1C	R89C	R89
tcga_mc3	TCGA-EE-A29D:1:169701995:G	SELE	S61F	S61
tcga_mc3	TCGA-EE-A29D:1:196887394:G	CFHR4	G532E	G532
tcga_mc3	TCGA-EE-A29D:1:233802629:C	KCNK1	S215F	S215
tcga_mc3	TCGA-EE-A29D:2:88425751:C	FABP1	E62K	E62
tcga_mc3	TCGA-EE-A29D:3:69112140:G	UBA3	P229L	P229
tcga_mc3	TCGA-EE-A29D:3:81548268:G	GBE1	S682F	S682
tcga_mc3	TCGA-EE-A29D:4:115769380:C	NDST4	G644E	G644
tcga_mc3	TCGA-EE-A29D:6:63990527:T	LGSN	D310V	D310
tcga_mc3	TCGA-EE-A29D:7:18788706:G	HDAC9	R660Q	R660
tcga_mc3	TCGA-EE-A29D:7:5633106:C	FSCN1	A180V	A180
tcga_mc3	TCGA-EE-A29D:8:143927901:G	GML	G91E	G91
tcga_mc3	TCGA-EE-A29D:8:24342819:G	ADAM7	G302E	G302
tcga_mc3	TCGA-EE-A29E:11:105967543:C	AASDHPPT	S280F	S280
tcga_mc3	TCGA-EE-A29E:12:7882210:C	CLEC4C	M208I	M208
tcga_mc3	TCGA-EE-A29E:13:33629411:C	KL	P520S	P520
tcga_mc3	TCGA-EE-A29E:18:25570082:C	CDH2	R526Q	R526
tcga_mc3	TCGA-EE-A29E:1:45798461:G	MUTYH	R181W	R181
tcga_mc3	TCGA-EE-A29E:2:143742654:G	KYNU	G244D	G244
tcga_mc3	TCGA-EE-A29E:2:214878736:C	SPAG16	P488S	P488
tcga_mc3	TCGA-EE-A29E:2:70692814:G	TGFA	S50F	S50
tcga_mc3	TCGA-EE-A29E:3:151545418:C	AADAC	P220S	P220
tcga_mc3	TCGA-EE-A29E:3:2908486:C	CNTN4	R169C	R169
tcga_mc3	TCGA-EE-A29E:4:628613:G	PDE6B	E206K	E206
tcga_mc3	TCGA-EE-A29E:5:168233482:G	SLIT3	P302S	P302
tcga_mc3	TCGA-EE-A29E:6:119569512:C	MAN1A1	R302Q	R302
tcga_mc3	TCGA-EE-A29E:6:30857031:C	DDR1	P81S	P81
tcga_mc3	TCGA-EE-A29E:6:84108201:C	ME1	E83K	E83
tcga_mc3	TCGA-EE-A29E:7:56141885:C	SUMF2	P120S	P120
tcga_mc3	TCGA-EE-A29E:8:105459626:C	DPYS	E177K	E177
tcga_mc3	TCGA-EE-A29E:8:145151587:C	CYC1	P238S	P238
tcga_mc3	TCGA-EE-A29E:8:66963846:G	DNAJC5B	E22K	E22
tcga_mc3	TCGA-EE-A29E:9:120475721:G	TLR4	E439K	E439
tcga_mc3	TCGA-EE-A29G:12:49255887:C	RND1	D75N	D75
tcga_mc3	TCGA-EE-A29G:13:28608116:C	FLT3	G617E	G617
tcga_mc3	TCGA-EE-A29G:22:38948707:G	DMC1	R129C	R129
tcga_mc3	TCGA-EE-A29H:4:173930333:G	GALNTL6	R459Q	R459
tcga_mc3	TCGA-EE-A29H:7:87179319:C	ABCB1	E468K	E468
tcga_mc3	TCGA-EE-A29L:19:49459483:C	BAX	P88S	P88
tcga_mc3	TCGA-EE-A29L:19:49459484:C	BAX	P88L	P88
tcga_mc3	TCGA-EE-A29L:1:207039325:G	IL20	R43Q	R43
tcga_mc3	TCGA-EE-A29L:2:88425751:C	FABP1	E62K	E62
tcga_mc3	TCGA-EE-A29L:5:36039597:G	UGT3A2	P353S	P353
tcga_mc3	TCGA-EE-A29L:7:142460771:C	PRSS1	S215F	S215
tcga_mc3	TCGA-EE-A29M:10:124358388:G	DMBT1	D1019N	D1019
tcga_mc3	TCGA-EE-A29M:14:67647551:T	GPHN	M703K	M703
tcga_mc3	TCGA-EE-A29M:14:74062020:C	ACOT4	P310S	P310
tcga_mc3	TCGA-EE-A29M:1:228334618:C	GUK1	S77L	S77
tcga_mc3	TCGA-EE-A29M:1:57611094:G	DAB1	R26C	R26
tcga_mc3	TCGA-EE-A29M:4:155528085:G	FGG	R301G	R301
tcga_mc3	TCGA-EE-A29M:4:80328367:G	GK2	R330C	R330
tcga_mc3	TCGA-EE-A29N:21:42615331:A	BACE2	Y259C	Y259
tcga_mc3	TCGA-EE-A29N:2:214878736:C	SPAG16	P488S	P488
tcga_mc3	TCGA-EE-A29N:3:65479297:C	MAGI1	R147Q	R147
tcga_mc3	TCGA-EE-A29P:2:209113113:G	IDH1	R132C	R132
tcga_mc3	TCGA-EE-A29P:2:219449406:C	RQCD1	P131L	P131
tcga_mc3	TCGA-EE-A29Q:8:59750747:G	TOX	R273C	R273
tcga_mc3	TCGA-EE-A29R:10:5435781:G	TUBAL3	S347F	S347
tcga_mc3	TCGA-EE-A29S:10:123279680:C	FGFR2	R251Q	R251
tcga_mc3	TCGA-EE-A29S:18:61324626:G	SERPINB3	P164S	P164
tcga_mc3	TCGA-EE-A29S:1:115829023:C	NGF	E132K	E132
tcga_mc3	TCGA-EE-A29S:5:140011761:G	CD14	P270S	P270
tcga_mc3	TCGA-EE-A29S:6:28501787:C	GPX5	S170F	S170
tcga_mc3	TCGA-EE-A29T:7:141952147:C	PRSS58	G207E	G207
tcga_mc3	TCGA-EE-A29V:1:115258747:C	NRAS	G12A	G12
tcga_mc3	TCGA-EE-A29V:20:49195771:C	PTPN1	R257W	R257
tcga_mc3	TCGA-EE-A29V:2:100010788:G	EIF5B	G980E	G980
tcga_mc3	TCGA-EE-A29V:2:234237135:G	SAG	R175Q	R175
tcga_mc3	TCGA-EE-A29V:7:30795310:C	INMT	S212F	S212
tcga_mc3	TCGA-EE-A2A1:11:99932099:C	CNTN5	S379F	S379
tcga_mc3	TCGA-EE-A2A1:1:12907971:C	HNRNPCL1	D58N	D58
tcga_mc3	TCGA-EE-A2A1:4:48114430:C	TXK	D92N	D92
tcga_mc3	TCGA-EE-A2A2:11:94731230:C	KDM4D	P232S	P232
tcga_mc3	TCGA-EE-A2A2:17:4621957:C	ARRB2	P253S	P253
tcga_mc3	TCGA-EE-A2A2:2:3504605:G	ADI1	R134C	R134
tcga_mc3	TCGA-EE-A2A2:8:143960599:C	CYP11B1	D82N	D82
tcga_mc3	TCGA-EE-A2A5:2:87085363:C	CD8B	D74N	D74
tcga_mc3	TCGA-EE-A2A5:7:73973290:C	GTF2IRD1	P751L	P751
tcga_mc3	TCGA-EE-A2A5:8:52321411:G	PXDNL	P925S	P925
tcga_mc3	TCGA-EE-A2A6:10:125516860:C	CPXM2	D596N	D596
tcga_mc3	TCGA-EE-A2A6:9:21971116:G	CDKN2A	P81L	P81
tcga_mc3	TCGA-EE-A2GB:11:27114840:G	BBOX1	G154R	G154
tcga_mc3	TCGA-EE-A2GB:2:179647604:C	TTN	S1010N	S1010
tcga_mc3	TCGA-EE-A2GB:3:114014634:G	TIGIT	D102N	D102
tcga_mc3	TCGA-EE-A2GB:4:40245215:C	RHOH	P70L	P70
tcga_mc3	TCGA-EE-A2GB:8:39495126:C	ADAM18	S244F	S244
tcga_mc3	TCGA-EE-A2GC:10:75960590:T	ADK	L45R	L45
tcga_mc3	TCGA-EE-A2GC:16:24166021:G	PRKCB	R361Q	R361
tcga_mc3	TCGA-EE-A2GC:16:31424240:G	ITGAD	G597R	G597
tcga_mc3	TCGA-EE-A2GC:18:61324085:C	SERPINB3	E250K	E250
tcga_mc3	TCGA-EE-A2GC:18:61324626:G	SERPINB3	P164S	P164
tcga_mc3	TCGA-EE-A2GC:19:41188839:C	NUMBL	G95E	G95
tcga_mc3	TCGA-EE-A2GC:20:9546725:G	PAK7	R433W	R433
tcga_mc3	TCGA-EE-A2GC:6:109768347:C	MICAL1	R719Q	R719
tcga_mc3	TCGA-EE-A2GC:6:1961196:G	GMDS	S117F	S117
tcga_mc3	TCGA-EE-A2GC:7:141635679:C	CLEC5A	E94K	E94
tcga_mc3	TCGA-EE-A2GD:11:28311899:C	METTL15	S185F	S185
tcga_mc3	TCGA-EE-A2GD:21:34878379:G	GART	R829W	R829
tcga_mc3	TCGA-EE-A2GD:4:158057765:G	GLRB	E148K	E148
tcga_mc3	TCGA-EE-A2GE:19:22362861:C	ZNF676	R553K	R553
tcga_mc3	TCGA-EE-A2GH:15:49776595:G	FGF7	G160E	G160
tcga_mc3	TCGA-EE-A2GI:12:7882210:C	CLEC4C	M208I	M208
tcga_mc3	TCGA-EE-A2GI:19:49473946:G	GYS1	R556G	R556
tcga_mc3	TCGA-EE-A2GI:2:113676334:C	IL37	S202L	S202
tcga_mc3	TCGA-EE-A2GI:2:234237135:G	SAG	R175Q	R175
tcga_mc3	TCGA-EE-A2GI:8:39495126:C	ADAM18	S244F	S244
tcga_mc3	TCGA-EE-A2GI:9:35065361:G	VCP	R155C	R155
tcga_mc3	TCGA-EE-A2GJ:1:115258747:C	NRAS	G12D	G12
tcga_mc3	TCGA-EE-A2GJ:1:22927217:G	EPHA8	A818T	A818
tcga_mc3	TCGA-EE-A2GJ:1:89322963:C	GTF2B	R248K	R248
tcga_mc3	TCGA-EE-A2GJ:9:104125033:G	BAAT	P312S	P312
tcga_mc3	TCGA-EE-A2GL:19:54823298:C	LILRA5	G82E	G82
tcga_mc3	TCGA-EE-A2GL:1:155348300:G	ASH1L	R2078C	R2078
tcga_mc3	TCGA-EE-A2GL:4:2833690:C	SH3BP2	S464F	S464
tcga_mc3	TCGA-EE-A2GL:7:20721180:G	ABCB5	R587Q	R587
tcga_mc3	TCGA-EE-A2GM:22:35942941:C	RASD2	R29W	R29
tcga_mc3	TCGA-EE-A2GM:9:133355822:G	ASS1	G275E	G275
tcga_mc3	TCGA-EE-A2GN:14:60756565:C	PPM1A	H332Y	H332
tcga_mc3	TCGA-EE-A2GN:18:29039894:G	DSG3	E202K	E202
tcga_mc3	TCGA-EE-A2GO:12:102071077:G	MYBPC1	G998E	G998
tcga_mc3	TCGA-EE-A2GO:1:117297532:G	CD2	G114E	G114
tcga_mc3	TCGA-EE-A2GO:20:47990833:C	KCNB1	E422K	E422
tcga_mc3	TCGA-EE-A2GO:5:168233482:G	SLIT3	P302S	P302
tcga_mc3	TCGA-EE-A2GO:6:41165918:C	TREML2	R102Q	R102
tcga_mc3	TCGA-EE-A2GO:8:73848639:C	KCNB2	S350F	S350
tcga_mc3	TCGA-EE-A2GO:9:8524996:C	PTPRD	G203E	G203
tcga_mc3	TCGA-EE-A2GP:11:22777461:G	GAS2	G229R	G229
tcga_mc3	TCGA-EE-A2GP:17:7577539:G	TP53	R248W	R248
tcga_mc3	TCGA-EE-A2GP:1:158325195:C	CD1E	S154F	S154
tcga_mc3	TCGA-EE-A2GR:14:52433367:C	GNG2	P60S	P60
tcga_mc3	TCGA-EE-A2GR:19:52033958:C	SIGLEC6	R228K	R228
tcga_mc3	TCGA-EE-A2GR:1:158325692:G	CD1E	G234E	G234
tcga_mc3	TCGA-EE-A2GR:3:50293694:C	GNAI2	R179C	R179
tcga_mc3	TCGA-EE-A2GR:5:54405901:C	GZMA	S227F	S227
tcga_mc3	TCGA-EE-A2GR:8:56864641:C	LYN	P202S	P202
tcga_mc3	TCGA-EE-A2GS:10:89692905:G	PTEN	R130L	R130
tcga_mc3	TCGA-EE-A2GS:11:99932099:C	CNTN5	S379F	S379
tcga_mc3	TCGA-EE-A2GS:17:25974412:G	LGALS9	R292Q	R292
tcga_mc3	TCGA-EE-A2GS:2:219449406:C	RQCD1	P131L	P131
tcga_mc3	TCGA-EE-A2GT:5:31299667:G	CDH6	G247E	G247
tcga_mc3	TCGA-EE-A2GU:2:209113113:G	IDH1	R132C	R132
tcga_mc3	TCGA-EE-A2GU:2:21252650:C	APOB	G493E	G493
tcga_mc3	TCGA-EE-A2GU:8:143994858:G	CYP11B2	P322S	P322
tcga_mc3	TCGA-EE-A2GU:8:57228600:C	SDR16C5	E103K	E103
tcga_mc3	TCGA-EE-A2M5:2:214878736:C	SPAG16	P488S	P488
tcga_mc3	TCGA-EE-A2M5:4:166924680:G	TLL1	R257Q	R257
tcga_mc3	TCGA-EE-A2M5:4:173930333:G	GALNTL6	R459Q	R459
tcga_mc3	TCGA-EE-A2M5:5:140181759:G	PCDHA3	G326E	G326
tcga_mc3	TCGA-EE-A2M5:5:145379738:G	SH3RF2	E166K	E166
tcga_mc3	TCGA-EE-A2M5:9:8524996:C	PTPRD	G203E	G203
tcga_mc3	TCGA-EE-A2M6:1:47606542:C	CYP4A22	R96C	R96
tcga_mc3	TCGA-EE-A2M6:5:95746650:C	PCSK1	G308E	G308
tcga_mc3	TCGA-EE-A2MC:11:64822107:G	NAALADL1	S236F	S236
tcga_mc3	TCGA-EE-A2MC:1:196965275:G	CFHR5	G305E	G305
tcga_mc3	TCGA-EE-A2MC:7:141635657:C	CLEC5A	G101E	G101
tcga_mc3	TCGA-EE-A2MC:8:143832508:C	LYPD2	E47K	E47
tcga_mc3	TCGA-EE-A2MC:8:39502882:G	ADAM18	G312E	G312
tcga_mc3	TCGA-EE-A2MD:12:129442178:C	GLT1D1	S290F	S290
tcga_mc3	TCGA-EE-A2MD:16:80583473:C	DYNLRB2	R58C	R58
tcga_mc3	TCGA-EE-A2MD:19:6682022:C	C3	R1427K	R1427
tcga_mc3	TCGA-EE-A2MD:1:117984892:C	MAN1A2	L299F	L299
tcga_mc3	TCGA-EE-A2MD:1:98205983:C	DPYD	D96N	D96
tcga_mc3	TCGA-EE-A2MD:3:151475216:G	AADACL2	G347E	G347
tcga_mc3	TCGA-EE-A2MD:4:123377456:C	IL2	G47E	G47
tcga_mc3	TCGA-EE-A2MD:4:158057999:C	GLRB	P191S	P191
tcga_mc3	TCGA-EE-A2MD:4:48114430:C	TXK	D92N	D92
tcga_mc3	TCGA-EE-A2MD:4:55956220:C	KDR	R1032Q	R1032
tcga_mc3	TCGA-EE-A2MD:5:140175450:G	PCDHA2	E301K	E301
tcga_mc3	TCGA-EE-A2MD:7:40102466:C	CDK13	P881L	P881
tcga_mc3	TCGA-EE-A2MD:8:24342819:G	ADAM7	G302E	G302
tcga_mc3	TCGA-EE-A2MF:10:26802584:C	APBB1IP	P270S	P270
tcga_mc3	TCGA-EE-A2MF:1:110230843:G	GSTM1	E30K	E30
tcga_mc3	TCGA-EE-A2MF:1:159683778:G	CRP	S71L	S71
tcga_mc3	TCGA-EE-A2MF:2:209302574:C	PTH2R	R127C	R127
tcga_mc3	TCGA-EE-A2MF:7:141635679:C	CLEC5A	E94K	E94
tcga_mc3	TCGA-EE-A2MF:8:39502882:G	ADAM18	G312E	G312
tcga_mc3	TCGA-EE-A2MG:12:58145436:T	CDK4	K22M	K22
tcga_mc3	TCGA-EE-A2MG:2:28631669:G	FOSL2	R133K	R133
tcga_mc3	TCGA-EE-A2MG:4:166916254:G	TLL1	E186K	E186
tcga_mc3	TCGA-EE-A2MI:13:24895592:G	C1QTNF9	E230K	E230
tcga_mc3	TCGA-EE-A2MI:1:202862461:G	KLHL12	R496C	R496
tcga_mc3	TCGA-EE-A2MI:2:143713841:C	KYNU	H169Y	H169
tcga_mc3	TCGA-EE-A2MI:2:3504598:G	ADI1	T136M	T136
tcga_mc3	TCGA-EE-A2MI:4:41265263:C	UCHL1	H161Y	H161
tcga_mc3	TCGA-EE-A2MI:4:80328367:G	GK2	R330C	R330
tcga_mc3	TCGA-EE-A2MI:8:143927901:G	GML	G91E	G91
tcga_mc3	TCGA-EE-A2MJ:14:69697274:C	EXD2	R226C	R226
tcga_mc3	TCGA-EE-A2MJ:16:24166021:G	PRKCB	R361Q	R361
tcga_mc3	TCGA-EE-A2MJ:17:37902204:T	GRB7	S437P	S437
tcga_mc3	TCGA-EE-A2MJ:18:61160312:C	SERPINB5	P184L	P184
tcga_mc3	TCGA-EE-A2MJ:18:6942202:G	LAMA1	S3035L	S3035
tcga_mc3	TCGA-EE-A2MJ:19:55399440:C	FCAR	S143F	S143
tcga_mc3	TCGA-EE-A2MJ:1:196928040:G	CFHR2	E215K	E215
tcga_mc3	TCGA-EE-A2MJ:20:40118549:G	CHD6	P517S	P517
tcga_mc3	TCGA-EE-A2MJ:3:81635304:G	GBE1	S425F	S425
tcga_mc3	TCGA-EE-A2MJ:4:115760697:C	NDST4	R708Q	R708
tcga_mc3	TCGA-EE-A2MJ:7:150554840:C	AOC1	R428W	R428
tcga_mc3	TCGA-EE-A2MK:19:51645996:C	SIGLEC7	R124C	R124
tcga_mc3	TCGA-EE-A2ML:15:35083353:C	ACTC1	E318K	E318
tcga_mc3	TCGA-EE-A2ML:18:61324516:A	SERPINB3	F200L	F200
tcga_mc3	TCGA-EE-A2ML:20:15480424:C	MACROD2	P193S	P193
tcga_mc3	TCGA-EE-A2MM:1:158261127:C	CD1C	R89C	R89
tcga_mc3	TCGA-EE-A2MM:8:39645760:G	ADAM2	S218L	S218
tcga_mc3	TCGA-EE-A2MN:16:31424248:G	ITGAD	M599I	M599
tcga_mc3	TCGA-EE-A2MP:2:50758484:G	NRXN1	S743F	S743
tcga_mc3	TCGA-EE-A2MP:7:117199600:C	CFTR	S492F	S492
tcga_mc3	TCGA-EE-A2MQ:12:103240729:C	PAH	E305K	E305
tcga_mc3	TCGA-EE-A2MQ:17:61958244:G	GH2	P115L	P115
tcga_mc3	TCGA-EE-A2MQ:1:117984892:C	MAN1A2	L299F	L299
tcga_mc3	TCGA-EE-A2MR:16:2035946:C	GFER	R179S	R179
tcga_mc3	TCGA-EE-A2MR:16:28914725:G	ATP2A1	E982K	E982
tcga_mc3	TCGA-EE-A2MR:18:61154210:C	SERPINB5	P67L	P67
tcga_mc3	TCGA-EE-A2MR:19:46289876:G	DMWD	S293L	S293
tcga_mc3	TCGA-EE-A2MR:1:158261127:C	CD1C	R89C	R89
tcga_mc3	TCGA-EE-A2MR:1:226566885:G	PARP1	S568F	S568
tcga_mc3	TCGA-EE-A2MR:1:2538422:C	MMEL1	E208K	E208
tcga_mc3	TCGA-EE-A2MR:20:56136651:G	PCK1	E62K	E62
tcga_mc3	TCGA-EE-A2MR:22:38948707:G	DMC1	R129C	R129
tcga_mc3	TCGA-EE-A2MR:2:27455482:C	CAD	L938F	L938
tcga_mc3	TCGA-EE-A2MR:2:3597994:T	RNASEH1	I160V	I160
tcga_mc3	TCGA-EE-A2MR:5:11111118:G	CTNND2	S772L	S772
tcga_mc3	TCGA-EE-A2MR:7:142460771:C	PRSS1	S215F	S215
tcga_mc3	TCGA-EE-A2MR:7:30795310:C	INMT	S212F	S212
tcga_mc3	TCGA-EE-A2MR:8:24187543:G	ADAM28	E340K	E340
tcga_mc3	TCGA-EE-A2MS:18:61324626:G	SERPINB3	P164S	P164
tcga_mc3	TCGA-EE-A2MS:1:196762501:G	CFHR3	G284E	G284
tcga_mc3	TCGA-EE-A2MS:1:212870361:C	BATF3	R46Q	R46
tcga_mc3	TCGA-EE-A2MS:1:59844482:C	FGGY	S176L	S176
tcga_mc3	TCGA-EE-A2MS:20:21687255:G	PAX1	E156K	E156
tcga_mc3	TCGA-EE-A2MS:20:31967359:G	CDK5RAP1	R353C	R353
tcga_mc3	TCGA-EE-A2MS:22:30887849:C	SEC14L4	E295K	E295
tcga_mc3	TCGA-EE-A2MS:2:214878736:C	SPAG16	P488S	P488
tcga_mc3	TCGA-EE-A2MS:3:126226630:G	UROC1	S186F	S186
tcga_mc3	TCGA-EE-A2MT:12:25398281:C	KRAS	G13D	G13
tcga_mc3	TCGA-EE-A2MT:16:26147315:G	HS3ST4	D373N	D373
tcga_mc3	TCGA-EE-A2MT:1:36558091:C	ADPRHL2	S257L	S257
tcga_mc3	TCGA-EE-A2MT:22:30887849:C	SEC14L4	E295K	E295
tcga_mc3	TCGA-EE-A2MT:3:114014634:G	TIGIT	D102N	D102
tcga_mc3	TCGA-EE-A2MT:8:68956771:C	PREX2	R297C	R297
tcga_mc3	TCGA-EE-A2MU:17:61958244:G	GH2	P115L	P115
tcga_mc3	TCGA-EE-A2MU:19:51645996:C	SIGLEC7	R124C	R124
tcga_mc3	TCGA-EE-A3AA:11:89911136:G	NAALAD2	R570Q	R570
tcga_mc3	TCGA-EE-A3AA:12:49666051:G	TUBA1C	G131S	G131
tcga_mc3	TCGA-EE-A3AA:13:28608116:C	FLT3	G617E	G617
tcga_mc3	TCGA-EE-A3AA:16:7645572:G	RBFOX1	E164K	E164
tcga_mc3	TCGA-EE-A3AA:1:196977706:G	CFHR5	D535N	D535
tcga_mc3	TCGA-EE-A3AA:2:182359477:C	ITGA4	S426L	S426
tcga_mc3	TCGA-EE-A3AA:2:196774764:C	DNAH7	G1364E	G1364
tcga_mc3	TCGA-EE-A3AA:3:1262427:C	CNTN6	P38S	P38
tcga_mc3	TCGA-EE-A3AA:4:41265263:C	UCHL1	H161Y	H161
tcga_mc3	TCGA-EE-A3AA:7:100320696:T	EPO	N174K	N174
tcga_mc3	TCGA-EE-A3AA:9:5089711:C	JAK2	P870L	P870
tcga_mc3	TCGA-EE-A3AB:12:7171655:C	C1S	P159L	P159
tcga_mc3	TCGA-EE-A3AB:17:19645429:C	ALDH3A1	G193R	G193
tcga_mc3	TCGA-EE-A3AB:1:149857936:G	HIST2H2BE	N85K	N85
tcga_mc3	TCGA-EE-A3AC:11:83243803:C	DLG2	R714Q	R714
tcga_mc3	TCGA-EE-A3AC:12:79689912:C	SYT1	P180S	P180
tcga_mc3	TCGA-EE-A3AC:17:58234034:G	CA4	D76N	D76
tcga_mc3	TCGA-EE-A3AC:17:72469840:G	CD300A	G69E	G69
tcga_mc3	TCGA-EE-A3AC:19:55913070:G	UBE2S	R135C	R135
tcga_mc3	TCGA-EE-A3AD:7:137773395:G	AKR1D1	G48R	G48
tcga_mc3	TCGA-EE-A3AE:1:207039325:G	IL20	R43Q	R43
tcga_mc3	TCGA-EE-A3AE:1:57611094:G	DAB1	R26C	R26
tcga_mc3	TCGA-EE-A3AE:4:140599715:T	MGST2	V26A	V26
tcga_mc3	TCGA-EE-A3AE:7:157388004:C	PTPRN2	D808N	D808
tcga_mc3	TCGA-EE-A3AE:8:52321411:G	PXDNL	P925S	P925
tcga_mc3	TCGA-EE-A3AE:9:21971017:G	CDKN2A	P114L	P114
tcga_mc3	TCGA-EE-A3AE:9:23704940:G	ELAVL2	R155C	R155
tcga_mc3	TCGA-EE-A3AF:6:44217832:C	HSP90AB1	R197W	R197
tcga_mc3	TCGA-EE-A3AG:12:104713318:C	TXNRD1	P315L	P315
tcga_mc3	TCGA-EE-A3AG:16:28914725:G	ATP2A1	E982K	E982
tcga_mc3	TCGA-EE-A3AG:16:88723906:G	MVD	S114L	S114
tcga_mc3	TCGA-EE-A3AG:18:70205419:G	CBLN2	P223S	P223
tcga_mc3	TCGA-EE-A3AG:19:44160716:C	PLAUR	R129S	R129
tcga_mc3	TCGA-EE-A3AG:21:43852252:G	UBASH3A	G404E	G404
tcga_mc3	TCGA-EE-A3AG:2:141946119:C	LRP1B	R295Q	R295
tcga_mc3	TCGA-EE-A3AG:4:124177183:C	SPATA5	P785S	P785
tcga_mc3	TCGA-EE-A3AG:7:87175237:C	ABCB1	G610E	G610
tcga_mc3	TCGA-EE-A3AH:13:22255210:G	FGF9	G103S	G103
tcga_mc3	TCGA-EE-A3J3:12:57958276:C	KIF5A	R144C	R144
tcga_mc3	TCGA-EE-A3J4:10:96454787:G	CYP2C18	E199K	E199
tcga_mc3	TCGA-EE-A3J4:1:33478982:G	AK2	R174C	R174
tcga_mc3	TCGA-EE-A3J5:10:96805651:C	CYP2C8	D293N	D293
tcga_mc3	TCGA-EE-A3J5:11:99786792:G	CNTN5	G195E	G195
tcga_mc3	TCGA-EE-A3J5:12:81205386:C	LIN7A	R187Q	R187
tcga_mc3	TCGA-EE-A3J5:16:26147315:G	HS3ST4	D373N	D373
tcga_mc3	TCGA-EE-A3J5:18:61600305:G	SERPINB10	M219I	M219
tcga_mc3	TCGA-EE-A3J5:3:16254193:C	GALNT15	R439C	R439
tcga_mc3	TCGA-EE-A3J5:4:114452426:G	CAMK2D	P183S	P183
tcga_mc3	TCGA-EE-A3J5:7:151962193:C	KMT2C	D372N	D372
tcga_mc3	TCGA-EE-A3J5:8:52321203:C	PXDNL	G994E	G994
tcga_mc3	TCGA-EE-A3J7:17:7577559:G	TP53	S241F	S241
tcga_mc3	TCGA-EE-A3J7:22:38948707:G	DMC1	R129C	R129
tcga_mc3	TCGA-EE-A3J7:4:83375960:G	ENOPH1	A159T	A159
tcga_mc3	TCGA-EE-A3J7:5:150646406:C	GM2A	P120S	P120
tcga_mc3	TCGA-EE-A3J7:7:137773395:G	AKR1D1	G48R	G48
tcga_mc3	TCGA-EE-A3J7:7:44281867:G	CAMK2B	P257S	P257
tcga_mc3	TCGA-EE-A3J7:7:71134991:G	WBSCR17	R434K	R434
tcga_mc3	TCGA-EE-A3J7:9:21974684:G	CDKN2A	P48L	P48
tcga_mc3	TCGA-EE-A3J8:2:113676334:C	IL37	S202L	S202
tcga_mc3	TCGA-EE-A3J8:2:209113113:G	IDH1	R132C	R132
tcga_mc3	TCGA-EE-A3JA:11:30255117:G	FSHB	D54N	D54
tcga_mc3	TCGA-EE-A3JA:11:89911136:G	NAALAD2	R570Q	R570
tcga_mc3	TCGA-EE-A3JA:17:62557655:G	SMURF2	R427C	R427
tcga_mc3	TCGA-EE-A3JA:18:29102112:C	DSG2	S197F	S197
tcga_mc3	TCGA-EE-A3JA:18:61569100:C	SERPINB2	P221L	P221
tcga_mc3	TCGA-EE-A3JA:1:108303444:G	VAV3	P327S	P327
tcga_mc3	TCGA-EE-A3JA:4:96761854:G	PDHA2	D185N	D185
tcga_mc3	TCGA-EE-A3JA:7:117199609:C	CFTR	S495F	S495
tcga_mc3	TCGA-EE-A3JA:8:143994858:G	CYP11B2	P322S	P322
tcga_mc3	TCGA-EE-A3JA:9:27173333:G	TEK	G292S	G292
tcga_mc3	TCGA-EE-A3JB:11:99932099:C	CNTN5	S379F	S379
tcga_mc3	TCGA-EE-A3JB:6:84108201:C	ME1	E83K	E83
tcga_mc3	TCGA-EE-A3JD:12:103248989:G	PAH	P211S	P211
tcga_mc3	TCGA-EE-A3JD:13:33629411:C	KL	P520S	P520
tcga_mc3	TCGA-EE-A3JD:15:50555448:C	HDC	R63Q	R63
tcga_mc3	TCGA-EE-A3JD:17:47284190:C	GNGT2	D47N	D47
tcga_mc3	TCGA-EE-A3JD:19:46202120:C	QPCTL	P283L	P283
tcga_mc3	TCGA-EE-A3JD:1:158261127:C	CD1C	R89C	R89
tcga_mc3	TCGA-EE-A3JD:1:227387341:G	CDC42BPA	R123C	R123
tcga_mc3	TCGA-EE-A3JD:8:65527679:C	CYP7B1	E321K	E321
tcga_mc3	TCGA-EE-A3JD:9:21971017:G	CDKN2A	P114L	P114
tcga_mc3	TCGA-EE-A3JE:6:114274470:C	HDAC2	E204K	E204
tcga_mc3	TCGA-EE-A3JI:18:55240527:G	FECH	L89F	L89
tcga_mc3	TCGA-EE-A3JI:2:108868931:C	SULT1C3	P95S	P95
tcga_mc3	TCGA-EE-A3JI:2:209116179:G	IDH1	P33S	P33
tcga_mc3	TCGA-EE-A3JI:7:142961652:C	GSTK1	P56S	P56
tcga_mc3	TCGA-EE-A3JI:7:142961653:C	GSTK1	P56L	P56
tcga_mc3	TCGA-ER-A193:10:96541593:C	CYP2C19	P220S	P220
tcga_mc3	TCGA-ER-A193:1:158325692:G	CD1E	G234E	G234
tcga_mc3	TCGA-ER-A193:1:70881666:C	CTH	P66S	P66
tcga_mc3	TCGA-ER-A193:2:196774764:C	DNAH7	G1364E	G1364
tcga_mc3	TCGA-ER-A193:3:182683508:G	DCUN1D1	R13C	R13
tcga_mc3	TCGA-ER-A193:7:141952147:C	PRSS58	G207E	G207
tcga_mc3	TCGA-ER-A194:11:534285:C	HRAS	G13D	G13
tcga_mc3	TCGA-ER-A194:11:534286:C	HRAS	G13S	G13
tcga_mc3	TCGA-ER-A194:12:6645673:G	GAPDH	G15R	G15
tcga_mc3	TCGA-ER-A194:14:63246607:C	KCNH5	E620K	E620
tcga_mc3	TCGA-ER-A194:16:1370213:C	UBE2I	P88S	P88
tcga_mc3	TCGA-ER-A194:1:22412947:A	CDC42	D65V	D65
tcga_mc3	TCGA-ER-A194:2:88425751:C	FABP1	E62K	E62
tcga_mc3	TCGA-ER-A194:4:48097181:G	TXK	S187F	S187
tcga_mc3	TCGA-ER-A194:5:31299667:G	CDH6	G247E	G247
tcga_mc3	TCGA-ER-A194:6:116264264:T	FRK	K409E	K409
tcga_mc3	TCGA-ER-A195:11:121429346:C	SORL1	R904W	R904
tcga_mc3	TCGA-ER-A195:18:61324085:C	SERPINB3	E250K	E250
tcga_mc3	TCGA-ER-A195:1:7863183:C	PER3	R316C	R316
tcga_mc3	TCGA-ER-A195:7:73932550:G	GTF2IRD1	G168E	G168
tcga_mc3	TCGA-ER-A197:7:22767201:T	IL6	I53T	I53
tcga_mc3	TCGA-ER-A198:14:105246551:C	AKT1	E17K	E17
tcga_mc3	TCGA-ER-A19A:4:158060056:G	GLRB	E236K	E236
tcga_mc3	TCGA-ER-A19B:12:2107114:A	DCP1B	F60L	F60
tcga_mc3	TCGA-ER-A19C:13:103449154:C	KDELC1	G130R	G130
tcga_mc3	TCGA-ER-A19D:4:155528085:G	FGG	R301C	R301
tcga_mc3	TCGA-ER-A19E:17:73725384:C	ITGB4	S202F	S202
tcga_mc3	TCGA-ER-A19E:1:159558295:G	APCS	D157N	D157
tcga_mc3	TCGA-ER-A19E:20:43385568:G	RIMS4	P188S	P188
tcga_mc3	TCGA-ER-A19E:2:113676334:C	IL37	S202L	S202
tcga_mc3	TCGA-ER-A19E:5:55256367:G	IL6ST	S279F	S279
tcga_mc3	TCGA-ER-A19F:12:18644400:G	PIK3C2G	E860K	E860
tcga_mc3	TCGA-ER-A19F:18:28968435:G	DSG4	E108K	E108
tcga_mc3	TCGA-ER-A19F:20:1551666:C	SIRPB1	G290E	G290
tcga_mc3	TCGA-ER-A19F:2:182359477:C	ITGA4	S426L	S426
tcga_mc3	TCGA-ER-A19G:19:1398961:C	GAMT	G175E	G175
tcga_mc3	TCGA-ER-A19G:7:142460761:G	PRSS1	G212R	G212
tcga_mc3	TCGA-ER-A19H:1:7863183:C	PER3	R316C	R316
tcga_mc3	TCGA-ER-A19J:14:63246607:C	KCNH5	E620K	E620
tcga_mc3	TCGA-ER-A19M:1:28861871:C	RCC1	R214G	R214
tcga_mc3	TCGA-ER-A19M:4:46060239:G	GABRG1	S304L	S304
tcga_mc3	TCGA-ER-A19M:7:157388004:C	PTPRN2	D808N	D808
tcga_mc3	TCGA-ER-A19N:19:54387439:G	PRKCG	R76Q	R76
tcga_mc3	TCGA-ER-A19N:1:159683778:G	CRP	S71L	S71
tcga_mc3	TCGA-ER-A19N:20:43385568:G	RIMS4	P188S	P188
tcga_mc3	TCGA-ER-A19O:10:96541593:C	CYP2C19	P220S	P220
tcga_mc3	TCGA-ER-A19P:19:10249209:G	DNMT1	P1325S	P1325
tcga_mc3	TCGA-ER-A19P:1:28861871:C	RCC1	R214G	R214
tcga_mc3	TCGA-ER-A19P:2:209302574:C	PTH2R	R127C	R127
tcga_mc3	TCGA-ER-A19P:2:219449406:C	RQCD1	P131L	P131
tcga_mc3	TCGA-ER-A19W:2:26459837:T	HADHA	E67V	E67
tcga_mc3	TCGA-ER-A19W:6:35587958:G	FKBP5	S115L	S115
tcga_mc3	TCGA-ER-A2NC:13:33679773:G	STARD13	S1100F	S1100
tcga_mc3	TCGA-ER-A2NC:1:115258745:C	NRAS	G13R	G13
tcga_mc3	TCGA-ER-A2NC:2:188361661:C	TFPI	G89E	G89
tcga_mc3	TCGA-ER-A2NC:5:140181759:G	PCDHA3	G326E	G326
tcga_mc3	TCGA-ER-A2NE:1:38227533:C	EPHA10	E132K	E132
tcga_mc3	TCGA-ER-A2NF:9:80409488:T	GNAQ	Q209P	Q209
tcga_mc3	TCGA-ER-A2NG:14:75928163:G	JDP2	R79Q	R79
tcga_mc3	TCGA-ER-A2NH:12:103245469:G	PAH	S303F	S303
tcga_mc3	TCGA-ER-A2NH:1:108303444:G	VAV3	P327S	P327
tcga_mc3	TCGA-ER-A2NH:6:62611258:G	KHDRBS2	R168C	R168
tcga_mc3	TCGA-ER-A3ES:19:3118942:A	GNA11	Q209L	Q209
tcga_mc3	TCGA-ER-A3ET:19:3118942:A	GNA11	Q209L	Q209
tcga_mc3	TCGA-ER-A42H:4:55594221:A	KIT	K642E	K642
tcga_mc3	TCGA-ER-A42L:1:75188920:G	CRYZ	P49L	P49
tcga_mc3	TCGA-ER-A42L:2:209113113:G	IDH1	R132C	R132
tcga_mc3	TCGA-ER-A42L:5:145379738:G	SH3RF2	E166K	E166
tcga_mc3	TCGA-ER-A42L:6:105406088:G	LIN28B	G42E	G42
tcga_mc3	TCGA-ER-A42L:8:95265325:C	GEM	R116Q	R116
tcga_mc3	TCGA-ER-A42L:9:125145998:G	PTGS1	E325K	E325
tcga_mc3	TCGA-FR-A3R1:11:40137212:C	LRRC4C	E211K	E211
tcga_mc3	TCGA-FR-A3R1:12:112926248:G	PTPN11	A465T	A465
tcga_mc3	TCGA-FR-A3R1:1:115829023:C	NGF	E132K	E132
tcga_mc3	TCGA-FR-A3R1:2:209113113:G	IDH1	R132C	R132
tcga_mc3	TCGA-FR-A3YN:15:50535170:C	HDC	E426K	E426
tcga_mc3	TCGA-FR-A3YN:2:219449406:C	RQCD1	P131L	P131
tcga_mc3	TCGA-FR-A3YN:9:120475859:G	TLR4	E485K	E485
tcga_mc3	TCGA-FR-A3YO:17:39921024:G	JUP	R367C	R367
tcga_mc3	TCGA-FR-A3YO:19:43689011:C	PSG5	G118E	G118
tcga_mc3	TCGA-FR-A3YO:19:54783331:G	LILRB2	S176L	S176
tcga_mc3	TCGA-FR-A3YO:4:185074772:C	ENPP6	G119E	G119
tcga_mc3	TCGA-FR-A3YO:5:176710809:C	NSD1	P2011S	P2011
tcga_mc3	TCGA-FR-A3YO:9:21971017:G	CDKN2A	P114L	P114
tcga_mc3	TCGA-FR-A69P:8:52321411:G	PXDNL	P925S	P925
tcga_mc3	TCGA-FR-A726:11:99786792:G	CNTN5	G195E	G195
tcga_mc3	TCGA-FR-A726:12:103245469:G	PAH	S303F	S303
tcga_mc3	TCGA-FR-A726:13:33629411:C	KL	P520S	P520
tcga_mc3	TCGA-FR-A726:17:47284190:C	GNGT2	D47N	D47
tcga_mc3	TCGA-FR-A726:18:29039894:G	DSG3	E202K	E202
tcga_mc3	TCGA-FR-A726:18:61324085:C	SERPINB3	E250K	E250
tcga_mc3	TCGA-FR-A726:18:70205419:G	CBLN2	P223S	P223
tcga_mc3	TCGA-FR-A726:19:52033958:C	SIGLEC6	R228K	R228
tcga_mc3	TCGA-FR-A726:1:108303444:G	VAV3	P327S	P327
tcga_mc3	TCGA-FR-A726:1:158261127:C	CD1C	R89C	R89
tcga_mc3	TCGA-FR-A726:1:159558055:G	APCS	D77N	D77
tcga_mc3	TCGA-FR-A726:1:227387341:G	CDC42BPA	R123C	R123
tcga_mc3	TCGA-FR-A726:1:95709865:C	RWDD3	P62S	P62
tcga_mc3	TCGA-FR-A726:20:47990833:C	KCNB1	E422K	E422
tcga_mc3	TCGA-FR-A726:2:158974442:G	UPP2	G149E	G149
tcga_mc3	TCGA-FR-A726:2:171092559:C	MYO3B	S221F	S221
tcga_mc3	TCGA-FR-A726:2:21252650:C	APOB	G493E	G493
tcga_mc3	TCGA-FR-A726:2:87085363:C	CD8B	D74N	D74
tcga_mc3	TCGA-FR-A726:3:186257302:G	CRYGS	R36C	R36
tcga_mc3	TCGA-FR-A726:3:38417658:C	XYLB	S352F	S352
tcga_mc3	TCGA-FR-A726:3:58145287:G	FLNB	G2299R	G2299
tcga_mc3	TCGA-FR-A726:5:150646406:C	GM2A	P120S	P120
tcga_mc3	TCGA-FR-A726:5:54405901:C	GZMA	S227F	S227
tcga_mc3	TCGA-FR-A726:5:68558045:C	CDK7	P181S	P181
tcga_mc3	TCGA-FR-A726:5:95746650:C	PCSK1	G308E	G308
tcga_mc3	TCGA-FR-A726:7:142625886:G	TRPV5	S221F	S221
tcga_mc3	TCGA-FR-A726:8:143927901:G	GML	G91E	G91
tcga_mc3	TCGA-FR-A726:8:73480322:C	KCNB2	S118L	S118
tcga_mc3	TCGA-FR-A726:8:73848639:C	KCNB2	S350F	S350
tcga_mc3	TCGA-FR-A728:12:58145436:T	CDK4	K22M	K22
tcga_mc3	TCGA-FR-A728:16:26147193:G	HS3ST4	R332Q	R332
tcga_mc3	TCGA-FR-A729:10:89653814:C	PTEN	P38S	P38
tcga_mc3	TCGA-FR-A729:10:94223575:G	IDE	R892C	R892
tcga_mc3	TCGA-FR-A729:12:56363283:C	CDK2	P171S	P171
tcga_mc3	TCGA-FR-A729:7:116418932:G	MET	R1166Q	R1166
tcga_mc3	TCGA-FR-A729:8:39495126:C	ADAM18	S244F	S244
tcga_mc3	TCGA-FR-A7U9:11:119149241:C	CBL	P417S	P417
tcga_mc3	TCGA-FR-A7U9:12:96415987:G	LTA4H	R175C	R175
tcga_mc3	TCGA-FR-A7U9:19:51330999:A	KLK15	L39P	L39
tcga_mc3	TCGA-FR-A7U9:1:115828966:C	NGF	D151N	D151
tcga_mc3	TCGA-FR-A7U9:3:25833329:G	OXSM	G273D	G273
tcga_mc3	TCGA-FR-A7U9:3:2908486:C	CNTN4	R169C	R169
tcga_mc3	TCGA-FR-A7U9:4:166916254:G	TLL1	E186K	E186
tcga_mc3	TCGA-FR-A7U9:4:55956220:C	KDR	R1032Q	R1032
tcga_mc3	TCGA-FR-A7U9:7:142460771:C	PRSS1	S215F	S215
tcga_mc3	TCGA-FR-A8YC:11:119149239:G	CBL	C416Y	C416
tcga_mc3	TCGA-FR-A8YC:17:19555860:G	ALDH3A2	G129E	G129
tcga_mc3	TCGA-FR-A8YC:19:34890886:C	GPI	S541F	S541
tcga_mc3	TCGA-FR-A8YC:1:242015637:C	EXO1	H69Y	H69
tcga_mc3	TCGA-FR-A8YC:1:2938890:G	ACTRT2	D214N	D214
tcga_mc3	TCGA-FR-A8YC:20:62172239:G	SRMS	P467S	P467
tcga_mc3	TCGA-FR-A8YC:2:113676334:C	IL37	S202L	S202
tcga_mc3	TCGA-FR-A8YC:4:79507429:G	ANXA3	E110K	E110
tcga_mc3	TCGA-FR-A8YC:6:31637197:G	CSNK2B-LY6G5B-1181	A157S	A157
tcga_mc3	TCGA-FR-A8YC:6:63990359:C	LGSN	R366Q	R366
tcga_mc3	TCGA-FR-A8YC:8:24187543:G	ADAM28	E340K	E340
tcga_mc3	TCGA-FR-A8YC:8:97243350:T	UQCRB	Y90C	Y90
tcga_mc3	TCGA-FR-A8YD:18:43666437:G	ATP5A1	F400L	F400
tcga_mc3	TCGA-FR-A8YE:16:26147193:G	HS3ST4	R332Q	R332
tcga_mc3	TCGA-FR-A8YE:20:31967359:G	CDK5RAP1	R353C	R353
tcga_mc3	TCGA-FR-A8YE:4:48114430:C	TXK	D92N	D92
tcga_mc3	TCGA-FS-A1YW:1:47606542:C	CYP4A22	R96C	R96
tcga_mc3	TCGA-FS-A1YW:4:158057765:G	GLRB	E148K	E148
tcga_mc3	TCGA-FS-A1YY:1:158325195:C	CD1E	S154F	S154
tcga_mc3	TCGA-FS-A1YY:4:153247366:C	FBXW7	R479Q	R479
tcga_mc3	TCGA-FS-A1YY:4:155509998:G	FGA	S104L	S104
tcga_mc3	TCGA-FS-A1YY:8:73480322:C	KCNB2	S118L	S118
tcga_mc3	TCGA-FS-A1Z3:19:49464068:C	BAX	A124V	A124
tcga_mc3	TCGA-FS-A1Z7:10:15120537:C	ACBD7	G87R	G87
tcga_mc3	TCGA-FS-A1ZA:17:62557655:G	SMURF2	R427C	R427
tcga_mc3	TCGA-FS-A1ZA:19:11123704:A	SMARCA4	K785R	K785
tcga_mc3	TCGA-FS-A1ZA:2:171092559:C	MYO3B	S221F	S221
tcga_mc3	TCGA-FS-A1ZA:2:212488718:G	ERBB4	R711C	R711
tcga_mc3	TCGA-FS-A1ZA:4:155509998:G	FGA	S104L	S104
tcga_mc3	TCGA-FS-A1ZA:4:48097181:G	TXK	S187F	S187
tcga_mc3	TCGA-FS-A1ZA:5:142689733:T	NR3C1	D466A	D466
tcga_mc3	TCGA-FS-A1ZA:6:31901498:G	CFB	G185E	G185
tcga_mc3	TCGA-FS-A1ZA:6:49660530:C	CRISP2	E230K	E230
tcga_mc3	TCGA-FS-A1ZC:2:198001381:G	ANKRD44	R66C	R66
tcga_mc3	TCGA-FS-A1ZC:2:242402023:C	FARP2	T558I	T558
tcga_mc3	TCGA-FS-A1ZC:7:30671904:G	GARS	D649N	D649
tcga_mc3	TCGA-FS-A1ZC:9:127912080:G	PPP6C	R264C	R264
tcga_mc3	TCGA-FS-A1ZD:1:7863183:C	PER3	R316C	R316
tcga_mc3	TCGA-FS-A1ZE:2:32093518:G	MEMO1	S269L	S269
tcga_mc3	TCGA-FS-A1ZE:2:85770052:C	MAT2A	P327L	P327
tcga_mc3	TCGA-FS-A1ZF:3:178952085:A	PIK3CA	H1047L	H1047
tcga_mc3	TCGA-FS-A1ZG:12:25398284:C	KRAS	G12D	G12
tcga_mc3	TCGA-FS-A1ZK:14:74062021:C	ACOT4	P310L	P310
tcga_mc3	TCGA-FS-A1ZK:6:88227908:G	RARS2	S497L	S497
tcga_mc3	TCGA-FS-A1ZN:12:7882210:C	CLEC4C	M208I	M208
tcga_mc3	TCGA-FS-A1ZN:9:95993351:G	WNK2	A346T	A346
tcga_mc3	TCGA-FS-A1ZP:11:46747657:G	F2	E270K	E270
tcga_mc3	TCGA-FS-A1ZP:2:112777075:G	MERTK	R722Q	R722
tcga_mc3	TCGA-FS-A1ZP:2:209113113:G	IDH1	R132C	R132
tcga_mc3	TCGA-FS-A1ZP:6:28554272:C	SCAND3	E75K	E75
tcga_mc3	TCGA-FS-A1ZQ:19:4538062:G	LRG1	R312C	R312
tcga_mc3	TCGA-FS-A1ZQ:1:178846662:G	RALGPS2	D213N	D213
tcga_mc3	TCGA-FS-A1ZQ:1:178846663:A	RALGPS2	D213V	D213
tcga_mc3	TCGA-FS-A1ZQ:9:21971017:G	CDKN2A	P114L	P114
tcga_mc3	TCGA-FS-A1ZS:2:27455482:C	CAD	L938F	L938
tcga_mc3	TCGA-FS-A1ZT:2:36970354:A	VIT	D77V	D77
tcga_mc3	TCGA-FS-A1ZW:14:95560482:G	DICER1	R1703S	R1703
tcga_mc3	TCGA-FS-A1ZW:1:196928040:G	CFHR2	E215K	E215
tcga_mc3	TCGA-FS-A1ZW:4:628613:G	PDE6B	E206K	E206
tcga_mc3	TCGA-FS-A1ZZ:15:54586243:G	UNC13C	M1323I	M1323
tcga_mc3	TCGA-FS-A1ZZ:1:115829023:C	NGF	E132K	E132
tcga_mc3	TCGA-FS-A1ZZ:2:188361661:C	TFPI	G89E	G89
tcga_mc3	TCGA-FS-A1ZZ:2:211456679:G	CPS1	D358N	D358
tcga_mc3	TCGA-FS-A1ZZ:3:391158:G	CHL1	G306E	G306
tcga_mc3	TCGA-FS-A1ZZ:4:155509998:G	FGA	S104L	S104
tcga_mc3	TCGA-FS-A1ZZ:4:158060056:G	GLRB	E236K	E236
tcga_mc3	TCGA-FS-A1ZZ:7:87175237:C	ABCB1	G610E	G610
tcga_mc3	TCGA-FS-A4F0:15:35083365:G	ACTC1	R314C	R314
tcga_mc3	TCGA-FS-A4F0:1:21573804:G	ECE1	P358L	P358
tcga_mc3	TCGA-FS-A4F0:1:7863183:C	PER3	R316C	R316
tcga_mc3	TCGA-FS-A4F5:1:158261127:C	CD1C	R89C	R89
tcga_mc3	TCGA-FS-A4F5:2:108868931:C	SULT1C3	P95S	P95
tcga_mc3	TCGA-FS-A4F5:2:182359477:C	ITGA4	S426L	S426
tcga_mc3	TCGA-FS-A4F5:6:28501787:C	GPX5	S170F	S170
tcga_mc3	TCGA-FS-A4F5:6:62611258:G	KHDRBS2	R168C	R168
tcga_mc3	TCGA-FS-A4F8:7:30795310:C	INMT	S212F	S212
tcga_mc3	TCGA-FS-A4F9:13:24895592:G	C1QTNF9	E230K	E230
tcga_mc3	TCGA-FS-A4FB:15:58855790:A	LIPC	K419R	K419
tcga_mc3	TCGA-FS-A4FC:16:1820925:G	NME3	P117S	P117
tcga_mc3	TCGA-FS-A4FC:19:52033958:C	SIGLEC6	R228K	R228
tcga_mc3	TCGA-FS-A4FC:1:115258745:C	NRAS	G13R	G13
tcga_mc3	TCGA-FS-A4FD:15:35083365:G	ACTC1	R314C	R314
tcga_mc3	TCGA-FS-A4FD:6:43128564:C	PTK7	S1053F	S1053
tcga_mc3	TCGA-FW-A3R5:10:93902842:G	CPEB3	P466L	P466
tcga_mc3	TCGA-FW-A3R5:10:93902843:G	CPEB3	P466S	P466
tcga_mc3	TCGA-FW-A3R5:10:96609693:C	CYP2C19	S390F	S390
tcga_mc3	TCGA-FW-A3R5:11:111626048:G	PPP2R1B	R272C	R272
tcga_mc3	TCGA-FW-A3R5:12:56650809:G	ANKRD52	S84F	S84
tcga_mc3	TCGA-FW-A3R5:12:81111096:G	MYF5	R85Q	R85
tcga_mc3	TCGA-FW-A3R5:12:81205386:C	LIN7A	R187Q	R187
tcga_mc3	TCGA-FW-A3R5:13:25281188:G	ATP12A	G733R	G733
tcga_mc3	TCGA-FW-A3R5:15:54586243:G	UNC13C	M1323I	M1323
tcga_mc3	TCGA-FW-A3R5:15:67995676:C	MAP2K5	P325L	P325
tcga_mc3	TCGA-FW-A3R5:16:7645572:G	RBFOX1	E164K	E164
tcga_mc3	TCGA-FW-A3R5:17:47284190:C	GNGT2	D47N	D47
tcga_mc3	TCGA-FW-A3R5:17:4841131:G	SLC25A11	P284S	P284
tcga_mc3	TCGA-FW-A3R5:19:10368915:C	MRPL4	P155S	P155
tcga_mc3	TCGA-FW-A3R5:19:48284381:C	SEPW1	P42L	P42
tcga_mc3	TCGA-FW-A3R5:1:110230845:A	GSTM1	E30D	E30
tcga_mc3	TCGA-FW-A3R5:1:117297532:G	CD2	G114E	G114
tcga_mc3	TCGA-FW-A3R5:1:12907971:C	HNRNPCL1	D58N	D58
tcga_mc3	TCGA-FW-A3R5:1:159683514:G	CRP	S159F	S159
tcga_mc3	TCGA-FW-A3R5:1:159683778:G	CRP	S71L	S71
tcga_mc3	TCGA-FW-A3R5:1:224437993:G	NVL	P737L	P737
tcga_mc3	TCGA-FW-A3R5:1:23236971:C	EPHB2	R867C	R867
tcga_mc3	TCGA-FW-A3R5:20:15480430:G	MACROD2	E195K	E195
tcga_mc3	TCGA-FW-A3R5:20:23334836:C	NXT1	S53L	S53
tcga_mc3	TCGA-FW-A3R5:20:31967359:G	CDK5RAP1	R353C	R353
tcga_mc3	TCGA-FW-A3R5:20:56136651:G	PCK1	E62K	E62
tcga_mc3	TCGA-FW-A3R5:20:56137167:G	PCK1	E89K	E89
tcga_mc3	TCGA-FW-A3R5:2:112777075:G	MERTK	R722Q	R722
tcga_mc3	TCGA-FW-A3R5:2:182359477:C	ITGA4	S426L	S426
tcga_mc3	TCGA-FW-A3R5:2:208993030:C	CRYGC	G141E	G141
tcga_mc3	TCGA-FW-A3R5:2:211456679:G	CPS1	D358N	D358
tcga_mc3	TCGA-FW-A3R5:3:155212010:C	PLCH1	R689Q	R689
tcga_mc3	TCGA-FW-A3R5:3:50293694:C	GNAI2	R179C	R179
tcga_mc3	TCGA-FW-A3R5:4:48230567:G	TEC	S22L	S22
tcga_mc3	TCGA-FW-A3R5:4:55956220:C	KDR	R1032Q	R1032
tcga_mc3	TCGA-FW-A3R5:4:79507429:G	ANXA3	E110K	E110
tcga_mc3	TCGA-FW-A3R5:6:119569512:C	MAN1A1	R302Q	R302
tcga_mc3	TCGA-FW-A3R5:6:62757842:C	KHDRBS2	E93K	E93
tcga_mc3	TCGA-FW-A3R5:7:139657436:C	TBXAS1	S231L	S231
tcga_mc3	TCGA-FW-A3R5:7:30671904:G	GARS	D649N	D649
tcga_mc3	TCGA-FW-A3R5:7:87092091:C	ABCB4	G90E	G90
tcga_mc3	TCGA-FW-A3R5:7:87179319:C	ABCB1	E468K	E468
tcga_mc3	TCGA-FW-A3R5:7:94993217:C	PON3	G218E	G218
tcga_mc3	TCGA-FW-A3R5:8:105459626:C	DPYS	E177K	E177
tcga_mc3	TCGA-FW-A3R5:8:143960599:C	CYP11B1	D82N	D82
tcga_mc3	TCGA-FW-A3R5:8:57228600:C	SDR16C5	E103K	E103
tcga_mc3	TCGA-FW-A3R5:8:95265325:C	GEM	R116Q	R116
tcga_mc3	TCGA-FW-A3R5:9:36651812:C	MELK	R331C	R331
tcga_mc3	TCGA-FW-A3R5:9:80943007:C	PSAT1	P304S	P304
tcga_mc3	TCGA-FW-A3R5:9:93624558:C	SYK	R217C	R217
tcga_mc3	TCGA-FW-A3TU:14:71227756:G	MAP3K9	R322W	R322
tcga_mc3	TCGA-FW-A3TU:18:70205419:G	CBLN2	P223S	P223
tcga_mc3	TCGA-FW-A3TU:19:51645996:C	SIGLEC7	R124C	R124
tcga_mc3	TCGA-FW-A3TU:2:112777075:G	MERTK	R722Q	R722
tcga_mc3	TCGA-FW-A3TV:18:61309074:C	SERPINB4	E91K	E91
tcga_mc3	TCGA-FW-A3TV:5:173376543:C	CPEB4	P497S	P497
tcga_mc3	TCGA-FW-A5DX:1:2538422:C	MMEL1	E208K	E208
tcga_mc3	TCGA-FW-A5DY:1:207039325:G	IL20	R43Q	R43
tcga_mc3	TCGA-FW-A5DY:9:80043929:C	GNA14	R206Q	R206
tcga_mc3	TCGA-GF-A3OT:19:11132428:G	SMARCA4	E882K	E882
tcga_mc3	TCGA-GF-A3OT:22:38948707:G	DMC1	R129C	R129
tcga_mc3	TCGA-GF-A3OT:4:100208729:G	ADH1A	R38C	R38
tcga_mc3	TCGA-GF-A4EO:3:105238943:G	ALCAM	G36R	G36
tcga_mc3	TCGA-GF-A6C9:12:81205386:C	LIN7A	R187Q	R187
tcga_mc3	TCGA-GF-A6C9:1:155348300:G	ASH1L	R2078C	R2078
tcga_mc3	TCGA-GF-A6C9:1:228879032:G	RHOU	D108N	D108
tcga_mc3	TCGA-GF-A6C9:20:1551666:C	SIRPB1	G290E	G290
tcga_mc3	TCGA-GF-A6C9:22:42043012:G	XRCC6	V296M	V296
tcga_mc3	TCGA-GF-A6C9:2:21252650:C	APOB	G493E	G493
tcga_mc3	TCGA-GF-A6C9:4:100208729:G	ADH1A	R38C	R38
tcga_mc3	TCGA-GF-A6C9:4:158060056:G	GLRB	E236K	E236
tcga_mc3	TCGA-GF-A6C9:5:95746650:C	PCSK1	G308E	G308
tcga_mc3	TCGA-GF-A6C9:7:141952147:C	PRSS58	G207E	G207
tcga_mc3	TCGA-GF-A769:16:69965095:C	WWP2	R496W	R496
tcga_mc3	TCGA-GN-A262:14:67589024:C	GPHN	R527C	R527
tcga_mc3	TCGA-GN-A262:19:43920355:G	TEX101	G57R	G57
tcga_mc3	TCGA-GN-A262:8:52321203:C	PXDNL	G994E	G994
tcga_mc3	TCGA-GN-A263:19:15769601:C	CYP4F3	P460L	P460
tcga_mc3	TCGA-GN-A263:20:57484420:C	GNAS	R201C	R201
tcga_mc3	TCGA-GN-A263:2:209113113:G	IDH1	R132C	R132
tcga_mc3	TCGA-GN-A265:7:38530661:G	AMPH	P129S	P129
tcga_mc3	TCGA-GN-A266:11:110461427:C	ARHGAP20	G417E	G417
tcga_mc3	TCGA-GN-A266:12:43862502:G	ADAMTS20	S375L	S375
tcga_mc3	TCGA-GN-A266:13:33629411:C	KL	P520S	P520
tcga_mc3	TCGA-GN-A266:15:83561495:G	HOMER2	S35F	S35
tcga_mc3	TCGA-GN-A266:16:28914725:G	ATP2A1	E982K	E982
tcga_mc3	TCGA-GN-A266:16:5053504:A	SEC14L5	N411T	N411
tcga_mc3	TCGA-GN-A266:17:62557655:G	SMURF2	R427C	R427
tcga_mc3	TCGA-GN-A266:20:30672286:C	HCK	R259W	R259
tcga_mc3	TCGA-GN-A266:20:43385568:G	RIMS4	P188S	P188
tcga_mc3	TCGA-GN-A266:20:468211:C	CSNK2A1	R278Q	R278
tcga_mc3	TCGA-GN-A266:22:23915751:G	IGLL1	S115L	S115
tcga_mc3	TCGA-GN-A266:22:41621034:C	L3MBTL2	P439S	P439
tcga_mc3	TCGA-GN-A266:2:9517083:G	ASAP2	R598L	R598
tcga_mc3	TCGA-GN-A266:3:50293694:C	GNAI2	R179C	R179
tcga_mc3	TCGA-GN-A266:6:102307279:G	GRIK2	E479K	E479
tcga_mc3	TCGA-GN-A266:6:105406086:G	LIN28B	M41I	M41
tcga_mc3	TCGA-GN-A266:6:31901545:G	CFB	E201K	E201
tcga_mc3	TCGA-GN-A268:1:12907865:C	HNRNPCL1	G93E	G93
tcga_mc3	TCGA-GN-A268:1:98205983:C	DPYD	D96N	D96
tcga_mc3	TCGA-GN-A268:2:209113113:G	IDH1	R132C	R132
tcga_mc3	TCGA-GN-A269:15:50535170:C	HDC	E426K	E426
tcga_mc3	TCGA-GN-A269:19:43689011:C	PSG5	G118E	G118
tcga_mc3	TCGA-GN-A269:1:117984892:C	MAN1A2	L299F	L299
tcga_mc3	TCGA-GN-A269:8:52320904:C	PXDNL	E1094K	E1094
tcga_mc3	TCGA-GN-A26A:10:15639266:C	ITGA8	M717I	M717
tcga_mc3	TCGA-GN-A26A:2:108868931:C	SULT1C3	P95S	P95
tcga_mc3	TCGA-GN-A26C:15:35083353:C	ACTC1	E318K	E318
tcga_mc3	TCGA-GN-A26C:17:3833709:G	ATP2A3	S877F	S877
tcga_mc3	TCGA-GN-A26C:18:29038468:G	DSG3	D93N	D93
tcga_mc3	TCGA-GN-A26C:2:188361661:C	TFPI	G89E	G89
tcga_mc3	TCGA-GN-A26C:4:166924569:G	TLL1	G220E	G220
tcga_mc3	TCGA-GN-A26C:5:170232728:G	GABRP	D184N	D184
tcga_mc3	TCGA-GN-A26C:7:94993217:C	PON3	G218E	G218
tcga_mc3	TCGA-GN-A26C:8:143832508:C	LYPD2	E47K	E47
tcga_mc3	TCGA-GN-A26C:8:143957285:G	CYP11B1	P322S	P322
tcga_mc3	TCGA-GN-A4U3:2:143713832:C	KYNU	P166S	P166
tcga_mc3	TCGA-GN-A4U3:2:198001381:G	ANKRD44	R66C	R66
tcga_mc3	TCGA-GN-A4U4:2:212488718:G	ERBB4	R711C	R711
tcga_mc3	TCGA-GN-A4U4:8:105459626:C	DPYS	E177K	E177
tcga_mc3	TCGA-GN-A4U5:2:219449406:C	RQCD1	P131L	P131
tcga_mc3	TCGA-GN-A4U5:7:142460761:G	PRSS1	G212R	G212
tcga_mc3	TCGA-GN-A8LK:10:96541593:C	CYP2C19	P220S	P220
tcga_mc3	TCGA-GN-A8LK:17:18396127:G	LGALS9C	R293Q	R293
tcga_mc3	TCGA-GN-A8LK:17:20354840:C	LGALS9B	R293Q	R293
tcga_mc3	TCGA-GN-A8LK:17:62557655:G	SMURF2	R427C	R427
tcga_mc3	TCGA-GN-A8LK:2:87085350:C	CD8B	G78E	G78
tcga_mc3	TCGA-GN-A8LK:6:102307279:G	GRIK2	E479K	E479
tcga_mc3	TCGA-GN-A8LK:6:49660530:C	CRISP2	E230K	E230
tcga_mc3	TCGA-GN-A8LK:8:56864641:C	LYN	P202S	P202
tcga_mc3	TCGA-GN-A8LN:8:35406992:G	UNC5D	E96K	E96
tcga_mc3	TCGA-HR-A2OH:10:89653814:C	PTEN	P38S	P38
tcga_mc3	TCGA-IH-A3EA:11:118074365:G	AMICA1	R184C	R184
tcga_mc3	TCGA-IH-A3EA:11:99932104:C	CNTN5	R381C	R381
tcga_mc3	TCGA-IH-A3EA:16:4557933:G	HMOX2	G142R	G142
tcga_mc3	TCGA-IH-A3EA:1:24122730:C	GALE	R300Q	R300
tcga_mc3	TCGA-IH-A3EA:1:57611094:G	DAB1	R26C	R26
tcga_mc3	TCGA-IH-A3EA:2:209113113:G	IDH1	R132C	R132
tcga_mc3	TCGA-IH-A3EA:5:31299667:G	CDH6	G247E	G247
tcga_mc3	TCGA-IH-A3EA:7:151962208:G	KMT2C	H367Y	H367
tcga_mc3	TCGA-IH-A3EA:7:30795310:C	INMT	S212F	S212
tcga_mc3	TCGA-LH-A9QB:11:9749622:A	SWAP70	H222L	H222
tcga_mc3	TCGA-LH-A9QB:2:241808385:C	AGXT	P35S	P35
tcga_mc3	TCGA-OD-A75X:11:99932104:C	CNTN5	R381C	R381
tcga_mc3	TCGA-OD-A75X:12:51853752:G	SLC4A8	M291I	M291
tcga_mc3	TCGA-OD-A75X:3:142539803:C	PCOLCE2	G345E	G345
tcga_mc3	TCGA-OD-A75X:6:33263448:G	RGL2	S286F	S286
tcga_mc3	TCGA-QB-A6FS:17:39921213:G	JUP	S339F	S339
tcga_mc3	TCGA-QB-A6FS:19:10249208:G	DNMT1	P1325L	P1325
tcga_mc3	TCGA-QB-A6FS:1:196928040:G	CFHR2	E215K	E215
tcga_mc3	TCGA-QB-A6FS:2:141946119:C	LRP1B	R295Q	R295
tcga_mc3	TCGA-QB-A6FS:5:170232728:G	GABRP	D184N	D184
tcga_mc3	TCGA-QB-AA9O:10:125516860:C	CPXM2	D596N	D596
tcga_mc3	TCGA-QB-AA9O:12:18644400:G	PIK3C2G	E860K	E860
tcga_mc3	TCGA-QB-AA9O:17:65972035:C	BPTF	S3022L	S3022
tcga_mc3	TCGA-QB-AA9O:19:36616652:C	TBCB	P235S	P235
tcga_mc3	TCGA-QB-AA9O:19:39336596:G	HNRNPL	S174F	S174
tcga_mc3	TCGA-QB-AA9O:1:7863193:T	PER3	M319R	M319
tcga_mc3	TCGA-QB-AA9O:4:173930333:G	GALNTL6	R459Q	R459
tcga_mc3	TCGA-RP-A690:9:80409488:T	GNAQ	Q209P	Q209
tcga_mc3	TCGA-RP-A693:11:76969543:C	GDPD4	R251K	R251
tcga_mc3	TCGA-RP-A693:1:98205973:G	DPYD	S99L	S99
tcga_mc3	TCGA-RP-A693:2:212295722:A	ERBB4	L864P	L864
tcga_mc3	TCGA-RP-A693:4:185552963:G	CASP3	R147C	R147
tcga_mc3	TCGA-RP-A693:9:104125033:G	BAAT	P312S	P312
tcga_mc3	TCGA-RP-A694:2:219449406:C	RQCD1	P131L	P131
tcga_mc3	TCGA-RP-A694:4:48230567:G	TEC	S22L	S22
tcga_mc3	TCGA-RP-A694:9:21971017:G	CDKN2A	P114L	P114
tcga_mc3	TCGA-RP-A695:11:99932099:C	CNTN5	S379F	S379
tcga_mc3	TCGA-RP-A695:12:113866259:C	SDSL	S70F	S70
tcga_mc3	TCGA-RP-A695:1:159558289:G	APCS	E155K	E155
tcga_mc3	TCGA-RP-A695:21:18924092:T	CXADR	I79N	I79
tcga_mc3	TCGA-RP-A695:2:113676334:C	IL37	S202L	S202
tcga_mc3	TCGA-RP-A695:2:209113113:G	IDH1	R132C	R132
tcga_mc3	TCGA-RP-A695:7:71134991:G	WBSCR17	R434K	R434
tcga_mc3	TCGA-RP-A695:8:24187543:G	ADAM28	E340K	E340
tcga_mc3	TCGA-RP-A695:8:35406992:G	UNC5D	E96K	E96
tcga_mc3	TCGA-RP-A6K9:19:3118942:A	GNA11	Q209L	Q209
tcga_mc3	TCGA-W3-A824:11:118074365:G	AMICA1	R184C	R184
tcga_mc3	TCGA-W3-A824:11:88027551:G	CTSC	R339C	R339
tcga_mc3	TCGA-W3-A824:14:94933554:C	SERPINA9	G265E	G265
tcga_mc3	TCGA-W3-A824:17:72469840:G	CD300A	G69E	G69
tcga_mc3	TCGA-W3-A824:1:182025717:G	ZNF648	P477S	P477
tcga_mc3	TCGA-W3-A824:1:38227533:C	EPHA10	E132K	E132
tcga_mc3	TCGA-W3-A824:1:53516326:G	SCP2	A532T	A532
tcga_mc3	TCGA-W3-A824:1:75188920:G	CRYZ	P49L	P49
tcga_mc3	TCGA-W3-A824:2:209113113:G	IDH1	R132C	R132
tcga_mc3	TCGA-W3-A825:12:103248989:G	PAH	P211S	P211
tcga_mc3	TCGA-W3-A825:12:117723946:G	NOS1	S418L	S418
tcga_mc3	TCGA-W3-A825:16:77850940:G	VAT1L	G119E	G119
tcga_mc3	TCGA-W3-A825:19:3115012:C	GNA11	R183C	R183
tcga_mc3	TCGA-W3-A825:1:196977706:G	CFHR5	D535N	D535
tcga_mc3	TCGA-W3-A825:5:38506127:C	LIFR	E391K	E391
tcga_mc3	TCGA-W3-A825:6:161160210:G	PLG	R663Q	R663
tcga_mc3	TCGA-W3-A825:7:151962193:C	KMT2C	D372N	D372
tcga_mc3	TCGA-W3-A825:7:87179319:C	ABCB1	E468K	E468
tcga_mc3	TCGA-W3-A825:9:127912080:G	PPP6C	R264C	R264
tcga_mc3	TCGA-W3-A828:14:105246551:C	AKT1	E17K	E17
tcga_mc3	TCGA-W3-A828:1:159558289:G	APCS	E155K	E155
tcga_mc3	TCGA-W3-A828:1:202866018:T	KLHL12	K301N	K301
tcga_mc3	TCGA-W3-A828:5:170232728:G	GABRP	D184N	D184
tcga_mc3	TCGA-W3-A828:5:73183452:A	ARHGEF28	D1112V	D1112
tcga_mc3	TCGA-W3-A828:7:116418932:G	MET	R1166Q	R1166
tcga_mc3	TCGA-W3-A828:9:21971017:G	CDKN2A	P114L	P114
tcga_mc3	TCGA-W3-AA1O:11:118074365:G	AMICA1	R184C	R184
tcga_mc3	TCGA-W3-AA1O:16:77850940:G	VAT1L	G119E	G119
tcga_mc3	TCGA-W3-AA1O:18:55240562:C	FECH	G77A	G77
tcga_mc3	TCGA-W3-AA1O:19:54823298:C	LILRA5	G82E	G82
tcga_mc3	TCGA-W3-AA1O:8:39502882:G	ADAM18	G312E	G312
tcga_mc3	TCGA-W3-AA1Q:11:121429346:C	SORL1	R904W	R904
tcga_mc3	TCGA-W3-AA1Q:11:61563050:C	FEN1	R73C	R73
tcga_mc3	TCGA-W3-AA1Q:4:120240779:C	FABP2	G87E	G87
tcga_mc3	TCGA-W3-AA1Q:4:141327187:C	CLGN	G110R	G110
tcga_mc3	TCGA-W3-AA1Q:7:81381466:C	HGF	E199K	E199
tcga_mc3	TCGA-W3-AA1Q:8:24187543:G	ADAM28	E340K	E340
tcga_mc3	TCGA-W3-AA1R:10:101841262:C	CPN1	E41K	E41
tcga_mc3	TCGA-W3-AA1R:10:96541593:C	CYP2C19	P220S	P220
tcga_mc3	TCGA-W3-AA1R:16:30456595:G	SEPHS2	R152C	R152
tcga_mc3	TCGA-W3-AA1R:17:62557655:G	SMURF2	R427C	R427
tcga_mc3	TCGA-W3-AA1R:18:52544862:G	RAB27B	G16R	G16
tcga_mc3	TCGA-W3-AA1R:1:101196981:G	VCAM1	G478R	G478
tcga_mc3	TCGA-W3-AA1R:1:47611762:C	CYP4A22	S434F	S434
tcga_mc3	TCGA-W3-AA1R:4:155510004:G	FGA	S102F	S102
tcga_mc3	TCGA-W3-AA1R:9:27173333:G	TEK	G292S	G292
tcga_mc3	TCGA-W3-AA1V:10:101841262:C	CPN1	E41K	E41
tcga_mc3	TCGA-W3-AA1V:10:126177132:C	LHPP	S152L	S152
tcga_mc3	TCGA-W3-AA1V:10:94250290:G	IDE	T498I	T498
tcga_mc3	TCGA-W3-AA1V:11:119149242:C	CBL	P417L	P417
tcga_mc3	TCGA-W3-AA1V:12:103240729:C	PAH	E305K	E305
tcga_mc3	TCGA-W3-AA1V:12:130929789:C	RIMBP2	E186K	E186
tcga_mc3	TCGA-W3-AA1V:14:75991472:C	BATF	R37C	R37
tcga_mc3	TCGA-W3-AA1V:15:65041331:C	RBPMS2	E96K	E96
tcga_mc3	TCGA-W3-AA1V:17:62557655:G	SMURF2	R427C	R427
tcga_mc3	TCGA-W3-AA1V:19:46289876:G	DMWD	S293L	S293
tcga_mc3	TCGA-W3-AA1V:1:158261127:C	CD1C	R89C	R89
tcga_mc3	TCGA-W3-AA1V:1:159558289:G	APCS	E155K	E155
tcga_mc3	TCGA-W3-AA1V:1:159558299:C	APCS	S158F	S158
tcga_mc3	TCGA-W3-AA1V:1:159683514:G	CRP	S159F	S159
tcga_mc3	TCGA-W3-AA1V:1:172001583:G	DNM3	D211N	D211
tcga_mc3	TCGA-W3-AA1V:1:196887394:G	CFHR4	G532E	G532
tcga_mc3	TCGA-W3-AA1V:1:7863183:C	PER3	R316C	R316
tcga_mc3	TCGA-W3-AA1V:20:1551666:C	SIRPB1	G290E	G290
tcga_mc3	TCGA-W3-AA1V:2:209116179:G	IDH1	P33S	P33
tcga_mc3	TCGA-W3-AA1V:7:20721180:G	ABCB5	R587Q	R587
tcga_mc3	TCGA-W3-AA1W:19:54783331:G	LILRB2	S176L	S176
tcga_mc3	TCGA-W3-AA1W:22:50695600:C	MAPK12	G113S	G113
tcga_mc3	TCGA-W3-AA1W:2:87085363:C	CD8B	D74N	D74
tcga_mc3	TCGA-W3-AA1W:6:1961196:G	GMDS	S117F	S117
tcga_mc3	TCGA-W3-AA1W:6:35587958:G	FKBP5	S115L	S115
tcga_mc3	TCGA-W3-AA1W:8:143957285:G	CYP11B1	P322S	P322
tcga_mc3	TCGA-W3-AA21:16:75669841:A	KARS	L213S	L213
tcga_mc3	TCGA-W3-AA21:20:33732789:G	EDEM2	T84I	T84
tcga_mc3	TCGA-W3-AA21:5:150646406:C	GM2A	P120S	P120
tcga_mc3	TCGA-W3-AA21:7:150269298:G	GIMAP4	G47E	G47
tcga_mc3	TCGA-W3-AA21:9:127912080:G	PPP6C	R264C	R264
tcga_mc3	TCGA-WE-A8JZ:10:101841262:C	CPN1	E41K	E41
tcga_mc3	TCGA-WE-A8K1:3:184043126:C	EIF4G1	R976C	R976
tcga_mc3	TCGA-WE-A8K4:17:25974348:C	LGALS9	R271C	R271
tcga_mc3	TCGA-WE-A8K4:17:7557429:G	ATP1B2	E136K	E136
tcga_mc3	TCGA-WE-A8K5:10:96707649:G	CYP2C9	E199K	E199
tcga_mc3	TCGA-WE-A8K5:19:55399440:C	FCAR	S143F	S143
tcga_mc3	TCGA-WE-A8K5:4:115760697:C	NDST4	R708Q	R708
tcga_mc3	TCGA-WE-A8K5:5:156638340:C	ITK	R96C	R96
tcga_mc3	TCGA-WE-A8K5:6:105406088:G	LIN28B	G42E	G42
tcga_mc3	TCGA-WE-A8K5:9:133750428:C	ABL1	S420F	S420
tcga_mc3	TCGA-WE-A8K6:4:46060239:G	GABRG1	S304L	S304
tcga_mc3	TCGA-WE-A8ZN:7:142460761:G	PRSS1	G212R	G212
tcga_mc3	TCGA-WE-A8ZO:6:84108201:C	ME1	E83K	E83
tcga_mc3	TCGA-WE-A8ZT:8:24342819:G	ADAM7	G302E	G302
tcga_mc3	TCGA-WE-A8ZX:18:61261718:T	SERPINB13	F201C	F201
tcga_mc3	TCGA-WE-A8ZX:1:233802629:C	KCNK1	S215F	S215
tcga_mc3	TCGA-WE-A8ZX:4:158057999:C	GLRB	P191S	P191
tcga_mc3	TCGA-WE-A8ZX:8:143957285:G	CYP11B1	P322S	P322
tcga_mc3	TCGA-WE-AAA0:3:142539803:C	PCOLCE2	G345E	G345
tcga_mc3	TCGA-WE-AAA0:4:46060239:G	GABRG1	S304L	S304
tcga_mc3	TCGA-WE-AAA0:6:41165918:C	TREML2	R102Q	R102
tcga_mc3	TCGA-WE-AAA0:8:73480322:C	KCNB2	S118L	S118
tcga_mc3	TCGA-WE-AAA0:9:120475859:G	TLR4	E485K	E485
tcga_mc3	TCGA-WE-AAA0:9:8524996:C	PTPRD	G203E	G203
tcga_mc3	TCGA-WE-AAA4:8:66989064:G	DNAJC5B	E97K	E97
tcga_mc3	TCGA-WE-AAA4:9:21971017:G	CDKN2A	P114L	P114
tcga_mc3	TCGA-XV-A9W2:12:25398281:C	KRAS	G13D	G13
tcga_mc3	TCGA-YD-A89C:14:21270091:G	RNASE1	S46F	S46
tcga_mc3	TCGA-YD-A89C:1:62321810:A	INADL	N741H	N741
tcga_mc3	TCGA-YD-A9TA:14:69697274:C	EXD2	R226C	R226
tcga_mc3	TCGA-YD-A9TA:15:40864011:G	RPUSD2	R272Q	R272
tcga_mc3	TCGA-YD-A9TA:15:54586243:G	UNC13C	M1323I	M1323
tcga_mc3	TCGA-YD-A9TA:16:26147315:G	HS3ST4	D373N	D373
tcga_mc3	TCGA-YD-A9TA:18:25570082:C	CDH2	R526Q	R526
tcga_mc3	TCGA-YD-A9TA:19:51518160:G	KLK10	L243F	L243
tcga_mc3	TCGA-YD-A9TA:19:6682022:C	C3	R1427K	R1427
tcga_mc3	TCGA-YD-A9TA:1:111773423:G	CHI3L2	G44R	G44
tcga_mc3	TCGA-YD-A9TA:1:111773424:G	CHI3L2	G44E	G44
tcga_mc3	TCGA-YD-A9TA:1:156821447:G	INSRR	R359C	R359
tcga_mc3	TCGA-YD-A9TA:1:8022900:A	PARK7	T19A	T19
tcga_mc3	TCGA-YD-A9TA:7:13940395:G	ETV1	R394C	R394
tcga_mc3	TCGA-YD-A9TA:7:141635657:C	CLEC5A	G101E	G101
tcga_mc3	TCGA-YD-A9TA:7:30795310:C	INMT	S212F	S212
tcga_mc3	TCGA-YD-A9TA:9:71668169:C	FXN	S126F	S126
tcga_mc3	TCGA-YD-A9TB:13:103498691:G	ERCC5	K25N	K25
tcga_mc3	TCGA-YG-AA3N:12:110874424:G	ARPC3	P106L	P106
tcga_mc3	TCGA-YG-AA3N:16:80583473:C	DYNLRB2	R58C	R58
tcga_mc3	TCGA-YG-AA3N:19:15769601:C	CYP4F3	P460L	P460
tcga_mc3	TCGA-YG-AA3N:22:23915751:G	IGLL1	S115L	S115
tcga_mc3	TCGA-YG-AA3N:2:219449405:C	RQCD1	P131S	P131
tcga_mc3	TCGA-YG-AA3N:4:114452405:G	CAMK2D	P190S	P190
tcga_mc3	TCGA-YG-AA3N:4:46305590:C	GABRA2	R248K	R248
tcga_mc3	TCGA-YG-AA3N:6:161139379:G	PLG	E281K	E281
tcga_mc3	TCGA-YG-AA3N:7:121766471:C	AASS	G144R	G144
tcga_mc3	TCGA-YG-AA3O:10:15639266:C	ITGA8	M717I	M717
tcga_mc3	TCGA-YG-AA3O:17:61958244:G	GH2	P115L	P115
tcga_mc3	TCGA-YG-AA3O:2:130832875:C	POTEF	D724N	D724
tcga_mc3	TCGA-YG-AA3O:5:38506127:C	LIFR	E391K	E391
tcga_mc3	TCGA-YG-AA3O:7:151962256:C	KMT2C	G351R	G351
tcga_mc3	TCGA-YG-AA3O:7:18788706:G	HDAC9	R660Q	R660
tcga_mc3	TCGA-YG-AA3O:9:27173333:G	TEK	G292S	G292
tcga_mc3	TCGA-YG-AA3O:9:93650807:G	SYK	G578E	G578
tcga_mc3	TCGA-YG-AA3P:4:55594221:A	KIT	K642E	K642
tcga_mc3	TCGA-Z2-A8RT:12:104376924:C	TDG	R209C	R209
tcga_mc3	TCGA-Z2-A8RT:12:18644400:G	PIK3C2G	E860K	E860
tcga_mc3	TCGA-Z2-A8RT:16:3533510:C	NAA60	P162L	P162
tcga_mc3	TCGA-Z2-A8RT:19:22362861:C	ZNF676	R553K	R553
tcga_mc3	TCGA-Z2-A8RT:19:30103067:C	POP4	H136Y	H136
tcga_mc3	TCGA-Z2-A8RT:1:12907865:C	HNRNPCL1	G93E	G93
tcga_mc3	TCGA-Z2-A8RT:1:212870361:C	BATF3	R46Q	R46
tcga_mc3	TCGA-Z2-A8RT:1:98187196:G	DPYD	S118F	S118
tcga_mc3	TCGA-Z2-A8RT:22:38948707:G	DMC1	R129C	R129
tcga_mc3	TCGA-Z2-A8RT:3:132349354:C	ACAD11	G297E	G297
tcga_mc3	TCGA-Z2-A8RT:8:66963846:G	DNAJC5B	E22K	E22
tcga_mc3	TCGA-Z2-AA3V:12:103248989:G	PAH	P211S	P211
tcga_mc3	TCGA-Z2-AA3V:1:21573804:G	ECE1	P358L	P358
tcga_mc3	TCGA-3M-AB46:10:89692887:G	PTEN	C124S	C124
tcga_mc3	TCGA-B7-5816:1:155931509:G	ARHGEF2	R471C	R471
tcga_mc3	TCGA-B7-5816:1:196709865:G	CFH	G967R	G967
tcga_mc3	TCGA-B7-5816:3:178916726:G	PIK3CA	R38H	R38
tcga_mc3	TCGA-B7-5816:4:15055785:C	CPEB2	P357H	P357
tcga_mc3	TCGA-B7-5818:3:178936082:G	PIK3CA	E542K	E542
tcga_mc3	TCGA-B7-A5TI:17:17106229:C	PLD6	R204H	R204
tcga_mc3	TCGA-B7-A5TI:20:57484601:G	GNAS	D229N	D229
tcga_mc3	TCGA-B7-A5TI:22:33245493:C	TIMP3	T59M	T59
tcga_mc3	TCGA-B7-A5TJ:12:25398285:C	KRAS	G12S	G12
tcga_mc3	TCGA-B7-A5TK:12:25398284:C	KRAS	G12D	G12
tcga_mc3	TCGA-BR-4184:12:25398284:C	KRAS	G12D	G12
tcga_mc3	TCGA-BR-4184:12:56478854:G	ERBB3	V104M	V104
tcga_mc3	TCGA-BR-4184:14:105707625:C	BRF1	R224H	R224
tcga_mc3	TCGA-BR-4184:14:60756574:C	PPM1A	R335C	R335
tcga_mc3	TCGA-BR-4184:17:6544532:C	TXNDC17	P44S	P44
tcga_mc3	TCGA-BR-4184:17:7577548:C	TP53	G245R	G245
tcga_mc3	TCGA-BR-4184:19:10367487:C	MRPL4	P144L	P144
tcga_mc3	TCGA-BR-4184:1:180974435:G	STX6	T67I	T67
tcga_mc3	TCGA-BR-4184:1:26737994:G	LIN28A	R50H	R50
tcga_mc3	TCGA-BR-4184:5:36168477:G	SKP2	G200D	G200
tcga_mc3	TCGA-BR-4184:6:34309727:C	NUDT3	R41H	R41
tcga_mc3	TCGA-BR-4184:6:45922936:G	CLIC5	R196C	R196
tcga_mc3	TCGA-BR-4184:9:133339508:A	ASS1	Q125R	Q125
tcga_mc3	TCGA-BR-4184:9:93983211:G	AUH	A240V	A240
tcga_mc3	TCGA-BR-4188:3:49412898:T	RHOA	Y42C	Y42
tcga_mc3	TCGA-BR-4201:12:25398281:C	KRAS	G13D	G13
tcga_mc3	TCGA-BR-4201:16:88876887:G	APRT	R89W	R89
tcga_mc3	TCGA-BR-4201:17:73259534:C	MRPS7	N151K	N151
tcga_mc3	TCGA-BR-4201:19:11143999:G	SMARCA4	G1194R	G1194
tcga_mc3	TCGA-BR-4201:1:36558054:C	ADPRHL2	R245C	R245
tcga_mc3	TCGA-BR-4201:5:74655088:G	HMGCR	A751T	A751
tcga_mc3	TCGA-BR-4201:7:100469244:C	TRIP6	P360H	P360
tcga_mc3	TCGA-BR-4201:9:70993145:A	PGM5	I98V	I98
tcga_mc3	TCGA-BR-4253:3:178921553:T	PIK3CA	N345K	N345
tcga_mc3	TCGA-BR-4255:2:190660534:G	PMS1	G58R	G58
tcga_mc3	TCGA-BR-4256:10:33209310:G	ITGB1	L378I	L378
tcga_mc3	TCGA-BR-4256:4:153247366:C	FBXW7	R479Q	R479
tcga_mc3	TCGA-BR-4256:9:97355861:G	FBP2	R50C	R50
tcga_mc3	TCGA-BR-4257:11:94340675:G	PIWIL4	C570Y	C570
tcga_mc3	TCGA-BR-4257:12:25398281:C	KRAS	G13D	G13
tcga_mc3	TCGA-BR-4267:12:25398281:C	KRAS	G13D	G13
tcga_mc3	TCGA-BR-4267:18:48591919:G	SMAD4	R361P	R361
tcga_mc3	TCGA-BR-4279:18:48591918:C	SMAD4	R361C	R361
tcga_mc3	TCGA-BR-4280:12:25398281:C	KRAS	G13D	G13
tcga_mc3	TCGA-BR-4280:2:110332309:A	SEPT10	F150S	F150
tcga_mc3	TCGA-BR-4292:16:1370217:C	UBE2I	S89L	S89
tcga_mc3	TCGA-BR-4292:17:40706500:A	HSD17B1	D206A	D206
tcga_mc3	TCGA-BR-4292:17:7577121:G	TP53	R273C	R273
tcga_mc3	TCGA-BR-4292:4:110618908:C	CASP6	A34T	A34
tcga_mc3	TCGA-BR-4357:4:155487704:A	FGB	R124G	R124
tcga_mc3	TCGA-BR-4361:14:45587241:G	FKBP3	P204S	P204
tcga_mc3	TCGA-BR-4361:17:75202391:T	SEC14L1	I417N	I417
tcga_mc3	TCGA-BR-4361:17:7577120:C	TP53	R273H	R273
tcga_mc3	TCGA-BR-4361:3:178952085:A	PIK3CA	H1047R	H1047
tcga_mc3	TCGA-BR-4361:5:32712294:T	NPR3	Y138H	Y138
tcga_mc3	TCGA-BR-4361:6:26158753:T	HIST1H2BD	V119D	V119
tcga_mc3	TCGA-BR-4361:6:27775413:G	HIST1H2BL	T91I	T91
tcga_mc3	TCGA-BR-4361:9:5089710:C	JAK2	P870S	P870
tcga_mc3	TCGA-BR-4362:12:56478854:G	ERBB3	V104M	V104
tcga_mc3	TCGA-BR-4362:13:52515321:C	ATP7B	R1151H	R1151
tcga_mc3	TCGA-BR-4362:17:12028611:C	MAP2K4	P272S	P272
tcga_mc3	TCGA-BR-4362:3:134967254:C	EPHB1	R865W	R865
tcga_mc3	TCGA-BR-4362:9:35065361:G	VCP	R155C	R155
tcga_mc3	TCGA-BR-4362:9:70993145:A	PGM5	I98V	I98
tcga_mc3	TCGA-BR-4363:7:143091370:T	EPHA1	S807G	S807
tcga_mc3	TCGA-BR-4366:19:15342603:C	EPHX3	G105S	G105
tcga_mc3	TCGA-BR-4368:11:77885584:G	KCTD21	T6M	T6
tcga_mc3	TCGA-BR-4368:12:25398281:C	KRAS	G13D	G13
tcga_mc3	TCGA-BR-4368:16:3736128:G	TRAP1	R114W	R114
tcga_mc3	TCGA-BR-4368:18:77193701:C	NFATC1	A450G	A450
tcga_mc3	TCGA-BR-4369:7:77212905:C	PTPN12	Q107E	Q107
tcga_mc3	TCGA-BR-4369:9:120475898:T	TLR4	L498V	L498
tcga_mc3	TCGA-BR-4370:16:30507511:G	ITGAL	G533S	G533
tcga_mc3	TCGA-BR-4370:16:48337105:C	LONP2	R562C	R562
tcga_mc3	TCGA-BR-4370:17:37868208:C	ERBB2	S310F	S310
tcga_mc3	TCGA-BR-4370:4:141321537:T	CLGN	D223V	D223
tcga_mc3	TCGA-BR-4370:9:70993145:A	PGM5	I98V	I98
tcga_mc3	TCGA-BR-4371:3:178952085:A	PIK3CA	H1047R	H1047
tcga_mc3	TCGA-BR-6452:11:17793578:G	KCNC1	V313I	V313
tcga_mc3	TCGA-BR-6452:11:77885584:G	KCTD21	T6M	T6
tcga_mc3	TCGA-BR-6452:16:30507514:G	ITGAL	D534N	D534
tcga_mc3	TCGA-BR-6452:17:79804462:C	P4HB	R300H	R300
tcga_mc3	TCGA-BR-6452:18:659673:T	TYMS	F80L	F80
tcga_mc3	TCGA-BR-6452:1:109321945:G	STXBP3	G241D	G241
tcga_mc3	TCGA-BR-6452:1:159683503:T	CRP	N163Y	N163
tcga_mc3	TCGA-BR-6452:3:178952085:A	PIK3CA	H1047R	H1047
tcga_mc3	TCGA-BR-6452:3:52257565:C	TLR9	R256H	R256
tcga_mc3	TCGA-BR-6452:4:125591412:G	ANKRD50	A1007D	A1007
tcga_mc3	TCGA-BR-6452:5:74650443:G	HMGCR	R495H	R495
tcga_mc3	TCGA-BR-6452:6:17632925:A	NUP153	L872S	L872
tcga_mc3	TCGA-BR-6453:15:25220656:A	SNRPN	K52T	K52
tcga_mc3	TCGA-BR-6453:1:158324361:T	CD1E	F85V	F85
tcga_mc3	TCGA-BR-6455:1:115258748:C	NRAS	G12C	G12
tcga_mc3	TCGA-BR-6457:1:236708103:A	LGALS8	N231I	N231
tcga_mc3	TCGA-BR-6458:17:7577120:C	TP53	R273H	R273
tcga_mc3	TCGA-BR-6458:6:55406891:T	HMGCLL1	E82D	E82
tcga_mc3	TCGA-BR-6706:3:178928079:G	PIK3CA	E453K	E453
tcga_mc3	TCGA-BR-6706:9:120475898:T	TLR4	L498V	L498
tcga_mc3	TCGA-BR-6707:3:178936091:G	PIK3CA	E545K	E545
tcga_mc3	TCGA-BR-6802:17:37879658:G	ERBB2	R678Q	R678
tcga_mc3	TCGA-BR-6802:3:178936092:A	PIK3CA	E545G	E545
tcga_mc3	TCGA-BR-6803:16:68844172:G	CDH1	D254Y	D254
tcga_mc3	TCGA-BR-6852:11:57099223:C	SSRP1	R381H	R381
tcga_mc3	TCGA-BR-6852:14:105246551:C	AKT1	E17K	E17
tcga_mc3	TCGA-BR-6852:4:153249385:G	FBXW7	R465C	R465
tcga_mc3	TCGA-BR-7196:3:178921553:T	PIK3CA	N345K	N345
tcga_mc3	TCGA-BR-7703:12:25398284:C	KRAS	G12D	G12
tcga_mc3	TCGA-BR-7703:13:33684151:C	STARD13	R969L	R969
tcga_mc3	TCGA-BR-7703:2:98354293:G	ZAP70	R519H	R519
tcga_mc3	TCGA-BR-7703:7:128470957:G	FLNC	R89H	R89
tcga_mc3	TCGA-BR-7704:11:119145617:G	CBL	D275H	D275
tcga_mc3	TCGA-BR-7704:13:20024422:G	TPTE2	H289D	H289
tcga_mc3	TCGA-BR-7707:20:57484420:C	GNAS	R201C	R201
tcga_mc3	TCGA-BR-7707:3:129007805:C	HMCES	R98C	R98
tcga_mc3	TCGA-BR-7707:9:132396585:G	NTMT1	G139C	G139
tcga_mc3	TCGA-BR-7707:9:70993145:A	PGM5	I98V	I98
tcga_mc3	TCGA-BR-7716:17:7577120:C	TP53	R273H	R273
tcga_mc3	TCGA-BR-7723:1:158324361:T	CD1E	F85V	F85
tcga_mc3	TCGA-BR-7851:11:83770433:C	DLG2	V177I	V177
tcga_mc3	TCGA-BR-7851:11:88583111:G	GRM5	R292C	R292
tcga_mc3	TCGA-BR-7851:16:53276875:A	CHD9	R1001G	R1001
tcga_mc3	TCGA-BR-7851:3:178952085:A	PIK3CA	H1047R	H1047
tcga_mc3	TCGA-BR-7957:17:37868208:C	ERBB2	S310F	S310
tcga_mc3	TCGA-BR-7958:3:23960861:C	RPL15	R162C	R162
tcga_mc3	TCGA-BR-8058:16:68844172:G	CDH1	D254Y	D254
tcga_mc3	TCGA-BR-8059:12:25398284:C	KRAS	G12D	G12
tcga_mc3	TCGA-BR-8059:3:184295229:G	EPHB3	D485Y	D485
tcga_mc3	TCGA-BR-8059:4:55594223:A	KIT	K642N	K642
tcga_mc3	TCGA-BR-8059:7:100469250:G	TRIP6	C362S	C362
tcga_mc3	TCGA-BR-8059:7:150752874:C	CDK5	R125M	R125
tcga_mc3	TCGA-BR-8060:19:11515827:A	RGL3	F394S	F394
tcga_mc3	TCGA-BR-8077:11:104819260:G	CASP4	H309Y	H309
tcga_mc3	TCGA-BR-8077:17:7577094:G	TP53	R282W	R282
tcga_mc3	TCGA-BR-8078:11:47493853:C	CELF1	G464S	G464
tcga_mc3	TCGA-BR-8078:12:25398281:C	KRAS	G13D	G13
tcga_mc3	TCGA-BR-8078:12:4479894:T	FGF23	Y124C	Y124
tcga_mc3	TCGA-BR-8078:12:56478854:G	ERBB3	V104M	V104
tcga_mc3	TCGA-BR-8078:14:67647553:C	GPHN	R704C	R704
tcga_mc3	TCGA-BR-8078:9:70993145:A	PGM5	I98V	I98
tcga_mc3	TCGA-BR-8081:1:44713617:C	ERI3	G309S	G309
tcga_mc3	TCGA-BR-8081:3:178952084:C	PIK3CA	H1047Y	H1047
tcga_mc3	TCGA-BR-8081:9:70993145:A	PGM5	I98V	I98
tcga_mc3	TCGA-BR-8284:1:6189120:G	CHD5	R1133C	R1133
tcga_mc3	TCGA-BR-8285:2:121036307:G	RALB	G23R	G23
tcga_mc3	TCGA-BR-8286:17:7577548:C	TP53	G245S	G245
tcga_mc3	TCGA-BR-8289:17:7577120:C	TP53	R273H	R273
tcga_mc3	TCGA-BR-8296:17:7577568:C	TP53	C238F	C238
tcga_mc3	TCGA-BR-8297:17:7578406:C	TP53	R175H	R175
tcga_mc3	TCGA-BR-8297:9:120475898:T	TLR4	L498V	L498
tcga_mc3	TCGA-BR-8360:10:104248022:C	ACTR1A	G67E	G67
tcga_mc3	TCGA-BR-8360:17:7574018:G	TP53	R337C	R337
tcga_mc3	TCGA-BR-8360:4:153249385:G	FBXW7	R465C	R465
tcga_mc3	TCGA-BR-8361:16:2168071:C	PKD1	G308R	G308
tcga_mc3	TCGA-BR-8361:17:7578403:C	TP53	C176Y	C176
tcga_mc3	TCGA-BR-8361:9:70993145:A	PGM5	I98V	I98
tcga_mc3	TCGA-BR-8363:17:79827069:G	ARHGDIA	T132M	T132
tcga_mc3	TCGA-BR-8363:19:11123693:G	SMARCA4	M781I	M781
tcga_mc3	TCGA-BR-8363:1:24124675:C	GALE	G95C	G95
tcga_mc3	TCGA-BR-8368:12:25398281:C	KRAS	G13D	G13
tcga_mc3	TCGA-BR-8368:18:13438332:G	LDLRAD4	E44K	E44
tcga_mc3	TCGA-BR-8368:1:233802686:G	KCNK1	G234V	G234
tcga_mc3	TCGA-BR-8368:9:70993145:A	PGM5	I98V	I98
tcga_mc3	TCGA-BR-8368:9:80046280:C	GNA14	G184S	G184
tcga_mc3	TCGA-BR-8372:18:48591918:C	SMAD4	R361C	R361
tcga_mc3	TCGA-BR-8372:18:52544862:G	RAB27B	G16R	G16
tcga_mc3	TCGA-BR-8372:4:153249385:G	FBXW7	R465C	R465
tcga_mc3	TCGA-BR-8380:4:153247366:C	FBXW7	R479Q	R479
tcga_mc3	TCGA-BR-8382:12:56478854:G	ERBB3	V104M	V104
tcga_mc3	TCGA-BR-8382:9:70993145:A	PGM5	I98V	I98
tcga_mc3	TCGA-BR-8485:12:81283099:T	LIN7A	E44D	E44
tcga_mc3	TCGA-BR-8487:17:7577539:G	TP53	R248W	R248
tcga_mc3	TCGA-BR-8487:1:155209421:T	GBA	Y147C	Y147
tcga_mc3	TCGA-BR-8487:22:17619093:C	CECR5	G364C	G364
tcga_mc3	TCGA-BR-8487:2:86716503:G	KDM3A	A1126T	A1126
tcga_mc3	TCGA-BR-8487:3:178952085:A	PIK3CA	H1047R	H1047
tcga_mc3	TCGA-BR-8487:4:153249384:C	FBXW7	R465H	R465
tcga_mc3	TCGA-BR-8487:7:117199603:A	CFTR	Q493P	Q493
tcga_mc3	TCGA-BR-8588:17:37868208:C	ERBB2	S310F	S310
tcga_mc3	TCGA-BR-8589:3:39452321:A	RPSA	N110I	N110
tcga_mc3	TCGA-BR-8590:17:7577084:T	TP53	E285V	E285
tcga_mc3	TCGA-BR-8591:16:56501132:A	OGFOD1	H238R	H238
tcga_mc3	TCGA-BR-8591:19:46002428:T	PPM1N	L233S	L233
tcga_mc3	TCGA-BR-8591:19:49120017:T	RPL18	D88G	D88
tcga_mc3	TCGA-BR-8591:3:178916876:G	PIK3CA	R88Q	R88
tcga_mc3	TCGA-BR-8591:7:77236553:G	PTPN12	A233T	A233
tcga_mc3	TCGA-BR-8676:3:178928079:G	PIK3CA	E453K	E453
tcga_mc3	TCGA-BR-8676:3:178936082:G	PIK3CA	E542K	E542
tcga_mc3	TCGA-BR-8680:11:13380010:G	ARNTL	R84H	R84
tcga_mc3	TCGA-BR-8680:12:131359262:G	RAN	R140Q	R140
tcga_mc3	TCGA-BR-8680:12:25378562:C	KRAS	A146T	A146
tcga_mc3	TCGA-BR-8680:15:83561463:G	HOMER2	R46W	R46
tcga_mc3	TCGA-BR-8680:16:3807913:C	CREBBP	R1169H	R1169
tcga_mc3	TCGA-BR-8680:19:52716217:C	PPP2R1A	R221W	R221
tcga_mc3	TCGA-BR-8680:1:159683518:C	CRP	D158Y	D158
tcga_mc3	TCGA-BR-8680:1:9305498:C	H6PD	R169W	R169
tcga_mc3	TCGA-BR-8680:2:131801887:G	ARHGEF4	D539N	D539
tcga_mc3	TCGA-BR-8680:2:143676232:C	KYNU	S75Y	S75
tcga_mc3	TCGA-BR-8680:2:98354262:G	ZAP70	E509K	E509
tcga_mc3	TCGA-BR-8680:3:12955032:G	IQSEC1	R752W	R752
tcga_mc3	TCGA-BR-8680:3:178921553:T	PIK3CA	N345K	N345
tcga_mc3	TCGA-BR-8680:5:68470918:G	CCNB1	R307Q	R307
tcga_mc3	TCGA-BR-8680:6:52702399:C	GSTA5	E32D	E32
tcga_mc3	TCGA-BR-8680:9:80043929:C	GNA14	R206Q	R206
tcga_mc3	TCGA-BR-8683:14:94847443:C	SERPINA1	E228K	E228
tcga_mc3	TCGA-BR-8686:3:178916876:G	PIK3CA	R88Q	R88
tcga_mc3	TCGA-BR-8690:9:120475724:T	TLR4	F440V	F440
tcga_mc3	TCGA-BR-A44U:17:7577082:C	TP53	E286K	E286
tcga_mc3	TCGA-BR-A452:22:19709185:T	SEPT5	I247T	I247
tcga_mc3	TCGA-BR-A4CQ:12:25398285:C	KRAS	G12S	G12
tcga_mc3	TCGA-BR-A4CQ:17:7578403:C	TP53	C176F	C176
tcga_mc3	TCGA-BR-A4CR:17:7577082:C	TP53	E286K	E286
tcga_mc3	TCGA-BR-A4CS:17:7577556:C	TP53	C242S	C242
tcga_mc3	TCGA-BR-A4CS:1:220298662:C	IARS2	P503R	P503
tcga_mc3	TCGA-BR-A4CS:3:124492671:G	ITGB5	C594W	C594
tcga_mc3	TCGA-BR-A4IU:17:7578457:C	TP53	R158H	R158
tcga_mc3	TCGA-BR-A4IV:16:68844172:G	CDH1	D254Y	D254
tcga_mc3	TCGA-BR-A4IY:17:7578406:C	TP53	R175H	R175
tcga_mc3	TCGA-BR-A4J2:15:41165698:T	RHOV	E90G	E90
tcga_mc3	TCGA-BR-A4J4:22:33253288:C	TIMP3	A86D	A86
tcga_mc3	TCGA-BR-A4J6:18:48593406:G	SMAD4	G386D	G386
tcga_mc3	TCGA-BR-A4PD:1:158324361:T	CD1E	F85V	F85
tcga_mc3	TCGA-BR-A4QL:12:25398281:C	KRAS	G13D	G13
tcga_mc3	TCGA-CD-5799:17:7577538:C	TP53	R248Q	R248
tcga_mc3	TCGA-CD-5799:9:21971111:G	CDKN2A	H83Y	H83
tcga_mc3	TCGA-CD-5801:10:114710655:C	TCF7L2	S47F	S47
tcga_mc3	TCGA-CD-5801:21:42647325:T	BACE2	I444S	I444
tcga_mc3	TCGA-CD-5801:3:178921553:T	PIK3CA	N345K	N345
tcga_mc3	TCGA-CD-5801:5:94927138:T	ARSK	L302R	L302
tcga_mc3	TCGA-CD-5801:7:74193722:T	NCF1	F117V	F117
tcga_mc3	TCGA-CD-5804:17:7574018:G	TP53	R337C	R337
tcga_mc3	TCGA-CD-5813:17:7577094:G	TP53	R282W	R282
tcga_mc3	TCGA-CD-5813:2:212295795:C	ERBB4	V840I	V840
tcga_mc3	TCGA-CD-8525:17:7578190:T	TP53	Y220C	Y220
tcga_mc3	TCGA-CD-8526:17:7577124:C	TP53	V272M	V272
tcga_mc3	TCGA-CD-8529:18:48591892:G	SMAD4	G352A	G352
tcga_mc3	TCGA-CD-8529:1:151820670:A	THEM5	I188N	I188
tcga_mc3	TCGA-CD-8531:17:7577556:C	TP53	C242Y	C242
tcga_mc3	TCGA-CD-8531:20:1356212:G	FKBP1A	R41W	R41
tcga_mc3	TCGA-CD-8535:12:25398281:C	KRAS	G13D	G13
tcga_mc3	TCGA-CD-8536:16:30129770:T	MAPK3	Y148C	Y148
tcga_mc3	TCGA-CD-8536:9:70993145:A	PGM5	I98V	I98
tcga_mc3	TCGA-CD-A486:15:28511044:C	HERC2	G559R	G559
tcga_mc3	TCGA-CD-A487:17:7577538:C	TP53	R248Q	R248
tcga_mc3	TCGA-CD-A487:20:13098334:A	SPTLC3	S372R	S372
tcga_mc3	TCGA-CD-A48C:17:7577124:C	TP53	V272M	V272
tcga_mc3	TCGA-CD-A4MG:10:33209310:G	ITGB1	L378I	L378
tcga_mc3	TCGA-CD-A4MG:12:66838474:G	GRIP1	A526D	A526
tcga_mc3	TCGA-CD-A4MG:21:42615331:A	BACE2	Y259C	Y259
tcga_mc3	TCGA-CD-A4MG:9:70993145:A	PGM5	I98V	I98
tcga_mc3	TCGA-CD-A4MI:3:178952085:A	PIK3CA	H1047R	H1047
tcga_mc3	TCGA-CD-A4MJ:10:11207585:G	CELF2	G64R	G64
tcga_mc3	TCGA-CD-A4MJ:1:205744039:C	RAB7L1	A16T	A16
tcga_mc3	TCGA-CG-4305:1:28218705:T	RPA2	D261A	D261
tcga_mc3	TCGA-CG-4305:5:156608073:C	ITK	R29C	R29
tcga_mc3	TCGA-CG-4306:11:71939254:C	INPPL1	T68M	T68
tcga_mc3	TCGA-CG-4306:11:83770433:C	DLG2	V177I	V177
tcga_mc3	TCGA-CG-4306:22:41226918:G	ST13	R242C	R242
tcga_mc3	TCGA-CG-4306:7:127447556:C	SND1	R391C	R391
tcga_mc3	TCGA-CG-4437:1:244582180:A	ADSS	V276D	V276
tcga_mc3	TCGA-CG-4440:7:30058688:A	FKBP14	I134S	I134
tcga_mc3	TCGA-CG-4442:10:126683183:T	CTBP2	Y212C	Y212
tcga_mc3	TCGA-CG-4442:11:34470818:C	CAT	P49H	P49
tcga_mc3	TCGA-CG-4442:12:25398281:C	KRAS	G13D	G13
tcga_mc3	TCGA-CG-4442:22:31059826:C	DUSP18	E55D	E55
tcga_mc3	TCGA-CG-4442:3:178952085:A	PIK3CA	H1047R	H1047
tcga_mc3	TCGA-CG-4442:7:127447559:C	SND1	P392S	P392
tcga_mc3	TCGA-CG-4442:9:70993145:A	PGM5	I98V	I98
tcga_mc3	TCGA-CG-4444:5:43700241:C	NNT	A966E	A966
tcga_mc3	TCGA-CG-4465:3:49412898:T	RHOA	Y42C	Y42
tcga_mc3	TCGA-CG-4465:5:131607852:C	PDLIM4	A308E	A308
tcga_mc3	TCGA-CG-4469:17:37879658:G	ERBB2	R678Q	R678
tcga_mc3	TCGA-CG-4474:19:11123694:G	SMARCA4	G782S	G782
tcga_mc3	TCGA-CG-4474:3:178936082:G	PIK3CA	E542K	E542
tcga_mc3	TCGA-CG-4476:2:73115443:G	SPR	G102A	G102
tcga_mc3	TCGA-CG-4477:17:38560458:C	TOP2A	K743N	K743
tcga_mc3	TCGA-CG-5717:17:7578403:C	TP53	C176F	C176
tcga_mc3	TCGA-CG-5718:1:6189111:G	CHD5	R1136C	R1136
tcga_mc3	TCGA-CG-5719:18:48591919:G	SMAD4	R361H	R361
tcga_mc3	TCGA-CG-5721:10:129871635:A	PTPRE	Q500R	Q500
tcga_mc3	TCGA-CG-5721:11:14316397:C	RRAS2	A70T	A70
tcga_mc3	TCGA-CG-5721:11:46747718:A	F2	Y290C	Y290
tcga_mc3	TCGA-CG-5721:12:117723943:C	NOS1	R419H	R419
tcga_mc3	TCGA-CG-5721:14:45590703:T	FKBP3	T147A	T147
tcga_mc3	TCGA-CG-5721:17:7577121:G	TP53	R273C	R273
tcga_mc3	TCGA-CG-5721:17:7578407:G	TP53	R175C	R175
tcga_mc3	TCGA-CG-5721:1:75188918:C	CRYZ	V50M	V50
tcga_mc3	TCGA-CG-5721:2:242662478:G	ING5	D203N	D203
tcga_mc3	TCGA-CG-5721:5:32712294:T	NPR3	Y138H	Y138
tcga_mc3	TCGA-CG-5722:19:15989736:C	CYP4F2	G470R	G470
tcga_mc3	TCGA-CG-5722:3:178936091:G	PIK3CA	E545K	E545
tcga_mc3	TCGA-CG-5723:12:7984225:C	SLC2A14	G106R	G106
tcga_mc3	TCGA-CG-5723:17:40256929:C	DHX58	R473Q	R473
tcga_mc3	TCGA-CG-5723:19:52715983:G	PPP2R1A	R183Q	R183
tcga_mc3	TCGA-CG-5723:4:153249385:G	FBXW7	R465C	R465
tcga_mc3	TCGA-CG-5723:5:16694613:C	MYO10	G1223R	G1223
tcga_mc3	TCGA-CG-5723:5:32712294:T	NPR3	Y138H	Y138
tcga_mc3	TCGA-CG-5723:7:100469273:C	TRIP6	R370C	R370
tcga_mc3	TCGA-CG-5723:7:150752436:G	CDK5	P170S	P170
tcga_mc3	TCGA-CG-5723:8:109001362:G	RSPO2	R69C	R69
tcga_mc3	TCGA-CG-5725:17:38560458:C	TOP2A	K743N	K743
tcga_mc3	TCGA-CG-5726:11:67048958:C	ADRBK1	R226C	R226
tcga_mc3	TCGA-CG-5726:1:155234303:C	CLK2	G368C	G368
tcga_mc3	TCGA-CG-5727:12:25398284:C	KRAS	G12D	G12
tcga_mc3	TCGA-CG-5727:20:13098334:A	SPTLC3	S372R	S372
tcga_mc3	TCGA-CG-5728:15:41362706:T	INO80	K549E	K549
tcga_mc3	TCGA-CG-5728:21:30407165:G	USP16	G83D	G83
tcga_mc3	TCGA-CG-5728:3:178916876:G	PIK3CA	R88Q	R88
tcga_mc3	TCGA-CG-5730:17:37868208:C	ERBB2	S310F	S310
tcga_mc3	TCGA-CG-5730:17:7578190:T	TP53	Y220C	Y220
tcga_mc3	TCGA-CG-5733:11:64087315:G	PRDX5	G94V	G94
tcga_mc3	TCGA-CG-5733:3:178927980:T	PIK3CA	C420R	C420
tcga_mc3	TCGA-D7-5577:3:178916876:G	PIK3CA	R88Q	R88
tcga_mc3	TCGA-D7-5577:3:178952074:G	PIK3CA	M1043I	M1043
tcga_mc3	TCGA-D7-5578:3:178936091:G	PIK3CA	E545K	E545
tcga_mc3	TCGA-D7-6518:17:7578407:G	TP53	R175G	R175
tcga_mc3	TCGA-D7-6522:3:49412898:T	RHOA	Y42C	Y42
tcga_mc3	TCGA-D7-6525:12:81283099:T	LIN7A	E44D	E44
tcga_mc3	TCGA-D7-6526:1:206943236:G	IL10	R128G	R128
tcga_mc3	TCGA-D7-6526:7:107542829:T	DLD	I86M	I86
tcga_mc3	TCGA-D7-6527:7:151181842:A	RHEB	L58R	L58
tcga_mc3	TCGA-D7-6527:9:120475722:A	TLR4	E439A	E439
tcga_mc3	TCGA-D7-6528:17:7577120:C	TP53	R273H	R273
tcga_mc3	TCGA-D7-6528:20:24952138:C	APMAP	A166S	A166
tcga_mc3	TCGA-D7-6815:12:25398285:C	KRAS	G12C	G12
tcga_mc3	TCGA-D7-6815:17:7578406:C	TP53	R175H	R175
tcga_mc3	TCGA-D7-6815:3:178936091:G	PIK3CA	E545K	E545
tcga_mc3	TCGA-D7-6817:17:7577120:C	TP53	R273H	R273
tcga_mc3	TCGA-D7-6818:10:5242199:G	AKR1C4	R47H	R47
tcga_mc3	TCGA-D7-6818:6:55406891:T	HMGCLL1	E82D	E82
tcga_mc3	TCGA-D7-6820:17:7577570:C	TP53	M237I	M237
tcga_mc3	TCGA-D7-6822:3:41268778:C	CTNNB1	T339N	T339
tcga_mc3	TCGA-D7-6822:5:110710585:T	CAMK4	L93R	L93
tcga_mc3	TCGA-D7-8574:20:57484421:G	GNAS	R201H	R201
tcga_mc3	TCGA-D7-8574:3:49405933:G	RHOA	L69M	L69
tcga_mc3	TCGA-D7-8576:17:7577121:G	TP53	R273C	R273
tcga_mc3	TCGA-D7-8578:17:7577121:G	TP53	R273S	R273
tcga_mc3	TCGA-D7-A4YU:12:56478854:G	ERBB3	V104M	V104
tcga_mc3	TCGA-D7-A4YV:12:56478854:G	ERBB3	V104M	V104
tcga_mc3	TCGA-D7-A4YV:9:70993145:A	PGM5	I98V	I98
tcga_mc3	TCGA-D7-A6EX:17:7578406:C	TP53	R175H	R175
tcga_mc3	TCGA-D7-A6EY:17:7077305:C	ASGR1	G226R	G226
tcga_mc3	TCGA-D7-A6EY:4:153249385:G	FBXW7	R465C	R465
tcga_mc3	TCGA-D7-A6F0:17:7577121:G	TP53	R273C	R273
tcga_mc3	TCGA-D7-A6F2:17:7577570:C	TP53	M237I	M237
tcga_mc3	TCGA-D7-A747:15:25220656:A	SNRPN	K52T	K52
tcga_mc3	TCGA-D7-A747:3:178936091:G	PIK3CA	E545K	E545
tcga_mc3	TCGA-D7-A74A:12:25378562:C	KRAS	A146T	A146
tcga_mc3	TCGA-F1-6177:12:52380676:A	ACVR1B	Y404C	Y404
tcga_mc3	TCGA-F1-6177:8:38282215:G	FGFR1	R250W	R250
tcga_mc3	TCGA-F1-6874:2:120129887:G	DBI	G86V	G86
tcga_mc3	TCGA-F1-A448:4:153249385:G	FBXW7	R465C	R465
tcga_mc3	TCGA-FP-7735:4:39458038:G	RPL9	R127G	R127
tcga_mc3	TCGA-FP-7829:17:7578403:C	TP53	C176F	C176
tcga_mc3	TCGA-FP-7829:1:243385112:G	CEP170	R37C	R37
tcga_mc3	TCGA-FP-7916:3:178952085:A	PIK3CA	H1047R	H1047
tcga_mc3	TCGA-FP-7998:3:178936082:G	PIK3CA	E542K	E542
tcga_mc3	TCGA-FP-8099:17:7578406:C	TP53	R175H	R175
tcga_mc3	TCGA-FP-8211:7:148497615:G	CUL1	E758Q	E758
tcga_mc3	TCGA-FP-8631:17:7577548:C	TP53	G245S	G245
tcga_mc3	TCGA-FP-A4BE:10:5827990:G	GDI2	R138C	R138
tcga_mc3	TCGA-FP-A4BE:17:7577121:G	TP53	R273C	R273
tcga_mc3	TCGA-FP-A4BE:17:7578457:C	TP53	R158H	R158
tcga_mc3	TCGA-FP-A4BE:19:18968240:C	UPF1	R705W	R705
tcga_mc3	TCGA-FP-A4BE:3:184042726:C	EIF4G1	R894C	R894
tcga_mc3	TCGA-FP-A8CX:3:196664469:G	NCBP2	T104M	T104
tcga_mc3	TCGA-FP-A9TM:1:1254783:G	CPSF3L	R108C	R108
tcga_mc3	TCGA-FP-A9TM:3:69124609:C	UBA3	G79V	G79
tcga_mc3	TCGA-HF-7132:3:178916891:G	PIK3CA	R93Q	R93
tcga_mc3	TCGA-HF-7132:4:153249385:G	FBXW7	R465C	R465
tcga_mc3	TCGA-HF-7132:5:180046343:G	FLT4	R891C	R891
tcga_mc3	TCGA-HF-7132:9:130569280:C	FPGS	R139W	R139
tcga_mc3	TCGA-HF-7132:9:70993145:A	PGM5	I98V	I98
tcga_mc3	TCGA-HF-7134:20:57484421:G	GNAS	R201H	R201
tcga_mc3	TCGA-HF-A5NB:12:25398281:C	KRAS	G13D	G13
tcga_mc3	TCGA-HF-A5NB:19:10465240:T	TYK2	D888G	D888
tcga_mc3	TCGA-HF-A5NB:3:178952085:A	PIK3CA	H1047R	H1047
tcga_mc3	TCGA-HF-A5NB:9:70993145:A	PGM5	I98V	I98
tcga_mc3	TCGA-HU-8238:3:178916891:G	PIK3CA	R93Q	R93
tcga_mc3	TCGA-HU-8243:17:7577538:C	TP53	R248Q	R248
tcga_mc3	TCGA-HU-8243:18:48591888:G	SMAD4	D351Y	D351
tcga_mc3	TCGA-HU-8602:10:33209310:G	ITGB1	L378I	L378
tcga_mc3	TCGA-HU-8602:11:66834229:C	RHOD	L81M	L81
tcga_mc3	TCGA-HU-8602:3:127816210:G	RUVBL1	R317C	R317
tcga_mc3	TCGA-HU-8602:3:178952085:A	PIK3CA	H1047R	H1047
tcga_mc3	TCGA-HU-8602:8:22370819:C	PPP3CC	T215M	T215
tcga_mc3	TCGA-HU-8602:9:70993145:A	PGM5	I98V	I98
tcga_mc3	TCGA-HU-8608:3:178921553:T	PIK3CA	N345K	N345
tcga_mc3	TCGA-HU-A4G2:18:48593397:T	SMAD4	I383R	I383
tcga_mc3	TCGA-HU-A4G6:1:204923461:C	NFASC	R121C	R121
tcga_mc3	TCGA-HU-A4G8:20:57484420:C	GNAS	R201C	R201
tcga_mc3	TCGA-HU-A4G9:12:56478854:G	ERBB3	V104M	V104
tcga_mc3	TCGA-HU-A4G9:16:1820969:C	NME3	R102H	R102
tcga_mc3	TCGA-HU-A4GF:19:52715979:C	PPP2R1A	R182W	R182
tcga_mc3	TCGA-HU-A4GF:2:151331486:T	RND3	Y84C	Y84
tcga_mc3	TCGA-HU-A4GH:17:79804384:T	P4HB	K326R	K326
tcga_mc3	TCGA-HU-A4GN:11:14316397:C	RRAS2	A70T	A70
tcga_mc3	TCGA-HU-A4GN:12:51723605:C	CELA1	G208S	G208
tcga_mc3	TCGA-HU-A4GN:14:74534179:G	ALDH6A1	R316C	R316
tcga_mc3	TCGA-HU-A4GN:2:173850209:G	RAPGEF4	G380R	G380
tcga_mc3	TCGA-HU-A4GN:4:153247366:C	FBXW7	R479Q	R479
tcga_mc3	TCGA-HU-A4GP:17:7577082:C	TP53	E286K	E286
tcga_mc3	TCGA-HU-A4GQ:11:6631234:G	ILK	R349H	R349
tcga_mc3	TCGA-HU-A4GQ:17:33331364:C	LIG3	R957C	R957
tcga_mc3	TCGA-HU-A4GQ:17:7577551:C	TP53	G244C	G244
tcga_mc3	TCGA-HU-A4GQ:19:46205070:C	QPCTL	R301C	R301
tcga_mc3	TCGA-HU-A4GQ:2:241817502:G	AGXT	V336I	V336
tcga_mc3	TCGA-HU-A4GQ:9:70993145:A	PGM5	I98V	I98
tcga_mc3	TCGA-HU-A4GT:14:55369080:G	GCH1	A101V	A101
tcga_mc3	TCGA-HU-A4GT:15:80762578:G	ARNT2	E72K	E72
tcga_mc3	TCGA-HU-A4GT:16:3100442:G	MMP25	D186N	D186
tcga_mc3	TCGA-HU-A4GT:21:44484071:C	CBS	G256D	G256
tcga_mc3	TCGA-HU-A4GT:3:58148890:C	FLNB	A2344D	A2344
tcga_mc3	TCGA-HU-A4GU:17:33319550:G	LIG3	A432T	A432
tcga_mc3	TCGA-HU-A4GU:22:42525908:G	CYP2D6	R101W	R101
tcga_mc3	TCGA-HU-A4GU:6:55406891:T	HMGCLL1	E82D	E82
tcga_mc3	TCGA-HU-A4GX:11:77885584:G	KCTD21	T6M	T6
tcga_mc3	TCGA-HU-A4GX:1:44713629:G	ERI3	R305W	R305
tcga_mc3	TCGA-HU-A4GX:3:178952085:A	PIK3CA	H1047R	H1047
tcga_mc3	TCGA-HU-A4GX:5:16694613:C	MYO10	G1223R	G1223
tcga_mc3	TCGA-HU-A4GX:9:137300840:C	RXRA	T162M	T162
tcga_mc3	TCGA-HU-A4H3:3:178936091:G	PIK3CA	E545K	E545
tcga_mc3	TCGA-HU-A4H4:18:48591919:G	SMAD4	R361H	R361
tcga_mc3	TCGA-HU-A4H4:3:178952085:A	PIK3CA	H1047R	H1047
tcga_mc3	TCGA-HU-A4H4:9:120475722:A	TLR4	E439V	E439
tcga_mc3	TCGA-HU-A4H8:19:11143993:C	SMARCA4	R1192C	R1192
tcga_mc3	TCGA-HU-A4H8:1:32793251:G	HDAC1	E203D	E203
tcga_mc3	TCGA-HU-A4H8:22:22162026:G	MAPK1	R77C	R77
tcga_mc3	TCGA-IN-7806:17:7577094:G	TP53	R282W	R282
tcga_mc3	TCGA-IN-7808:17:7577538:C	TP53	R248Q	R248
tcga_mc3	TCGA-IN-A6RI:13:24871640:G	SPATA13	R492H	R492
tcga_mc3	TCGA-IN-A6RI:17:7578406:C	TP53	R175H	R175
tcga_mc3	TCGA-IN-A6RL:10:112338459:G	SMC3	G142R	G142
tcga_mc3	TCGA-IN-A6RL:15:78346473:C	TBC1D2B	W139C	W139
tcga_mc3	TCGA-IN-A6RL:17:7577120:C	TP53	R273H	R273
tcga_mc3	TCGA-IN-A6RL:4:128665855:G	SLC25A31	L87F	L87
tcga_mc3	TCGA-IN-A6RO:1:214507595:G	SMYD2	G389R	G389
tcga_mc3	TCGA-IN-A6RP:17:7577539:G	TP53	R248W	R248
tcga_mc3	TCGA-IN-A6RR:16:3807913:C	CREBBP	R1169H	R1169
tcga_mc3	TCGA-IN-A6RR:18:6244515:G	L3MBTL4	P98S	P98
tcga_mc3	TCGA-IN-A6RS:1:40236245:C	OXCT2	R228H	R228
tcga_mc3	TCGA-IN-A7NR:17:7578406:C	TP53	R175H	R175
tcga_mc3	TCGA-IN-A7NT:17:7578406:C	TP53	R175H	R175
tcga_mc3	TCGA-KB-A6F5:19:7976135:C	MAP2K7	P286A	P286
tcga_mc3	TCGA-KB-A6F5:19:7976136:C	MAP2K7	P286H	P286
tcga_mc3	TCGA-KB-A93J:17:38560458:C	TOP2A	K743N	K743
tcga_mc3	TCGA-MX-A5UJ:17:37868208:C	ERBB2	S310Y	S310
tcga_mc3	TCGA-MX-A5UJ:18:9122625:C	NDUFV2	P139S	P139
tcga_mc3	TCGA-MX-A5UJ:1:181018211:C	MR1	R31C	R31
tcga_mc3	TCGA-MX-A5UJ:4:153249384:C	FBXW7	R465H	R465
tcga_mc3	TCGA-MX-A5UJ:6:132004249:T	ENPP3	L356P	L356
tcga_mc3	TCGA-R5-A7ZE:1:1254783:G	CPSF3L	R108G	R108
tcga_mc3	TCGA-R5-A7ZI:10:97031534:G	PDLIM1	P35H	P35
tcga_mc3	TCGA-RD-A8MW:17:7577570:C	TP53	M237I	M237
tcga_mc3	TCGA-RD-A8N1:17:7578402:G	TP53	C176W	C176
tcga_mc3	TCGA-RD-A8NB:12:21788585:C	LDHB	R299Q	R299
tcga_mc3	TCGA-RD-A8NB:3:178952085:A	PIK3CA	H1047R	H1047
tcga_mc3	TCGA-SW-A7EA:12:25398284:C	KRAS	G12D	G12
tcga_mc3	TCGA-SW-A7EA:16:1820907:C	NME3	G123R	G123
tcga_mc3	TCGA-VQ-A8DL:17:38560458:C	TOP2A	K743N	K743
tcga_mc3	TCGA-VQ-A8DU:17:7577121:G	TP53	R273C	R273
tcga_mc3	TCGA-VQ-A8DV:17:40256929:C	DHX58	R473L	R473
tcga_mc3	TCGA-VQ-A8E2:17:7577120:C	TP53	R273H	R273
tcga_mc3	TCGA-VQ-A8E7:17:7577539:G	TP53	R248W	R248
tcga_mc3	TCGA-VQ-A8E7:6:44081807:C	MRPL14	D71Y	D71
tcga_mc3	TCGA-VQ-A8P2:12:12300437:G	LRP6	A1087D	A1087
tcga_mc3	TCGA-VQ-A8P2:12:96691430:G	CDK17	S262Y	S262
tcga_mc3	TCGA-VQ-A8P2:14:24765746:T	DHRS1	M115L	M115
tcga_mc3	TCGA-VQ-A8P2:17:39921023:C	JUP	R367H	R367
tcga_mc3	TCGA-VQ-A8P2:17:7577094:G	TP53	R282W	R282
tcga_mc3	TCGA-VQ-A8P2:17:7578406:C	TP53	R175H	R175
tcga_mc3	TCGA-VQ-A8P2:19:18968240:C	UPF1	R705W	R705
tcga_mc3	TCGA-VQ-A8P2:19:41188843:G	NUMBL	R94W	R94
tcga_mc3	TCGA-VQ-A8P2:1:180163519:G	QSOX1	R487H	R487
tcga_mc3	TCGA-VQ-A8P2:1:19611181:G	AKR7A3	R235C	R235
tcga_mc3	TCGA-VQ-A8P2:22:30862374:C	SEC14L3	G176D	G176
tcga_mc3	TCGA-VQ-A8P2:3:178916876:G	PIK3CA	R88Q	R88
tcga_mc3	TCGA-VQ-A8P2:3:69124610:C	UBA3	G79S	G79
tcga_mc3	TCGA-VQ-A8P2:4:39507272:C	UGDH	G335R	G335
tcga_mc3	TCGA-VQ-A8P2:5:150073720:G	RBM22	R277W	R277
tcga_mc3	TCGA-VQ-A8P2:8:54669122:C	ATP6V1H	G424C	G424
tcga_mc3	TCGA-VQ-A8PB:17:73654502:C	RECQL5	G342V	G342
tcga_mc3	TCGA-VQ-A8PB:3:178916725:C	PIK3CA	R38C	R38
tcga_mc3	TCGA-VQ-A8PD:17:37868208:C	ERBB2	S310F	S310
tcga_mc3	TCGA-VQ-A8PD:17:37879658:G	ERBB2	R678Q	R678
tcga_mc3	TCGA-VQ-A8PE:1:41474373:G	CTPS1	R479H	R479
tcga_mc3	TCGA-VQ-A8PF:3:178916876:G	PIK3CA	R88Q	R88
tcga_mc3	TCGA-VQ-A8PF:5:140011775:A	CD14	V265G	V265
tcga_mc3	TCGA-VQ-A8PH:9:13221393:A	MPDZ	L285Q	L285
tcga_mc3	TCGA-VQ-A8PO:5:86705176:G	CCNH	T82M	T82
tcga_mc3	TCGA-VQ-A8PP:11:34904965:T	APIP	E183G	E183
tcga_mc3	TCGA-VQ-A8PP:12:25380283:C	KRAS	A59T	A59
tcga_mc3	TCGA-VQ-A8PP:3:178927980:T	PIK3CA	C420R	C420
tcga_mc3	TCGA-VQ-A8PP:9:70993145:A	PGM5	I98V	I98
tcga_mc3	TCGA-VQ-A8PT:11:14316397:C	RRAS2	A70T	A70
tcga_mc3	TCGA-VQ-A8PT:12:56488229:C	ERBB3	P583L	P583
tcga_mc3	TCGA-VQ-A8PT:15:40864011:G	RPUSD2	R272L	R272
tcga_mc3	TCGA-VQ-A8PT:7:107546752:C	DLD	S208F	S208
tcga_mc3	TCGA-VQ-A8PT:9:70993145:A	PGM5	I98V	I98
tcga_mc3	TCGA-VQ-A8PU:12:25398284:C	KRAS	G12D	G12
tcga_mc3	TCGA-VQ-A8PX:17:7578457:C	TP53	R158H	R158
tcga_mc3	TCGA-VQ-A8PX:18:48591918:C	SMAD4	R361C	R361
tcga_mc3	TCGA-VQ-A8PZ:17:37879658:G	ERBB2	R678Q	R678
tcga_mc3	TCGA-VQ-A91D:12:21693487:G	GYS2	R556W	R556
tcga_mc3	TCGA-VQ-A91D:12:25380283:C	KRAS	A59T	A59
tcga_mc3	TCGA-VQ-A91D:12:52449814:C	NR4A1	R293C	R293
tcga_mc3	TCGA-VQ-A91D:12:56478854:G	ERBB3	V104M	V104
tcga_mc3	TCGA-VQ-A91D:16:30745076:C	SRCAP	R2151C	R2151
tcga_mc3	TCGA-VQ-A91D:20:49576517:C	MOCS3	R380C	R380
tcga_mc3	TCGA-VQ-A91D:2:3504695:A	ADI1	Y104H	Y104
tcga_mc3	TCGA-VQ-A91D:3:178952085:A	PIK3CA	H1047R	H1047
tcga_mc3	TCGA-VQ-A91D:4:39523008:A	UGDH	I42N	I42
tcga_mc3	TCGA-VQ-A91E:12:25380283:C	KRAS	A59T	A59
tcga_mc3	TCGA-VQ-A91E:17:7577539:G	TP53	R248W	R248
tcga_mc3	TCGA-VQ-A91E:20:3065208:A	AVP	L38P	L38
tcga_mc3	TCGA-VQ-A91E:3:178952085:A	PIK3CA	H1047R	H1047
tcga_mc3	TCGA-VQ-A91K:17:44806264:G	NSF	Q624H	Q624
tcga_mc3	TCGA-VQ-A91K:2:158156128:A	GALNT5	D689G	D689
tcga_mc3	TCGA-VQ-A91K:3:178928079:G	PIK3CA	E453K	E453
tcga_mc3	TCGA-VQ-A91K:3:178952090:G	PIK3CA	G1049R	G1049
tcga_mc3	TCGA-VQ-A91K:6:24653314:G	TDP2	A235V	A235
tcga_mc3	TCGA-VQ-A91K:6:24653315:C	TDP2	A235T	A235
tcga_mc3	TCGA-VQ-A91Q:2:106761735:G	UXS1	T123M	T123
tcga_mc3	TCGA-VQ-A91S:6:90089999:T	RRAGD	I178L	I178
tcga_mc3	TCGA-VQ-A91S:7:42063095:T	GLI3	E490G	E490
tcga_mc3	TCGA-VQ-A91U:1:38082227:A	RSPO1	V72E	V72
tcga_mc3	TCGA-VQ-A91W:3:30732970:G	TGFBR2	R528H	R528
tcga_mc3	TCGA-VQ-A91X:17:12028615:A	MAP2K4	E273G	E273
tcga_mc3	TCGA-VQ-A91Y:17:7577539:G	TP53	R248W	R248
tcga_mc3	TCGA-VQ-A91Z:14:69847281:G	ERH	R97W	R97
tcga_mc3	TCGA-VQ-A91Z:17:7577120:C	TP53	R273H	R273
tcga_mc3	TCGA-VQ-A923:17:7578406:C	TP53	R175H	R175
tcga_mc3	TCGA-VQ-A924:12:56478854:G	ERBB3	V104M	V104
tcga_mc3	TCGA-VQ-A924:14:67831614:G	EIF2S1	G44C	G44
tcga_mc3	TCGA-VQ-A924:20:39795201:C	PLCG1	R696W	R696
tcga_mc3	TCGA-VQ-A925:17:7577543:C	TP53	M246I	M246
tcga_mc3	TCGA-VQ-A94P:17:7577547:C	TP53	G245D	G245
tcga_mc3	TCGA-VQ-A94T:12:25398284:C	KRAS	G12V	G12
tcga_mc3	TCGA-VQ-AA64:9:21971113:A	CDKN2A	V82E	V82
tcga_mc3	TCGA-VQ-AA69:3:178936091:G	PIK3CA	E545K	E545
tcga_mc3	TCGA-VQ-AA6A:17:7578190:T	TP53	Y220C	Y220
tcga_mc3	TCGA-VQ-AA6B:9:33900191:C	UBE2R2	S95L	S95
tcga_mc3	TCGA-VQ-AA6G:17:7578190:T	TP53	Y220C	Y220
tcga_mc3	TCGA-VQ-AA6I:17:7577094:G	TP53	R282W	R282
tcga_mc3	TCGA-VQ-AA6I:9:77683990:G	NMRK1	P140S	P140
tcga_mc3	TCGA-VQ-AA6J:15:66729175:G	MAP2K1	G128V	G128
tcga_mc3	TCGA-VQ-AA6K:3:178936082:G	PIK3CA	E542K	E542
tcga_mc3	TCGA-2G-AAEW:12:25398284:C	KRAS	G12V	G12
tcga_mc3	TCGA-2G-AAF1:4:55599320:G	KIT	D816Y	D816
tcga_mc3	TCGA-2G-AAF6:12:25398284:C	KRAS	G12V	G12
tcga_mc3	TCGA-2G-AAG0:17:8280958:C	RPL26	R121L	R121
tcga_mc3	TCGA-2G-AAG5:19:12858375:G	ASNA1	R295H	R295
tcga_mc3	TCGA-2G-AAG9:4:55599321:A	KIT	D816V	D816
tcga_mc3	TCGA-2G-AAGE:17:45376796:G	ITGB3	G605S	G605
tcga_mc3	TCGA-2G-AAHA:12:25398284:C	KRAS	G12A	G12
tcga_mc3	TCGA-2G-AAHA:4:55599320:G	KIT	D816H	D816
tcga_mc3	TCGA-2X-A9D6:4:55599320:G	KIT	D816Y	D816
tcga_mc3	TCGA-4K-AA1G:4:55599320:G	KIT	D816H	D816
tcga_mc3	TCGA-4K-AA1H:12:25398285:C	KRAS	G12S	G12
tcga_mc3	TCGA-SB-A76C:1:115258747:C	NRAS	G12D	G12
tcga_mc3	TCGA-VF-A8AC:12:25398285:C	KRAS	G12R	G12
tcga_mc3	TCGA-WZ-A7V5:4:55599321:A	KIT	D816V	D816
tcga_mc3	TCGA-XE-A8H5:12:25398285:C	KRAS	G12R	G12
tcga_mc3	TCGA-XE-A9SE:3:178921553:T	PIK3CA	N345K	N345
tcga_mc3	TCGA-XE-AANR:4:55599321:A	KIT	D816V	D816
tcga_mc3	TCGA-XE-AAO4:11:14316390:T	RRAS2	Q72L	Q72
tcga_mc3	TCGA-XE-AAOF:4:55599320:G	KIT	D816H	D816
tcga_mc3	TCGA-XY-A89B:17:7574027:C	TP53	G334W	G334
tcga_mc3	TCGA-YU-A90Q:1:115258748:C	NRAS	G12S	G12
tcga_mc3	TCGA-YU-A90Q:4:55599320:G	KIT	D816H	D816
tcga_mc3	TCGA-ZM-AA0D:4:55599320:G	KIT	D816Y	D816
tcga_mc3	TCGA-BJ-A3EZ:3:178952074:G	PIK3CA	M1043I	M1043
tcga_mc3	TCGA-DE-A0XZ:1:159683629:C	CRP	A121T	A121
tcga_mc3	TCGA-DJ-A3V7:19:11143966:G	SMARCA4	D1183H	D1183
tcga_mc3	TCGA-DJ-A3VB:2:70315174:T	PCBP1	L100Q	L100
tcga_mc3	TCGA-DJ-A3VJ:14:105246551:C	AKT1	E17K	E17
tcga_mc3	TCGA-E3-A3E0:2:9570993:G	CPSF3	D109N	D109
tcga_mc3	TCGA-E8-A418:14:105246551:C	AKT1	E17K	E17
tcga_mc3	TCGA-EL-A3GO:14:95557639:C	DICER1	D1810H	D1810
tcga_mc3	TCGA-EL-A4JZ:19:40762959:C	AKT2	E17K	E17
tcga_mc3	TCGA-EM-A2CQ:12:25398284:C	KRAS	G12V	G12
tcga_mc3	TCGA-EM-A2P2:9:13138104:A	MPDZ	I1351T	I1351
tcga_mc3	TCGA-EM-A3O9:2:73115548:G	SPR	S137N	S137
tcga_mc3	TCGA-ET-A2MY:4:26432321:G	RBPJ	E399K	E399
tcga_mc3	TCGA-FY-A4B4:14:105246551:C	AKT1	E17K	E17
tcga_mc3	TCGA-3G-AB14:17:7577538:C	TP53	R248L	R248
tcga_mc3	TCGA-4X-A9F9:19:6375579:C	PSPN	C66Y	C66
tcga_mc3	TCGA-XM-A8RF:15:66727443:T	MAP2K1	F53L	F53
tcga_mc3	TCGA-XM-A8RF:6:27100350:C	HIST1H2BJ	M60I	M60
tcga_mc3	TCGA-XM-AAZ1:1:115258734:T	NRAS	K16N	K16
tcga_mc3	TCGA-XM-AAZ3:11:534286:C	HRAS	G13R	G13
tcga_mc3	TCGA-XU-A92T:11:534285:C	HRAS	G13V	G13
tcga_mc3	TCGA-ZB-A962:11:534289:C	HRAS	G12R	G12
tcga_mc3	TCGA-ZB-A965:11:534285:C	HRAS	G13V	G13
tcga_mc3	TCGA-ZB-A966:14:88411976:G	GALC	R531C	R531
tcga_mc3	TCGA-ZB-A966:17:7577121:G	TP53	R273C	R273
tcga_mc3	TCGA-ZB-A966:19:44160700:G	PLAUR	L135M	L135
tcga_mc3	TCGA-ZB-A966:3:129007805:C	HMCES	R98C	R98
tcga_mc3	TCGA-ZB-A96H:12:25398284:C	KRAS	G12D	G12
tcga_mc3	TCGA-2E-A9G8:4:153247289:G	FBXW7	R505G	R505
tcga_mc3	TCGA-4E-A92E:3:178936082:G	PIK3CA	E542K	E542
tcga_mc3	TCGA-4E-A92E:3:178952074:G	PIK3CA	M1043I	M1043
tcga_mc3	TCGA-5B-A90C:19:52715982:C	PPP2R1A	R183W	R183
tcga_mc3	TCGA-5S-A9Q8:10:89692791:A	PTEN	D92V	D92
tcga_mc3	TCGA-5S-A9Q8:4:153247366:C	FBXW7	R479Q	R479
tcga_mc3	TCGA-A5-A0G1:10:101163586:C	GOT1	A230T	A230
tcga_mc3	TCGA-A5-A0G1:10:90773969:C	FAS	A257D	A257
tcga_mc3	TCGA-A5-A0G1:12:53233575:C	KRT78	R414H	R414
tcga_mc3	TCGA-A5-A0G1:12:54736028:G	COPZ1	K42N	K42
tcga_mc3	TCGA-A5-A0G1:13:111926260:A	ARHGEF7	K412N	K412
tcga_mc3	TCGA-A5-A0G1:13:47365529:G	ESD	S7Y	S7
tcga_mc3	TCGA-A5-A0G1:16:57468000:G	CIAPIN1	S171Y	S171
tcga_mc3	TCGA-A5-A0G1:17:37880220:T	ERBB2	L755S	L755
tcga_mc3	TCGA-A5-A0G1:17:79990672:G	RAC3	D65N	D65
tcga_mc3	TCGA-A5-A0G1:18:47806299:G	MBD1	R22C	R22
tcga_mc3	TCGA-A5-A0G1:18:48593397:T	SMAD4	I383T	I383
tcga_mc3	TCGA-A5-A0G1:19:10446443:C	ICAM3	G185R	G185
tcga_mc3	TCGA-A5-A0G1:19:30103067:C	POP4	H136Y	H136
tcga_mc3	TCGA-A5-A0G1:19:9949219:C	PIN1	R56C	R56
tcga_mc3	TCGA-A5-A0G1:1:158261109:G	CD1C	D83Y	D83
tcga_mc3	TCGA-A5-A0G1:1:160340807:G	NHLH1	A96T	A96
tcga_mc3	TCGA-A5-A0G1:20:2776756:C	CPXM1	D432N	D432
tcga_mc3	TCGA-A5-A0G1:20:44639592:G	MMP9	K184N	K184
tcga_mc3	TCGA-A5-A0G1:2:210874431:G	RPE	R58Q	R58
tcga_mc3	TCGA-A5-A0G1:2:3597993:A	RNASEH1	I160S	I160
tcga_mc3	TCGA-A5-A0G1:2:73115544:T	SPR	S136A	S136
tcga_mc3	TCGA-A5-A0G1:3:51969656:C	RRP9	R263H	R263
tcga_mc3	TCGA-A5-A0G1:3:89445085:G	EPHA3	D469Y	D469
tcga_mc3	TCGA-A5-A0G1:4:153247285:C	FBXW7	C506Y	C506
tcga_mc3	TCGA-A5-A0G1:4:80976345:T	ANTXR2	S172R	S172
tcga_mc3	TCGA-A5-A0G1:5:149276035:C	PDE6A	E502K	E502
tcga_mc3	TCGA-A5-A0G1:7:2771341:G	GNA12	A207V	A207
tcga_mc3	TCGA-A5-A0G1:8:21767414:C	DOK2	R216H	R216
tcga_mc3	TCGA-A5-A0G1:9:140708944:G	EHMT1	R1081H	R1081
tcga_mc3	TCGA-A5-A0R6:17:7577539:G	TP53	R248W	R248
tcga_mc3	TCGA-A5-A0R6:3:178952072:A	PIK3CA	M1043V	M1043
tcga_mc3	TCGA-A5-A0R8:18:47806298:C	MBD1	R22H	R22
tcga_mc3	TCGA-A5-A0R8:4:153249384:C	FBXW7	R465H	R465
tcga_mc3	TCGA-A5-A0R9:2:39281778:T	SOS1	N233Y	N233
tcga_mc3	TCGA-A5-A0RA:10:89692904:C	PTEN	R130G	R130
tcga_mc3	TCGA-A5-A0VP:19:8046013:G	ELAVL1	A77V	A77
tcga_mc3	TCGA-A5-A0VP:1:150812098:C	ARNT	R102Q	R102
tcga_mc3	TCGA-A5-A0VP:3:178916876:G	PIK3CA	R88Q	R88
tcga_mc3	TCGA-A5-A0VP:3:178936083:A	PIK3CA	E542V	E542
tcga_mc3	TCGA-A5-A0VQ:1:115258747:C	NRAS	G12D	G12
tcga_mc3	TCGA-A5-A0VQ:1:212870363:G	BATF3	N45K	N45
tcga_mc3	TCGA-A5-A0VQ:1:40236234:C	OXCT2	V232M	V232
tcga_mc3	TCGA-A5-A0VQ:3:59999858:G	FHIT	R42W	R42
tcga_mc3	TCGA-A5-A1OF:10:89692905:G	PTEN	R130Q	R130
tcga_mc3	TCGA-A5-A1OF:11:48175418:G	PTPRJ	R1070H	R1070
tcga_mc3	TCGA-A5-A1OF:13:31725823:G	HSPH1	R196W	R196
tcga_mc3	TCGA-A5-A1OF:14:64884645:G	MTHFD1	R173H	R173
tcga_mc3	TCGA-A5-A1OF:15:41289745:A	INO80	N1184K	N1184
tcga_mc3	TCGA-A5-A1OF:15:75641646:G	NEIL1	G134R	G134
tcga_mc3	TCGA-A5-A1OF:16:88876887:G	APRT	R89W	R89
tcga_mc3	TCGA-A5-A1OF:17:56599141:C	SEPT4	A291T	A291
tcga_mc3	TCGA-A5-A1OF:1:158261109:G	CD1C	D83Y	D83
tcga_mc3	TCGA-A5-A1OF:1:16458330:C	EPHA2	E787D	E787
tcga_mc3	TCGA-A5-A1OF:1:167868777:G	ADCY10	R176C	R176
tcga_mc3	TCGA-A5-A1OF:1:226566888:T	PARP1	N567S	N567
tcga_mc3	TCGA-A5-A1OF:1:243385114:G	CEP170	S36Y	S36
tcga_mc3	TCGA-A5-A1OF:1:53699287:C	MAGOH	R62I	R62
tcga_mc3	TCGA-A5-A1OF:1:95709971:A	RWDD3	E97G	E97
tcga_mc3	TCGA-A5-A1OF:1:97235334:G	PTBP2	R64Q	R64
tcga_mc3	TCGA-A5-A1OF:22:43529170:C	MCAT	G351D	G351
tcga_mc3	TCGA-A5-A1OF:2:170667369:G	SSB	G271E	G271
tcga_mc3	TCGA-A5-A1OF:2:242441047:T	STK25	K36T	K36
tcga_mc3	TCGA-A5-A1OF:3:81640208:C	GBE1	D406N	D406
tcga_mc3	TCGA-A5-A1OF:5:21975208:G	CDH12	S173Y	S173
tcga_mc3	TCGA-A5-A1OF:5:74650403:G	HMGCR	E482K	E482
tcga_mc3	TCGA-A5-A1OF:6:158330994:C	SNX9	R296C	R296
tcga_mc3	TCGA-A5-A1OF:7:150554886:C	AOC1	A443V	A443
tcga_mc3	TCGA-A5-A1OF:7:56082739:C	PSPH	D183Y	D183
tcga_mc3	TCGA-A5-A1OF:8:21767414:C	DOK2	R216H	R216
tcga_mc3	TCGA-A5-A1OF:8:56912042:T	LYN	S424A	S424
tcga_mc3	TCGA-A5-A1OG:19:52716323:C	PPP2R1A	S256F	S256
tcga_mc3	TCGA-A5-A1OK:14:105246551:C	AKT1	E17K	E17
tcga_mc3	TCGA-A5-A1OK:1:115258744:C	NRAS	G13D	G13
tcga_mc3	TCGA-A5-A2K3:17:7578407:G	TP53	R175C	R175
tcga_mc3	TCGA-A5-A2K3:19:52715982:C	PPP2R1A	R183W	R183
tcga_mc3	TCGA-A5-A2K3:1:1248224:C	CPSF3L	V413L	V413
tcga_mc3	TCGA-A5-A2K3:22:35782901:G	HMOX1	R123H	R123
tcga_mc3	TCGA-A5-A2K4:17:7577120:C	TP53	R273H	R273
tcga_mc3	TCGA-A5-A2K4:2:228681091:G	CCL20	R87L	R87
tcga_mc3	TCGA-A5-A2K4:3:178952085:A	PIK3CA	H1047L	H1047
tcga_mc3	TCGA-A5-A2K4:7:87179322:G	ABCB1	R467W	R467
tcga_mc3	TCGA-A5-A2K5:10:25313735:G	THNSL1	R528Q	R528
tcga_mc3	TCGA-A5-A2K5:10:90708612:C	ACTA2	D26Y	D26
tcga_mc3	TCGA-A5-A2K5:14:20922794:C	OSGEP	G17C	G17
tcga_mc3	TCGA-A5-A2K5:15:65041343:G	RBPMS2	R92C	R92
tcga_mc3	TCGA-A5-A2K5:16:30094139:G	PPP4C	E92K	E92
tcga_mc3	TCGA-A5-A2K5:16:8906942:C	PMM2	F206L	F206
tcga_mc3	TCGA-A5-A2K5:17:47699369:C	SPOP	E47K	E47
tcga_mc3	TCGA-A5-A2K5:17:4836490:G	GP1BA	E197D	E197
tcga_mc3	TCGA-A5-A2K5:19:52715964:G	PPP2R1A	D177Y	D177
tcga_mc3	TCGA-A5-A2K5:1:206943235:C	IL10	R128Q	R128
tcga_mc3	TCGA-A5-A2K5:1:225971062:G	SRP9	D45Y	D45
tcga_mc3	TCGA-A5-A2K5:20:34313006:C	RBM39	R163I	R163
tcga_mc3	TCGA-A5-A2K5:2:208477906:C	METTL21A	R174Q	R174
tcga_mc3	TCGA-A5-A2K5:3:151545797:G	AADAC	R346I	R346
tcga_mc3	TCGA-A5-A2K5:3:16252734:G	GALNT15	E395K	E395
tcga_mc3	TCGA-A5-A2K5:3:178916876:G	PIK3CA	R88Q	R88
tcga_mc3	TCGA-A5-A2K5:3:178952074:G	PIK3CA	M1043I	M1043
tcga_mc3	TCGA-A5-A2K5:3:37058999:C	MLH1	R265C	R265
tcga_mc3	TCGA-A5-A2K5:6:106543578:C	PRDM1	P127H	P127
tcga_mc3	TCGA-A5-A2K5:6:161160215:G	PLG	D665Y	D665
tcga_mc3	TCGA-A5-A2K5:6:52662427:C	GSTA1	E32D	E32
tcga_mc3	TCGA-A5-A2K5:7:121682775:G	PTPRZ1	R1972I	R1972
tcga_mc3	TCGA-A5-A2K5:8:134125730:C	TG	S2546Y	S2546
tcga_mc3	TCGA-A5-A2K5:8:68334861:C	CPA6	E398K	E398
tcga_mc3	TCGA-A5-A2K5:8:86114424:G	E2F5	D93N	D93
tcga_mc3	TCGA-A5-A2K5:9:129928381:C	RALGPS1	S215F	S215
tcga_mc3	TCGA-A5-A2K7:2:69633154:C	NFU1	R182Q	R182
tcga_mc3	TCGA-A5-A3LO:12:25398281:C	KRAS	G13D	G13
tcga_mc3	TCGA-A5-A3LO:17:7578394:T	TP53	H179R	H179
tcga_mc3	TCGA-A5-A3LP:17:7577120:C	TP53	R273H	R273
tcga_mc3	TCGA-A5-AB3J:14:105246551:C	AKT1	E17K	E17
tcga_mc3	TCGA-AJ-A23N:17:7578406:C	TP53	R175H	R175
tcga_mc3	TCGA-AJ-A23N:4:153244092:G	FBXW7	R689W	R689
tcga_mc3	TCGA-AJ-A23O:14:68114873:T	ARG2	Y278H	Y278
tcga_mc3	TCGA-AJ-A23O:7:87912362:G	STEAP4	P193L	P193
tcga_mc3	TCGA-AJ-A2QM:19:52715970:C	PPP2R1A	P179T	P179
tcga_mc3	TCGA-AJ-A2QM:3:178936091:G	PIK3CA	E545K	E545
tcga_mc3	TCGA-AJ-A2QN:10:89692905:G	PTEN	R130Q	R130
tcga_mc3	TCGA-AJ-A2QN:3:178952085:A	PIK3CA	H1047R	H1047
tcga_mc3	TCGA-AJ-A2QO:10:89692905:G	PTEN	R130L	R130
tcga_mc3	TCGA-AJ-A2QO:19:58862885:C	A1BG	R261H	R261
tcga_mc3	TCGA-AJ-A3BG:10:101163586:C	GOT1	A230T	A230
tcga_mc3	TCGA-AJ-A3BG:17:7577094:G	TP53	R282W	R282
tcga_mc3	TCGA-AJ-A3BG:17:7577538:C	TP53	R248Q	R248
tcga_mc3	TCGA-AJ-A3BG:22:37420665:C	MPST	R137C	R137
tcga_mc3	TCGA-AJ-A3BG:3:178921548:G	PIK3CA	V344M	V344
tcga_mc3	TCGA-AJ-A3BG:7:128035064:C	IMPDH1	A392T	A392
tcga_mc3	TCGA-AJ-A3BH:10:75960584:A	ADK	D43A	D43
tcga_mc3	TCGA-AJ-A3BH:12:53895909:G	TARBP2	G55D	G55
tcga_mc3	TCGA-AJ-A3BH:14:80164138:G	NRXN3	R1261Q	R1261
tcga_mc3	TCGA-AJ-A3BH:15:75013576:C	CYP1A1	R377Q	R377
tcga_mc3	TCGA-AJ-A3BH:15:78458574:G	IDH3A	R316H	R316
tcga_mc3	TCGA-AJ-A3BH:19:10250770:G	DNMT1	S1237L	S1237
tcga_mc3	TCGA-AJ-A3BH:19:16236343:C	RAB8A	R104C	R104
tcga_mc3	TCGA-AJ-A3BH:1:160340807:G	NHLH1	A96T	A96
tcga_mc3	TCGA-AJ-A3BH:2:202141586:C	CASP8	R233W	R233
tcga_mc3	TCGA-AJ-A3BH:3:178952079:A	PIK3CA	D1045A	D1045
tcga_mc3	TCGA-AJ-A3BH:4:78678051:C	CNOT6L	R152Q	R152
tcga_mc3	TCGA-AJ-A3BI:3:178927980:T	PIK3CA	C420R	C420
tcga_mc3	TCGA-AJ-A3BK:13:46716529:C	LCP1	G467V	G467
tcga_mc3	TCGA-AJ-A3BK:3:178952085:A	PIK3CA	H1047R	H1047
tcga_mc3	TCGA-AJ-A3EJ:11:14316390:T	RRAS2	Q72L	Q72
tcga_mc3	TCGA-AJ-A3EK:10:89692905:G	PTEN	R130Q	R130
tcga_mc3	TCGA-AJ-A3EK:11:10517187:G	AMPD3	S446I	S446
tcga_mc3	TCGA-AJ-A3EK:11:48175418:G	PTPRJ	R1070H	R1070
tcga_mc3	TCGA-AJ-A3EK:12:113871992:G	SDSL	W136C	W136
tcga_mc3	TCGA-AJ-A3EK:12:132325296:G	MMP17	D201N	D201
tcga_mc3	TCGA-AJ-A3EK:12:22208509:G	CMAS	R175H	R175
tcga_mc3	TCGA-AJ-A3EK:13:114287535:G	TFDP1	E137K	E137
tcga_mc3	TCGA-AJ-A3EK:13:27645273:C	USP12	G316C	G316
tcga_mc3	TCGA-AJ-A3EK:15:93522378:G	CHD2	R914L	R914
tcga_mc3	TCGA-AJ-A3EK:16:2012650:C	RPS2	G186D	G186
tcga_mc3	TCGA-AJ-A3EK:17:9395196:C	STX8	R164H	R164
tcga_mc3	TCGA-AJ-A3EK:19:12791009:C	DHPS	R113H	R113
tcga_mc3	TCGA-AJ-A3EK:1:223285902:G	TLR5	R158C	R158
tcga_mc3	TCGA-AJ-A3EK:1:23765718:C	ASAP3	R317Q	R317
tcga_mc3	TCGA-AJ-A3EK:21:44478960:C	CBS	V448M	V448
tcga_mc3	TCGA-AJ-A3EK:3:178916876:G	PIK3CA	R88Q	R88
tcga_mc3	TCGA-AJ-A3EK:3:178916890:C	PIK3CA	R93W	R93
tcga_mc3	TCGA-AJ-A3EK:3:37056035:C	MLH1	H264Y	H264
tcga_mc3	TCGA-AJ-A3EK:4:158281090:C	GRIA2	R696W	R696
tcga_mc3	TCGA-AJ-A3EK:4:185340688:G	IRF2	A41V	A41
tcga_mc3	TCGA-AJ-A3EK:4:39523033:C	UGDH	V34I	V34
tcga_mc3	TCGA-AJ-A3EK:5:137763719:C	KDM3B	A1566D	A1566
tcga_mc3	TCGA-AJ-A3EK:6:32155546:T	PBX2	N250D	N250
tcga_mc3	TCGA-AJ-A3EK:6:49425723:C	MUT	G145D	G145
tcga_mc3	TCGA-AJ-A3EK:7:122342489:C	RNF148	E106K	E106
tcga_mc3	TCGA-AJ-A3EK:7:150693978:C	NOS3	R183C	R183
tcga_mc3	TCGA-AJ-A3EL:10:131943533:G	GLRX3	E51K	E51
tcga_mc3	TCGA-AJ-A3EL:10:89720870:T	PTEN	F341V	F341
tcga_mc3	TCGA-AJ-A3EL:12:117723946:G	NOS1	S418L	S418
tcga_mc3	TCGA-AJ-A3EL:12:15370383:C	RERG	R14T	R14
tcga_mc3	TCGA-AJ-A3EL:12:51733658:G	CELA1	R199C	R199
tcga_mc3	TCGA-AJ-A3EL:12:8083914:G	SLC2A3	S146L	S146
tcga_mc3	TCGA-AJ-A3EL:12:96415987:G	LTA4H	R175C	R175
tcga_mc3	TCGA-AJ-A3EL:15:38818545:C	RASGRP1	R94Q	R94
tcga_mc3	TCGA-AJ-A3EL:16:69745102:C	NQO1	R201Q	R201
tcga_mc3	TCGA-AJ-A3EL:18:61154203:G	SERPINB5	D65Y	D65
tcga_mc3	TCGA-AJ-A3EL:19:12692248:C	ZNF490	R214I	R214
tcga_mc3	TCGA-AJ-A3EL:19:16236343:C	RAB8A	R104C	R104
tcga_mc3	TCGA-AJ-A3EL:19:38125901:C	ZFP30	R514Q	R514
tcga_mc3	TCGA-AJ-A3EL:19:52618543:C	ZNF616	R625I	R625
tcga_mc3	TCGA-AJ-A3EL:19:56935562:G	ZNF583	R512I	R512
tcga_mc3	TCGA-AJ-A3EL:19:57089887:G	ZNF470	R697Q	R697
tcga_mc3	TCGA-AJ-A3EL:19:58437558:C	ZNF418	R664Q	R664
tcga_mc3	TCGA-AJ-A3EL:1:109198239:C	HENMT1	D78Y	D78
tcga_mc3	TCGA-AJ-A3EL:1:202862461:G	KLHL12	R496C	R496
tcga_mc3	TCGA-AJ-A3EL:1:206943235:C	IL10	R128Q	R128
tcga_mc3	TCGA-AJ-A3EL:1:38304298:G	MTF1	R260W	R260
tcga_mc3	TCGA-AJ-A3EL:1:46032281:G	AKR1A1	R42H	R42
tcga_mc3	TCGA-AJ-A3EL:1:92518203:G	EPHX4	R282Q	R282
tcga_mc3	TCGA-AJ-A3EL:22:31534698:C	PLA2G3	R201Q	R201
tcga_mc3	TCGA-AJ-A3EL:2:141128375:G	LRP1B	R3638W	R3638
tcga_mc3	TCGA-AJ-A3EL:2:173429271:G	PDK1	D151Y	D151
tcga_mc3	TCGA-AJ-A3EL:2:202131412:G	CASP8	R68Q	R68
tcga_mc3	TCGA-AJ-A3EL:2:210874431:G	RPE	R58Q	R58
tcga_mc3	TCGA-AJ-A3EL:2:27853899:C	GPN1	R71C	R71
tcga_mc3	TCGA-AJ-A3EL:3:178916876:G	PIK3CA	R88Q	R88
tcga_mc3	TCGA-AJ-A3EL:3:49455383:C	AMT	D301N	D301
tcga_mc3	TCGA-AJ-A3EL:4:122607452:T	ANXA5	K29E	K29
tcga_mc3	TCGA-AJ-A3EL:4:151509256:C	LRBA	E2103K	E2103
tcga_mc3	TCGA-AJ-A3EL:4:174216610:G	GALNT7	R273Q	R273
tcga_mc3	TCGA-AJ-A3EL:4:76943548:C	CXCL10	K83N	K83
tcga_mc3	TCGA-AJ-A3EL:5:64887675:C	TRIM23	R549Q	R549
tcga_mc3	TCGA-AJ-A3EL:6:107100203:C	QRSL1	S226L	S226
tcga_mc3	TCGA-AJ-A3EL:6:116264282:C	FRK	E403K	E403
tcga_mc3	TCGA-AJ-A3EL:6:33543165:C	BAK1	R88Q	R88
tcga_mc3	TCGA-AJ-A3EL:7:148494941:C	CUL1	S646L	S646
tcga_mc3	TCGA-AJ-A3EL:7:45931541:G	IGFBP1	R177Q	R177
tcga_mc3	TCGA-AJ-A3EL:7:50513485:C	FIGNL1	E501K	E501
tcga_mc3	TCGA-AJ-A3EL:7:77200495:T	PTPN12	I67T	I67
tcga_mc3	TCGA-AJ-A3EL:7:97935808:G	BAIAP2L1	S395L	S395
tcga_mc3	TCGA-AJ-A3EL:8:134063091:C	SLA	R44H	R44
tcga_mc3	TCGA-AJ-A3EL:9:115805169:C	ZFP37	E577K	E577
tcga_mc3	TCGA-AJ-A3EL:9:33900191:C	UBE2R2	S95L	S95
tcga_mc3	TCGA-AJ-A3EM:4:153247289:G	FBXW7	R505C	R505
tcga_mc3	TCGA-AJ-A3I9:10:89692901:G	PTEN	G129R	G129
tcga_mc3	TCGA-AJ-A3IA:17:7577574:T	TP53	Y236C	Y236
tcga_mc3	TCGA-AJ-A3NF:17:7578406:C	TP53	R175H	R175
tcga_mc3	TCGA-AJ-A3NF:19:52715971:C	PPP2R1A	P179R	P179
tcga_mc3	TCGA-AJ-A3NG:10:89692905:G	PTEN	R130Q	R130
tcga_mc3	TCGA-AJ-A3OJ:13:37577092:G	EXOSC8	G47D	G47
tcga_mc3	TCGA-AJ-A3OJ:17:7577120:C	TP53	R273H	R273
tcga_mc3	TCGA-AJ-A3OJ:19:52715983:G	PPP2R1A	R183Q	R183
tcga_mc3	TCGA-AJ-A3OJ:20:40086017:G	CHD6	R906C	R906
tcga_mc3	TCGA-AJ-A3OJ:5:16694613:C	MYO10	G1223R	G1223
tcga_mc3	TCGA-AJ-A3OK:10:89692905:G	PTEN	R130Q	R130
tcga_mc3	TCGA-AJ-A3OK:10:89711900:G	PTEN	R173H	R173
tcga_mc3	TCGA-AJ-A3OK:12:59271617:G	LRIG3	R701W	R701
tcga_mc3	TCGA-AJ-A3OK:19:29698751:G	UQCRFS1	R177C	R177
tcga_mc3	TCGA-AJ-A3OK:19:55913070:G	UBE2S	R135C	R135
tcga_mc3	TCGA-AJ-A3OK:2:121036307:G	RALB	G23R	G23
tcga_mc3	TCGA-AJ-A3OK:9:80932719:G	PSAT1	V290I	V290
tcga_mc3	TCGA-AJ-A3OL:3:178916725:C	PIK3CA	R38C	R38
tcga_mc3	TCGA-AJ-A3QS:19:52715971:C	PPP2R1A	P179R	P179
tcga_mc3	TCGA-AJ-A3QS:3:178952007:A	PIK3CA	Y1021C	Y1021
tcga_mc3	TCGA-AJ-A3TW:17:7577559:G	TP53	S241C	S241
tcga_mc3	TCGA-AJ-A5DW:10:89692905:G	PTEN	R130Q	R130
tcga_mc3	TCGA-AJ-A5DW:10:89720870:T	PTEN	F341V	F341
tcga_mc3	TCGA-AJ-A5DW:11:112104240:G	PTS	E134K	E134
tcga_mc3	TCGA-AJ-A5DW:11:125781357:C	DDX25	F258L	F258
tcga_mc3	TCGA-AJ-A5DW:12:79747315:C	SYT1	R282C	R282
tcga_mc3	TCGA-AJ-A5DW:16:30094139:G	PPP4C	E92K	E92
tcga_mc3	TCGA-AJ-A5DW:17:18775959:C	PRPSAP2	S79L	S79
tcga_mc3	TCGA-AJ-A5DW:18:32822582:C	ZNF397	R50C	R50
tcga_mc3	TCGA-AJ-A5DW:18:61305037:G	SERPINB4	F363L	F363
tcga_mc3	TCGA-AJ-A5DW:18:61569100:C	SERPINB2	P221H	P221
tcga_mc3	TCGA-AJ-A5DW:19:29698948:T	UQCRFS1	K111T	K111
tcga_mc3	TCGA-AJ-A5DW:19:50945448:G	MYBPC2	K260N	K260
tcga_mc3	TCGA-AJ-A5DW:1:11077011:G	TARDBP	E117K	E117
tcga_mc3	TCGA-AJ-A5DW:1:169505842:C	F5	D1625N	D1625
tcga_mc3	TCGA-AJ-A5DW:1:19611181:G	AKR7A3	R235C	R235
tcga_mc3	TCGA-AJ-A5DW:1:243716094:C	AKT3	R367Q	R367
tcga_mc3	TCGA-AJ-A5DW:1:92518203:G	EPHX4	R282Q	R282
tcga_mc3	TCGA-AJ-A5DW:22:41533773:G	EP300	R580Q	R580
tcga_mc3	TCGA-AJ-A5DW:2:143676232:C	KYNU	S75Y	S75
tcga_mc3	TCGA-AJ-A5DW:2:180835797:C	CWC22	E271K	E271
tcga_mc3	TCGA-AJ-A5DW:5:142689734:C	NR3C1	D466N	D466
tcga_mc3	TCGA-AJ-A5DW:6:161160215:G	PLG	D665Y	D665
tcga_mc3	TCGA-AJ-A5DW:6:62611258:G	KHDRBS2	R168C	R168
tcga_mc3	TCGA-AJ-A5DW:7:64168878:C	ZNF107	F732L	F732
tcga_mc3	TCGA-AJ-A5DW:9:2104068:C	SMARCA2	A1064V	A1064
tcga_mc3	TCGA-AJ-A8CT:10:89692905:G	PTEN	R130Q	R130
tcga_mc3	TCGA-AJ-A8CT:18:47806308:C	MBD1	E19K	E19
tcga_mc3	TCGA-AJ-A8CT:3:178952085:A	PIK3CA	H1047R	H1047
tcga_mc3	TCGA-AJ-A8CV:2:158630626:C	ACVR1	R206H	R206
tcga_mc3	TCGA-AJ-A8CV:5:154330431:G	MRPL22	R43Q	R43
tcga_mc3	TCGA-AJ-A8CW:3:178916876:G	PIK3CA	R88Q	R88
tcga_mc3	TCGA-AJ-A8CW:3:178952085:A	PIK3CA	H1047R	H1047
tcga_mc3	TCGA-AJ-A8CW:9:90586064:G	CDK20	R126W	R126
tcga_mc3	TCGA-AP-A059:11:102650033:G	MMP10	A136D	A136
tcga_mc3	TCGA-AP-A059:11:125503112:G	CHEK1	R160H	R160
tcga_mc3	TCGA-AP-A059:12:58180838:G	TSFM	D126N	D126
tcga_mc3	TCGA-AP-A059:13:24871544:G	SPATA13	G460E	G460
tcga_mc3	TCGA-AP-A059:15:83561463:G	HOMER2	R46W	R46
tcga_mc3	TCGA-AP-A059:17:7577121:G	TP53	R273C	R273
tcga_mc3	TCGA-AP-A059:17:7577563:T	TP53	S240G	S240
tcga_mc3	TCGA-AP-A059:18:43667197:G	ATP5A1	A318D	A318
tcga_mc3	TCGA-AP-A059:19:18547532:G	ISYNA1	R191C	R191
tcga_mc3	TCGA-AP-A059:19:34934787:C	UBA2	S207Y	S207
tcga_mc3	TCGA-AP-A059:19:54783290:G	LILRB2	R190C	R190
tcga_mc3	TCGA-AP-A059:1:113245695:C	RHOC	R68Q	R68
tcga_mc3	TCGA-AP-A059:1:97771762:A	DPYD	I717S	I717
tcga_mc3	TCGA-AP-A059:20:1426360:G	NSFL1C	R301W	R301
tcga_mc3	TCGA-AP-A059:2:210874431:G	RPE	R58Q	R58
tcga_mc3	TCGA-AP-A059:2:37353432:T	EIF2AK2	E303V	E303
tcga_mc3	TCGA-AP-A059:3:48563004:T	PFKFB4	K362N	K362
tcga_mc3	TCGA-AP-A059:3:52242102:C	ALAS1	A390V	A390
tcga_mc3	TCGA-AP-A059:4:146029243:C	ABCE1	A89V	A89
tcga_mc3	TCGA-AP-A059:4:155510004:G	FGA	S102Y	S102
tcga_mc3	TCGA-AP-A059:4:178355641:C	AGA	R234H	R234
tcga_mc3	TCGA-AP-A059:4:24557882:C	DHX15	D285Y	D285
tcga_mc3	TCGA-AP-A059:4:78678051:C	CNOT6L	R152Q	R152
tcga_mc3	TCGA-AP-A059:5:86633867:G	RASA1	D326Y	D326
tcga_mc3	TCGA-AP-A059:6:20481589:G	E2F3	D220N	D220
tcga_mc3	TCGA-AP-A059:7:50663213:C	GRB10	R520H	R520
tcga_mc3	TCGA-AP-A059:7:50694574:G	GRB10	H202Q	H202
tcga_mc3	TCGA-AP-A059:8:9562213:G	TNKS	R383Q	R383
tcga_mc3	TCGA-AP-A0LE:10:7409703:C	SFMBT2	R115H	R115
tcga_mc3	TCGA-AP-A0LE:12:25398284:C	KRAS	G12A	G12
tcga_mc3	TCGA-AP-A0LE:2:69590701:G	GFPT1	P109T	P109
tcga_mc3	TCGA-AP-A0LE:3:178921548:G	PIK3CA	V344M	V344
tcga_mc3	TCGA-AP-A0LF:17:7577121:G	TP53	R273S	R273
tcga_mc3	TCGA-AP-A0LM:10:101163586:C	GOT1	A230T	A230
tcga_mc3	TCGA-AP-A0LM:10:114710667:A	TCF7L2	E51G	E51
tcga_mc3	TCGA-AP-A0LM:10:13375938:C	SEPHS1	G147C	G147
tcga_mc3	TCGA-AP-A0LM:10:96997731:C	PDLIM1	R314Q	R314
tcga_mc3	TCGA-AP-A0LM:11:11374459:G	CSNK2A3	L70I	L70
tcga_mc3	TCGA-AP-A0LM:11:114183101:G	NNMT	E233K	E233
tcga_mc3	TCGA-AP-A0LM:11:118962859:T	HMBS	Y213H	Y213
tcga_mc3	TCGA-AP-A0LM:11:20483589:G	PRMT3	R379I	R379
tcga_mc3	TCGA-AP-A0LM:11:82549610:T	PRCP	T365A	T365
tcga_mc3	TCGA-AP-A0LM:12:26277069:C	BHLHE41	R57K	R57
tcga_mc3	TCGA-AP-A0LM:14:95560475:T	DICER1	E1705A	E1705
tcga_mc3	TCGA-AP-A0LM:15:75013576:C	CYP1A1	R377Q	R377
tcga_mc3	TCGA-AP-A0LM:15:78568044:G	DNAJA4	R284Q	R284
tcga_mc3	TCGA-AP-A0LM:18:32949291:C	ZNF396	R299Q	R299
tcga_mc3	TCGA-AP-A0LM:19:3151776:G	GNA15	R186H	R186
tcga_mc3	TCGA-AP-A0LM:19:49573955:C	KCNA7	D246N	D246
tcga_mc3	TCGA-AP-A0LM:19:50863022:C	NAPSA	A256T	A256
tcga_mc3	TCGA-AP-A0LM:19:50865026:C	NAPSA	R121Q	R121
tcga_mc3	TCGA-AP-A0LM:19:52716217:C	PPP2R1A	R221W	R221
tcga_mc3	TCGA-AP-A0LM:19:57089887:G	ZNF470	R697Q	R697
tcga_mc3	TCGA-AP-A0LM:19:7976138:G	MAP2K7	E287K	E287
tcga_mc3	TCGA-AP-A0LM:1:114123176:C	MAGI3	A149V	A149
tcga_mc3	TCGA-AP-A0LM:1:11861448:C	MTHFR	R132Q	R132
tcga_mc3	TCGA-AP-A0LM:1:160164851:C	CASQ1	A172V	A172
tcga_mc3	TCGA-AP-A0LM:1:176012908:C	RFWD2	D490Y	D490
tcga_mc3	TCGA-AP-A0LM:1:208212233:G	PLXNA2	L1533I	L1533
tcga_mc3	TCGA-AP-A0LM:1:223285902:G	TLR5	R158C	R158
tcga_mc3	TCGA-AP-A0LM:1:64117478:C	PGM1	N473K	N473
tcga_mc3	TCGA-AP-A0LM:20:23807102:G	CST2	R66C	R66
tcga_mc3	TCGA-AP-A0LM:20:30672286:C	HCK	R259W	R259
tcga_mc3	TCGA-AP-A0LM:21:27423473:C	APP	G169S	G169
tcga_mc3	TCGA-AP-A0LM:22:35782900:C	HMOX1	R123C	R123
tcga_mc3	TCGA-AP-A0LM:22:38201771:C	H1F0	R74C	R74
tcga_mc3	TCGA-AP-A0LM:22:43894197:G	MPPED1	V239I	V239
tcga_mc3	TCGA-AP-A0LM:2:203417496:C	BMPR2	R491W	R491
tcga_mc3	TCGA-AP-A0LM:2:29446209:G	ALK	R1120W	R1120
tcga_mc3	TCGA-AP-A0LM:2:69297838:A	ANTXR1	Y119C	Y119
tcga_mc3	TCGA-AP-A0LM:3:179525600:C	PEX5L	R513H	R513
tcga_mc3	TCGA-AP-A0LM:3:52242102:C	ALAS1	A390V	A390
tcga_mc3	TCGA-AP-A0LM:4:153247289:G	FBXW7	R505C	R505
tcga_mc3	TCGA-AP-A0LM:4:2833686:G	SH3BP2	E463K	E463
tcga_mc3	TCGA-AP-A0LM:4:39776532:G	UBE2K	Q126H	Q126
tcga_mc3	TCGA-AP-A0LM:4:76926006:C	CXCL9	D78Y	D78
tcga_mc3	TCGA-AP-A0LM:4:87732239:G	PTPN13	R2447I	R2447
tcga_mc3	TCGA-AP-A0LM:5:60199493:A	ERCC8	C178R	C178
tcga_mc3	TCGA-AP-A0LM:6:101075556:G	ASCC3	R1518C	R1518
tcga_mc3	TCGA-AP-A0LM:6:159462435:G	TAGAP	A143V	A143
tcga_mc3	TCGA-AP-A0LM:6:31779382:G	HSPA1L	S123L	S123
tcga_mc3	TCGA-AP-A0LM:6:79656510:G	PHIP	R1430C	R1430
tcga_mc3	TCGA-AP-A0LM:7:151805245:G	GALNT11	A279T	A279
tcga_mc3	TCGA-AP-A0LM:7:20721180:G	ABCB5	R587Q	R587
tcga_mc3	TCGA-AP-A0LM:8:134063091:C	SLA	R44H	R44
tcga_mc3	TCGA-AP-A0LM:8:134125730:C	TG	S2546Y	S2546
tcga_mc3	TCGA-AP-A0LM:8:21767414:C	DOK2	R216H	R216
tcga_mc3	TCGA-AP-A0LM:8:27362584:C	EPHX2	S153L	S153
tcga_mc3	TCGA-AP-A0LM:8:38002748:C	STAR	D246N	D246
tcga_mc3	TCGA-AP-A0LM:9:140708944:G	EHMT1	R1081H	R1081
tcga_mc3	TCGA-AP-A0LM:9:80043929:C	GNA14	R206Q	R206
tcga_mc3	TCGA-AP-A0LP:10:89692904:C	PTEN	R130G	R130
tcga_mc3	TCGA-AP-A0LP:11:65361004:C	KCNK7	G221S	G221
tcga_mc3	TCGA-AP-A0LP:1:11080531:C	TARDBP	R197C	R197
tcga_mc3	TCGA-AP-A0LP:3:178916891:G	PIK3CA	R93Q	R93
tcga_mc3	TCGA-AP-A0LP:5:32599095:G	SUB1	R75H	R75
tcga_mc3	TCGA-AP-A0LP:9:101900329:C	TGFBR1	R255C	R255
tcga_mc3	TCGA-AP-A0LP:9:136910513:C	BRD3	A373T	A373
tcga_mc3	TCGA-AP-A0LQ:10:89692922:T	PTEN	C136R	C136
tcga_mc3	TCGA-AP-A0LQ:2:39281778:T	SOS1	N233Y	N233
tcga_mc3	TCGA-AP-A0LS:12:25398284:C	KRAS	G12D	G12
tcga_mc3	TCGA-AP-A0LS:22:36872875:G	TXN2	P98S	P98
tcga_mc3	TCGA-AP-A0LS:3:178952084:C	PIK3CA	H1047Y	H1047
tcga_mc3	TCGA-AP-A1DH:3:178936091:G	PIK3CA	E545K	E545
tcga_mc3	TCGA-AP-A1DH:7:143085954:G	ZYX	C470Y	C470
tcga_mc3	TCGA-AP-A1DK:11:111630631:C	PPP2R1B	R195H	R195
tcga_mc3	TCGA-AP-A1DK:12:96254994:C	SNRPF	P18S	P18
tcga_mc3	TCGA-AP-A1DK:13:46716530:C	LCP1	G467W	G467
tcga_mc3	TCGA-AP-A1DK:14:94933485:G	SERPINA9	A288V	A288
tcga_mc3	TCGA-AP-A1DK:17:28576142:C	BLMH	E421K	E421
tcga_mc3	TCGA-AP-A1DK:17:37879658:G	ERBB2	R678Q	R678
tcga_mc3	TCGA-AP-A1DK:17:80048928:G	FASN	R504C	R504
tcga_mc3	TCGA-AP-A1DK:18:55238747:G	FECH	R114C	R114
tcga_mc3	TCGA-AP-A1DK:1:7861184:C	PER3	P268S	P268
tcga_mc3	TCGA-AP-A1DK:21:37510174:A	CBR3	N114I	N114
tcga_mc3	TCGA-AP-A1DK:22:17630586:C	CECR5	R59Q	R59
tcga_mc3	TCGA-AP-A1DK:2:127950719:C	CYP27C1	C318Y	C318
tcga_mc3	TCGA-AP-A1DK:2:75108954:C	HK2	P563S	P563
tcga_mc3	TCGA-AP-A1DK:3:178916876:G	PIK3CA	R88Q	R88
tcga_mc3	TCGA-AP-A1DK:4:153249385:G	FBXW7	R465C	R465
tcga_mc3	TCGA-AP-A1DK:5:102353047:A	PAM	M781V	M781
tcga_mc3	TCGA-AP-A1DK:6:90097018:G	RRAGD	S147L	S147
tcga_mc3	TCGA-AP-A1DM:12:25398281:C	KRAS	G13D	G13
tcga_mc3	TCGA-AP-A1DO:12:25398285:C	KRAS	G12C	G12
tcga_mc3	TCGA-AP-A1DO:2:211454891:G	CPS1	G258V	G258
tcga_mc3	TCGA-AP-A1DP:3:178937411:A	PIK3CA	E600V	E600
tcga_mc3	TCGA-AP-A1DP:5:32599095:G	SUB1	R75H	R75
tcga_mc3	TCGA-AP-A1DQ:17:7578406:C	TP53	R175H	R175
tcga_mc3	TCGA-AP-A1DR:12:25398285:C	KRAS	G12S	G12
tcga_mc3	TCGA-AP-A1DV:10:25313735:G	THNSL1	R528Q	R528
tcga_mc3	TCGA-AP-A1DV:10:89692790:G	PTEN	D92Y	D92
tcga_mc3	TCGA-AP-A1DV:11:125781373:C	DDX25	R264C	R264
tcga_mc3	TCGA-AP-A1DV:12:22208151:G	CMAS	R110Q	R110
tcga_mc3	TCGA-AP-A1DV:12:25398284:C	KRAS	G12A	G12
tcga_mc3	TCGA-AP-A1DV:13:95246100:C	TGDS	D50Y	D50
tcga_mc3	TCGA-AP-A1DV:14:103918266:G	MARK3	E120K	E120
tcga_mc3	TCGA-AP-A1DV:14:64884644:C	MTHFD1	R173C	R173
tcga_mc3	TCGA-AP-A1DV:14:90459755:C	TDP1	A490V	A490
tcga_mc3	TCGA-AP-A1DV:16:46761255:C	MYLK3	D603Y	D603
tcga_mc3	TCGA-AP-A1DV:16:56496517:A	OGFOD1	D140G	D140
tcga_mc3	TCGA-AP-A1DV:16:69745102:C	NQO1	R201Q	R201
tcga_mc3	TCGA-AP-A1DV:16:69973017:G	WWP2	E811K	E811
tcga_mc3	TCGA-AP-A1DV:17:37657655:C	CDK12	R858W	R858
tcga_mc3	TCGA-AP-A1DV:17:80049440:G	FASN	R384S	R384
tcga_mc3	TCGA-AP-A1DV:18:72247400:G	CNDP1	R401I	R401
tcga_mc3	TCGA-AP-A1DV:19:16236343:C	RAB8A	R104C	R104
tcga_mc3	TCGA-AP-A1DV:19:36046152:C	ATP4A	A748T	A748
tcga_mc3	TCGA-AP-A1DV:19:37903536:G	ZNF569	S675L	S675
tcga_mc3	TCGA-AP-A1DV:1:150705587:G	CTSS	R311W	R311
tcga_mc3	TCGA-AP-A1DV:1:15831153:C	CASP9	S274N	S274
tcga_mc3	TCGA-AP-A1DV:1:26073198:C	MAN1C1	T226I	T226
tcga_mc3	TCGA-AP-A1DV:1:39321485:T	RRAGC	K179T	K179
tcga_mc3	TCGA-AP-A1DV:20:1426360:G	NSFL1C	R301W	R301
tcga_mc3	TCGA-AP-A1DV:20:55948793:C	RAE1	A275V	A275
tcga_mc3	TCGA-AP-A1DV:22:29090061:G	CHEK2	R474C	R474
tcga_mc3	TCGA-AP-A1DV:2:109400323:G	RANBP2	R3214Q	R3214
tcga_mc3	TCGA-AP-A1DV:2:162865770:C	DPP4	R623Q	R623
tcga_mc3	TCGA-AP-A1DV:2:191841736:G	STAT1	A630V	A630
tcga_mc3	TCGA-AP-A1DV:2:198001381:G	ANKRD44	R66C	R66
tcga_mc3	TCGA-AP-A1DV:2:200804838:G	TYW5	R108W	R108
tcga_mc3	TCGA-AP-A1DV:2:232321447:C	NCL	E534K	E534
tcga_mc3	TCGA-AP-A1DV:2:242441080:C	STK25	R25H	R25
tcga_mc3	TCGA-AP-A1DV:2:27853899:C	GPN1	R71C	R71
tcga_mc3	TCGA-AP-A1DV:2:29446209:G	ALK	R1120W	R1120
tcga_mc3	TCGA-AP-A1DV:2:86718300:G	KDM3A	D1263Y	D1263
tcga_mc3	TCGA-AP-A1DV:3:178936092:A	PIK3CA	E545G	E545
tcga_mc3	TCGA-AP-A1DV:3:38417643:G	XYLB	R347H	R347
tcga_mc3	TCGA-AP-A1DV:3:41268762:G	CTNNB1	E334K	E334
tcga_mc3	TCGA-AP-A1DV:3:51969656:C	RRP9	R263H	R263
tcga_mc3	TCGA-AP-A1DV:4:39515752:G	UGDH	S72Y	S72
tcga_mc3	TCGA-AP-A1DV:4:76943548:C	CXCL10	K83N	K83
tcga_mc3	TCGA-AP-A1DV:5:121188335:C	FTMT	A226V	A226
tcga_mc3	TCGA-AP-A1DV:5:154308150:C	GEMIN5	R284H	R284
tcga_mc3	TCGA-AP-A1DV:5:179135291:G	CANX	G119E	G119
tcga_mc3	TCGA-AP-A1DV:5:34908994:G	RAD1	S242Y	S242
tcga_mc3	TCGA-AP-A1DV:5:52780941:C	FST	S279L	S279
tcga_mc3	TCGA-AP-A1DV:6:111067348:G	CDK19	S62L	S62
tcga_mc3	TCGA-AP-A1DV:6:161160210:G	PLG	R663Q	R663
tcga_mc3	TCGA-AP-A1DV:6:26091204:G	HFE	R71Q	R71
tcga_mc3	TCGA-AP-A1DV:6:33543165:C	BAK1	R88L	R88
tcga_mc3	TCGA-AP-A1DV:6:63990807:C	LGSN	E217K	E217
tcga_mc3	TCGA-AP-A1DV:7:143001781:C	CASP2	R378W	R378
tcga_mc3	TCGA-AP-A1DV:7:148494941:C	CUL1	S646L	S646
tcga_mc3	TCGA-AP-A1DV:7:150554840:C	AOC1	R428W	R428
tcga_mc3	TCGA-AP-A1DV:8:89180150:G	MMP16	R153C	R153
tcga_mc3	TCGA-AP-A1E0:10:71010153:G	HKDC1	A560T	A560
tcga_mc3	TCGA-AP-A1E0:11:83180390:C	DLG2	E720K	E720
tcga_mc3	TCGA-AP-A1E0:12:104517146:A	NFYB	F96C	F96
tcga_mc3	TCGA-AP-A1E0:17:18775959:C	PRPSAP2	S79L	S79
tcga_mc3	TCGA-AP-A1E0:19:50945448:G	MYBPC2	K260N	K260
tcga_mc3	TCGA-AP-A1E0:20:4163222:G	SMOX	D366N	D366
tcga_mc3	TCGA-AP-A1E0:2:202131412:G	CASP8	R68Q	R68
tcga_mc3	TCGA-AP-A1E0:2:225422482:C	CUL3	S53I	S53
tcga_mc3	TCGA-AP-A1E0:2:58358955:G	VRK2	R230Q	R230
tcga_mc3	TCGA-AP-A1E0:3:12627290:G	RAF1	L476I	L476
tcga_mc3	TCGA-AP-A1E0:3:178916876:G	PIK3CA	R88Q	R88
tcga_mc3	TCGA-AP-A1E0:3:178952074:G	PIK3CA	M1043I	M1043
tcga_mc3	TCGA-AP-A1E0:4:153247289:G	FBXW7	R505C	R505
tcga_mc3	TCGA-AP-A1E0:4:39436111:C	KLB	F369L	F369
tcga_mc3	TCGA-AP-A1E0:5:154330431:G	MRPL22	R43Q	R43
tcga_mc3	TCGA-AP-A1E0:6:39682534:C	KIF6	R62I	R62
tcga_mc3	TCGA-AP-A1E0:6:6225075:C	F13A1	E273K	E273
tcga_mc3	TCGA-AP-A1E0:7:107546742:G	DLD	G205C	G205
tcga_mc3	TCGA-AP-A1E0:7:20721180:G	ABCB5	R587Q	R587
tcga_mc3	TCGA-AP-A1E0:8:54900682:C	TCEA1	R190Q	R190
tcga_mc3	TCGA-AP-A1E0:9:115805169:C	ZFP37	E577K	E577
tcga_mc3	TCGA-AP-A1E1:3:178936094:C	PIK3CA	Q546K	Q546
tcga_mc3	TCGA-AP-A1E1:3:178952007:A	PIK3CA	Y1021C	Y1021
tcga_mc3	TCGA-AP-A1E3:12:25398284:C	KRAS	G12D	G12
tcga_mc3	TCGA-AP-A1E4:12:4479909:G	FGF23	T119M	T119
tcga_mc3	TCGA-AX-A06H:10:89692791:A	PTEN	D92G	D92
tcga_mc3	TCGA-AX-A0J0:10:70673159:G	DDX50	R257Q	R257
tcga_mc3	TCGA-AX-A0J0:10:89692905:G	PTEN	R130Q	R130
tcga_mc3	TCGA-AX-A0J0:12:109613968:G	ACACB	R446I	R446
tcga_mc3	TCGA-AX-A0J0:13:113793763:G	F10	E117K	E117
tcga_mc3	TCGA-AX-A0J0:14:27064722:A	NOVA1	S58R	S58
tcga_mc3	TCGA-AX-A0J0:14:96998682:G	PAPOLA	D208N	D208
tcga_mc3	TCGA-AX-A0J0:15:45658330:C	GATM	D298Y	D298
tcga_mc3	TCGA-AX-A0J0:15:58430854:C	AQP9	F30L	F30
tcga_mc3	TCGA-AX-A0J0:16:28895931:G	ATP2A1	A167T	A167
tcga_mc3	TCGA-AX-A0J0:17:27049755:C	RPL23A	A75D	A75
tcga_mc3	TCGA-AX-A0J0:17:49278985:G	MBTD1	L398I	L398
tcga_mc3	TCGA-AX-A0J0:18:47806299:G	MBD1	R22C	R22
tcga_mc3	TCGA-AX-A0J0:18:77227454:C	NFATC1	S655Y	S655
tcga_mc3	TCGA-AX-A0J0:19:44980824:C	ZNF180	R625I	R625
tcga_mc3	TCGA-AX-A0J0:19:50945448:G	MYBPC2	K260N	K260
tcga_mc3	TCGA-AX-A0J0:1:109321941:C	STXBP3	R240C	R240
tcga_mc3	TCGA-AX-A0J0:1:109779016:C	SARS	S368Y	S368
tcga_mc3	TCGA-AX-A0J0:1:150705587:G	CTSS	R311W	R311
tcga_mc3	TCGA-AX-A0J0:1:186915853:T	PLA2G4A	F373C	F373
tcga_mc3	TCGA-AX-A0J0:22:20907439:G	MED15	K72N	K72
tcga_mc3	TCGA-AX-A0J0:2:217054974:G	XRCC5	E621K	E621
tcga_mc3	TCGA-AX-A0J0:2:72359673:C	CYP26B1	D408Y	D408
tcga_mc3	TCGA-AX-A0J0:3:133475801:G	TF	R273Q	R273
tcga_mc3	TCGA-AX-A0J0:3:16252734:G	GALNT15	E395K	E395
tcga_mc3	TCGA-AX-A0J0:3:178916725:C	PIK3CA	R38C	R38
tcga_mc3	TCGA-AX-A0J0:3:3144448:G	IL5RA	L47I	L47
tcga_mc3	TCGA-AX-A0J0:4:151509256:C	LRBA	E2103K	E2103
tcga_mc3	TCGA-AX-A0J0:4:15842113:C	CD38	S264L	S264
tcga_mc3	TCGA-AX-A0J0:4:39436111:C	KLB	F369L	F369
tcga_mc3	TCGA-AX-A0J0:4:76943548:C	CXCL10	K83N	K83
tcga_mc3	TCGA-AX-A0J0:5:156608053:C	ITK	S22Y	S22
tcga_mc3	TCGA-AX-A0J0:5:162945236:G	MAT2B	R291I	R291
tcga_mc3	TCGA-AX-A0J0:7:122342489:C	RNF148	E106K	E106
tcga_mc3	TCGA-AX-A0J0:7:20682911:G	ABCB5	R140Q	R140
tcga_mc3	TCGA-AX-A0J0:7:55259436:C	EGFR	R832C	R832
tcga_mc3	TCGA-AX-A0J0:7:87041263:C	ABCB4	R957Q	R957
tcga_mc3	TCGA-AX-A0J0:8:38880697:G	ADAM9	R256Q	R256
tcga_mc3	TCGA-AX-A0J0:8:54900682:C	TCEA1	R190Q	R190
tcga_mc3	TCGA-AX-A0J0:8:68334861:C	CPA6	E398K	E398
tcga_mc3	TCGA-AX-A1C4:3:178927980:T	PIK3CA	C420R	C420
tcga_mc3	TCGA-AX-A1C4:5:170817124:C	NPM1	S43Y	S43
tcga_mc3	TCGA-AX-A1C5:10:101163586:C	GOT1	A230T	A230
tcga_mc3	TCGA-AX-A1C5:10:89692922:T	PTEN	C136R	C136
tcga_mc3	TCGA-AX-A1C5:18:8378288:C	PTPRM	A1150V	A1150
tcga_mc3	TCGA-AX-A1C5:3:178921548:G	PIK3CA	V344M	V344
tcga_mc3	TCGA-AX-A1C5:3:178952084:C	PIK3CA	H1047Y	H1047
tcga_mc3	TCGA-AX-A1C5:3:41274906:A	CTNNB1	R386G	R386
tcga_mc3	TCGA-AX-A1C7:4:153249510:C	FBXW7	G423V	G423
tcga_mc3	TCGA-AX-A1C8:12:112926249:C	PTPN11	A465G	A465
tcga_mc3	TCGA-AX-A1C8:19:52715971:C	PPP2R1A	P179R	P179
tcga_mc3	TCGA-AX-A1C8:4:153249510:C	FBXW7	G423V	G423
tcga_mc3	TCGA-AX-A1C9:10:89711900:G	PTEN	R173H	R173
tcga_mc3	TCGA-AX-A1C9:14:65560514:T	MAX	H28R	H28
tcga_mc3	TCGA-AX-A1C9:17:37880220:T	ERBB2	L755S	L755
tcga_mc3	TCGA-AX-A1C9:17:37881332:G	ERBB2	V842I	V842
tcga_mc3	TCGA-AX-A1C9:17:7577538:C	TP53	R248Q	R248
tcga_mc3	TCGA-AX-A1C9:1:150705587:G	CTSS	R311W	R311
tcga_mc3	TCGA-AX-A1C9:1:23240025:C	EPHB2	R975W	R975
tcga_mc3	TCGA-AX-A1C9:2:208986497:C	CRYGD	R142Q	R142
tcga_mc3	TCGA-AX-A1C9:2:71058926:C	CD207	G248R	G248
tcga_mc3	TCGA-AX-A1C9:7:65706154:C	TPST1	R248W	R248
tcga_mc3	TCGA-AX-A1CA:17:7578403:C	TP53	C176Y	C176
tcga_mc3	TCGA-AX-A1CC:17:7577094:G	TP53	R282W	R282
tcga_mc3	TCGA-AX-A1CC:19:52716323:C	PPP2R1A	S256F	S256
tcga_mc3	TCGA-AX-A1CE:10:71010154:C	HKDC1	A560D	A560
tcga_mc3	TCGA-AX-A1CE:10:7409703:C	SFMBT2	R115H	R115
tcga_mc3	TCGA-AX-A1CE:10:89653808:G	PTEN	G36R	G36
tcga_mc3	TCGA-AX-A1CE:11:14316397:C	RRAS2	A70T	A70
tcga_mc3	TCGA-AX-A1CE:12:52374896:C	ACVR1B	R242W	R242
tcga_mc3	TCGA-AX-A1CE:13:21006285:G	CRYL1	R197C	R197
tcga_mc3	TCGA-AX-A1CE:14:20925378:C	APEX1	P223L	P223
tcga_mc3	TCGA-AX-A1CE:15:28511050:C	HERC2	A557T	A557
tcga_mc3	TCGA-AX-A1CE:15:43579496:C	TGM7	A283T	A283
tcga_mc3	TCGA-AX-A1CE:15:93522378:G	CHD2	R914H	R914
tcga_mc3	TCGA-AX-A1CE:16:46761255:C	MYLK3	D603Y	D603
tcga_mc3	TCGA-AX-A1CE:16:56500099:C	OGFOD1	R162C	R162
tcga_mc3	TCGA-AX-A1CE:16:68087518:G	DUS2	R75H	R75
tcga_mc3	TCGA-AX-A1CE:17:33319550:G	LIG3	A432T	A432
tcga_mc3	TCGA-AX-A1CE:17:3493210:T	SHPK	E312V	E312
tcga_mc3	TCGA-AX-A1CE:17:40257088:C	DHX58	C450Y	C450
tcga_mc3	TCGA-AX-A1CE:17:42286808:C	UBTF	R606H	R606
tcga_mc3	TCGA-AX-A1CE:17:47696461:C	SPOP	R121Q	R121
tcga_mc3	TCGA-AX-A1CE:18:47015860:G	RPL17	R126C	R126
tcga_mc3	TCGA-AX-A1CE:18:6947190:G	LAMA1	A2939D	A2939
tcga_mc3	TCGA-AX-A1CE:19:18313354:C	RAB3A	R66H	R66
tcga_mc3	TCGA-AX-A1CE:19:36046152:C	ATP4A	A748T	A748
tcga_mc3	TCGA-AX-A1CE:19:44980824:C	ZNF180	R625I	R625
tcga_mc3	TCGA-AX-A1CE:19:54080686:G	ZNF331	R291I	R291
tcga_mc3	TCGA-AX-A1CE:1:11080532:G	TARDBP	R197H	R197
tcga_mc3	TCGA-AX-A1CE:1:165386403:G	RXRG	T166M	T166
tcga_mc3	TCGA-AX-A1CE:1:9782325:A	PIK3CD	D753V	D753
tcga_mc3	TCGA-AX-A1CE:20:55948793:C	RAE1	A275V	A275
tcga_mc3	TCGA-AX-A1CE:2:128380907:G	MYO7B	S1233I	S1233
tcga_mc3	TCGA-AX-A1CE:2:157184969:C	NR4A2	R314H	R314
tcga_mc3	TCGA-AX-A1CE:2:242430520:C	FARP2	A850V	A850
tcga_mc3	TCGA-AX-A1CE:2:65488393:C	ACTR2	R250C	R250
tcga_mc3	TCGA-AX-A1CE:3:178916876:G	PIK3CA	R88Q	R88
tcga_mc3	TCGA-AX-A1CE:3:51969488:C	RRP9	G281R	G281
tcga_mc3	TCGA-AX-A1CE:4:185340688:G	IRF2	A41V	A41
tcga_mc3	TCGA-AX-A1CE:5:156649963:G	ITK	E196K	E196
tcga_mc3	TCGA-AX-A1CE:5:98223892:C	CHD1	R799H	R799
tcga_mc3	TCGA-AX-A1CE:6:24701689:A	ACOT13	Y90C	Y90
tcga_mc3	TCGA-AX-A1CE:6:27114324:T	HIST1H2BK	N85T	N85
tcga_mc3	TCGA-AX-A1CE:6:27806644:G	HIST1H2BN	D69N	D69
tcga_mc3	TCGA-AX-A1CE:6:33048494:G	HLA-DPB1	G49E	G49
tcga_mc3	TCGA-AX-A1CE:6:49403270:C	MUT	A675T	A675
tcga_mc3	TCGA-AX-A1CE:7:30671904:G	GARS	D649N	D649
tcga_mc3	TCGA-AX-A1CE:8:109001362:G	RSPO2	R69C	R69
tcga_mc3	TCGA-AX-A1CE:9:80043929:C	GNA14	R206Q	R206
tcga_mc3	TCGA-AX-A1CE:9:80932719:G	PSAT1	V290I	V290
tcga_mc3	TCGA-AX-A1CE:9:94493204:C	ROR2	V391I	V391
tcga_mc3	TCGA-AX-A1CI:14:105246551:C	AKT1	E17K	E17
tcga_mc3	TCGA-AX-A1CK:10:5435790:G	TUBAL3	S344L	S344
tcga_mc3	TCGA-AX-A1CN:3:178952085:A	PIK3CA	H1047R	H1047
tcga_mc3	TCGA-AX-A2H2:17:40705896:T	HSD17B1	F177C	F177
tcga_mc3	TCGA-AX-A2H2:4:153249510:C	FBXW7	G423V	G423
tcga_mc3	TCGA-AX-A2H2:8:61735084:G	CHD7	E994K	E994
tcga_mc3	TCGA-AX-A2H4:19:52715982:C	PPP2R1A	R183W	R183
tcga_mc3	TCGA-AX-A2H7:3:178952085:A	PIK3CA	H1047R	H1047
tcga_mc3	TCGA-AX-A2HA:12:25398282:C	KRAS	G13C	G13
tcga_mc3	TCGA-AX-A2HA:1:156288709:G	CCT3	R237C	R237
tcga_mc3	TCGA-AX-A2HA:3:160122291:A	SMC4	Q229P	Q229
tcga_mc3	TCGA-AX-A2HA:7:65706154:C	TPST1	R248W	R248
tcga_mc3	TCGA-AX-A2HA:9:101900329:C	TGFBR1	R255C	R255
tcga_mc3	TCGA-AX-A2HC:10:12811681:C	CAMK1D	L150I	L150
tcga_mc3	TCGA-AX-A2HC:11:114183101:G	NNMT	E233K	E233
tcga_mc3	TCGA-AX-A2HC:11:122931350:G	HSPA8	S121Y	S121
tcga_mc3	TCGA-AX-A2HC:11:125781373:C	DDX25	R264C	R264
tcga_mc3	TCGA-AX-A2HC:11:17522690:G	USH1C	S463Y	S463
tcga_mc3	TCGA-AX-A2HC:11:3380494:C	ZNF195	E582K	E582
tcga_mc3	TCGA-AX-A2HC:11:763825:G	TALDO1	R239H	R239
tcga_mc3	TCGA-AX-A2HC:12:7984225:C	SLC2A14	G106R	G106
tcga_mc3	TCGA-AX-A2HC:14:32619182:G	ARHGAP5	D1340Y	D1340
tcga_mc3	TCGA-AX-A2HC:14:96998682:G	PAPOLA	D208N	D208
tcga_mc3	TCGA-AX-A2HC:15:43579496:C	TGM7	A283T	A283
tcga_mc3	TCGA-AX-A2HC:15:66845510:C	LCTL	D337N	D337
tcga_mc3	TCGA-AX-A2HC:16:1370214:C	UBE2I	P88H	P88
tcga_mc3	TCGA-AX-A2HC:16:68087518:G	DUS2	R75H	R75
tcga_mc3	TCGA-AX-A2HC:17:33318736:C	LIG3	S363Y	S363
tcga_mc3	TCGA-AX-A2HC:17:40256926:G	DHX58	A474V	A474
tcga_mc3	TCGA-AX-A2HC:17:9395196:C	STX8	R164H	R164
tcga_mc3	TCGA-AX-A2HC:18:18547873:T	ROCK1	N1011I	N1011
tcga_mc3	TCGA-AX-A2HC:18:18629794:C	ROCK1	D75Y	D75
tcga_mc3	TCGA-AX-A2HC:18:32822582:C	ZNF397	R50C	R50
tcga_mc3	TCGA-AX-A2HC:19:58437558:C	ZNF418	R664Q	R664
tcga_mc3	TCGA-AX-A2HC:1:16264407:C	SPEN	S3537Y	S3537
tcga_mc3	TCGA-AX-A2HC:1:207498083:G	CD55	E156K	E156
tcga_mc3	TCGA-AX-A2HC:1:26737993:C	LIN28A	R50C	R50
tcga_mc3	TCGA-AX-A2HC:21:34877982:G	GART	R871C	R871
tcga_mc3	TCGA-AX-A2HC:2:127950707:C	CYP27C1	R322I	R322
tcga_mc3	TCGA-AX-A2HC:2:202131412:G	CASP8	R68Q	R68
tcga_mc3	TCGA-AX-A2HC:3:178916876:G	PIK3CA	R88Q	R88
tcga_mc3	TCGA-AX-A2HC:3:179525600:C	PEX5L	R513H	R513
tcga_mc3	TCGA-AX-A2HC:3:46490365:C	LTF	A401T	A401
tcga_mc3	TCGA-AX-A2HC:4:24557882:C	DHX15	D285Y	D285
tcga_mc3	TCGA-AX-A2HC:4:265585:C	ZNF732	R354I	R354
tcga_mc3	TCGA-AX-A2HC:4:74283943:C	ALB	P523T	P523
tcga_mc3	TCGA-AX-A2HC:5:176860383:G	GRK6	R190Q	R190
tcga_mc3	TCGA-AX-A2HC:5:68470930:A	CCNB1	K311T	K311
tcga_mc3	TCGA-AX-A2HC:5:80021292:G	MSH3	R454Q	R454
tcga_mc3	TCGA-AX-A2HC:6:4952630:C	CDYL	S542L	S542
tcga_mc3	TCGA-AX-A2HC:7:115897429:G	TES	E387K	E387
tcga_mc3	TCGA-AX-A2HC:8:54900682:C	TCEA1	R190Q	R190
tcga_mc3	TCGA-AX-A2HC:9:127912079:C	PPP6C	R264H	R264
tcga_mc3	TCGA-AX-A2HC:9:94493267:C	ROR2	G370C	G370
tcga_mc3	TCGA-AX-A2HD:10:101636972:G	DNMBP	A1557D	A1557
tcga_mc3	TCGA-AX-A2HD:10:94230061:G	IDE	L720M	L720
tcga_mc3	TCGA-AX-A2HD:11:110143338:C	RDX	V7I	V7
tcga_mc3	TCGA-AX-A2HD:11:122930897:A	HSPA8	I164N	I164
tcga_mc3	TCGA-AX-A2HD:11:33881009:C	LMO2	A124T	A124
tcga_mc3	TCGA-AX-A2HD:11:64419615:C	NRXN2	E810K	E810
tcga_mc3	TCGA-AX-A2HD:11:6458784:G	HPX	R197S	R197
tcga_mc3	TCGA-AX-A2HD:12:59271617:G	LRIG3	R701W	R701
tcga_mc3	TCGA-AX-A2HD:13:24871640:G	SPATA13	R492H	R492
tcga_mc3	TCGA-AX-A2HD:15:75641646:G	NEIL1	G134R	G134
tcga_mc3	TCGA-AX-A2HD:16:30723701:T	SRCAP	M645T	M645
tcga_mc3	TCGA-AX-A2HD:17:40269446:G	KAT2A	R533C	R533
tcga_mc3	TCGA-AX-A2HD:19:46002418:T	PPM1N	S230P	S230
tcga_mc3	TCGA-AX-A2HD:1:10355210:G	KIF1B	D553Y	D553
tcga_mc3	TCGA-AX-A2HD:1:12726571:G	AADACL4	R350H	R350
tcga_mc3	TCGA-AX-A2HD:1:226109742:C	PYCR2	R119H	R119
tcga_mc3	TCGA-AX-A2HD:1:55224251:C	PARS2	R195H	R195
tcga_mc3	TCGA-AX-A2HD:20:32267640:G	E2F1	R165W	R165
tcga_mc3	TCGA-AX-A2HD:21:47570337:G	FTCD	H247Y	H247
tcga_mc3	TCGA-AX-A2HD:22:24313759:G	DDT	T113M	T113
tcga_mc3	TCGA-AX-A2HD:2:202141586:C	CASP8	R233W	R233
tcga_mc3	TCGA-AX-A2HD:3:41274899:G	CTNNB1	W383C	W383
tcga_mc3	TCGA-AX-A2HD:5:121188335:C	FTMT	A226V	A226
tcga_mc3	TCGA-AX-A2HD:5:149630291:C	CAMK2A	R259H	R259
tcga_mc3	TCGA-AX-A2HD:5:158223459:C	EBF1	S268I	S268
tcga_mc3	TCGA-AX-A2HD:5:98223892:C	CHD1	R799H	R799
tcga_mc3	TCGA-AX-A2HD:6:155632437:G	TFB1M	A57D	A57
tcga_mc3	TCGA-AX-A2HD:6:30682822:T	MDC1	E44A	E44
tcga_mc3	TCGA-AX-A2HD:7:121766465:G	AASS	R146W	R146
tcga_mc3	TCGA-AX-A2HD:7:150554886:C	AOC1	A443V	A443
tcga_mc3	TCGA-AX-A2HD:9:71861637:C	TJP2	S866R	S866
tcga_mc3	TCGA-AX-A2HG:11:534285:C	HRAS	G13D	G13
tcga_mc3	TCGA-AX-A2HG:11:67833918:C	CHKA	E332K	E332
tcga_mc3	TCGA-AX-A2HG:2:109400323:G	RANBP2	R3214Q	R3214
tcga_mc3	TCGA-AX-A2HG:3:178936082:G	PIK3CA	E542K	E542
tcga_mc3	TCGA-AX-A2HG:7:100404128:C	EPHB4	A800T	A800
tcga_mc3	TCGA-AX-A2HG:7:150554841:G	AOC1	R428Q	R428
tcga_mc3	TCGA-AX-A2HH:17:47699369:C	SPOP	E47K	E47
tcga_mc3	TCGA-AX-A2HH:3:178952085:A	PIK3CA	H1047R	H1047
tcga_mc3	TCGA-AX-A2HJ:10:32326291:C	KIF5B	S201N	S201
tcga_mc3	TCGA-AX-A2HJ:12:112926248:G	PTPN11	A465T	A465
tcga_mc3	TCGA-AX-A2HJ:19:863143:A	CFD	T223A	T223
tcga_mc3	TCGA-AX-A2HJ:1:110171739:A	AMPD2	Y581C	Y581
tcga_mc3	TCGA-AX-A2HJ:3:178936092:A	PIK3CA	E545A	E545
tcga_mc3	TCGA-AX-A2HJ:7:100773903:T	SERPINE1	I158T	I158
tcga_mc3	TCGA-AX-A2HJ:9:93979583:T	AUH	K290N	K290
tcga_mc3	TCGA-AX-A2IN:12:21788588:G	LDHB	A298V	A298
tcga_mc3	TCGA-AX-A2IN:15:28511044:C	HERC2	G559R	G559
tcga_mc3	TCGA-AX-A2IN:3:178916725:C	PIK3CA	R38C	R38
tcga_mc3	TCGA-AX-A2IN:3:178921552:A	PIK3CA	N345T	N345
tcga_mc3	TCGA-AX-A2IO:3:178936082:G	PIK3CA	E542K	E542
tcga_mc3	TCGA-AX-A3FS:10:82034291:G	MAT1A	P357L	P357
tcga_mc3	TCGA-AX-A3FS:10:89692899:A	PTEN	K128M	K128
tcga_mc3	TCGA-AX-A3FS:8:142441034:C	PTP4A3	R138C	R138
tcga_mc3	TCGA-AX-A3FT:17:37881332:G	ERBB2	V842I	V842
tcga_mc3	TCGA-AX-A3FT:2:105716152:G	MRPS9	R375H	R375
tcga_mc3	TCGA-AX-A3FT:9:4713089:C	AK3	G191R	G191
tcga_mc3	TCGA-AX-A3FW:17:7578508:C	TP53	C141Y	C141
tcga_mc3	TCGA-AX-A3FX:3:178936095:A	PIK3CA	Q546P	Q546
tcga_mc3	TCGA-AX-A3FZ:10:89692904:C	PTEN	R130G	R130
tcga_mc3	TCGA-AX-A3FZ:1:27939520:G	FGR	P499S	P499
tcga_mc3	TCGA-AX-A3G1:19:52715971:C	PPP2R1A	P179R	P179
tcga_mc3	TCGA-AX-A3G4:17:7578403:C	TP53	C176Y	C176
tcga_mc3	TCGA-AX-A3G4:3:178936093:G	PIK3CA	E545D	E545
tcga_mc3	TCGA-AX-A3G6:3:182810273:C	MCCC1	R66H	R66
tcga_mc3	TCGA-AX-A3G7:10:89692890:A	PTEN	K125T	K125
tcga_mc3	TCGA-AX-A3G7:17:7577539:G	TP53	R248W	R248
tcga_mc3	TCGA-AX-A3G7:3:178936095:A	PIK3CA	Q546P	Q546
tcga_mc3	TCGA-AX-A3G8:10:89692911:G	PTEN	G132D	G132
tcga_mc3	TCGA-AX-A3G8:14:24614638:G	PSME2	R61W	R61
tcga_mc3	TCGA-AX-A3G8:6:32905079:C	HLA-DMB	K164N	K164
tcga_mc3	TCGA-AX-A3G9:10:89692904:C	PTEN	R130G	R130
tcga_mc3	TCGA-AX-A3GB:12:25398284:C	KRAS	G12D	G12
tcga_mc3	TCGA-AX-A3GI:19:52715971:C	PPP2R1A	P179R	P179
tcga_mc3	TCGA-B5-A0JN:17:7577536:T	TP53	R249W	R249
tcga_mc3	TCGA-B5-A0JN:2:98263847:C	COX5B	T73I	T73
tcga_mc3	TCGA-B5-A0JS:10:89692896:G	PTEN	G127V	G127
tcga_mc3	TCGA-B5-A0JS:3:178952085:A	PIK3CA	H1047R	H1047
tcga_mc3	TCGA-B5-A0JT:10:63829471:C	ARID5B	R372C	R372
tcga_mc3	TCGA-B5-A0JT:3:178952085:A	PIK3CA	H1047R	H1047
tcga_mc3	TCGA-B5-A0JU:17:80037288:G	FASN	A2448V	A2448
tcga_mc3	TCGA-B5-A0JU:3:178936092:A	PIK3CA	E545A	E545
tcga_mc3	TCGA-B5-A0JY:10:43882423:C	HNRNPF	D304N	D304
tcga_mc3	TCGA-B5-A0JY:10:89692898:A	PTEN	K128Q	K128
tcga_mc3	TCGA-B5-A0JY:11:11373834:C	CSNK2A3	R278Q	R278
tcga_mc3	TCGA-B5-A0JY:11:113802114:G	HTR3B	E74D	E74
tcga_mc3	TCGA-B5-A0JY:11:114183101:G	NNMT	E233K	E233
tcga_mc3	TCGA-B5-A0JY:12:107393424:G	CRY1	R348C	R348
tcga_mc3	TCGA-B5-A0JY:12:58180838:G	TSFM	D126Y	D126
tcga_mc3	TCGA-B5-A0JY:13:27649407:G	USP12	R285C	R285
tcga_mc3	TCGA-B5-A0JY:14:35468834:A	SRP54	K50T	K50
tcga_mc3	TCGA-B5-A0JY:15:58430854:C	AQP9	F30L	F30
tcga_mc3	TCGA-B5-A0JY:15:66855937:C	LCTL	E133K	E133
tcga_mc3	TCGA-B5-A0JY:15:78458574:G	IDH3A	R316H	R316
tcga_mc3	TCGA-B5-A0JY:16:3367520:G	ZNF75A	R181I	R181
tcga_mc3	TCGA-B5-A0JY:16:69745102:C	NQO1	R201Q	R201
tcga_mc3	TCGA-B5-A0JY:16:69973017:G	WWP2	E811K	E811
tcga_mc3	TCGA-B5-A0JY:17:47699368:T	SPOP	E47A	E47
tcga_mc3	TCGA-B5-A0JY:18:44595969:C	KATNAL2	R336W	R336
tcga_mc3	TCGA-B5-A0JY:18:55238743:C	FECH	R115Q	R115
tcga_mc3	TCGA-B5-A0JY:18:63477219:G	CDH7	E164K	E164
tcga_mc3	TCGA-B5-A0JY:18:72247400:G	CNDP1	R401I	R401
tcga_mc3	TCGA-B5-A0JY:19:36045841:C	ATP4A	E822K	E822
tcga_mc3	TCGA-B5-A0JY:19:43708205:C	PSG4	R88I	R88
tcga_mc3	TCGA-B5-A0JY:19:44980824:C	ZNF180	R625I	R625
tcga_mc3	TCGA-B5-A0JY:1:151688415:C	CELF3	E28K	E28
tcga_mc3	TCGA-B5-A0JY:1:18962743:C	PAX7	S155L	S155
tcga_mc3	TCGA-B5-A0JY:1:21188764:G	EIF4G3	S967Y	S967
tcga_mc3	TCGA-B5-A0JY:1:41457481:G	CTPS1	E228D	E228
tcga_mc3	TCGA-B5-A0JY:1:92518203:G	EPHX4	R282Q	R282
tcga_mc3	TCGA-B5-A0JY:20:57484414:C	GNAS	R199C	R199
tcga_mc3	TCGA-B5-A0JY:21:44185540:T	PDE9A	I431S	I431
tcga_mc3	TCGA-B5-A0JY:22:30862365:T	SEC14L3	E179G	E179
tcga_mc3	TCGA-B5-A0JY:22:31534698:C	PLA2G3	R201Q	R201
tcga_mc3	TCGA-B5-A0JY:22:41533773:G	EP300	R580Q	R580
tcga_mc3	TCGA-B5-A0JY:2:180835797:C	CWC22	E271K	E271
tcga_mc3	TCGA-B5-A0JY:2:220022258:C	NHEJ1	R109Q	R109
tcga_mc3	TCGA-B5-A0JY:2:64084990:C	UGP2	R59W	R59
tcga_mc3	TCGA-B5-A0JY:3:46490365:C	LTF	A401T	A401
tcga_mc3	TCGA-B5-A0JY:3:69113243:C	UBA3	D150Y	D150
tcga_mc3	TCGA-B5-A0JY:4:122723938:G	EXOSC9	E91K	E91
tcga_mc3	TCGA-B5-A0JY:4:48230575:C	TEC	K19N	K19
tcga_mc3	TCGA-B5-A0JY:4:83987668:G	COPS4	E322K	E322
tcga_mc3	TCGA-B5-A0JY:5:161318045:G	GABRA1	R282I	R282
tcga_mc3	TCGA-B5-A0JY:7:117227878:C	CFTR	S557Y	S557
tcga_mc3	TCGA-B5-A0JY:7:98645408:C	SMURF1	D377Y	D377
tcga_mc3	TCGA-B5-A0JY:8:59750747:G	TOX	R273C	R273
tcga_mc3	TCGA-B5-A0JY:9:115805169:C	ZFP37	E577K	E577
tcga_mc3	TCGA-B5-A0K8:19:52715971:C	PPP2R1A	P179R	P179
tcga_mc3	TCGA-B5-A0K9:1:46871087:C	FAAH	P163Q	P163
tcga_mc3	TCGA-B5-A0K9:5:16694613:C	MYO10	G1223R	G1223
tcga_mc3	TCGA-B5-A11E:10:5242198:C	AKR1C4	R47C	R47
tcga_mc3	TCGA-B5-A11E:10:99190719:G	PGAM1	R141M	R141
tcga_mc3	TCGA-B5-A11E:11:114183101:G	NNMT	E233K	E233
tcga_mc3	TCGA-B5-A11E:11:2182065:C	INS-IGF2	R46Q	R46
tcga_mc3	TCGA-B5-A11E:11:3380494:C	ZNF195	E582K	E582
tcga_mc3	TCGA-B5-A11E:11:67048957:G	ADRBK1	K225N	K225
tcga_mc3	TCGA-B5-A11E:11:89914816:C	NAALAD2	F629L	F629
tcga_mc3	TCGA-B5-A11E:12:112926254:A	PTPN11	I467L	I467
tcga_mc3	TCGA-B5-A11E:12:25398284:C	KRAS	G12D	G12
tcga_mc3	TCGA-B5-A11E:12:58180024:G	TSFM	E104K	E104
tcga_mc3	TCGA-B5-A11E:12:93788401:G	NUDT4	S39I	S39
tcga_mc3	TCGA-B5-A11E:12:93788406:C	NUDT4	R41W	R41
tcga_mc3	TCGA-B5-A11E:13:103338505:T	METTL21C	K224T	K224
tcga_mc3	TCGA-B5-A11E:13:114287535:G	TFDP1	E137K	E137
tcga_mc3	TCGA-B5-A11E:13:33679773:G	STARD13	S1100Y	S1100
tcga_mc3	TCGA-B5-A11E:14:65544747:C	MAX	R60Q	R60
tcga_mc3	TCGA-B5-A11E:14:80164138:G	NRXN3	R1261Q	R1261
tcga_mc3	TCGA-B5-A11E:15:30926531:G	ARHGAP11B	K152N	K152
tcga_mc3	TCGA-B5-A11E:15:80762590:C	ARNT2	R76W	R76
tcga_mc3	TCGA-B5-A11E:16:28895931:G	ATP2A1	A167T	A167
tcga_mc3	TCGA-B5-A11E:18:47806314:G	MBD1	R17C	R17
tcga_mc3	TCGA-B5-A11E:19:10812883:A	QTRT1	E135G	E135
tcga_mc3	TCGA-B5-A11E:19:12791009:C	DHPS	R113H	R113
tcga_mc3	TCGA-B5-A11E:19:41522580:G	CYP2B6	A442T	A442
tcga_mc3	TCGA-B5-A11E:19:44160690:C	PLAUR	R138H	R138
tcga_mc3	TCGA-B5-A11E:19:44980824:C	ZNF180	R625I	R625
tcga_mc3	TCGA-B5-A11E:19:46457193:G	NOVA2	R81W	R81
tcga_mc3	TCGA-B5-A11E:19:56935562:G	ZNF583	R512I	R512
tcga_mc3	TCGA-B5-A11E:1:160340807:G	NHLH1	A96T	A96
tcga_mc3	TCGA-B5-A11E:1:200573037:C	KIF14	R598Q	R598
tcga_mc3	TCGA-B5-A11E:1:208212233:G	PLXNA2	L1533I	L1533
tcga_mc3	TCGA-B5-A11E:1:41457481:G	CTPS1	E228D	E228
tcga_mc3	TCGA-B5-A11E:1:53699276:C	MAGOH	D66N	D66
tcga_mc3	TCGA-B5-A11E:21:34889717:G	GART	S634Y	S634
tcga_mc3	TCGA-B5-A11E:22:25119195:C	PIWIL3	K762N	K762
tcga_mc3	TCGA-B5-A11E:3:158384464:G	LXN	R214C	R214
tcga_mc3	TCGA-B5-A11E:3:186257302:G	CRYGS	R36C	R36
tcga_mc3	TCGA-B5-A11E:3:37388731:G	GOLGA4	E2174K	E2174
tcga_mc3	TCGA-B5-A11E:5:251560:G	SDHA	A591T	A591
tcga_mc3	TCGA-B5-A11E:5:889242:T	BRD9	D167G	D167
tcga_mc3	TCGA-B5-A11E:6:6225075:C	F13A1	E273K	E273
tcga_mc3	TCGA-B5-A11E:6:63990359:C	LGSN	R366Q	R366
tcga_mc3	TCGA-B5-A11E:7:151962159:C	KMT2C	W383L	W383
tcga_mc3	TCGA-B5-A11E:7:57188172:C	ZNF479	R317I	R317
tcga_mc3	TCGA-B5-A11E:8:63976777:T	TTPA	K217N	K217
tcga_mc3	TCGA-B5-A11E:8:95416359:C	RAD54B	R297Q	R297
tcga_mc3	TCGA-B5-A11F:3:178952074:G	PIK3CA	M1043I	M1043
tcga_mc3	TCGA-B5-A11F:4:164393389:G	TKTL2	R500C	R500
tcga_mc3	TCGA-B5-A11G:17:37879658:G	ERBB2	R678Q	R678
tcga_mc3	TCGA-B5-A11G:8:22582467:A	PEBP4	Y136H	Y136
tcga_mc3	TCGA-B5-A11H:19:49120016:A	RPL18	D88E	D88
tcga_mc3	TCGA-B5-A11H:1:224437993:G	NVL	P737L	P737
tcga_mc3	TCGA-B5-A11H:1:40747033:A	ZMPSTE24	H263R	H263
tcga_mc3	TCGA-B5-A11H:4:68699019:G	TMPRSS11D	P199S	P199
tcga_mc3	TCGA-B5-A11H:5:156608074:G	ITK	R29H	R29
tcga_mc3	TCGA-B5-A11H:7:44281858:G	CAMK2B	R260C	R260
tcga_mc3	TCGA-B5-A11H:8:131165047:G	ASAP1	R339W	R339
tcga_mc3	TCGA-B5-A11I:3:178916891:G	PIK3CA	R93Q	R93
tcga_mc3	TCGA-B5-A11I:9:95050494:T	IARS	I64V	I64
tcga_mc3	TCGA-B5-A11J:14:67647550:A	GPHN	M703V	M703
tcga_mc3	TCGA-B5-A11J:17:7577551:C	TP53	G244S	G244
tcga_mc3	TCGA-B5-A11J:1:8022901:C	PARK7	T19M	T19
tcga_mc3	TCGA-B5-A11L:12:25398284:C	KRAS	G12D	G12
tcga_mc3	TCGA-B5-A11L:14:95557639:C	DICER1	D1810N	D1810
tcga_mc3	TCGA-B5-A11M:10:89711875:G	PTEN	G165R	G165
tcga_mc3	TCGA-B5-A11M:12:25398284:C	KRAS	G12D	G12
tcga_mc3	TCGA-B5-A11M:3:178952090:G	PIK3CA	G1049R	G1049
tcga_mc3	TCGA-B5-A11N:10:89711899:C	PTEN	R173C	R173
tcga_mc3	TCGA-B5-A11N:10:89720870:T	PTEN	F341V	F341
tcga_mc3	TCGA-B5-A11N:12:16510603:G	MGST1	R64Q	R64
tcga_mc3	TCGA-B5-A11N:14:80164138:G	NRXN3	R1261Q	R1261
tcga_mc3	TCGA-B5-A11N:22:30061039:C	NF2	R291C	R291
tcga_mc3	TCGA-B5-A11N:5:149276035:C	PDE6A	E502K	E502
tcga_mc3	TCGA-B5-A11N:7:45931541:G	IGFBP1	R177Q	R177
tcga_mc3	TCGA-B5-A11N:8:124346560:G	ATAD2	R1072C	R1072
tcga_mc3	TCGA-B5-A11N:8:38880697:G	ADAM9	R256Q	R256
tcga_mc3	TCGA-B5-A11O:11:57099206:G	SSRP1	R387G	R387
tcga_mc3	TCGA-B5-A11O:12:25398285:C	KRAS	G12S	G12
tcga_mc3	TCGA-B5-A11O:14:65560514:T	MAX	H28R	H28
tcga_mc3	TCGA-B5-A11O:3:178936094:C	PIK3CA	Q546K	Q546
tcga_mc3	TCGA-B5-A11P:10:89692904:C	PTEN	R130G	R130
tcga_mc3	TCGA-B5-A11R:2:97527357:G	SEMA4C	S544L	S544
tcga_mc3	TCGA-B5-A11R:3:138426123:C	PIK3CB	E470K	E470
tcga_mc3	TCGA-B5-A11R:3:178916728:G	PIK3CA	E39K	E39
tcga_mc3	TCGA-B5-A11R:3:178952077:T	PIK3CA	N1044K	N1044
tcga_mc3	TCGA-B5-A11S:3:178952072:A	PIK3CA	M1043V	M1043
tcga_mc3	TCGA-B5-A11U:12:21790088:C	LDHB	A252T	A252
tcga_mc3	TCGA-B5-A11U:6:26158679:G	HIST1H2BD	E94D	E94
tcga_mc3	TCGA-B5-A11V:10:89692905:G	PTEN	R130L	R130
tcga_mc3	TCGA-B5-A11V:10:89711875:G	PTEN	G165R	G165
tcga_mc3	TCGA-B5-A11W:12:25398284:C	KRAS	G12V	G12
tcga_mc3	TCGA-B5-A11X:3:178916728:G	PIK3CA	E39K	E39
tcga_mc3	TCGA-B5-A11Y:17:47696430:C	SPOP	W131C	W131
tcga_mc3	TCGA-B5-A11Y:2:27465263:C	CAD	R2064C	R2064
tcga_mc3	TCGA-B5-A11Y:3:178916891:G	PIK3CA	R93Q	R93
tcga_mc3	TCGA-B5-A11Y:3:178921548:G	PIK3CA	V344M	V344
tcga_mc3	TCGA-B5-A11Z:10:89692904:C	PTEN	R130G	R130
tcga_mc3	TCGA-B5-A1MR:10:131943533:G	GLRX3	E51K	E51
tcga_mc3	TCGA-B5-A1MR:10:70673159:G	DDX50	R257Q	R257
tcga_mc3	TCGA-B5-A1MR:12:4398028:C	CCND2	P198S	P198
tcga_mc3	TCGA-B5-A1MR:14:45590739:A	FKBP3	Y135H	Y135
tcga_mc3	TCGA-B5-A1MR:14:60749792:G	PPM1A	R124I	R124
tcga_mc3	TCGA-B5-A1MR:17:21094390:G	DHRS7B	R301Q	R301
tcga_mc3	TCGA-B5-A1MR:18:77227454:C	NFATC1	S655Y	S655
tcga_mc3	TCGA-B5-A1MR:19:41522580:G	CYP2B6	A442T	A442
tcga_mc3	TCGA-B5-A1MR:19:54783290:G	LILRB2	R190C	R190
tcga_mc3	TCGA-B5-A1MR:1:18962743:C	PAX7	S155L	S155
tcga_mc3	TCGA-B5-A1MR:1:235875425:G	LYST	S3286Y	S3286
tcga_mc3	TCGA-B5-A1MR:1:92518203:G	EPHX4	R282Q	R282
tcga_mc3	TCGA-B5-A1MR:20:2776756:C	CPXM1	D432N	D432
tcga_mc3	TCGA-B5-A1MR:22:25119195:C	PIWIL3	K762N	K762
tcga_mc3	TCGA-B5-A1MR:2:141128375:G	LRP1B	R3638W	R3638
tcga_mc3	TCGA-B5-A1MR:2:97527357:G	SEMA4C	S544L	S544
tcga_mc3	TCGA-B5-A1MR:3:25833325:G	OXSM	D272Y	D272
tcga_mc3	TCGA-B5-A1MR:3:81548268:G	GBE1	S682Y	S682
tcga_mc3	TCGA-B5-A1MR:4:15842113:C	CD38	S264L	S264
tcga_mc3	TCGA-B5-A1MR:4:159642497:C	PPID	R75Q	R75
tcga_mc3	TCGA-B5-A1MR:5:161318045:G	GABRA1	R282I	R282
tcga_mc3	TCGA-B5-A1MR:5:72185728:C	TNPO1	L549I	L549
tcga_mc3	TCGA-B5-A1MR:8:124361682:G	ATAD2	S550Y	S550
tcga_mc3	TCGA-B5-A1MR:8:38880697:G	ADAM9	R256Q	R256
tcga_mc3	TCGA-B5-A1MR:9:2104068:C	SMARCA2	A1064V	A1064
tcga_mc3	TCGA-B5-A1MR:9:6814685:G	KDM4C	K125N	K125
tcga_mc3	TCGA-B5-A1MW:1:1254785:T	CPSF3L	Y107C	Y107
tcga_mc3	TCGA-B5-A1MW:3:178952085:A	PIK3CA	H1047R	H1047
tcga_mc3	TCGA-B5-A1MX:12:57563003:C	LRP1	R1026C	R1026
tcga_mc3	TCGA-B5-A1MX:14:55369098:G	GCH1	P95L	P95
tcga_mc3	TCGA-B5-A1MX:19:39421141:C	SARS2	G79E	G79
tcga_mc3	TCGA-B5-A1MX:1:214507596:G	SMYD2	G389E	G389
tcga_mc3	TCGA-B5-A1MX:1:46874828:G	FAAH	G378D	G378
tcga_mc3	TCGA-B5-A1MX:22:37628880:C	RAC2	E62D	E62
tcga_mc3	TCGA-B5-A1MX:3:113505230:C	ATP6V1A	P239L	P239
tcga_mc3	TCGA-B5-A1MX:6:24528316:C	ALDH5A1	P422H	P422
tcga_mc3	TCGA-B5-A1MX:8:27362494:C	EPHX2	T123I	T123
tcga_mc3	TCGA-B5-A1MX:9:97346894:C	FBP2	A131T	A131
tcga_mc3	TCGA-B5-A1MZ:3:178936082:G	PIK3CA	E542K	E542
tcga_mc3	TCGA-B5-A1MZ:4:153247367:G	FBXW7	R479G	R479
tcga_mc3	TCGA-B5-A1N2:3:178936091:G	PIK3CA	E545K	E545
tcga_mc3	TCGA-B5-A3F9:12:25398284:C	KRAS	G12D	G12
tcga_mc3	TCGA-B5-A3FA:10:89692905:G	PTEN	R130Q	R130
tcga_mc3	TCGA-B5-A3FA:11:119145620:G	CBL	E276K	E276
tcga_mc3	TCGA-B5-A3FA:11:28119446:G	KIF18A	R17C	R17
tcga_mc3	TCGA-B5-A3FA:12:122702832:G	DIABLO	A99D	A99
tcga_mc3	TCGA-B5-A3FA:14:50085644:G	RPL36AL	A60V	A60
tcga_mc3	TCGA-B5-A3FA:15:75013576:C	CYP1A1	R377Q	R377
tcga_mc3	TCGA-B5-A3FA:16:46761255:C	MYLK3	D603Y	D603
tcga_mc3	TCGA-B5-A3FA:18:48591900:G	SMAD4	D355N	D355
tcga_mc3	TCGA-B5-A3FA:18:8378288:C	PTPRM	A1150V	A1150
tcga_mc3	TCGA-B5-A3FA:19:48387019:G	SULT2A1	L54I	L54
tcga_mc3	TCGA-B5-A3FA:1:208212233:G	PLXNA2	L1533I	L1533
tcga_mc3	TCGA-B5-A3FA:1:228879053:C	RHOU	P115S	P115
tcga_mc3	TCGA-B5-A3FA:1:55224245:C	PARS2	G197D	G197
tcga_mc3	TCGA-B5-A3FA:21:34892677:G	GART	L566I	L566
tcga_mc3	TCGA-B5-A3FA:2:224849557:A	SERPINE2	S266P	S266
tcga_mc3	TCGA-B5-A3FA:2:44553973:G	PREPL	L542F	L542
tcga_mc3	TCGA-B5-A3FA:3:128182019:G	DNAJB8	R24C	R24
tcga_mc3	TCGA-B5-A3FA:3:178916876:G	PIK3CA	R88Q	R88
tcga_mc3	TCGA-B5-A3FA:5:156649963:G	ITK	E196K	E196
tcga_mc3	TCGA-B5-A3FA:6:116264282:C	FRK	E403K	E403
tcga_mc3	TCGA-B5-A3FA:6:31779382:G	HSPA1L	S123L	S123
tcga_mc3	TCGA-B5-A3FA:6:33173041:G	HSD17B8	G105D	G105
tcga_mc3	TCGA-B5-A3FA:9:100451832:T	XPA	T125A	T125
tcga_mc3	TCGA-B5-A3FA:9:131345060:C	SPTAN1	R580C	R580
tcga_mc3	TCGA-B5-A3FA:9:93624558:C	SYK	R217C	R217
tcga_mc3	TCGA-B5-A3FB:3:178916876:G	PIK3CA	R88Q	R88
tcga_mc3	TCGA-B5-A3FC:10:25313206:G	THNSL1	D352Y	D352
tcga_mc3	TCGA-B5-A3FC:10:26800778:C	APBB1IP	H212N	H212
tcga_mc3	TCGA-B5-A3FC:10:26802584:C	APBB1IP	P270S	P270
tcga_mc3	TCGA-B5-A3FC:10:71010153:G	HKDC1	A560T	A560
tcga_mc3	TCGA-B5-A3FC:10:7409703:C	SFMBT2	R115H	R115
tcga_mc3	TCGA-B5-A3FC:11:104817914:C	CASP4	V311M	V311
tcga_mc3	TCGA-B5-A3FC:11:17793587:G	KCNC1	V316M	V316
tcga_mc3	TCGA-B5-A3FC:12:15095548:A	ARHGDIB	Y172H	Y172
tcga_mc3	TCGA-B5-A3FC:12:59271617:G	LRIG3	R701W	R701
tcga_mc3	TCGA-B5-A3FC:12:6442289:C	TNFRSF1A	C166S	C166
tcga_mc3	TCGA-B5-A3FC:14:75928159:C	JDP2	R78C	R78
tcga_mc3	TCGA-B5-A3FC:14:96998682:G	PAPOLA	D208N	D208
tcga_mc3	TCGA-B5-A3FC:15:28370225:A	HERC2	V4306A	V4306
tcga_mc3	TCGA-B5-A3FC:15:43579496:C	TGM7	A283T	A283
tcga_mc3	TCGA-B5-A3FC:15:83561462:C	HOMER2	R46Q	R46
tcga_mc3	TCGA-B5-A3FC:15:83561496:A	HOMER2	S35P	S35
tcga_mc3	TCGA-B5-A3FC:16:2258298:C	MLST8	R221C	R221
tcga_mc3	TCGA-B5-A3FC:17:39920993:C	JUP	R377H	R377
tcga_mc3	TCGA-B5-A3FC:18:43667197:G	ATP5A1	A318D	A318
tcga_mc3	TCGA-B5-A3FC:19:18313354:C	RAB3A	R66H	R66
tcga_mc3	TCGA-B5-A3FC:19:36046152:C	ATP4A	A748T	A748
tcga_mc3	TCGA-B5-A3FC:19:51021925:G	LRRC4B	R349C	R349
tcga_mc3	TCGA-B5-A3FC:1:110148698:C	GNAT2	R205K	R205
tcga_mc3	TCGA-B5-A3FC:1:110171335:C	AMPD2	S547L	S547
tcga_mc3	TCGA-B5-A3FC:1:112303147:G	DDX20	R206H	R206
tcga_mc3	TCGA-B5-A3FC:1:19632546:G	AKR7A2	A295D	A295
tcga_mc3	TCGA-B5-A3FC:1:220253161:G	BPNT1	R10W	R10
tcga_mc3	TCGA-B5-A3FC:1:28931970:G	TAF12	R122C	R122
tcga_mc3	TCGA-B5-A3FC:1:8022901:C	PARK7	T19M	T19
tcga_mc3	TCGA-B5-A3FC:20:2308868:G	TGM3	R397H	R397
tcga_mc3	TCGA-B5-A3FC:21:40194668:G	ETS2	R422H	R422
tcga_mc3	TCGA-B5-A3FC:21:42647328:C	BACE2	S445F	S445
tcga_mc3	TCGA-B5-A3FC:22:39627800:C	PDGFB	A95T	A95
tcga_mc3	TCGA-B5-A3FC:2:200804837:C	TYW5	R108Q	R108
tcga_mc3	TCGA-B5-A3FC:2:220080885:G	ABCB6	R330C	R330
tcga_mc3	TCGA-B5-A3FC:2:61118872:G	REL	R22H	R22
tcga_mc3	TCGA-B5-A3FC:3:81640208:C	GBE1	D406N	D406
tcga_mc3	TCGA-B5-A3FC:3:81698105:C	GBE1	R198I	R198
tcga_mc3	TCGA-B5-A3FC:4:39506922:G	UGDH	P369L	P369
tcga_mc3	TCGA-B5-A3FC:4:48075983:C	TXK	K442N	K442
tcga_mc3	TCGA-B5-A3FC:4:71698864:C	GRSF1	R214H	R214
tcga_mc3	TCGA-B5-A3FC:5:98223892:C	CHD1	R799H	R799
tcga_mc3	TCGA-B5-A3FC:6:31850536:G	EHMT2	A1046D	A1046
tcga_mc3	TCGA-B5-A3FC:7:100404133:G	EPHB4	T798I	T798
tcga_mc3	TCGA-B5-A3FC:7:128037042:G	IMPDH1	A285V	A285
tcga_mc3	TCGA-B5-A3FC:9:112151620:C	PTPN3	A716T	A716
tcga_mc3	TCGA-B5-A3FC:9:127912079:C	PPP6C	R264H	R264
tcga_mc3	TCGA-B5-A3FC:9:138456093:C	PAEP	T105M	T105
tcga_mc3	TCGA-B5-A3FC:9:2104068:C	SMARCA2	A1064V	A1064
tcga_mc3	TCGA-B5-A3FC:9:21854706:G	MTAP	R176H	R176
tcga_mc3	TCGA-B5-A3FD:3:178921549:T	PIK3CA	V344G	V344
tcga_mc3	TCGA-B5-A3FH:17:47696599:T	SPOP	M117V	M117
tcga_mc3	TCGA-B5-A3S1:3:178936082:G	PIK3CA	E542K	E542
tcga_mc3	TCGA-B5-A3S1:4:153249510:C	FBXW7	G423V	G423
tcga_mc3	TCGA-B5-A5OC:10:89692792:C	PTEN	D92E	D92
tcga_mc3	TCGA-B5-A5OC:12:25398284:C	KRAS	G12D	G12
tcga_mc3	TCGA-B5-A5OC:20:32267636:C	E2F1	R166H	R166
tcga_mc3	TCGA-B5-A5OC:3:178916726:G	PIK3CA	R38H	R38
tcga_mc3	TCGA-B5-A5OC:5:251128:G	SDHA	V525M	V525
tcga_mc3	TCGA-B5-A5OD:17:47696599:T	SPOP	M117V	M117
tcga_mc3	TCGA-B5-A5OD:17:7578406:C	TP53	R175H	R175
tcga_mc3	TCGA-B5-A5OE:17:7577095:G	TP53	D281E	D281
tcga_mc3	TCGA-B5-A5OE:17:7577120:C	TP53	R273H	R273
tcga_mc3	TCGA-BG-A0MA:5:176710827:C	NSD1	R2017W	R2017
tcga_mc3	TCGA-BG-A0MK:12:25398284:C	KRAS	G12D	G12
tcga_mc3	TCGA-BG-A0MQ:3:178952007:A	PIK3CA	Y1021C	Y1021
tcga_mc3	TCGA-BG-A0MU:10:89692904:C	PTEN	R130G	R130
tcga_mc3	TCGA-BG-A0MU:19:6495749:G	TUBB4A	A254D	A254
tcga_mc3	TCGA-BG-A0RY:10:123279677:G	FGFR2	S252W	S252
tcga_mc3	TCGA-BG-A0VV:10:123279677:G	FGFR2	S252W	S252
tcga_mc3	TCGA-BG-A0VW:10:89692792:C	PTEN	D92E	D92
tcga_mc3	TCGA-BG-A0VW:12:25398284:C	KRAS	G12D	G12
tcga_mc3	TCGA-BG-A0VW:1:92518203:G	EPHX4	R282Q	R282
tcga_mc3	TCGA-BG-A0VW:3:138426123:C	PIK3CB	E470K	E470
tcga_mc3	TCGA-BG-A0VX:1:159558305:G	APCS	G160E	G160
tcga_mc3	TCGA-BG-A0VX:2:158630626:C	ACVR1	R206H	R206
tcga_mc3	TCGA-BG-A0VX:3:178916876:G	PIK3CA	R88Q	R88
tcga_mc3	TCGA-BG-A0VX:3:178936095:A	PIK3CA	Q546P	Q546
tcga_mc3	TCGA-BG-A0VZ:10:89692905:G	PTEN	R130Q	R130
tcga_mc3	TCGA-BG-A0VZ:3:178952077:T	PIK3CA	N1044K	N1044
tcga_mc3	TCGA-BG-A0W1:3:178952072:A	PIK3CA	M1043V	M1043
tcga_mc3	TCGA-BG-A0W2:10:89692904:C	PTEN	R130G	R130
tcga_mc3	TCGA-BG-A0W2:3:178936091:G	PIK3CA	E545K	E545
tcga_mc3	TCGA-BG-A0YU:11:14316389:T	RRAS2	Q72H	Q72
tcga_mc3	TCGA-BG-A0YU:14:105246551:C	AKT1	E17K	E17
tcga_mc3	TCGA-BG-A0YV:17:7577538:C	TP53	R248Q	R248
tcga_mc3	TCGA-BG-A186:3:178921553:T	PIK3CA	N345K	N345
tcga_mc3	TCGA-BG-A187:12:25398285:C	KRAS	G12C	G12
tcga_mc3	TCGA-BG-A187:3:178916891:G	PIK3CA	R93Q	R93
tcga_mc3	TCGA-BG-A187:3:178927980:T	PIK3CA	C420R	C420
tcga_mc3	TCGA-BG-A18A:3:178952085:A	PIK3CA	H1047R	H1047
tcga_mc3	TCGA-BG-A18B:12:25398284:C	KRAS	G12D	G12
tcga_mc3	TCGA-BG-A18C:17:7578190:T	TP53	Y220C	Y220
tcga_mc3	TCGA-BG-A222:17:37879658:G	ERBB2	R678Q	R678
tcga_mc3	TCGA-BG-A222:1:112303147:G	DDX20	R206H	R206
tcga_mc3	TCGA-BG-A222:3:112063943:A	CD200	T77A	T77
tcga_mc3	TCGA-BG-A222:3:138374298:A	PIK3CB	L1049R	L1049
tcga_mc3	TCGA-BG-A222:6:26123879:T	HIST1H2BC	N85S	N85
tcga_mc3	TCGA-BG-A222:7:31378578:C	NEUROD6	R102H	R102
tcga_mc3	TCGA-BG-A222:7:77236553:G	PTPN12	A233T	A233
tcga_mc3	TCGA-BG-A2AE:12:25398284:C	KRAS	G12D	G12
tcga_mc3	TCGA-BG-A2AE:3:178936095:A	PIK3CA	Q546R	Q546
tcga_mc3	TCGA-BG-A2L7:14:24841765:C	NFATC4	R439C	R439
tcga_mc3	TCGA-BG-A2L7:1:45797000:G	MUTYH	H441N	H441
tcga_mc3	TCGA-BG-A2L7:22:39627800:C	PDGFB	A95T	A95
tcga_mc3	TCGA-BG-A3EW:10:89692904:C	PTEN	R130G	R130
tcga_mc3	TCGA-BG-A3EW:4:153247288:C	FBXW7	R505H	R505
tcga_mc3	TCGA-BK-A0CA:10:89692905:G	PTEN	R130Q	R130
tcga_mc3	TCGA-BK-A0CA:3:178952085:A	PIK3CA	H1047L	H1047
tcga_mc3	TCGA-BK-A0CA:3:38168072:C	ACAA1	R249H	R249
tcga_mc3	TCGA-BK-A0CB:10:89692904:C	PTEN	R130G	R130
tcga_mc3	TCGA-BK-A0CB:3:178936082:G	PIK3CA	E542K	E542
tcga_mc3	TCGA-BK-A0CC:19:52716323:C	PPP2R1A	S256F	S256
tcga_mc3	TCGA-BK-A139:10:89692905:G	PTEN	R130L	R130
tcga_mc3	TCGA-BK-A139:17:7577094:G	TP53	R282W	R282
tcga_mc3	TCGA-BK-A13B:10:89653808:G	PTEN	G36R	G36
tcga_mc3	TCGA-BK-A13B:11:125781373:C	DDX25	R264C	R264
tcga_mc3	TCGA-BK-A13B:12:120878264:C	COX6A1	P85H	P85
tcga_mc3	TCGA-BK-A13B:16:58199598:C	CSNK2A2	R281H	R281
tcga_mc3	TCGA-BK-A13C:1:158261109:G	CD1C	D83Y	D83
tcga_mc3	TCGA-BK-A13C:4:153244092:G	FBXW7	R689W	R689
tcga_mc3	TCGA-BK-A26L:4:153247288:C	FBXW7	R505L	R505
tcga_mc3	TCGA-BK-A4ZD:10:89692792:C	PTEN	D92E	D92
tcga_mc3	TCGA-BK-A56F:3:178952085:A	PIK3CA	H1047R	H1047
tcga_mc3	TCGA-BK-A6W3:10:25313206:G	THNSL1	D352Y	D352
tcga_mc3	TCGA-BK-A6W3:10:89692905:G	PTEN	R130Q	R130
tcga_mc3	TCGA-BK-A6W3:11:88027551:G	CTSC	R339C	R339
tcga_mc3	TCGA-BK-A6W3:12:51733658:G	CELA1	R199C	R199
tcga_mc3	TCGA-BK-A6W3:15:30926531:G	ARHGAP11B	K152N	K152
tcga_mc3	TCGA-BK-A6W3:17:21094390:G	DHRS7B	R301Q	R301
tcga_mc3	TCGA-BK-A6W3:17:33477072:G	UNC45B	D71N	D71
tcga_mc3	TCGA-BK-A6W3:17:79804462:C	P4HB	R300H	R300
tcga_mc3	TCGA-BK-A6W3:17:9395196:C	STX8	R164H	R164
tcga_mc3	TCGA-BK-A6W3:18:18547873:T	ROCK1	N1011T	N1011
tcga_mc3	TCGA-BK-A6W3:18:40323568:G	RIT2	R182C	R182
tcga_mc3	TCGA-BK-A6W3:18:63477219:G	CDH7	E164K	E164
tcga_mc3	TCGA-BK-A6W3:19:56935394:G	ZNF583	R456K	R456
tcga_mc3	TCGA-BK-A6W3:22:29092931:C	CHEK2	E394D	E394
tcga_mc3	TCGA-BK-A6W3:3:3144448:G	IL5RA	L47I	L47
tcga_mc3	TCGA-BK-A6W3:4:70620910:C	SULT1B1	R9Q	R9
tcga_mc3	TCGA-BK-A6W3:5:110710584:C	CAMK4	L93I	L93
tcga_mc3	TCGA-BK-A6W3:5:137846307:G	ETF1	L344I	L344
tcga_mc3	TCGA-BK-A6W3:5:149276035:C	PDE6A	E502K	E502
tcga_mc3	TCGA-BK-A6W3:6:133049911:G	VNN3	S169Y	S169
tcga_mc3	TCGA-BK-A6W3:8:124361682:G	ATAD2	S550Y	S550
tcga_mc3	TCGA-BK-A6W3:8:59750747:G	TOX	R273C	R273
tcga_mc3	TCGA-BK-A6W3:8:89180150:G	MMP16	R153C	R153
tcga_mc3	TCGA-BS-A0TA:10:89692902:G	PTEN	G129V	G129
tcga_mc3	TCGA-BS-A0TA:17:6544531:C	TXNDC17	C43W	C43
tcga_mc3	TCGA-BS-A0TC:10:89692904:C	PTEN	R130G	R130
tcga_mc3	TCGA-BS-A0TC:12:25398284:C	KRAS	G12V	G12
tcga_mc3	TCGA-BS-A0TC:17:28576142:C	BLMH	E421K	E421
tcga_mc3	TCGA-BS-A0TC:1:110148685:C	GNAT2	K209N	K209
tcga_mc3	TCGA-BS-A0TC:20:1426360:G	NSFL1C	R301W	R301
tcga_mc3	TCGA-BS-A0TC:2:27853899:C	GPN1	R71C	R71
tcga_mc3	TCGA-BS-A0TC:2:32145888:C	MEMO1	D102Y	D102
tcga_mc3	TCGA-BS-A0TC:3:178916725:C	PIK3CA	R38C	R38
tcga_mc3	TCGA-BS-A0TC:4:188924697:C	ZFP42	R246W	R246
tcga_mc3	TCGA-BS-A0TG:12:25398282:C	KRAS	G13C	G13
tcga_mc3	TCGA-BS-A0TG:3:178936091:G	PIK3CA	E545K	E545
tcga_mc3	TCGA-BS-A0TI:17:7577568:C	TP53	C238Y	C238
tcga_mc3	TCGA-BS-A0TJ:12:25398281:C	KRAS	G13D	G13
tcga_mc3	TCGA-BS-A0TJ:12:53898551:C	TARBP2	R189C	R189
tcga_mc3	TCGA-BS-A0U7:12:25398285:C	KRAS	G12C	G12
tcga_mc3	TCGA-BS-A0U8:12:25398284:C	KRAS	G12D	G12
tcga_mc3	TCGA-BS-A0U8:4:153247289:G	FBXW7	R505C	R505
tcga_mc3	TCGA-BS-A0U9:17:7577566:T	TP53	N239D	N239
tcga_mc3	TCGA-BS-A0UA:11:121474944:G	SORL1	C1521Y	C1521
tcga_mc3	TCGA-BS-A0UA:12:52387827:G	ACVR1B	R484L	R484
tcga_mc3	TCGA-BS-A0UA:20:32267636:C	E2F1	R166H	R166
tcga_mc3	TCGA-BS-A0UF:10:89692905:G	PTEN	R130Q	R130
tcga_mc3	TCGA-BS-A0UF:11:111626165:G	PPP2R1B	R233C	R233
tcga_mc3	TCGA-BS-A0UF:11:11374459:G	CSNK2A3	L70I	L70
tcga_mc3	TCGA-BS-A0UF:11:125781357:C	DDX25	F258L	F258
tcga_mc3	TCGA-BS-A0UF:11:28119446:G	KIF18A	R17C	R17
tcga_mc3	TCGA-BS-A0UF:12:99192773:G	ANKS1B	S1069Y	S1069
tcga_mc3	TCGA-BS-A0UF:16:69973017:G	WWP2	E811K	E811
tcga_mc3	TCGA-BS-A0UF:17:33477072:G	UNC45B	D71N	D71
tcga_mc3	TCGA-BS-A0UF:18:40323568:G	RIT2	R182C	R182
tcga_mc3	TCGA-BS-A0UF:18:47806299:G	MBD1	R22C	R22
tcga_mc3	TCGA-BS-A0UF:18:61305037:G	SERPINB4	F363L	F363
tcga_mc3	TCGA-BS-A0UF:19:37903536:G	ZNF569	S675L	S675
tcga_mc3	TCGA-BS-A0UF:19:48387019:G	SULT2A1	L54I	L54
tcga_mc3	TCGA-BS-A0UF:19:52618543:C	ZNF616	R625I	R625
tcga_mc3	TCGA-BS-A0UF:19:56935562:G	ZNF583	R512I	R512
tcga_mc3	TCGA-BS-A0UF:1:11860307:C	MTHFR	R183L	R183
tcga_mc3	TCGA-BS-A0UF:1:151688415:C	CELF3	E28K	E28
tcga_mc3	TCGA-BS-A0UF:1:154401824:A	IL6R	R80G	R80
tcga_mc3	TCGA-BS-A0UF:1:169505842:C	F5	D1625N	D1625
tcga_mc3	TCGA-BS-A0UF:1:38185187:C	EPHA10	K885N	K885
tcga_mc3	TCGA-BS-A0UF:22:29092931:C	CHEK2	E394D	E394
tcga_mc3	TCGA-BS-A0UF:2:162865770:C	DPP4	R623Q	R623
tcga_mc3	TCGA-BS-A0UF:2:200803696:C	TYW5	R149Q	R149
tcga_mc3	TCGA-BS-A0UF:2:220022258:C	NHEJ1	R109Q	R109
tcga_mc3	TCGA-BS-A0UF:2:98354262:G	ZAP70	E509K	E509
tcga_mc3	TCGA-BS-A0UF:3:12198915:T	TIMP4	K69N	K69
tcga_mc3	TCGA-BS-A0UF:3:122172805:G	KPNA1	S159Y	S159
tcga_mc3	TCGA-BS-A0UF:3:30713506:G	TGFBR2	K277N	K277
tcga_mc3	TCGA-BS-A0UF:3:97686059:C	MINA	D127Y	D127
tcga_mc3	TCGA-BS-A0UF:4:104000908:G	BDH2	A230D	A230
tcga_mc3	TCGA-BS-A0UF:4:110618908:C	CASP6	A34T	A34
tcga_mc3	TCGA-BS-A0UF:4:128732660:C	HSPA4L	R483C	R483
tcga_mc3	TCGA-BS-A0UF:4:151509256:C	LRBA	E2103K	E2103
tcga_mc3	TCGA-BS-A0UF:4:174216610:G	GALNT7	R273Q	R273
tcga_mc3	TCGA-BS-A0UF:4:265585:C	ZNF732	R354I	R354
tcga_mc3	TCGA-BS-A0UF:4:57871515:G	POLR2B	R335I	R335
tcga_mc3	TCGA-BS-A0UF:5:36168422:C	SKP2	R182C	R182
tcga_mc3	TCGA-BS-A0UF:5:90678644:A	ARRDC3	I89S	I89
tcga_mc3	TCGA-BS-A0UF:6:101075555:C	ASCC3	R1518H	R1518
tcga_mc3	TCGA-BS-A0UF:6:52662427:C	GSTA1	E32D	E32
tcga_mc3	TCGA-BS-A0UF:7:148497617:G	CUL1	E758D	E758
tcga_mc3	TCGA-BS-A0UF:9:32984659:C	APTX	R261Q	R261
tcga_mc3	TCGA-BS-A0UJ:12:49522706:C	TUBA1B	G131S	G131
tcga_mc3	TCGA-BS-A0UJ:2:202141572:T	CASP8	M228T	M228
tcga_mc3	TCGA-BS-A0UJ:2:219846787:A	FEV	Y107H	Y107
tcga_mc3	TCGA-BS-A0UJ:3:178936095:A	PIK3CA	Q546P	Q546
tcga_mc3	TCGA-BS-A0UJ:7:11082384:T	PHF14	L752P	L752
tcga_mc3	TCGA-BS-A0UJ:8:11420545:C	BLK	T413I	T413
tcga_mc3	TCGA-BS-A0UJ:9:36219883:A	GNE	Y590D	Y590
tcga_mc3	TCGA-BS-A0UL:11:75153556:C	GDPD5	C340Y	C340
tcga_mc3	TCGA-BS-A0UL:12:25398284:C	KRAS	G12V	G12
tcga_mc3	TCGA-BS-A0UT:17:47696599:T	SPOP	M117V	M117
tcga_mc3	TCGA-BS-A0UT:3:178936092:A	PIK3CA	E545A	E545
tcga_mc3	TCGA-BS-A0UV:10:5041445:C	AKR1C2	D132Y	D132
tcga_mc3	TCGA-BS-A0UV:10:89692905:G	PTEN	R130Q	R130
tcga_mc3	TCGA-BS-A0UV:11:125781357:C	DDX25	F258L	F258
tcga_mc3	TCGA-BS-A0UV:12:109613968:G	ACACB	R446I	R446
tcga_mc3	TCGA-BS-A0UV:12:16510603:G	MGST1	R64Q	R64
tcga_mc3	TCGA-BS-A0UV:14:97009137:G	PAPOLA	R399Q	R399
tcga_mc3	TCGA-BS-A0UV:16:68087518:G	DUS2	R75H	R75
tcga_mc3	TCGA-BS-A0UV:16:8906942:C	PMM2	F206L	F206
tcga_mc3	TCGA-BS-A0UV:17:7556709:T	ATP1B2	Y44D	Y44
tcga_mc3	TCGA-BS-A0UV:18:18629794:C	ROCK1	D75N	D75
tcga_mc3	TCGA-BS-A0UV:18:43666423:C	ATP5A1	R405H	R405
tcga_mc3	TCGA-BS-A0UV:18:54281690:G	TXNL1	R234C	R234
tcga_mc3	TCGA-BS-A0UV:19:49459487:G	BAX	R89Q	R89
tcga_mc3	TCGA-BS-A0UV:1:181018211:C	MR1	R31C	R31
tcga_mc3	TCGA-BS-A0UV:1:6399610:C	ACOT7	D111N	D111
tcga_mc3	TCGA-BS-A0UV:22:22041947:G	PPIL2	E305K	E305
tcga_mc3	TCGA-BS-A0UV:22:31534698:C	PLA2G3	R201Q	R201
tcga_mc3	TCGA-BS-A0UV:2:238234251:C	COL6A3	E3149K	E3149
tcga_mc3	TCGA-BS-A0UV:2:277076:T	ACP1	D130E	D130
tcga_mc3	TCGA-BS-A0UV:2:64084990:C	UGP2	R59W	R59
tcga_mc3	TCGA-BS-A0UV:2:84658721:C	SUCLG1	D246N	D246
tcga_mc3	TCGA-BS-A0UV:3:112546080:C	CD200R1L	E147K	E147
tcga_mc3	TCGA-BS-A0UV:3:15062323:A	NR2C2	K147T	K147
tcga_mc3	TCGA-BS-A0UV:3:178916876:G	PIK3CA	R88Q	R88
tcga_mc3	TCGA-BS-A0UV:3:59999837:C	FHIT	D49Y	D49
tcga_mc3	TCGA-BS-A0UV:3:97686059:C	MINA	D127Y	D127
tcga_mc3	TCGA-BS-A0UV:4:159642497:C	PPID	R75Q	R75
tcga_mc3	TCGA-BS-A0UV:4:39436111:C	KLB	F369L	F369
tcga_mc3	TCGA-BS-A0UV:5:118877663:A	HSD17B4	I729V	I729
tcga_mc3	TCGA-BS-A0UV:5:135283132:T	LECT2	K115T	K115
tcga_mc3	TCGA-BS-A0UV:6:62611258:G	KHDRBS2	R168C	R168
tcga_mc3	TCGA-BS-A0UV:7:1024874:G	CYP2W1	R187Q	R187
tcga_mc3	TCGA-BS-A0UV:7:121682775:G	PTPRZ1	R1972I	R1972
tcga_mc3	TCGA-BS-A0UV:7:122342489:C	RNF148	E106K	E106
tcga_mc3	TCGA-BS-A0UV:7:141445301:G	SSBP1	R107Q	R107
tcga_mc3	TCGA-BS-A0UV:7:20721180:G	ABCB5	R587Q	R587
tcga_mc3	TCGA-BS-A0UV:8:68334861:C	CPA6	E398K	E398
tcga_mc3	TCGA-BS-A0UV:9:21854706:G	MTAP	R176H	R176
tcga_mc3	TCGA-BS-A0UV:9:37711381:C	FRMPD1	R133C	R133
tcga_mc3	TCGA-BS-A0V4:10:89692904:C	PTEN	R130G	R130
tcga_mc3	TCGA-BS-A0V4:12:25398284:C	KRAS	G12V	G12
tcga_mc3	TCGA-BS-A0V6:10:89692904:C	PTEN	R130G	R130
tcga_mc3	TCGA-BS-A0V6:7:151188083:T	RHEB	I24V	I24
tcga_mc3	TCGA-BS-A0V7:12:25398284:C	KRAS	G12D	G12
tcga_mc3	TCGA-BS-A0V7:14:105246551:C	AKT1	E17K	E17
tcga_mc3	TCGA-BS-A0V7:3:178921553:T	PIK3CA	N345K	N345
tcga_mc3	TCGA-BS-A0V7:3:178952085:A	PIK3CA	H1047L	H1047
tcga_mc3	TCGA-BS-A0V8:10:89692895:G	PTEN	G127R	G127
tcga_mc3	TCGA-BS-A0V8:10:89692911:G	PTEN	G132D	G132
tcga_mc3	TCGA-BS-A0VI:10:89692904:C	PTEN	R130G	R130
tcga_mc3	TCGA-BS-A0VI:3:178916876:G	PIK3CA	R88Q	R88
tcga_mc3	TCGA-D1-A0ZO:3:178936095:A	PIK3CA	Q546R	Q546
tcga_mc3	TCGA-D1-A0ZP:14:95560482:G	DICER1	R1703C	R1703
tcga_mc3	TCGA-D1-A0ZP:3:178936082:G	PIK3CA	E542K	E542
tcga_mc3	TCGA-D1-A0ZP:4:153249385:G	FBXW7	R465C	R465
tcga_mc3	TCGA-D1-A0ZR:10:89692904:C	PTEN	R130G	R130
tcga_mc3	TCGA-D1-A0ZS:10:89711875:G	PTEN	G165R	G165
tcga_mc3	TCGA-D1-A0ZS:12:25398281:C	KRAS	G13D	G13
tcga_mc3	TCGA-D1-A0ZS:1:21582519:A	ECE1	L314P	L314
tcga_mc3	TCGA-D1-A0ZS:6:158330994:C	SNX9	R296C	R296
tcga_mc3	TCGA-D1-A0ZU:3:178936082:G	PIK3CA	E542K	E542
tcga_mc3	TCGA-D1-A0ZV:3:178952085:A	PIK3CA	H1047R	H1047
tcga_mc3	TCGA-D1-A101:12:25398284:C	KRAS	G12D	G12
tcga_mc3	TCGA-D1-A101:18:51813698:G	POLI	R372H	R372
tcga_mc3	TCGA-D1-A101:4:153249510:C	FBXW7	G423V	G423
tcga_mc3	TCGA-D1-A102:3:178936093:G	PIK3CA	E545D	E545
tcga_mc3	TCGA-D1-A103:11:105961323:G	AASDHPPT	R150I	R150
tcga_mc3	TCGA-D1-A103:11:66444394:G	RBM4B	R53C	R53
tcga_mc3	TCGA-D1-A103:12:132416847:G	PUS1	R144Q	R144
tcga_mc3	TCGA-D1-A103:12:22208151:G	CMAS	R110Q	R110
tcga_mc3	TCGA-D1-A103:12:57563003:C	LRP1	R1026C	R1026
tcga_mc3	TCGA-D1-A103:13:31318206:C	ALOX5AP	A27V	A27
tcga_mc3	TCGA-D1-A103:15:91437169:G	FES	R736H	R736
tcga_mc3	TCGA-D1-A103:15:93522378:G	CHD2	R914H	R914
tcga_mc3	TCGA-D1-A103:16:3367520:G	ZNF75A	R181I	R181
tcga_mc3	TCGA-D1-A103:17:33477072:G	UNC45B	D71N	D71
tcga_mc3	TCGA-D1-A103:18:47806310:C	MBD1	R18H	R18
tcga_mc3	TCGA-D1-A103:19:38125901:C	ZFP30	R514Q	R514
tcga_mc3	TCGA-D1-A103:1:11077011:G	TARDBP	E117K	E117
tcga_mc3	TCGA-D1-A103:1:241671937:T	FH	H235R	H235
tcga_mc3	TCGA-D1-A103:21:43852245:C	UBASH3A	R402C	R402
tcga_mc3	TCGA-D1-A103:22:22599673:G	VPREB1	S121I	S121
tcga_mc3	TCGA-D1-A103:2:242430520:C	FARP2	A850V	A850
tcga_mc3	TCGA-D1-A103:2:38956730:G	GALM	D223N	D223
tcga_mc3	TCGA-D1-A103:2:65488393:C	ACTR2	R250C	R250
tcga_mc3	TCGA-D1-A103:2:96942656:G	SNRNP200	P2054S	P2054
tcga_mc3	TCGA-D1-A103:3:178916728:G	PIK3CA	E39K	E39
tcga_mc3	TCGA-D1-A103:3:44685350:G	ZNF197	D910Y	D910
tcga_mc3	TCGA-D1-A103:4:153244092:G	FBXW7	R689W	R689
tcga_mc3	TCGA-D1-A103:4:265585:C	ZNF732	R354I	R354
tcga_mc3	TCGA-D1-A103:4:2833696:A	SH3BP2	E466A	E466
tcga_mc3	TCGA-D1-A103:5:154308151:G	GEMIN5	R284C	R284
tcga_mc3	TCGA-D1-A103:5:43700237:G	NNT	V965I	V965
tcga_mc3	TCGA-D1-A103:6:32155552:G	PBX2	R248C	R248
tcga_mc3	TCGA-D1-A103:6:49403270:C	MUT	A675T	A675
tcga_mc3	TCGA-D1-A103:6:90089992:T	RRAGD	K180T	K180
tcga_mc3	TCGA-D1-A103:7:4900243:C	PAPOLB	R399Q	R399
tcga_mc3	TCGA-D1-A103:7:64168878:C	ZNF107	F732L	F732
tcga_mc3	TCGA-D1-A103:8:124361682:G	ATAD2	S550Y	S550
tcga_mc3	TCGA-D1-A15V:17:7577097:C	TP53	D281Y	D281
tcga_mc3	TCGA-D1-A15V:19:52716214:G	PPP2R1A	V220M	V220
tcga_mc3	TCGA-D1-A15V:2:39281778:T	SOS1	N233Y	N233
tcga_mc3	TCGA-D1-A15V:3:178936095:A	PIK3CA	Q546R	Q546
tcga_mc3	TCGA-D1-A15W:10:89692904:C	PTEN	R130G	R130
tcga_mc3	TCGA-D1-A15W:10:89692905:G	PTEN	R130Q	R130
tcga_mc3	TCGA-D1-A15W:12:25398284:C	KRAS	G12V	G12
tcga_mc3	TCGA-D1-A15X:17:70118957:C	SOX9	R177W	R177
tcga_mc3	TCGA-D1-A15X:1:110765991:C	KCNC4	R362C	R362
tcga_mc3	TCGA-D1-A15X:1:16265349:T	SPEN	V3614D	V3614
tcga_mc3	TCGA-D1-A15X:4:153247289:G	FBXW7	R505C	R505
tcga_mc3	TCGA-D1-A15Z:14:95557638:T	DICER1	D1810A	D1810
tcga_mc3	TCGA-D1-A160:12:25398284:C	KRAS	G12D	G12
tcga_mc3	TCGA-D1-A161:17:37881332:G	ERBB2	V842I	V842
tcga_mc3	TCGA-D1-A163:11:77064627:C	PAK1	G264C	G264
tcga_mc3	TCGA-D1-A163:12:25398284:C	KRAS	G12D	G12
tcga_mc3	TCGA-D1-A163:12:53849679:G	PCBP2	R46H	R46
tcga_mc3	TCGA-D1-A163:19:12911043:G	PRDX2	R110C	R110
tcga_mc3	TCGA-D1-A163:22:38201781:C	H1F0	T77I	T77
tcga_mc3	TCGA-D1-A163:3:178916726:G	PIK3CA	R38H	R38
tcga_mc3	TCGA-D1-A167:14:50085653:C	RPL36AL	R57Q	R57
tcga_mc3	TCGA-D1-A167:17:47696461:C	SPOP	R121Q	R121
tcga_mc3	TCGA-D1-A167:19:12791010:G	DHPS	R113C	R113
tcga_mc3	TCGA-D1-A167:19:52716328:C	PPP2R1A	R258C	R258
tcga_mc3	TCGA-D1-A167:22:41621037:C	L3MBTL2	L440M	L440
tcga_mc3	TCGA-D1-A167:5:16694613:C	MYO10	G1223R	G1223
tcga_mc3	TCGA-D1-A168:12:25398281:C	KRAS	G13D	G13
tcga_mc3	TCGA-D1-A168:3:178936091:G	PIK3CA	E545K	E545
tcga_mc3	TCGA-D1-A169:10:89692905:G	PTEN	R130P	R130
tcga_mc3	TCGA-D1-A169:17:7578508:C	TP53	C141Y	C141
tcga_mc3	TCGA-D1-A169:19:52716323:C	PPP2R1A	S256F	S256
tcga_mc3	TCGA-D1-A16D:3:178952085:A	PIK3CA	H1047L	H1047
tcga_mc3	TCGA-D1-A16G:3:178936094:C	PIK3CA	Q546K	Q546
tcga_mc3	TCGA-D1-A16J:3:178952074:G	PIK3CA	M1043I	M1043
tcga_mc3	TCGA-D1-A16N:17:7577565:T	TP53	N239S	N239
tcga_mc3	TCGA-D1-A16O:12:25398281:C	KRAS	G13V	G13
tcga_mc3	TCGA-D1-A16O:3:138417868:A	PIK3CB	C551R	C551
tcga_mc3	TCGA-D1-A16O:3:178936091:G	PIK3CA	E545K	E545
tcga_mc3	TCGA-D1-A16Q:10:89692904:C	PTEN	R130G	R130
tcga_mc3	TCGA-D1-A16R:10:89692886:T	PTEN	C124R	C124
tcga_mc3	TCGA-D1-A16S:17:7577551:C	TP53	G244S	G244
tcga_mc3	TCGA-D1-A16S:19:52716323:C	PPP2R1A	S256Y	S256
tcga_mc3	TCGA-D1-A16S:3:178936083:A	PIK3CA	E542A	E542
tcga_mc3	TCGA-D1-A16V:10:89653806:T	PTEN	M35K	M35
tcga_mc3	TCGA-D1-A16V:12:25398284:C	KRAS	G12D	G12
tcga_mc3	TCGA-D1-A16X:10:12811681:C	CAMK1D	L150I	L150
tcga_mc3	TCGA-D1-A16X:10:27040543:C	ABI1	K445N	K445
tcga_mc3	TCGA-D1-A16X:10:70673159:G	DDX50	R257Q	R257
tcga_mc3	TCGA-D1-A16X:10:89692905:G	PTEN	R130Q	R130
tcga_mc3	TCGA-D1-A16X:11:105961323:G	AASDHPPT	R150I	R150
tcga_mc3	TCGA-D1-A16X:11:17793578:G	KCNC1	V313I	V313
tcga_mc3	TCGA-D1-A16X:12:99192773:G	ANKS1B	S1069Y	S1069
tcga_mc3	TCGA-D1-A16X:13:113793763:G	F10	E117K	E117
tcga_mc3	TCGA-D1-A16X:15:43109262:G	TTBK2	R191C	R191
tcga_mc3	TCGA-D1-A16X:18:32822582:C	ZNF397	R50C	R50
tcga_mc3	TCGA-D1-A16X:18:61324197:C	SERPINB3	M212I	M212
tcga_mc3	TCGA-D1-A16X:1:11077011:G	TARDBP	E117K	E117
tcga_mc3	TCGA-D1-A16X:1:209905842:C	HSD11B1	F193L	F193
tcga_mc3	TCGA-D1-A16X:22:25119195:C	PIWIL3	K762N	K762
tcga_mc3	TCGA-D1-A16X:2:149793838:G	KIF5C	R111Q	R111
tcga_mc3	TCGA-D1-A16X:2:190922264:C	MSTN	R283H	R283
tcga_mc3	TCGA-D1-A16X:5:52780941:C	FST	S279L	S279
tcga_mc3	TCGA-D1-A16X:6:26091204:G	HFE	R71Q	R71
tcga_mc3	TCGA-D1-A16X:7:57188088:C	ZNF479	R345I	R345
tcga_mc3	TCGA-D1-A16Y:10:89692905:G	PTEN	R130Q	R130
tcga_mc3	TCGA-D1-A16Y:13:114287535:G	TFDP1	E137K	E137
tcga_mc3	TCGA-D1-A16Y:2:149793838:G	KIF5C	R111Q	R111
tcga_mc3	TCGA-D1-A16Y:3:178916876:G	PIK3CA	R88Q	R88
tcga_mc3	TCGA-D1-A16Y:4:188924697:C	ZFP42	R246W	R246
tcga_mc3	TCGA-D1-A16Y:6:6225075:C	F13A1	E273K	E273
tcga_mc3	TCGA-D1-A16Y:7:144320267:C	TPK1	D116Y	D116
tcga_mc3	TCGA-D1-A174:12:56478854:G	ERBB3	V104M	V104
tcga_mc3	TCGA-D1-A174:2:191841736:G	STAT1	A630V	A630
tcga_mc3	TCGA-D1-A174:3:178916876:G	PIK3CA	R88Q	R88
tcga_mc3	TCGA-D1-A174:8:134063091:C	SLA	R44H	R44
tcga_mc3	TCGA-D1-A176:10:89692902:G	PTEN	G129V	G129
tcga_mc3	TCGA-D1-A176:12:7984225:C	SLC2A14	G106R	G106
tcga_mc3	TCGA-D1-A177:10:89692905:G	PTEN	R130Q	R130
tcga_mc3	TCGA-D1-A177:21:44482442:C	CBS	A340T	A340
tcga_mc3	TCGA-D1-A177:2:86297314:G	POLR1A	R565C	R565
tcga_mc3	TCGA-D1-A177:3:182810273:C	MCCC1	R66H	R66
tcga_mc3	TCGA-D1-A177:6:43578342:A	POLH	K376E	K376
tcga_mc3	TCGA-D1-A17A:12:25398284:C	KRAS	G12D	G12
tcga_mc3	TCGA-D1-A17A:3:178936095:A	PIK3CA	Q546R	Q546
tcga_mc3	TCGA-D1-A17A:3:67546346:G	SUCLG2	A313V	A313
tcga_mc3	TCGA-D1-A17C:10:89692904:C	PTEN	R130G	R130
tcga_mc3	TCGA-D1-A17C:13:111372118:G	ING1	D370Y	D370
tcga_mc3	TCGA-D1-A17D:10:89692904:C	PTEN	R130G	R130
tcga_mc3	TCGA-D1-A17D:5:16694613:C	MYO10	G1223R	G1223
tcga_mc3	TCGA-D1-A17F:1:115258747:C	NRAS	G12D	G12
tcga_mc3	TCGA-D1-A17H:12:25398284:C	KRAS	G12V	G12
tcga_mc3	TCGA-D1-A17H:3:178927980:T	PIK3CA	C420R	C420
tcga_mc3	TCGA-D1-A17K:18:13438331:C	LDLRAD4	D43E	D43
tcga_mc3	TCGA-D1-A17K:3:178936082:G	PIK3CA	E542K	E542
tcga_mc3	TCGA-D1-A17L:10:89692904:C	PTEN	R130G	R130
tcga_mc3	TCGA-D1-A17L:14:65544747:C	MAX	R60Q	R60
tcga_mc3	TCGA-D1-A17L:3:178936092:A	PIK3CA	E545G	E545
tcga_mc3	TCGA-D1-A17L:5:149630366:G	CAMK2A	S234L	S234
tcga_mc3	TCGA-D1-A17M:3:178952085:A	PIK3CA	H1047R	H1047
tcga_mc3	TCGA-D1-A17N:10:89692918:G	PTEN	M134I	M134
tcga_mc3	TCGA-D1-A17Q:10:27040543:C	ABI1	K445N	K445
tcga_mc3	TCGA-D1-A17Q:11:119145620:G	CBL	E276K	E276
tcga_mc3	TCGA-D1-A17Q:11:17793587:G	KCNC1	V316M	V316
tcga_mc3	TCGA-D1-A17Q:12:18650568:C	PIK3C2G	R927C	R927
tcga_mc3	TCGA-D1-A17Q:13:113793763:G	F10	E117K	E117
tcga_mc3	TCGA-D1-A17Q:13:31725823:G	HSPH1	R196W	R196
tcga_mc3	TCGA-D1-A17Q:14:103918266:G	MARK3	E120K	E120
tcga_mc3	TCGA-D1-A17Q:14:95560476:C	DICER1	E1705K	E1705
tcga_mc3	TCGA-D1-A17Q:15:78577679:G	WDR61	S251L	S251
tcga_mc3	TCGA-D1-A17Q:18:54281690:G	TXNL1	R234C	R234
tcga_mc3	TCGA-D1-A17Q:18:61154203:G	SERPINB5	D65Y	D65
tcga_mc3	TCGA-D1-A17Q:18:77227454:C	NFATC1	S655Y	S655
tcga_mc3	TCGA-D1-A17Q:19:50945448:G	MYBPC2	K260N	K260
tcga_mc3	TCGA-D1-A17Q:1:223285902:G	TLR5	R158C	R158
tcga_mc3	TCGA-D1-A17Q:1:97547935:C	DPYD	C953Y	C953
tcga_mc3	TCGA-D1-A17Q:1:98205986:G	DPYD	L95I	L95
tcga_mc3	TCGA-D1-A17Q:20:43533689:C	YWHAB	R169C	R169
tcga_mc3	TCGA-D1-A17Q:2:202131412:G	CASP8	R68Q	R68
tcga_mc3	TCGA-D1-A17Q:2:61715367:C	XPO1	R749Q	R749
tcga_mc3	TCGA-D1-A17Q:4:103505872:G	NFKB1	D320Y	D320
tcga_mc3	TCGA-D1-A17Q:4:120987821:G	MAD2L1	F23L	F23
tcga_mc3	TCGA-D1-A17Q:4:128732660:C	HSPA4L	R483C	R483
tcga_mc3	TCGA-D1-A17Q:5:149631587:G	CAMK2A	R186W	R186
tcga_mc3	TCGA-D1-A17Q:5:64887675:C	TRIM23	R549Q	R549
tcga_mc3	TCGA-D1-A17Q:5:98218901:C	CHD1	G870V	G870
tcga_mc3	TCGA-D1-A17Q:6:35587931:G	FKBP5	S124L	S124
tcga_mc3	TCGA-D1-A17Q:7:1024874:G	CYP2W1	R187Q	R187
tcga_mc3	TCGA-D1-A17Q:7:128035011:C	IMPDH1	K409N	K409
tcga_mc3	TCGA-D1-A17Q:7:148494941:C	CUL1	S646L	S646
tcga_mc3	TCGA-D1-A17Q:7:54825203:T	SEC61G	K27E	K27
tcga_mc3	TCGA-D1-A17Q:8:134108577:C	TG	S2511Y	S2511
tcga_mc3	TCGA-D1-A17S:3:178952085:A	PIK3CA	H1047R	H1047
tcga_mc3	TCGA-D1-A17T:10:89692904:C	PTEN	R130G	R130
tcga_mc3	TCGA-D1-A17T:3:178916876:G	PIK3CA	R88Q	R88
tcga_mc3	TCGA-D1-A17U:12:25398284:C	KRAS	G12V	G12
tcga_mc3	TCGA-D1-A17U:3:176768330:G	TBL1XR1	R166W	R166
tcga_mc3	TCGA-D1-A1NS:12:25398284:C	KRAS	G12V	G12
tcga_mc3	TCGA-D1-A1NU:17:7578406:C	TP53	R175H	R175
tcga_mc3	TCGA-D1-A1NU:3:178921553:T	PIK3CA	N345K	N345
tcga_mc3	TCGA-D1-A1NX:17:7578394:T	TP53	H179R	H179
tcga_mc3	TCGA-D1-A1NX:3:178952085:A	PIK3CA	H1047L	H1047
tcga_mc3	TCGA-D1-A1NZ:1:169080628:G	ATP1B1	V40I	V40
tcga_mc3	TCGA-D1-A1NZ:3:178936083:A	PIK3CA	E542A	E542
tcga_mc3	TCGA-D1-A1O5:11:14316390:T	RRAS2	Q72L	Q72
tcga_mc3	TCGA-D1-A1O5:3:178936083:A	PIK3CA	E542A	E542
tcga_mc3	TCGA-D1-A1O5:3:178936095:A	PIK3CA	Q546P	Q546
tcga_mc3	TCGA-D1-A1O7:3:178916876:G	PIK3CA	R88Q	R88
tcga_mc3	TCGA-D1-A1O8:10:89692911:G	PTEN	G132D	G132
tcga_mc3	TCGA-D1-A2G0:12:69985881:G	CCT2	R231Q	R231
tcga_mc3	TCGA-D1-A2G6:3:178952085:A	PIK3CA	H1047R	H1047
tcga_mc3	TCGA-D1-A3DA:10:89692890:A	PTEN	K125T	K125
tcga_mc3	TCGA-D1-A3DA:12:25398284:C	KRAS	G12V	G12
tcga_mc3	TCGA-D1-A3DA:16:30080697:A	ALDOA	Y204C	Y204
tcga_mc3	TCGA-D1-A3DH:3:178936082:G	PIK3CA	E542K	E542
tcga_mc3	TCGA-D1-A3DH:4:153247306:C	FBXW7	G499D	G499
tcga_mc3	TCGA-D1-A3JQ:17:7577121:G	TP53	R273S	R273
tcga_mc3	TCGA-D1-A3JQ:19:52715971:C	PPP2R1A	P179R	P179
tcga_mc3	TCGA-DF-A2KN:10:104158041:A	NFKB2	D280V	D280
tcga_mc3	TCGA-DF-A2KN:11:117186252:G	BACE1	T87M	T87
tcga_mc3	TCGA-DF-A2KN:11:67351988:G	GSTP1	E31K	E31
tcga_mc3	TCGA-DF-A2KN:19:46464280:C	NOVA2	D73Y	D73
tcga_mc3	TCGA-DF-A2KN:2:200804837:C	TYW5	R108Q	R108
tcga_mc3	TCGA-DF-A2KN:3:158364048:T	GFM1	M110T	M110
tcga_mc3	TCGA-DF-A2KN:5:112200355:T	SRP19	V76D	V76
tcga_mc3	TCGA-DF-A2KN:6:63990089:G	LGSN	P456H	P456
tcga_mc3	TCGA-DF-A2KN:7:142961659:T	GSTK1	L58P	L58
tcga_mc3	TCGA-DF-A2KR:12:25398284:C	KRAS	G12D	G12
tcga_mc3	TCGA-DF-A2KR:19:52715971:C	PPP2R1A	P179R	P179
tcga_mc3	TCGA-DF-A2KS:17:7577548:C	TP53	G245S	G245
tcga_mc3	TCGA-DF-A2KU:10:89692905:G	PTEN	R130Q	R130
tcga_mc3	TCGA-DF-A2KU:10:94223575:G	IDE	R892C	R892
tcga_mc3	TCGA-DF-A2KU:11:110143338:C	RDX	V7I	V7
tcga_mc3	TCGA-DF-A2KU:11:89914816:C	NAALAD2	F629L	F629
tcga_mc3	TCGA-DF-A2KU:11:99932104:C	CNTN5	R381C	R381
tcga_mc3	TCGA-DF-A2KU:12:108961020:C	ISCU	P132S	P132
tcga_mc3	TCGA-DF-A2KU:12:122285013:G	HPD	S235F	S235
tcga_mc3	TCGA-DF-A2KU:12:5020812:G	KCNA1	D90N	D90
tcga_mc3	TCGA-DF-A2KU:12:53233575:C	KRT78	R414H	R414
tcga_mc3	TCGA-DF-A2KU:12:53849679:G	PCBP2	R46H	R46
tcga_mc3	TCGA-DF-A2KU:13:31725823:G	HSPH1	R196W	R196
tcga_mc3	TCGA-DF-A2KU:14:23994316:G	ZFHX2	S1612Y	S1612
tcga_mc3	TCGA-DF-A2KU:16:69745102:C	NQO1	R201Q	R201
tcga_mc3	TCGA-DF-A2KU:17:12655756:G	MYOCD	R384Q	R384
tcga_mc3	TCGA-DF-A2KU:17:80039635:G	FASN	T2083M	T2083
tcga_mc3	TCGA-DF-A2KU:19:46190949:C	SNRPD2	M73I	M73
tcga_mc3	TCGA-DF-A2KU:19:9524066:C	ZNF266	R512Q	R512
tcga_mc3	TCGA-DF-A2KU:1:226109743:G	PYCR2	R119C	R119
tcga_mc3	TCGA-DF-A2KU:1:243385111:C	CEP170	R37H	R37
tcga_mc3	TCGA-DF-A2KU:1:41474373:G	CTPS1	R479H	R479
tcga_mc3	TCGA-DF-A2KU:1:53516326:G	SCP2	A532T	A532
tcga_mc3	TCGA-DF-A2KU:1:97235334:G	PTBP2	R64Q	R64
tcga_mc3	TCGA-DF-A2KU:20:2308868:G	TGM3	R397H	R397
tcga_mc3	TCGA-DF-A2KU:20:39795345:G	PLCG1	R716H	R716
tcga_mc3	TCGA-DF-A2KU:20:55948793:C	RAE1	A275V	A275
tcga_mc3	TCGA-DF-A2KU:22:33253297:G	TIMP3	S89I	S89
tcga_mc3	TCGA-DF-A2KU:2:208477906:C	METTL21A	R174Q	R174
tcga_mc3	TCGA-DF-A2KU:2:27015103:C	CENPA	R69C	R69
tcga_mc3	TCGA-DF-A2KU:2:58358955:G	VRK2	R230Q	R230
tcga_mc3	TCGA-DF-A2KU:3:178916876:G	PIK3CA	R88Q	R88
tcga_mc3	TCGA-DF-A2KU:3:23960844:A	RPL15	H156R	H156
tcga_mc3	TCGA-DF-A2KU:3:44685350:G	ZNF197	D910Y	D910
tcga_mc3	TCGA-DF-A2KU:4:146029240:G	ABCE1	C88Y	C88
tcga_mc3	TCGA-DF-A2KU:5:118867007:G	HSD17B4	R634H	R634
tcga_mc3	TCGA-DF-A2KU:6:111214026:C	AMD1	S235L	S235
tcga_mc3	TCGA-DF-A2KU:6:22294697:G	PRL	R49C	R49
tcga_mc3	TCGA-DF-A2KU:7:87041263:C	ABCB4	R957Q	R957
tcga_mc3	TCGA-DF-A2KU:8:38274868:T	FGFR1	K540T	K540
tcga_mc3	TCGA-DF-A2KU:8:67357637:C	ADHFE1	P180S	P180
tcga_mc3	TCGA-DF-A2KU:8:94935129:G	PDP1	G281D	G281
tcga_mc3	TCGA-DF-A2KU:9:112151620:C	PTPN3	A716T	A716
tcga_mc3	TCGA-DF-A2KV:11:94212851:C	MRE11A	D131N	D131
tcga_mc3	TCGA-DF-A2KV:17:8172158:G	PFAS	W1230C	W1230
tcga_mc3	TCGA-DF-A2KV:18:44595969:C	KATNAL2	R336W	R336
tcga_mc3	TCGA-DF-A2KV:19:54080686:G	ZNF331	R291I	R291
tcga_mc3	TCGA-DF-A2KV:20:34263041:G	NFS1	R292W	R292
tcga_mc3	TCGA-DF-A2KV:3:178916890:C	PIK3CA	R93W	R93
tcga_mc3	TCGA-DF-A2KV:5:21975208:G	CDH12	S173Y	S173
tcga_mc3	TCGA-DF-A2KV:6:52662427:C	GSTA1	E32D	E32
tcga_mc3	TCGA-DF-A2KV:6:63990359:C	LGSN	R366Q	R366
tcga_mc3	TCGA-DF-A2KZ:19:12792444:A	DHPS	L46P	L46
tcga_mc3	TCGA-DF-A2KZ:1:110171331:C	AMPD2	R546C	R546
tcga_mc3	TCGA-DF-A2KZ:1:149783665:C	HIST2H2BF	E72K	E72
tcga_mc3	TCGA-DF-A2KZ:20:32267640:G	E2F1	R165W	R165
tcga_mc3	TCGA-DF-A2KZ:3:178952085:A	PIK3CA	H1047R	H1047
tcga_mc3	TCGA-DF-A2L0:10:123279677:G	FGFR2	S252W	S252
tcga_mc3	TCGA-DI-A0WH:14:95560464:C	DICER1	D1709N	D1709
tcga_mc3	TCGA-DI-A0WH:2:136566100:C	LCT	E1273K	E1273
tcga_mc3	TCGA-DI-A1BU:13:20012278:A	TPTE2	M330T	M330
tcga_mc3	TCGA-DI-A1BU:14:74532038:T	ALDH6A1	E417G	E417
tcga_mc3	TCGA-DI-A1BU:17:44828942:G	NSF	G706E	G706
tcga_mc3	TCGA-DI-A1BU:18:47806269:C	MBD1	D32N	D32
tcga_mc3	TCGA-DI-A1BU:19:39406941:G	SARS2	P392S	P392
tcga_mc3	TCGA-DI-A1BU:19:52716332:T	PPP2R1A	V259A	V259
tcga_mc3	TCGA-DI-A1BU:20:55967746:T	RBM38	C92R	C92
tcga_mc3	TCGA-DI-A1BU:22:42043068:C	XRCC6	S314R	S314
tcga_mc3	TCGA-DI-A1BU:2:96955087:A	SNRNP200	Y991H	Y991
tcga_mc3	TCGA-DI-A1BU:3:41268769:T	CTNNB1	L336P	L336
tcga_mc3	TCGA-DI-A1BU:5:137846307:G	ETF1	L344I	L344
tcga_mc3	TCGA-DI-A1BU:8:134108586:A	TG	D2514G	D2514
tcga_mc3	TCGA-DI-A1BU:9:96392287:T	PHF2	I45T	I45
tcga_mc3	TCGA-DI-A1BY:10:89692791:A	PTEN	D92V	D92
tcga_mc3	TCGA-DI-A1BY:3:178952085:A	PIK3CA	H1047R	H1047
tcga_mc3	TCGA-DI-A1NN:17:47696599:T	SPOP	M117V	M117
tcga_mc3	TCGA-DI-A2QT:4:153247168:T	FBXW7	Y545C	Y545
tcga_mc3	TCGA-DI-A2QU:19:52716326:G	PPP2R1A	W257L	W257
tcga_mc3	TCGA-DI-A2QY:19:49464071:T	BAX	L125P	L125
tcga_mc3	TCGA-DI-A2QY:19:52716081:G	PPP2R1A	E216K	E216
tcga_mc3	TCGA-DI-A2QY:19:52716318:C	PPP2R1A	D254E	D254
tcga_mc3	TCGA-DI-A2QY:5:140011757:C	CD14	R271T	R271
tcga_mc3	TCGA-E6-A1LX:10:131943533:G	GLRX3	E51K	E51
tcga_mc3	TCGA-E6-A1LX:10:5043726:C	AKR1C2	D78Y	D78
tcga_mc3	TCGA-E6-A1LX:10:61823971:G	ANK3	S4132Y	S4132
tcga_mc3	TCGA-E6-A1LX:10:89653806:T	PTEN	M35T	M35
tcga_mc3	TCGA-E6-A1LX:10:89692905:G	PTEN	R130Q	R130
tcga_mc3	TCGA-E6-A1LX:10:89711899:C	PTEN	R173C	R173
tcga_mc3	TCGA-E6-A1LX:10:94223575:G	IDE	R892C	R892
tcga_mc3	TCGA-E6-A1LX:11:28119446:G	KIF18A	R17C	R17
tcga_mc3	TCGA-E6-A1LX:11:82536067:C	PRCP	D458Y	D458
tcga_mc3	TCGA-E6-A1LX:12:104376924:C	TDG	R209C	R209
tcga_mc3	TCGA-E6-A1LX:12:16510603:G	MGST1	R64Q	R64
tcga_mc3	TCGA-E6-A1LX:13:33638093:C	KL	P937S	P937
tcga_mc3	TCGA-E6-A1LX:13:45976502:G	SLC25A30	R133W	R133
tcga_mc3	TCGA-E6-A1LX:14:24765737:C	DHRS1	D118Y	D118
tcga_mc3	TCGA-E6-A1LX:15:78577679:G	WDR61	S251L	S251
tcga_mc3	TCGA-E6-A1LX:15:81615264:G	STARD5	P42L	P42
tcga_mc3	TCGA-E6-A1LX:16:18794352:T	RPS15A	K124N	K124
tcga_mc3	TCGA-E6-A1LX:17:10614259:C	ADPRM	A276D	A276
tcga_mc3	TCGA-E6-A1LX:17:12655756:G	MYOCD	R384Q	R384
tcga_mc3	TCGA-E6-A1LX:17:18775959:C	PRPSAP2	S79L	S79
tcga_mc3	TCGA-E6-A1LX:17:62558908:G	SMURF2	S398F	S398
tcga_mc3	TCGA-E6-A1LX:18:18547870:C	ROCK1	R1012Q	R1012
tcga_mc3	TCGA-E6-A1LX:18:40323568:G	RIT2	R182C	R182
tcga_mc3	TCGA-E6-A1LX:19:12692248:C	ZNF490	R214I	R214
tcga_mc3	TCGA-E6-A1LX:19:16236343:C	RAB8A	R104C	R104
tcga_mc3	TCGA-E6-A1LX:19:3983141:C	EEF2	D123N	D123
tcga_mc3	TCGA-E6-A1LX:19:56935394:G	ZNF583	R456K	R456
tcga_mc3	TCGA-E6-A1LX:19:58437558:C	ZNF418	R664Q	R664
tcga_mc3	TCGA-E6-A1LX:19:6752629:G	SH2D3A	S569L	S569
tcga_mc3	TCGA-E6-A1LX:1:112303209:A	DDX20	N227H	N227
tcga_mc3	TCGA-E6-A1LX:1:113245695:C	RHOC	R68Q	R68
tcga_mc3	TCGA-E6-A1LX:1:200573037:C	KIF14	R598Q	R598
tcga_mc3	TCGA-E6-A1LX:1:203153734:G	CHI3L1	S95Y	S95
tcga_mc3	TCGA-E6-A1LX:1:208212233:G	PLXNA2	L1533I	L1533
tcga_mc3	TCGA-E6-A1LX:1:7863187:C	PER3	S317Y	S317
tcga_mc3	TCGA-E6-A1LX:20:43533689:C	YWHAB	R169C	R169
tcga_mc3	TCGA-E6-A1LX:21:43857658:G	UBASH3A	R485H	R485
tcga_mc3	TCGA-E6-A1LX:22:42042985:A	XRCC6	K287Q	K287
tcga_mc3	TCGA-E6-A1LX:2:127950707:C	CYP27C1	R322I	R322
tcga_mc3	TCGA-E6-A1LX:2:180835797:C	CWC22	E271K	E271
tcga_mc3	TCGA-E6-A1LX:2:202141586:C	CASP8	R233W	R233
tcga_mc3	TCGA-E6-A1LX:2:88478395:C	THNSL2	S222L	S222
tcga_mc3	TCGA-E6-A1LX:3:97686059:C	MINA	D127Y	D127
tcga_mc3	TCGA-E6-A1LX:4:128732660:C	HSPA4L	R483C	R483
tcga_mc3	TCGA-E6-A1LX:4:147104122:G	LSM6	G17R	G17
tcga_mc3	TCGA-E6-A1LX:4:151509256:C	LRBA	E2103K	E2103
tcga_mc3	TCGA-E6-A1LX:4:265585:C	ZNF732	R354I	R354
tcga_mc3	TCGA-E6-A1LX:4:70620910:C	SULT1B1	R9Q	R9
tcga_mc3	TCGA-E6-A1LX:5:131877546:T	IL5	E121A	E121
tcga_mc3	TCGA-E6-A1LX:5:176710827:C	NSD1	R2017W	R2017
tcga_mc3	TCGA-E6-A1LX:5:21975208:G	CDH12	S173Y	S173
tcga_mc3	TCGA-E6-A1LX:5:74892052:C	POLK	R512W	R512
tcga_mc3	TCGA-E6-A1LX:6:111214026:C	AMD1	S235L	S235
tcga_mc3	TCGA-E6-A1LX:6:133049911:G	VNN3	S169Y	S169
tcga_mc3	TCGA-E6-A1LX:6:161160215:G	PLG	D665N	D665
tcga_mc3	TCGA-E6-A1LX:6:52768517:C	GSTA3	E32D	E32
tcga_mc3	TCGA-E6-A1LX:6:63990807:C	LGSN	E217K	E217
tcga_mc3	TCGA-E6-A1LX:7:20682911:G	ABCB5	R140Q	R140
tcga_mc3	TCGA-E6-A1LX:8:109001362:G	RSPO2	R69C	R69
tcga_mc3	TCGA-E6-A1LX:8:9562213:G	TNKS	R383Q	R383
tcga_mc3	TCGA-E6-A1LX:9:112151620:C	PTPN3	A716T	A716
tcga_mc3	TCGA-E6-A1LX:9:128697762:G	PBX3	R240H	R240
tcga_mc3	TCGA-E6-A1LZ:11:8119293:G	TUB	K306N	K306
tcga_mc3	TCGA-E6-A1LZ:3:178936091:G	PIK3CA	E545K	E545
tcga_mc3	TCGA-E6-A1LZ:4:153247289:G	FBXW7	R505G	R505
tcga_mc3	TCGA-E6-A1M0:10:70673159:G	DDX50	R257Q	R257
tcga_mc3	TCGA-E6-A1M0:15:72143639:C	MYO9A	R2179Q	R2179
tcga_mc3	TCGA-E6-A1M0:17:47696636:G	SPOP	F104L	F104
tcga_mc3	TCGA-E6-A1M0:1:209905842:C	HSD11B1	F193L	F193
tcga_mc3	TCGA-E6-A1M0:2:64084990:C	UGP2	R59W	R59
tcga_mc3	TCGA-E6-A1M0:3:15604869:G	HACL1	A567V	A567
tcga_mc3	TCGA-E6-A1M0:3:182810273:C	MCCC1	R66H	R66
tcga_mc3	TCGA-E6-A1M0:5:74047232:C	GFM2	D131Y	D131
tcga_mc3	TCGA-E6-A1M0:7:57188172:C	ZNF479	R317I	R317
tcga_mc3	TCGA-E6-A1M0:9:94493204:C	ROR2	V391I	V391
tcga_mc3	TCGA-E6-A2P8:12:107393424:G	CRY1	R348C	R348
tcga_mc3	TCGA-E6-A2P8:14:50623738:T	SOS2	Y679C	Y679
tcga_mc3	TCGA-E6-A2P8:17:7577121:G	TP53	R273C	R273
tcga_mc3	TCGA-E6-A2P8:3:178916876:G	PIK3CA	R88Q	R88
tcga_mc3	TCGA-E6-A2P9:2:96953605:G	SNRNP200	R1121C	R1121
tcga_mc3	TCGA-E6-A2P9:9:101900329:C	TGFBR1	R255C	R255
tcga_mc3	TCGA-E6-A8L9:17:7578508:C	TP53	C141Y	C141
tcga_mc3	TCGA-EC-A1NJ:12:25398281:C	KRAS	G13D	G13
tcga_mc3	TCGA-EC-A1NJ:3:178936095:A	PIK3CA	Q546R	Q546
tcga_mc3	TCGA-EC-A1QX:17:37879658:G	ERBB2	R678Q	R678
tcga_mc3	TCGA-EC-A1QX:4:85623617:G	WDFY3	R2829C	R2829
tcga_mc3	TCGA-EC-A24G:10:89653808:G	PTEN	G36R	G36
tcga_mc3	TCGA-EC-A24G:12:112926248:G	PTPN11	A465T	A465
tcga_mc3	TCGA-EC-A24G:1:28861872:G	RCC1	R214H	R214
tcga_mc3	TCGA-EC-A24G:3:178916891:G	PIK3CA	R93Q	R93
tcga_mc3	TCGA-EC-A24G:4:155461841:G	PLRG1	R282W	R282
tcga_mc3	TCGA-EC-A24G:7:39726339:G	RALA	V25M	V25
tcga_mc3	TCGA-EO-A1Y5:4:153249385:G	FBXW7	R465C	R465
tcga_mc3	TCGA-EO-A1Y7:17:7577121:G	TP53	R273C	R273
tcga_mc3	TCGA-EO-A1Y8:17:7577559:G	TP53	S241C	S241
tcga_mc3	TCGA-EO-A1Y8:3:178936091:G	PIK3CA	E545K	E545
tcga_mc3	TCGA-EO-A22R:10:5041445:C	AKR1C2	D132Y	D132
tcga_mc3	TCGA-EO-A22R:12:107393424:G	CRY1	R348C	R348
tcga_mc3	TCGA-EO-A22R:12:18650568:C	PIK3C2G	R927C	R927
tcga_mc3	TCGA-EO-A22R:12:4398035:C	CCND2	S200L	S200
tcga_mc3	TCGA-EO-A22R:12:69985881:G	CCT2	R231Q	R231
tcga_mc3	TCGA-EO-A22R:13:37581205:A	EXOSC8	N162H	N162
tcga_mc3	TCGA-EO-A22R:14:75991449:G	BATF	R29K	R29
tcga_mc3	TCGA-EO-A22R:16:66919014:G	PDP2	G276E	G276
tcga_mc3	TCGA-EO-A22R:16:90001622:G	TUBB3	V255I	V255
tcga_mc3	TCGA-EO-A22R:18:29046540:G	DSG3	D487N	D487
tcga_mc3	TCGA-EO-A22R:18:45395775:C	SMAD2	R120Q	R120
tcga_mc3	TCGA-EO-A22R:19:33904512:G	PEPD	R237C	R237
tcga_mc3	TCGA-EO-A22R:19:34929616:C	UBA2	R176C	R176
tcga_mc3	TCGA-EO-A22R:19:52715979:C	PPP2R1A	R182W	R182
tcga_mc3	TCGA-EO-A22R:19:56935394:G	ZNF583	R456K	R456
tcga_mc3	TCGA-EO-A22R:1:150812098:C	ARNT	R102Q	R102
tcga_mc3	TCGA-EO-A22R:1:174973965:T	CACYBP	N77K	N77
tcga_mc3	TCGA-EO-A22R:1:200573037:C	KIF14	R598Q	R598
tcga_mc3	TCGA-EO-A22R:1:23848404:C	E2F2	R168H	R168
tcga_mc3	TCGA-EO-A22R:20:36993330:C	LBP	S282L	S282
tcga_mc3	TCGA-EO-A22R:20:4163222:G	SMOX	D366N	D366
tcga_mc3	TCGA-EO-A22R:21:37442688:G	CBR1	G92D	G92
tcga_mc3	TCGA-EO-A22R:21:42622808:C	BACE2	R372S	R372
tcga_mc3	TCGA-EO-A22R:22:20729845:T	USP41	D112G	D112
tcga_mc3	TCGA-EO-A22R:22:42525908:G	CYP2D6	R101W	R101
tcga_mc3	TCGA-EO-A22R:22:43894197:G	MPPED1	V239I	V239
tcga_mc3	TCGA-EO-A22R:2:157184969:C	NR4A2	R314H	R314
tcga_mc3	TCGA-EO-A22R:2:160176822:C	BAZ2B	R2154M	R2154
tcga_mc3	TCGA-EO-A22R:2:190922264:C	MSTN	R283H	R283
tcga_mc3	TCGA-EO-A22R:2:26257533:G	RAB10	G19E	G19
tcga_mc3	TCGA-EO-A22R:2:29016804:G	PPP1CB	E274K	E274
tcga_mc3	TCGA-EO-A22R:2:61715367:C	XPO1	R749Q	R749
tcga_mc3	TCGA-EO-A22R:2:84658721:C	SUCLG1	D246N	D246
tcga_mc3	TCGA-EO-A22R:3:112546080:C	CD200R1L	E147K	E147
tcga_mc3	TCGA-EO-A22R:3:16252734:G	GALNT15	E395K	E395
tcga_mc3	TCGA-EO-A22R:3:178916876:G	PIK3CA	R88Q	R88
tcga_mc3	TCGA-EO-A22R:3:81640208:C	GBE1	D406N	D406
tcga_mc3	TCGA-EO-A22R:4:103723791:T	UBE2D3	D42G	D42
tcga_mc3	TCGA-EO-A22R:4:153244092:G	FBXW7	R689W	R689
tcga_mc3	TCGA-EO-A22R:5:118877679:C	HSD17B4	A734V	A734
tcga_mc3	TCGA-EO-A22R:6:26184378:G	HIST1H2BE	V119I	V119
tcga_mc3	TCGA-EO-A22R:7:1024874:G	CYP2W1	R187Q	R187
tcga_mc3	TCGA-EO-A22R:7:151805245:G	GALNT11	A279T	A279
tcga_mc3	TCGA-EO-A22R:8:131165047:G	ASAP1	R339W	R339
tcga_mc3	TCGA-EO-A22R:8:30924636:A	WRN	S198R	S198
tcga_mc3	TCGA-EO-A22R:8:38002748:C	STAR	D246N	D246
tcga_mc3	TCGA-EO-A22R:8:9562213:G	TNKS	R383Q	R383
tcga_mc3	TCGA-EO-A22R:9:136910513:C	BRD3	A373T	A373
tcga_mc3	TCGA-EO-A22R:9:37711381:C	FRMPD1	R133C	R133
tcga_mc3	TCGA-EO-A22S:12:25398284:C	KRAS	G12D	G12
tcga_mc3	TCGA-EO-A22S:3:178936091:G	PIK3CA	E545K	E545
tcga_mc3	TCGA-EO-A22S:4:39506050:C	UGDH	W417L	W417
tcga_mc3	TCGA-EO-A22T:19:3979991:C	EEF2	G474C	G474
tcga_mc3	TCGA-EO-A22T:1:26607370:G	SH3BGRL3	G55C	G55
tcga_mc3	TCGA-EO-A22T:20:40086050:G	CHD6	R895C	R895
tcga_mc3	TCGA-EO-A22T:9:113530177:C	MUSK	A333D	A333
tcga_mc3	TCGA-EO-A22U:10:5242193:G	AKR1C4	G45D	G45
tcga_mc3	TCGA-EO-A22U:10:73579310:C	PSAP	R421H	R421
tcga_mc3	TCGA-EO-A22U:10:7844756:C	ATP5C1	R277C	R277
tcga_mc3	TCGA-EO-A22U:10:89711899:C	PTEN	R173C	R173
tcga_mc3	TCGA-EO-A22U:11:113802114:G	HTR3B	E74D	E74
tcga_mc3	TCGA-EO-A22U:11:57099224:G	SSRP1	R381C	R381
tcga_mc3	TCGA-EO-A22U:11:61563054:T	FEN1	M74T	M74
tcga_mc3	TCGA-EO-A22U:12:5020812:G	KCNA1	D90N	D90
tcga_mc3	TCGA-EO-A22U:12:93788407:G	NUDT4	R41Q	R41
tcga_mc3	TCGA-EO-A22U:14:20915662:C	OSGEP	G296E	G296
tcga_mc3	TCGA-EO-A22U:14:65544747:C	MAX	R60Q	R60
tcga_mc3	TCGA-EO-A22U:15:38818545:C	RASGRP1	R94Q	R94
tcga_mc3	TCGA-EO-A22U:15:66855937:C	LCTL	E133K	E133
tcga_mc3	TCGA-EO-A22U:16:2257345:C	MLST8	T191I	T191
tcga_mc3	TCGA-EO-A22U:16:69745102:C	NQO1	R201Q	R201
tcga_mc3	TCGA-EO-A22U:17:46022973:C	PNPO	R138C	R138
tcga_mc3	TCGA-EO-A22U:18:32949291:C	ZNF396	R299Q	R299
tcga_mc3	TCGA-EO-A22U:19:10368919:G	MRPL4	R156Q	R156
tcga_mc3	TCGA-EO-A22U:19:16236343:C	RAB8A	R104C	R104
tcga_mc3	TCGA-EO-A22U:19:38910592:G	RASGRP4	R191C	R191
tcga_mc3	TCGA-EO-A22U:19:41522580:G	CYP2B6	A442T	A442
tcga_mc3	TCGA-EO-A22U:19:49459487:G	BAX	R89Q	R89
tcga_mc3	TCGA-EO-A22U:19:6501342:G	TUBB4A	S78Y	S78
tcga_mc3	TCGA-EO-A22U:19:8046013:G	ELAVL1	A77V	A77
tcga_mc3	TCGA-EO-A22U:1:183262857:C	NMNAT2	D53N	D53
tcga_mc3	TCGA-EO-A22U:1:200573037:C	KIF14	R598Q	R598
tcga_mc3	TCGA-EO-A22U:1:201287900:C	PKP1	F403L	F403
tcga_mc3	TCGA-EO-A22U:1:46032281:G	AKR1A1	R42H	R42
tcga_mc3	TCGA-EO-A22U:1:78001641:C	AK5	T513I	T513
tcga_mc3	TCGA-EO-A22U:20:60884502:C	LAMA5	A3660T	A3660
tcga_mc3	TCGA-EO-A22U:21:44185549:C	PDE9A	S434Y	S434
tcga_mc3	TCGA-EO-A22U:22:41907881:A	ACO2	D145G	D145
tcga_mc3	TCGA-EO-A22U:2:109292356:C	LIMS1	R173W	R173
tcga_mc3	TCGA-EO-A22U:2:143713826:G	KYNU	A164T	A164
tcga_mc3	TCGA-EO-A22U:2:157184969:C	NR4A2	R314H	R314
tcga_mc3	TCGA-EO-A22U:2:200803696:C	TYW5	R149Q	R149
tcga_mc3	TCGA-EO-A22U:2:20455056:C	PUM2	R892H	R892
tcga_mc3	TCGA-EO-A22U:2:44428936:C	PPM1B	R200C	R200
tcga_mc3	TCGA-EO-A22U:2:64084990:C	UGP2	R59W	R59
tcga_mc3	TCGA-EO-A22U:3:112546085:G	CD200R1L	T145I	T145
tcga_mc3	TCGA-EO-A22U:3:133475801:G	TF	R273Q	R273
tcga_mc3	TCGA-EO-A22U:3:178916890:C	PIK3CA	R93W	R93
tcga_mc3	TCGA-EO-A22U:3:41274877:G	CTNNB1	R376H	R376
tcga_mc3	TCGA-EO-A22U:3:69113243:C	UBA3	D150Y	D150
tcga_mc3	TCGA-EO-A22U:3:81698105:C	GBE1	R198I	R198
tcga_mc3	TCGA-EO-A22U:3:89498433:C	EPHA3	T802M	T802
tcga_mc3	TCGA-EO-A22U:4:158281090:C	GRIA2	R696W	R696
tcga_mc3	TCGA-EO-A22U:4:39506049:C	UGDH	W417C	W417
tcga_mc3	TCGA-EO-A22U:4:71698864:C	GRSF1	R214H	R214
tcga_mc3	TCGA-EO-A22U:4:83987668:G	COPS4	E322K	E322
tcga_mc3	TCGA-EO-A22U:5:14508155:C	TRIO	S2973L	S2973
tcga_mc3	TCGA-EO-A22U:5:149276035:C	PDE6A	E502K	E502
tcga_mc3	TCGA-EO-A22U:5:172396459:T	RPL26L1	I118S	I118
tcga_mc3	TCGA-EO-A22U:6:31779382:G	HSPA1L	S123L	S123
tcga_mc3	TCGA-EO-A22U:6:63990831:C	LGSN	D209Y	D209
tcga_mc3	TCGA-EO-A22U:6:80746270:C	TTK	A668G	A668
tcga_mc3	TCGA-EO-A22U:7:149986663:C	ACTR3C	G58V	G58
tcga_mc3	TCGA-EO-A22U:7:57188088:C	ZNF479	R345I	R345
tcga_mc3	TCGA-EO-A22U:7:65551751:G	ASL	R182Q	R182
tcga_mc3	TCGA-EO-A22U:7:72743429:C	FKBP6	P81H	P81
tcga_mc3	TCGA-EO-A22U:7:87041263:C	ABCB4	R957Q	R957
tcga_mc3	TCGA-EO-A22U:9:116359117:G	RGS3	D1161N	D1161
tcga_mc3	TCGA-EO-A22U:9:33900178:G	UBE2R2	D91Y	D91
tcga_mc3	TCGA-EO-A22U:9:37711381:C	FRMPD1	R133C	R133
tcga_mc3	TCGA-EO-A22X:10:27040543:C	ABI1	K445N	K445
tcga_mc3	TCGA-EO-A22X:10:70673159:G	DDX50	R257Q	R257
tcga_mc3	TCGA-EO-A22X:10:89692905:G	PTEN	R130Q	R130
tcga_mc3	TCGA-EO-A22X:11:110143338:C	RDX	V7I	V7
tcga_mc3	TCGA-EO-A22X:11:28119446:G	KIF18A	R17C	R17
tcga_mc3	TCGA-EO-A22X:11:3380494:C	ZNF195	E582K	E582
tcga_mc3	TCGA-EO-A22X:11:64419615:C	NRXN2	E810K	E810
tcga_mc3	TCGA-EO-A22X:12:5020812:G	KCNA1	D90N	D90
tcga_mc3	TCGA-EO-A22X:12:79747315:C	SYT1	R282C	R282
tcga_mc3	TCGA-EO-A22X:13:31725823:G	HSPH1	R196W	R196
tcga_mc3	TCGA-EO-A22X:14:23992889:G	ZFHX2	R2088S	R2088
tcga_mc3	TCGA-EO-A22X:14:75928170:G	JDP2	K81N	K81
tcga_mc3	TCGA-EO-A22X:14:75991472:C	BATF	R37C	R37
tcga_mc3	TCGA-EO-A22X:15:43109262:G	TTBK2	R191C	R191
tcga_mc3	TCGA-EO-A22X:15:72143639:C	MYO9A	R2179Q	R2179
tcga_mc3	TCGA-EO-A22X:18:54281690:G	TXNL1	R234C	R234
tcga_mc3	TCGA-EO-A22X:18:61305037:G	SERPINB4	F363L	F363
tcga_mc3	TCGA-EO-A22X:18:72247400:G	CNDP1	R401I	R401
tcga_mc3	TCGA-EO-A22X:19:3155938:G	GNA15	E244D	E244
tcga_mc3	TCGA-EO-A22X:1:109774345:C	SARS	F228L	F228
tcga_mc3	TCGA-EO-A22X:1:38304298:G	MTF1	R260W	R260
tcga_mc3	TCGA-EO-A22X:20:36993330:C	LBP	S282L	S282
tcga_mc3	TCGA-EO-A22X:21:44185577:C	PDE9A	D443E	D443
tcga_mc3	TCGA-EO-A22X:22:19222139:G	CLTCL1	R354C	R354
tcga_mc3	TCGA-EO-A22X:22:22041947:G	PPIL2	E305K	E305
tcga_mc3	TCGA-EO-A22X:22:24036039:C	RGL4	R264C	R264
tcga_mc3	TCGA-EO-A22X:2:109400323:G	RANBP2	R3214Q	R3214
tcga_mc3	TCGA-EO-A22X:2:121036307:G	RALB	G23R	G23
tcga_mc3	TCGA-EO-A22X:2:127950707:C	CYP27C1	R322I	R322
tcga_mc3	TCGA-EO-A22X:2:136566100:C	LCT	E1273K	E1273
tcga_mc3	TCGA-EO-A22X:2:141128375:G	LRP1B	R3638W	R3638
tcga_mc3	TCGA-EO-A22X:2:149793838:G	KIF5C	R111Q	R111
tcga_mc3	TCGA-EO-A22X:2:173891969:T	RAPGEF4	F847C	F847
tcga_mc3	TCGA-EO-A22X:2:217054974:G	XRCC5	E621K	E621
tcga_mc3	TCGA-EO-A22X:2:242430520:C	FARP2	A850V	A850
tcga_mc3	TCGA-EO-A22X:2:88478395:C	THNSL2	S222L	S222
tcga_mc3	TCGA-EO-A22X:3:139098268:C	COPB2	R61Q	R61
tcga_mc3	TCGA-EO-A22X:3:178916876:G	PIK3CA	R88Q	R88
tcga_mc3	TCGA-EO-A22X:3:3144448:G	IL5RA	L47I	L47
tcga_mc3	TCGA-EO-A22X:3:37388731:G	GOLGA4	E2174K	E2174
tcga_mc3	TCGA-EO-A22X:3:44685350:G	ZNF197	D910Y	D910
tcga_mc3	TCGA-EO-A22X:4:153249384:C	FBXW7	R465H	R465
tcga_mc3	TCGA-EO-A22X:4:2833695:G	SH3BP2	E466K	E466
tcga_mc3	TCGA-EO-A22X:4:74283943:C	ALB	P523S	P523
tcga_mc3	TCGA-EO-A22X:5:55259989:C	IL6ST	D215Y	D215
tcga_mc3	TCGA-EO-A22X:6:31779382:G	HSPA1L	S123L	S123
tcga_mc3	TCGA-EO-A22X:6:63990807:C	LGSN	E217K	E217
tcga_mc3	TCGA-EO-A22X:7:148494941:C	CUL1	S646L	S646
tcga_mc3	TCGA-EO-A22X:7:20721180:G	ABCB5	R587Q	R587
tcga_mc3	TCGA-EO-A22X:7:64168878:C	ZNF107	F732L	F732
tcga_mc3	TCGA-EO-A22X:8:38002748:C	STAR	D246N	D246
tcga_mc3	TCGA-EO-A22X:8:86114416:G	E2F5	R90I	R90
tcga_mc3	TCGA-EO-A22X:8:95416359:C	RAD54B	R297Q	R297
tcga_mc3	TCGA-EO-A2CH:17:7577114:C	TP53	C275F	C275
tcga_mc3	TCGA-EO-A2CH:19:52715971:C	PPP2R1A	P179R	P179
tcga_mc3	TCGA-EO-A3AU:12:53691694:T	PFDN5	Y90H	Y90
tcga_mc3	TCGA-EO-A3AU:14:65544747:C	MAX	R60Q	R60
tcga_mc3	TCGA-EO-A3AU:16:2012648:G	RPS2	R187C	R187
tcga_mc3	TCGA-EO-A3AV:10:25313735:G	THNSL1	R528Q	R528
tcga_mc3	TCGA-EO-A3AV:10:89720870:T	PTEN	F341V	F341
tcga_mc3	TCGA-EO-A3AV:12:53849679:G	PCBP2	R46H	R46
tcga_mc3	TCGA-EO-A3AV:15:45658330:C	GATM	D298Y	D298
tcga_mc3	TCGA-EO-A3AV:16:8906942:C	PMM2	F206L	F206
tcga_mc3	TCGA-EO-A3AV:17:53852187:A	PCTP	Q182H	Q182
tcga_mc3	TCGA-EO-A3AV:18:48591919:G	SMAD4	R361H	R361
tcga_mc3	TCGA-EO-A3AV:18:63477219:G	CDH7	E164K	E164
tcga_mc3	TCGA-EO-A3AV:19:43708205:C	PSG4	R88I	R88
tcga_mc3	TCGA-EO-A3AV:19:44980824:C	ZNF180	R625I	R625
tcga_mc3	TCGA-EO-A3AV:19:8386851:C	RPS28	F34L	F34
tcga_mc3	TCGA-EO-A3AV:1:104122102:C	AMY2B	H506N	H506
tcga_mc3	TCGA-EO-A3AV:20:2308868:G	TGM3	R397H	R397
tcga_mc3	TCGA-EO-A3AV:4:120987821:G	MAD2L1	F23L	F23
tcga_mc3	TCGA-EO-A3AV:4:122605887:C	ANXA5	R45Q	R45
tcga_mc3	TCGA-EO-A3AV:5:161318045:G	GABRA1	R282I	R282
tcga_mc3	TCGA-EO-A3AV:6:107100203:C	QRSL1	S226L	S226
tcga_mc3	TCGA-EO-A3AV:6:24698295:C	ACOT13	T89M	T89
tcga_mc3	TCGA-EO-A3AV:6:39682534:C	KIF6	R62I	R62
tcga_mc3	TCGA-EO-A3AV:7:99668860:C	ZNF3	R416I	R416
tcga_mc3	TCGA-EO-A3AV:8:134108577:C	TG	S2511Y	S2511
tcga_mc3	TCGA-EO-A3AV:8:142441034:C	PTP4A3	R138C	R138
tcga_mc3	TCGA-EO-A3AV:8:74939065:A	LY96	K125Q	K125
tcga_mc3	TCGA-EO-A3AY:10:70673159:G	DDX50	R257Q	R257
tcga_mc3	TCGA-EO-A3AY:11:20483589:G	PRMT3	R379I	R379
tcga_mc3	TCGA-EO-A3AY:12:124111638:C	EIF2B1	K145N	K145
tcga_mc3	TCGA-EO-A3AY:2:217054974:G	XRCC5	E621K	E621
tcga_mc3	TCGA-EO-A3AY:2:238234251:C	COL6A3	E3149K	E3149
tcga_mc3	TCGA-EO-A3AY:2:9728410:T	YWHAQ	S156R	S156
tcga_mc3	TCGA-EO-A3AY:4:188924697:C	ZFP42	R246W	R246
tcga_mc3	TCGA-EO-A3AY:5:149276035:C	PDE6A	E502K	E502
tcga_mc3	TCGA-EO-A3AY:5:68470917:C	CCNB1	R307W	R307
tcga_mc3	TCGA-EO-A3AY:6:26091204:G	HFE	R71Q	R71
tcga_mc3	TCGA-EO-A3AY:6:39682534:C	KIF6	R62I	R62
tcga_mc3	TCGA-EO-A3AY:6:42178248:C	MRPS10	R137I	R137
tcga_mc3	TCGA-EO-A3AY:7:121682775:G	PTPRZ1	R1972I	R1972
tcga_mc3	TCGA-EO-A3AY:7:141445301:G	SSBP1	R107Q	R107
tcga_mc3	TCGA-EO-A3AY:7:150554840:C	AOC1	R428W	R428
tcga_mc3	TCGA-EO-A3AZ:17:29585518:A	NF1	K1444E	K1444
tcga_mc3	TCGA-EO-A3AZ:18:47015857:G	RPL17	R127C	R127
tcga_mc3	TCGA-EO-A3AZ:20:2641568:C	IDH3B	D129N	D129
tcga_mc3	TCGA-EO-A3AZ:2:170663379:A	SSB	R144G	R144
tcga_mc3	TCGA-EO-A3AZ:2:190922264:C	MSTN	R283H	R283
tcga_mc3	TCGA-EO-A3AZ:4:85623617:G	WDFY3	R2829C	R2829
tcga_mc3	TCGA-EO-A3AZ:6:63995532:C	LGSN	G97D	G97
tcga_mc3	TCGA-EO-A3B0:10:112057406:T	SMNDC1	E115A	E115
tcga_mc3	TCGA-EO-A3B0:10:89692905:G	PTEN	R130Q	R130
tcga_mc3	TCGA-EO-A3B0:11:11373834:C	CSNK2A3	R278Q	R278
tcga_mc3	TCGA-EO-A3B0:11:20483589:G	PRMT3	R379I	R379
tcga_mc3	TCGA-EO-A3B0:12:49108230:C	CCNT1	G80E	G80
tcga_mc3	TCGA-EO-A3B0:12:51733658:G	CELA1	R199C	R199
tcga_mc3	TCGA-EO-A3B0:13:21006284:C	CRYL1	R197H	R197
tcga_mc3	TCGA-EO-A3B0:13:33638031:C	KL	S916L	S916
tcga_mc3	TCGA-EO-A3B0:15:58430854:C	AQP9	F30L	F30
tcga_mc3	TCGA-EO-A3B0:15:66855937:C	LCTL	E133K	E133
tcga_mc3	TCGA-EO-A3B0:15:89442725:C	MFGE8	K355N	K355
tcga_mc3	TCGA-EO-A3B0:17:4836490:G	GP1BA	E197D	E197
tcga_mc3	TCGA-EO-A3B0:18:44595969:C	KATNAL2	R336W	R336
tcga_mc3	TCGA-EO-A3B0:18:48703649:C	MEX3C	R351I	R351
tcga_mc3	TCGA-EO-A3B0:19:18313354:C	RAB3A	R66H	R66
tcga_mc3	TCGA-EO-A3B0:19:38125901:C	ZFP30	R514Q	R514
tcga_mc3	TCGA-EO-A3B0:19:48387019:G	SULT2A1	L54I	L54
tcga_mc3	TCGA-EO-A3B0:19:56935562:G	ZNF583	R512I	R512
tcga_mc3	TCGA-EO-A3B0:19:58437558:C	ZNF418	R664Q	R664
tcga_mc3	TCGA-EO-A3B0:1:109779016:C	SARS	S368Y	S368
tcga_mc3	TCGA-EO-A3B0:1:111773879:C	CHI3L2	L98I	L98
tcga_mc3	TCGA-EO-A3B0:1:18962743:C	PAX7	S155L	S155
tcga_mc3	TCGA-EO-A3B0:1:209905842:C	HSD11B1	F193L	F193
tcga_mc3	TCGA-EO-A3B0:1:38304298:G	MTF1	R260W	R260
tcga_mc3	TCGA-EO-A3B0:1:97235334:G	PTBP2	R64Q	R64
tcga_mc3	TCGA-EO-A3B0:20:4163222:G	SMOX	D366N	D366
tcga_mc3	TCGA-EO-A3B0:21:44185540:T	PDE9A	I431S	I431
tcga_mc3	TCGA-EO-A3B0:22:22041947:G	PPIL2	E305K	E305
tcga_mc3	TCGA-EO-A3B0:2:173891969:T	RAPGEF4	F847C	F847
tcga_mc3	TCGA-EO-A3B0:2:174047608:G	MLTK	D92Y	D92
tcga_mc3	TCGA-EO-A3B0:2:175094109:C	OLA1	D58Y	D58
tcga_mc3	TCGA-EO-A3B0:2:210874431:G	RPE	R58Q	R58
tcga_mc3	TCGA-EO-A3B0:2:65561879:T	SPRED2	D78G	D78
tcga_mc3	TCGA-EO-A3B0:3:81698105:C	GBE1	R198I	R198
tcga_mc3	TCGA-EO-A3B0:4:102001706:T	PPP3CA	D313A	D313
tcga_mc3	TCGA-EO-A3B0:4:108944712:C	HADH	S210Y	S210
tcga_mc3	TCGA-EO-A3B0:4:120987821:G	MAD2L1	F23L	F23
tcga_mc3	TCGA-EO-A3B0:4:155510004:G	FGA	S102Y	S102
tcga_mc3	TCGA-EO-A3B0:4:159642497:C	PPID	R75Q	R75
tcga_mc3	TCGA-EO-A3B0:4:48230575:C	TEC	K19N	K19
tcga_mc3	TCGA-EO-A3B0:5:137846309:A	ETF1	I343S	I343
tcga_mc3	TCGA-EO-A3B0:5:64887675:C	TRIM23	R549Q	R549
tcga_mc3	TCGA-EO-A3B0:6:6225075:C	F13A1	E273K	E273
tcga_mc3	TCGA-EO-A3B0:7:129040169:G	AHCYL2	D288Y	D288
tcga_mc3	TCGA-EO-A3B0:7:151188085:G	RHEB	T23M	T23
tcga_mc3	TCGA-EO-A3B0:7:151805245:G	GALNT11	A279T	A279
tcga_mc3	TCGA-EO-A3B0:7:57188172:C	ZNF479	R317I	R317
tcga_mc3	TCGA-EO-A3B0:7:80091924:C	GNAT3	R205K	R205
tcga_mc3	TCGA-EO-A3B0:7:99668860:C	ZNF3	R416I	R416
tcga_mc3	TCGA-EO-A3B0:8:134125730:C	TG	S2546Y	S2546
tcga_mc3	TCGA-EO-A3B0:8:74939065:A	LY96	K125Q	K125
tcga_mc3	TCGA-EO-A3B1:19:52715971:C	PPP2R1A	P179R	P179
tcga_mc3	TCGA-EO-A3KW:19:52715982:C	PPP2R1A	R183W	R183
tcga_mc3	TCGA-EO-A3KX:10:101636972:G	DNMBP	A1557D	A1557
tcga_mc3	TCGA-EO-A3KX:12:48258942:C	VDR	K55N	K55
tcga_mc3	TCGA-EO-A3KX:16:21288792:G	CRYM	T95I	T95
tcga_mc3	TCGA-EO-A3KX:9:133342128:G	ASS1	R146K	R146
tcga_mc3	TCGA-EO-A3L0:10:89692904:C	PTEN	R130G	R130
tcga_mc3	TCGA-EO-A3L0:3:178921548:G	PIK3CA	V344M	V344
tcga_mc3	TCGA-EY-A1GC:17:7577121:G	TP53	R273C	R273
tcga_mc3	TCGA-EY-A1GC:19:52715971:C	PPP2R1A	P179L	P179
tcga_mc3	TCGA-EY-A1GD:12:25398284:C	KRAS	G12D	G12
tcga_mc3	TCGA-EY-A1GD:12:53233575:C	KRT78	R414H	R414
tcga_mc3	TCGA-EY-A1GD:14:95560476:C	DICER1	E1705K	E1705
tcga_mc3	TCGA-EY-A1GD:2:27465263:C	CAD	R2064C	R2064
tcga_mc3	TCGA-EY-A1GE:10:89692904:C	PTEN	R130G	R130
tcga_mc3	TCGA-EY-A1GE:3:178936094:C	PIK3CA	Q546K	Q546
tcga_mc3	TCGA-EY-A1GF:10:89692905:G	PTEN	R130Q	R130
tcga_mc3	TCGA-EY-A1GH:10:89692904:C	PTEN	R130G	R130
tcga_mc3	TCGA-EY-A1GI:10:25313206:G	THNSL1	D352Y	D352
tcga_mc3	TCGA-EY-A1GI:11:122669709:C	UBASH3B	R473C	R473
tcga_mc3	TCGA-EY-A1GI:11:48175418:G	PTPRJ	R1070H	R1070
tcga_mc3	TCGA-EY-A1GI:11:82549607:C	PRCP	E366K	E366
tcga_mc3	TCGA-EY-A1GI:12:15742501:C	PTPRO	R1175W	R1175
tcga_mc3	TCGA-EY-A1GI:13:33638031:C	KL	S916L	S916
tcga_mc3	TCGA-EY-A1GI:13:45976502:G	SLC25A30	R133W	R133
tcga_mc3	TCGA-EY-A1GI:14:103918266:G	MARK3	E120K	E120
tcga_mc3	TCGA-EY-A1GI:14:21816377:G	RPGRIP1	E1222K	E1222
tcga_mc3	TCGA-EY-A1GI:15:58430854:C	AQP9	F30L	F30
tcga_mc3	TCGA-EY-A1GI:16:3367520:G	ZNF75A	R181I	R181
tcga_mc3	TCGA-EY-A1GI:16:69745102:C	NQO1	R201Q	R201
tcga_mc3	TCGA-EY-A1GI:17:4836490:G	GP1BA	E197D	E197
tcga_mc3	TCGA-EY-A1GI:18:45395775:C	SMAD2	R120Q	R120
tcga_mc3	TCGA-EY-A1GI:19:12692248:C	ZNF490	R214I	R214
tcga_mc3	TCGA-EY-A1GI:1:111773879:C	CHI3L2	L98I	L98
tcga_mc3	TCGA-EY-A1GI:1:228556547:C	OBSCN	S6631F	S6631
tcga_mc3	TCGA-EY-A1GI:22:17630587:G	CECR5	R59W	R59
tcga_mc3	TCGA-EY-A1GI:2:113308539:G	POLR1B	R241Q	R241
tcga_mc3	TCGA-EY-A1GI:2:191841736:G	STAT1	A630V	A630
tcga_mc3	TCGA-EY-A1GI:2:88478395:C	THNSL2	S222L	S222
tcga_mc3	TCGA-EY-A1GI:3:138426123:C	PIK3CB	E470K	E470
tcga_mc3	TCGA-EY-A1GI:4:188924697:C	ZFP42	R246W	R246
tcga_mc3	TCGA-EY-A1GI:5:149631587:G	CAMK2A	R186W	R186
tcga_mc3	TCGA-EY-A1GI:6:49403270:C	MUT	A675T	A675
tcga_mc3	TCGA-EY-A1GI:7:20682911:G	ABCB5	R140Q	R140
tcga_mc3	TCGA-EY-A1GI:7:45931541:G	IGFBP1	R177Q	R177
tcga_mc3	TCGA-EY-A1GJ:17:7577120:C	TP53	R273H	R273
tcga_mc3	TCGA-EY-A1GJ:19:52715982:C	PPP2R1A	R183G	R183
tcga_mc3	TCGA-EY-A1GK:10:89692904:C	PTEN	R130G	R130
tcga_mc3	TCGA-EY-A1GK:12:21788585:C	LDHB	R299Q	R299
tcga_mc3	TCGA-EY-A1GK:12:53879146:G	MAP3K12	P279H	P279
tcga_mc3	TCGA-EY-A1GM:4:153247288:C	FBXW7	R505H	R505
tcga_mc3	TCGA-EY-A1GO:12:25398284:C	KRAS	G12V	G12
tcga_mc3	TCGA-EY-A1GO:7:56156559:G	PHKG1	L26M	L26
tcga_mc3	TCGA-EY-A1GP:3:178952085:A	PIK3CA	H1047L	H1047
tcga_mc3	TCGA-EY-A1GQ:10:89692922:T	PTEN	C136R	C136
tcga_mc3	TCGA-EY-A1GQ:3:49136103:C	QARS	R629H	R629
tcga_mc3	TCGA-EY-A1GQ:8:65527672:T	CYP7B1	D323V	D323
tcga_mc3	TCGA-EY-A1GR:17:7578406:C	TP53	R175H	R175
tcga_mc3	TCGA-EY-A1GS:20:35563532:C	SAMHD1	D137H	D137
tcga_mc3	TCGA-EY-A1GT:10:89692904:C	PTEN	R130G	R130
tcga_mc3	TCGA-EY-A1GT:12:25398284:C	KRAS	G12V	G12
tcga_mc3	TCGA-EY-A1GT:14:69378896:G	ACTN1	A135V	A135
tcga_mc3	TCGA-EY-A1GT:19:12792432:C	DHPS	G50V	G50
tcga_mc3	TCGA-EY-A1GU:10:123279677:G	FGFR2	S252W	S252
tcga_mc3	TCGA-EY-A1GU:12:25398284:C	KRAS	G12D	G12
tcga_mc3	TCGA-EY-A1GU:14:65544747:C	MAX	R60Q	R60
tcga_mc3	TCGA-EY-A1GU:20:34240478:C	RBM12	G923C	G923
tcga_mc3	TCGA-EY-A1GU:2:242430515:C	FARP2	N848K	N848
tcga_mc3	TCGA-EY-A1GU:2:65488393:C	ACTR2	R250C	R250
tcga_mc3	TCGA-EY-A1GU:3:178916726:G	PIK3CA	R38H	R38
tcga_mc3	TCGA-EY-A1GW:10:89692887:G	PTEN	C124F	C124
tcga_mc3	TCGA-EY-A1GW:10:89692888:T	PTEN	C124W	C124
tcga_mc3	TCGA-EY-A1GW:17:7578508:C	TP53	C141Y	C141
tcga_mc3	TCGA-EY-A1H0:10:15120537:C	ACBD7	G87R	G87
tcga_mc3	TCGA-EY-A1H0:12:25398284:C	KRAS	G12A	G12
tcga_mc3	TCGA-EY-A1H0:3:178916725:C	PIK3CA	R38C	R38
tcga_mc3	TCGA-EY-A214:12:25398284:C	KRAS	G12V	G12
tcga_mc3	TCGA-EY-A214:3:178952077:T	PIK3CA	N1044K	N1044
tcga_mc3	TCGA-EY-A215:12:58174291:G	METTL21B	K181N	K181
tcga_mc3	TCGA-EY-A215:14:23444280:C	AJUBA	G425C	G425
tcga_mc3	TCGA-EY-A215:14:60756587:G	PPM1A	S339I	S339
tcga_mc3	TCGA-EY-A215:15:78568044:G	DNAJA4	R284Q	R284
tcga_mc3	TCGA-EY-A215:16:2168059:C	PKD1	A312T	A312
tcga_mc3	TCGA-EY-A215:16:29989451:G	TAOK2	K58N	K58
tcga_mc3	TCGA-EY-A215:17:21208412:C	MAP2K3	S249F	S249
tcga_mc3	TCGA-EY-A215:19:8046013:G	ELAVL1	A77V	A77
tcga_mc3	TCGA-EY-A215:2:219449402:C	RQCD1	R130C	R130
tcga_mc3	TCGA-EY-A215:8:22862972:C	RHOBTB2	R94C	R94
tcga_mc3	TCGA-EY-A2OM:10:89692904:C	PTEN	R130G	R130
tcga_mc3	TCGA-EY-A2OM:3:178916876:G	PIK3CA	R88Q	R88
tcga_mc3	TCGA-EY-A2OO:12:25398285:C	KRAS	G12S	G12
tcga_mc3	TCGA-EY-A2OO:19:52715982:C	PPP2R1A	R183W	R183
tcga_mc3	TCGA-EY-A2OP:17:46022973:C	PNPO	R138C	R138
tcga_mc3	TCGA-EY-A2OP:3:178952085:A	PIK3CA	H1047R	H1047
tcga_mc3	TCGA-EY-A2OP:4:153247366:C	FBXW7	R479Q	R479
tcga_mc3	TCGA-EY-A2OP:8:142441034:C	PTP4A3	R138C	R138
tcga_mc3	TCGA-EY-A2OQ:19:52716085:A	PPP2R1A	Q217R	Q217
tcga_mc3	TCGA-EY-A3L3:17:7574026:C	TP53	G334V	G334
tcga_mc3	TCGA-EY-A3L3:4:153249384:C	FBXW7	R465H	R465
tcga_mc3	TCGA-EY-A3QX:14:24738882:C	RABGGTA	R149Q	R149
tcga_mc3	TCGA-EY-A3QX:17:7577120:C	TP53	R273L	R273
tcga_mc3	TCGA-EY-A4KR:17:7577539:G	TP53	R248W	R248
tcga_mc3	TCGA-EY-A547:17:7577538:C	TP53	R248Q	R248
tcga_mc3	TCGA-EY-A548:12:25398284:C	KRAS	G12D	G12
tcga_mc3	TCGA-EY-A548:14:95560476:C	DICER1	E1705K	E1705
tcga_mc3	TCGA-EY-A54A:4:153249384:C	FBXW7	R465H	R465
tcga_mc3	TCGA-EY-A5W2:11:534289:C	HRAS	G12S	G12
tcga_mc3	TCGA-EY-A5W2:14:104561926:T	ASPG	F121S	F121
tcga_mc3	TCGA-EY-A5W2:4:153250864:T	FBXW7	D399V	D399
tcga_mc3	TCGA-EY-A72D:12:25398284:C	KRAS	G12D	G12
tcga_mc3	TCGA-FI-A2CX:17:7578394:T	TP53	H179R	H179
tcga_mc3	TCGA-FI-A2CY:17:7578460:A	TP53	V157G	V157
tcga_mc3	TCGA-FI-A2D0:12:6645676:C	GAPDH	R16C	R16
tcga_mc3	TCGA-FI-A2D0:14:24730901:C	TGM1	G170R	G170
tcga_mc3	TCGA-FI-A2D0:15:38818545:C	RASGRP1	R94Q	R94
tcga_mc3	TCGA-FI-A2D0:16:88721618:C	MVD	G296R	G296
tcga_mc3	TCGA-FI-A2D0:17:7577094:G	TP53	R282W	R282
tcga_mc3	TCGA-FI-A2D0:17:7577121:G	TP53	R273C	R273
tcga_mc3	TCGA-FI-A2D0:18:61569100:C	SERPINB2	P221H	P221
tcga_mc3	TCGA-FI-A2D0:19:18547532:G	ISYNA1	R191C	R191
tcga_mc3	TCGA-FI-A2D0:19:50826925:G	KCNC3	R429W	R429
tcga_mc3	TCGA-FI-A2D0:19:55913070:G	UBE2S	R135C	R135
tcga_mc3	TCGA-FI-A2D0:19:58862885:C	A1BG	R261H	R261
tcga_mc3	TCGA-FI-A2D0:1:112303147:G	DDX20	R206H	R206
tcga_mc3	TCGA-FI-A2D0:1:36558091:C	ADPRHL2	S257L	S257
tcga_mc3	TCGA-FI-A2D0:20:54958041:C	AURKA	R189Q	R189
tcga_mc3	TCGA-FI-A2D0:22:38493104:G	BAIAP2L2	R183C	R183
tcga_mc3	TCGA-FI-A2D0:2:130738170:A	RAB6C	Y161C	Y161
tcga_mc3	TCGA-FI-A2D0:2:220329177:C	SPEG	R910C	R910
tcga_mc3	TCGA-FI-A2D0:4:153244092:G	FBXW7	R689W	R689
tcga_mc3	TCGA-FI-A2D0:4:85623617:G	WDFY3	R2829C	R2829
tcga_mc3	TCGA-FI-A2D0:5:32599095:G	SUB1	R75H	R75
tcga_mc3	TCGA-FI-A2D0:6:101075556:G	ASCC3	R1518C	R1518
tcga_mc3	TCGA-FI-A2D0:6:159462435:G	TAGAP	A143V	A143
tcga_mc3	TCGA-FI-A2D0:7:148494941:C	CUL1	S646L	S646
tcga_mc3	TCGA-FI-A2D0:7:65706154:C	TPST1	R248W	R248
tcga_mc3	TCGA-FI-A2D0:9:136910513:C	BRD3	A373T	A373
tcga_mc3	TCGA-FI-A2D2:19:52715971:C	PPP2R1A	P179R	P179
tcga_mc3	TCGA-FI-A2D2:3:178952085:A	PIK3CA	H1047R	H1047
tcga_mc3	TCGA-FI-A2D5:10:5827986:C	GDI2	R139H	R139
tcga_mc3	TCGA-FI-A2D5:10:89711899:C	PTEN	R173C	R173
tcga_mc3	TCGA-FI-A2D5:11:107960288:C	CUL5	R461C	R461
tcga_mc3	TCGA-FI-A2D5:11:111784410:T	HSPB2	S114P	S114
tcga_mc3	TCGA-FI-A2D5:11:33881009:C	LMO2	A124T	A124
tcga_mc3	TCGA-FI-A2D5:11:6631233:C	ILK	R349C	R349
tcga_mc3	TCGA-FI-A2D5:11:94212851:C	MRE11A	D131N	D131
tcga_mc3	TCGA-FI-A2D5:12:18650568:C	PIK3C2G	R927C	R927
tcga_mc3	TCGA-FI-A2D5:13:37577085:G	EXOSC8	A45T	A45
tcga_mc3	TCGA-FI-A2D5:13:45976502:G	SLC25A30	R133W	R133
tcga_mc3	TCGA-FI-A2D5:14:60750022:G	PPM1A	D201N	D201
tcga_mc3	TCGA-FI-A2D5:14:97009125:A	PAPOLA	E395G	E395
tcga_mc3	TCGA-FI-A2D5:15:43579496:C	TGM7	A283T	A283
tcga_mc3	TCGA-FI-A2D5:15:72143639:C	MYO9A	R2179Q	R2179
tcga_mc3	TCGA-FI-A2D5:15:91434833:T	FES	I527T	I527
tcga_mc3	TCGA-FI-A2D5:16:21045344:T	DNAH3	T1717P	T1717
tcga_mc3	TCGA-FI-A2D5:16:28895931:G	ATP2A1	A167T	A167
tcga_mc3	TCGA-FI-A2D5:16:69375204:C	NIP7	S135F	S135
tcga_mc3	TCGA-FI-A2D5:17:12655756:G	MYOCD	R384Q	R384
tcga_mc3	TCGA-FI-A2D5:17:17106229:C	PLD6	R204H	R204
tcga_mc3	TCGA-FI-A2D5:17:33331365:G	LIG3	R957H	R957
tcga_mc3	TCGA-FI-A2D5:18:18547870:C	ROCK1	R1012Q	R1012
tcga_mc3	TCGA-FI-A2D5:18:29178606:A	TTR	T138A	T138
tcga_mc3	TCGA-FI-A2D5:18:32949291:C	ZNF396	R299Q	R299
tcga_mc3	TCGA-FI-A2D5:18:54281690:G	TXNL1	R234C	R234
tcga_mc3	TCGA-FI-A2D5:19:3115015:G	GNA11	V184M	V184
tcga_mc3	TCGA-FI-A2D5:19:39191271:G	ACTN4	R65Q	R65
tcga_mc3	TCGA-FI-A2D5:1:10355209:A	KIF1B	K552N	K552
tcga_mc3	TCGA-FI-A2D5:1:204129737:C	REN	R148H	R148
tcga_mc3	TCGA-FI-A2D5:1:216251431:C	USH2A	G1858C	G1858
tcga_mc3	TCGA-FI-A2D5:1:243716236:C	AKT3	D320Y	D320
tcga_mc3	TCGA-FI-A2D5:20:39795345:G	PLCG1	R716H	R716
tcga_mc3	TCGA-FI-A2D5:20:44536349:G	PLTP	L199I	L199
tcga_mc3	TCGA-FI-A2D5:22:21377895:G	P2RX6	S293I	S293
tcga_mc3	TCGA-FI-A2D5:22:38493107:G	BAIAP2L2	R182W	R182
tcga_mc3	TCGA-FI-A2D5:22:41904042:C	ACO2	R141C	R141
tcga_mc3	TCGA-FI-A2D5:2:135677458:A	CCNT2	K79N	K79
tcga_mc3	TCGA-FI-A2D5:2:162865770:C	DPP4	R623Q	R623
tcga_mc3	TCGA-FI-A2D5:2:173891969:T	RAPGEF4	F847C	F847
tcga_mc3	TCGA-FI-A2D5:2:231176270:A	SP140	D822G	D822
tcga_mc3	TCGA-FI-A2D5:2:232322431:C	NCL	R457Q	R457
tcga_mc3	TCGA-FI-A2D5:2:61715367:C	XPO1	R749Q	R749
tcga_mc3	TCGA-FI-A2D5:3:158388756:A	LXN	I61S	I61
tcga_mc3	TCGA-FI-A2D5:3:182756918:C	MCCC1	E425K	E425
tcga_mc3	TCGA-FI-A2D5:4:15842113:C	CD38	S264L	S264
tcga_mc3	TCGA-FI-A2D5:4:185340688:G	IRF2	A41V	A41
tcga_mc3	TCGA-FI-A2D5:5:176519328:C	FGFR4	S245Y	S245
tcga_mc3	TCGA-FI-A2D5:6:128304410:G	PTPRK	R1121C	R1121
tcga_mc3	TCGA-FI-A2D5:6:26123852:T	HIST1H2BC	E94A	E94
tcga_mc3	TCGA-FI-A2D5:8:59750747:G	TOX	R273C	R273
tcga_mc3	TCGA-FI-A2D5:8:86114416:G	E2F5	R90K	R90
tcga_mc3	TCGA-FI-A2D5:9:130569287:G	FPGS	R141H	R141
tcga_mc3	TCGA-FI-A2D5:9:132511016:C	PTGES	A43S	A43
tcga_mc3	TCGA-FI-A2D5:9:140708944:G	EHMT1	R1081H	R1081
tcga_mc3	TCGA-FI-A2D5:9:8319964:G	PTPRD	A1846V	A1846
tcga_mc3	TCGA-FI-A2D6:11:33881009:C	LMO2	A124T	A124
tcga_mc3	TCGA-FI-A2D6:12:25398284:C	KRAS	G12D	G12
tcga_mc3	TCGA-FI-A2EW:17:47696461:C	SPOP	R121Q	R121
tcga_mc3	TCGA-FI-A2EW:7:56079562:C	PSPH	D191H	D191
tcga_mc3	TCGA-FI-A2EX:17:7577539:G	TP53	R248W	R248
tcga_mc3	TCGA-FI-A2EX:4:153249384:C	FBXW7	R465H	R465
tcga_mc3	TCGA-FI-A2EY:19:52715971:C	PPP2R1A	P179R	P179
tcga_mc3	TCGA-FI-A2F4:12:15097728:A	ARHGDIB	Y130H	Y130
tcga_mc3	TCGA-FI-A2F4:14:20925543:T	APEX1	V278D	V278
tcga_mc3	TCGA-FI-A2F4:14:88412018:A	GALC	F517L	F517
tcga_mc3	TCGA-FI-A2F4:15:40231740:A	EIF2AK4	Y60C	Y60
tcga_mc3	TCGA-FI-A2F4:16:80654790:C	CDYL2	D293N	D293
tcga_mc3	TCGA-FI-A2F4:2:109292357:G	LIMS1	R173L	R173
tcga_mc3	TCGA-FI-A2F4:8:56985819:T	RPS20	T64A	T64
tcga_mc3	TCGA-FI-A2F9:2:39281778:T	SOS1	N233Y	N233
tcga_mc3	TCGA-FI-A3PV:4:153249384:C	FBXW7	R465H	R465
tcga_mc3	TCGA-FI-A3PV:9:4713089:C	AK3	G191R	G191
tcga_mc3	TCGA-FI-A3PX:17:7577121:G	TP53	R273C	R273
tcga_mc3	TCGA-FI-A3PX:3:178936095:A	PIK3CA	Q546R	Q546
tcga_mc3	TCGA-JU-AAVI:17:47696599:T	SPOP	M117V	M117
tcga_mc3	TCGA-JU-AAVI:17:7577121:G	TP53	R273C	R273
tcga_mc3	TCGA-K6-A3WQ:19:52715971:C	PPP2R1A	P179R	P179
tcga_mc3	TCGA-K6-A3WQ:3:178952085:A	PIK3CA	H1047R	H1047
tcga_mc3	TCGA-KP-A3W0:17:47696599:T	SPOP	M117V	M117
tcga_mc3	TCGA-KP-A3W0:18:29046540:G	DSG3	D487N	D487
tcga_mc3	TCGA-KP-A3W1:3:196229767:G	RNF168	S93F	S93
tcga_mc3	TCGA-KP-A3W3:19:52715971:C	PPP2R1A	P179R	P179
tcga_mc3	TCGA-KP-A3W3:3:178927980:T	PIK3CA	C420R	C420
tcga_mc3	TCGA-PG-A5BC:17:7578403:C	TP53	C176Y	C176
tcga_mc3	TCGA-PG-A6IB:10:89692896:G	PTEN	G127V	G127
tcga_mc3	TCGA-PG-A6IB:11:14316390:T	RRAS2	Q72L	Q72
tcga_mc3	TCGA-PG-A7D5:17:7577094:G	TP53	R282W	R282
tcga_mc3	TCGA-PG-A914:17:7577121:G	TP53	R273C	R273
tcga_mc3	TCGA-PG-A915:19:52716323:C	PPP2R1A	S256Y	S256
tcga_mc3	TCGA-PG-A916:14:95557639:C	DICER1	D1810Y	D1810
tcga_mc3	TCGA-PG-A916:1:155234310:C	CLK2	W365C	W365
tcga_mc3	TCGA-PG-A916:3:178921552:A	PIK3CA	N345I	N345
tcga_mc3	TCGA-PG-A917:14:65560514:T	MAX	H28R	H28
tcga_mc3	TCGA-PG-A917:15:66793787:C	RPL4	R201H	R201
tcga_mc3	TCGA-PG-A917:3:178921552:A	PIK3CA	N345I	N345
tcga_mc3	TCGA-PG-A917:6:33543180:C	BAK1	G82E	G82
tcga_mc3	TCGA-QF-A5YS:10:89692905:G	PTEN	R130Q	R130
tcga_mc3	TCGA-QF-A5YS:10:89720870:T	PTEN	F341V	F341
tcga_mc3	TCGA-QF-A5YS:13:27649407:G	USP12	R285C	R285
tcga_mc3	TCGA-QF-A5YS:17:7577543:C	TP53	M246I	M246
tcga_mc3	TCGA-QF-A5YS:18:40323568:G	RIT2	R182C	R182
tcga_mc3	TCGA-QF-A5YS:18:54281690:G	TXNL1	R234C	R234
tcga_mc3	TCGA-QF-A5YS:19:36045841:C	ATP4A	E822K	E822
tcga_mc3	TCGA-QF-A5YS:19:43708205:C	PSG4	R88I	R88
tcga_mc3	TCGA-QF-A5YS:19:51961269:G	SIGLEC8	R125W	R125
tcga_mc3	TCGA-QF-A5YS:1:109779016:C	SARS	S368Y	S368
tcga_mc3	TCGA-QF-A5YS:1:18962743:C	PAX7	S155L	S155
tcga_mc3	TCGA-QF-A5YS:1:207498083:G	CD55	E156K	E156
tcga_mc3	TCGA-QF-A5YS:2:202131412:G	CASP8	R68Q	R68
tcga_mc3	TCGA-QF-A5YS:3:178916876:G	PIK3CA	R88Q	R88
tcga_mc3	TCGA-QF-A5YS:3:89498433:C	EPHA3	T802K	T802
tcga_mc3	TCGA-QF-A5YS:4:122605887:C	ANXA5	R45Q	R45
tcga_mc3	TCGA-QF-A5YS:7:20682911:G	ABCB5	R140Q	R140
tcga_mc3	TCGA-QF-A5YS:7:99668860:C	ZNF3	R416I	R416
tcga_mc3	TCGA-QS-A5YQ:19:36045841:C	ATP4A	E822K	E822
tcga_mc3	TCGA-QS-A5YQ:3:16252734:G	GALNT15	E395K	E395
tcga_mc3	TCGA-QS-A5YQ:3:176755900:C	TBL1XR1	D370N	D370
tcga_mc3	TCGA-QS-A5YQ:3:178936082:G	PIK3CA	E542K	E542
tcga_mc3	TCGA-QS-A5YQ:4:174216610:G	GALNT7	R273Q	R273
tcga_mc3	TCGA-QS-A5YQ:4:74285252:C	ALB	P561S	P561
tcga_mc3	TCGA-QS-A744:14:95557642:C	DICER1	G1809R	G1809
tcga_mc3	TCGA-QS-A744:2:158630626:C	ACVR1	R206H	R206
tcga_mc3	TCGA-QS-A744:4:153247168:T	FBXW7	Y545C	Y545
tcga_mc3	TCGA-QS-A8F1:17:47699368:T	SPOP	E47A	E47
tcga_mc3	TCGA-QS-A8F1:22:42524337:G	CYP2D6	P267S	P267
tcga_mc3	TCGA-QS-A8F1:4:153249510:C	FBXW7	G423V	G423
tcga_mc3	TCGA-SJ-A6ZI:11:14316390:T	RRAS2	Q72L	Q72
tcga_mc3	TCGA-SJ-A6ZI:16:31121756:C	BCKDK	T193M	T193
tcga_mc3	TCGA-SJ-A6ZI:2:28631651:G	FOSL2	R127H	R127
tcga_mc3	TCGA-SJ-A6ZI:7:74197341:T	NCF1	S171P	S171
tcga_mc3	TCGA-SJ-A6ZJ:2:170663386:T	SSB	L146S	L146
tcga_mc3	TCGA-SL-A6J9:17:47696599:T	SPOP	M117V	M117
tcga_mc3	TCGA-SL-A6JA:12:109998857:C	MMAB	R191Q	R191
tcga_mc3	TCGA-SL-A6JA:12:25398284:C	KRAS	G12V	G12
tcga_mc3	TCGA-SL-A6JA:14:105246551:C	AKT1	E17K	E17
tcga_mc3	TCGA-SL-A6JA:16:30133212:G	MAPK3	R96C	R96
tcga_mc3	TCGA-SL-A6JA:17:66042012:T	KPNA2	L491S	L491
tcga_mc3	TCGA-SL-A6JA:17:73316505:C	GRB2	G200W	G200
tcga_mc3	TCGA-SL-A6JA:18:61324205:T	SERPINB3	I210V	I210
tcga_mc3	TCGA-N5-A4R8:3:178936091:G	PIK3CA	E545K	E545
tcga_mc3	TCGA-N5-A4RD:17:7577538:C	TP53	R248Q	R248
tcga_mc3	TCGA-N5-A4RD:4:153249384:C	FBXW7	R465H	R465
tcga_mc3	TCGA-N5-A4RJ:17:7578406:C	TP53	R175H	R175
tcga_mc3	TCGA-N5-A4RJ:3:178952084:C	PIK3CA	H1047Y	H1047
tcga_mc3	TCGA-N5-A4RM:17:7577550:C	TP53	G244D	G244
tcga_mc3	TCGA-N5-A4RN:17:7577097:C	TP53	D281N	D281
tcga_mc3	TCGA-N5-A4RN:4:153247366:C	FBXW7	R479Q	R479
tcga_mc3	TCGA-N5-A4RO:4:153249510:C	FBXW7	G423V	G423
tcga_mc3	TCGA-N5-A4RT:3:178921552:A	PIK3CA	N345I	N345
tcga_mc3	TCGA-N5-A4RT:4:153250906:G	FBXW7	T385I	T385
tcga_mc3	TCGA-N5-A4RU:19:52715971:C	PPP2R1A	P179L	P179
tcga_mc3	TCGA-N5-A59E:19:52715971:C	PPP2R1A	P179R	P179
tcga_mc3	TCGA-N5-A59F:4:153245518:G	FBXW7	S558F	S558
tcga_mc3	TCGA-N6-A4V9:12:25398284:C	KRAS	G12D	G12
tcga_mc3	TCGA-N6-A4VC:12:25398284:C	KRAS	G12D	G12
tcga_mc3	TCGA-N6-A4VC:17:7577568:C	TP53	C238Y	C238
tcga_mc3	TCGA-N6-A4VD:3:178952085:A	PIK3CA	H1047R	H1047
tcga_mc3	TCGA-N6-A4VD:4:153247366:C	FBXW7	R479Q	R479
tcga_mc3	TCGA-N6-A4VE:14:95557638:T	DICER1	D1810V	D1810
tcga_mc3	TCGA-N6-A4VE:4:153247366:C	FBXW7	R479Q	R479
tcga_mc3	TCGA-N6-A4VF:3:178936091:G	PIK3CA	E545K	E545
tcga_mc3	TCGA-N7-A4Y5:17:7577569:A	TP53	C238R	C238
tcga_mc3	TCGA-N7-A4Y8:17:7577565:T	TP53	N239S	N239
tcga_mc3	TCGA-N7-A4Y8:3:178936091:G	PIK3CA	E545K	E545
tcga_mc3	TCGA-N7-A4Y8:3:178952085:A	PIK3CA	H1047R	H1047
tcga_mc3	TCGA-N8-A4PI:4:153249385:G	FBXW7	R465C	R465
tcga_mc3	TCGA-N8-A4PL:12:25398284:C	KRAS	G12A	G12
tcga_mc3	TCGA-N8-A4PL:19:52715971:C	PPP2R1A	P179R	P179
tcga_mc3	TCGA-N8-A4PM:3:178952085:A	PIK3CA	H1047R	H1047
tcga_mc3	TCGA-N8-A4PN:19:52715982:C	PPP2R1A	R183W	R183
tcga_mc3	TCGA-N8-A4PN:4:153250867:G	FBXW7	S398F	S398
tcga_mc3	TCGA-N8-A4PO:17:7577538:C	TP53	R248Q	R248
tcga_mc3	TCGA-N8-A4PP:10:112650324:G	PDCD4	D296Y	D296
tcga_mc3	TCGA-N8-A4PP:11:14316390:T	RRAS2	Q72L	Q72
tcga_mc3	TCGA-N8-A4PP:19:52716323:C	PPP2R1A	S256F	S256
tcga_mc3	TCGA-N8-A4PQ:17:7577120:C	TP53	R273H	R273
tcga_mc3	TCGA-N8-A4PQ:4:39506922:G	UGDH	P369R	P369
tcga_mc3	TCGA-N9-A4Q3:19:52715971:C	PPP2R1A	P179R	P179
tcga_mc3	TCGA-N9-A4Q7:17:7577121:G	TP53	R273C	R273
tcga_mc3	TCGA-NA-A4QW:17:7577538:C	TP53	R248Q	R248
tcga_mc3	TCGA-NA-A4QW:19:52715983:G	PPP2R1A	R183Q	R183
tcga_mc3	TCGA-NA-A4QX:19:52716212:C	PPP2R1A	S219L	S219
tcga_mc3	TCGA-NA-A4QX:4:153247288:C	FBXW7	R505L	R505
tcga_mc3	TCGA-NA-A4QY:3:178952085:A	PIK3CA	H1047R	H1047
tcga_mc3	TCGA-NA-A4R0:3:178936092:A	PIK3CA	E545A	E545
tcga_mc3	TCGA-NA-A4R1:17:7577534:C	TP53	R249S	R249
tcga_mc3	TCGA-NA-A5I1:17:7577547:C	TP53	G245D	G245
tcga_mc3	TCGA-ND-A4W6:17:7577559:G	TP53	S241Y	S241
tcga_mc3	TCGA-ND-A4WA:14:88411975:C	GALC	R531H	R531
tcga_mc3	TCGA-ND-A4WC:10:89692905:G	PTEN	R130Q	R130
tcga_mc3	TCGA-ND-A4WC:14:21870647:G	CHD8	H1244N	H1244
tcga_mc3	TCGA-ND-A4WC:14:95560464:C	DICER1	D1709N	D1709
tcga_mc3	TCGA-ND-A4WC:15:80137599:C	ST20-MTHFS	D189N	D189
tcga_mc3	TCGA-ND-A4WC:20:44639584:G	MMP9	D182N	D182
tcga_mc3	TCGA-ND-A4WC:2:113308539:G	POLR1B	R241Q	R241
tcga_mc3	TCGA-ND-A4WC:2:208477906:C	METTL21A	R174Q	R174
tcga_mc3	TCGA-ND-A4WC:2:98277092:T	ACTR1B	H44R	H44
tcga_mc3	TCGA-ND-A4WC:4:74283943:C	ALB	P523S	P523
tcga_mc3	TCGA-ND-A4WF:19:52715971:C	PPP2R1A	P179R	P179
tcga_mc3	TCGA-ND-A4WF:4:153249384:C	FBXW7	R465P	R465
tcga_mc3	TCGA-NF-A4WU:12:25398284:C	KRAS	G12V	G12
tcga_mc3	TCGA-NF-A4X2:17:7577120:C	TP53	R273H	R273
tcga_mc3	TCGA-NF-A4X2:19:52715982:C	PPP2R1A	R183W	R183
tcga_mc3	TCGA-NG-A4VU:17:7578406:C	TP53	R175H	R175
tcga_mc3	TCGA-NG-A4VW:16:1033825:C	SOX8	R174W	R174
tcga_mc3	TCGA-NG-A4VW:3:178936091:G	PIK3CA	E545K	E545
tcga_mc3	TCGA-QM-A5NM:17:7577557:A	TP53	C242S	C242
tcga_mc3	TCGA-QN-A5NN:17:7577559:G	TP53	S241Y	S241
tcga_mc3	TCGA-RZ-AB0B:19:3118942:A	GNA11	Q209L	Q209
tcga_mc3	TCGA-V3-A9ZX:19:3118942:A	GNA11	Q209L	Q209
tcga_mc3	TCGA-V3-A9ZY:19:3118942:A	GNA11	Q209L	Q209
tcga_mc3	TCGA-V4-A9E5:9:80409488:T	GNAQ	Q209P	Q209
tcga_mc3	TCGA-V4-A9E7:9:80409488:T	GNAQ	Q209L	Q209
tcga_mc3	TCGA-V4-A9E8:19:3118942:A	GNA11	Q209L	Q209
tcga_mc3	TCGA-V4-A9EA:9:80409488:T	GNAQ	Q209L	Q209
tcga_mc3	TCGA-V4-A9EC:9:80409488:T	GNAQ	Q209P	Q209
tcga_mc3	TCGA-V4-A9EF:19:3118942:A	GNA11	Q209L	Q209
tcga_mc3	TCGA-V4-A9EH:19:3118942:A	GNA11	Q209L	Q209
tcga_mc3	TCGA-V4-A9EI:19:3118942:A	GNA11	Q209L	Q209
tcga_mc3	TCGA-V4-A9EJ:15:80762584:C	ARNT2	R74C	R74
tcga_mc3	TCGA-V4-A9EJ:19:3118942:A	GNA11	Q209L	Q209
tcga_mc3	TCGA-V4-A9EL:9:80409488:T	GNAQ	Q209P	Q209
tcga_mc3	TCGA-V4-A9EM:9:80409488:T	GNAQ	Q209L	Q209
tcga_mc3	TCGA-V4-A9EO:9:80409488:T	GNAQ	Q209P	Q209
tcga_mc3	TCGA-V4-A9EQ:19:3118942:A	GNA11	Q209L	Q209
tcga_mc3	TCGA-V4-A9ES:9:80412493:C	GNAQ	R183Q	R183
tcga_mc3	TCGA-V4-A9ET:19:3118942:A	GNA11	Q209L	Q209
tcga_mc3	TCGA-V4-A9EU:19:3118942:A	GNA11	Q209L	Q209
tcga_mc3	TCGA-V4-A9EV:19:3118942:A	GNA11	Q209L	Q209
tcga_mc3	TCGA-V4-A9EW:9:80409488:T	GNAQ	Q209P	Q209
tcga_mc3	TCGA-V4-A9EX:9:80409488:T	GNAQ	Q209P	Q209
tcga_mc3	TCGA-V4-A9EY:9:80409488:T	GNAQ	Q209P	Q209
tcga_mc3	TCGA-V4-A9EZ:9:80409488:T	GNAQ	Q209P	Q209
tcga_mc3	TCGA-V4-A9F2:9:80409488:T	GNAQ	Q209L	Q209
tcga_mc3	TCGA-V4-A9F3:19:3118942:A	GNA11	Q209L	Q209
tcga_mc3	TCGA-V4-A9F5:19:3118942:A	GNA11	Q209L	Q209
tcga_mc3	TCGA-V4-A9F7:19:3118942:A	GNA11	Q209L	Q209
tcga_mc3	TCGA-V4-A9F8:9:80409488:T	GNAQ	Q209P	Q209
tcga_mc3	TCGA-VD-A8K7:9:80409488:T	GNAQ	Q209L	Q209
tcga_mc3	TCGA-VD-A8K8:19:3118942:A	GNA11	Q209L	Q209
tcga_mc3	TCGA-VD-A8K9:9:80409488:T	GNAQ	Q209P	Q209
tcga_mc3	TCGA-VD-A8KA:19:3118942:A	GNA11	Q209L	Q209
tcga_mc3	TCGA-VD-A8KF:19:3118942:A	GNA11	Q209L	Q209
tcga_mc3	TCGA-VD-A8KG:19:3118942:A	GNA11	Q209L	Q209
tcga_mc3	TCGA-VD-A8KK:9:80409488:T	GNAQ	Q209P	Q209
tcga_mc3	TCGA-VD-A8KL:19:3118942:A	GNA11	Q209L	Q209
tcga_mc3	TCGA-VD-A8KM:9:80409488:T	GNAQ	Q209P	Q209
tcga_mc3	TCGA-VD-A8KN:9:80409488:T	GNAQ	Q209P	Q209
tcga_mc3	TCGA-VD-AA8M:9:80409488:T	GNAQ	Q209P	Q209
tcga_mc3	TCGA-VD-AA8N:19:3118942:A	GNA11	Q209L	Q209
tcga_mc3	TCGA-VD-AA8P:19:3118942:A	GNA11	Q209L	Q209
tcga_mc3	TCGA-VD-AA8Q:9:80409488:T	GNAQ	Q209P	Q209
tcga_mc3	TCGA-VD-AA8R:19:3118942:A	GNA11	Q209L	Q209
tcga_mc3	TCGA-VD-AA8S:9:80409488:T	GNAQ	Q209P	Q209
tcga_mc3	TCGA-VD-AA8T:19:3118942:A	GNA11	Q209L	Q209
tcga_mc3	TCGA-WC-A87T:9:80409488:T	GNAQ	Q209P	Q209
tcga_mc3	TCGA-WC-A87U:9:80409488:T	GNAQ	Q209P	Q209
tcga_mc3	TCGA-WC-A87W:19:3118942:A	GNA11	Q209L	Q209
tcga_mc3	TCGA-WC-A87Y:19:3118942:A	GNA11	Q209L	Q209
tcga_mc3	TCGA-WC-A880:9:80409488:T	GNAQ	Q209L	Q209
tcga_mc3	TCGA-WC-A881:19:3118942:A	GNA11	Q209L	Q209
tcga_mc3	TCGA-WC-A882:19:3118942:A	GNA11	Q209L	Q209
tcga_mc3	TCGA-WC-A884:14:50085633:T	RPL36AL	K64E	K64
tcga_mc3	TCGA-WC-A884:19:3118942:A	GNA11	Q209L	Q209
tcga_mc3	TCGA-WC-A888:19:3118942:A	GNA11	Q209L	Q209
tcga_mc3	TCGA-WC-A88A:19:3118942:A	GNA11	Q209L	Q209
tcga_mc3	TCGA-WC-AA9A:19:3118942:A	GNA11	Q209L	Q209
tcga_mc3	TCGA-WC-AA9E:9:80409488:T	GNAQ	Q209L	Q209
tcga_mc3	TCGA-YZ-A980:19:3118942:A	GNA11	Q209L	Q209
tcga_mc3	TCGA-YZ-A983:9:80409488:T	GNAQ	Q209P	Q209
tcga_mc3	TCGA-YZ-A985:19:3115012:C	GNA11	R183C	R183
tcga_mc3	TCGA-YZ-A985:22:37628860:G	RAC2	P69L	P69
tcga_mc3	TCGA-YZ-A985:4:153247366:C	FBXW7	R479Q	R479
tcga_mc3	TCGA-YZ-A985:9:80412493:C	GNAQ	R183Q	R183
tcga_mc3	TCGA-AD-6889:11:49204780:G	FOLH1	R281C	R281
tcga_mc3	TCGA-76-6286:3:178916726:G	PIK3CA	R38H	R38
tcga_mc3	TCGA-AF-5654:12:25398281:C	KRAS	G13D	G13
tcga_mc3	TCGA-73-4670:7:150731915:A	ABCB8	Q272L	Q272
tcga_mc3	TCGA-BR-8680:10:7844768:G	ATP5C1	A281T	A281
tcga_mc3	TCGA-HT-7610:2:209113112:C	IDH1	R132H	R132
tcga_mc3	TCGA-FS-A1ZW:17:7577559:G	TP53	S241F	S241
tcga_mc3	TCGA-VS-A8QA:17:37868208:C	ERBB2	S310Y	S310
tcga_mc3	TCGA-D1-A15X:3:178927980:T	PIK3CA	C420R	C420
tcga_mc3	TCGA-B5-A0JU:18:77193701:C	NFATC1	A450G	A450
tcga_mc3	TCGA-ZF-AA52:3:178936091:G	PIK3CA	E545K	E545
tcga_mc3	TCGA-IB-A5SP:12:25398284:C	KRAS	G12D	G12
tcga_mc3	TCGA-AJ-A2QK:19:52716326:G	PPP2R1A	W257L	W257
tcga_mc3	TCGA-D8-A140:11:82708280:G	RAB30	R27G	R27
tcga_mc3	TCGA-NH-A5IV:16:2168059:C	PKD1	A312T	A312
tcga_mc3	TCGA-EE-A29E:7:128480724:C	FLNC	R558C	R558
tcga_mc3	TCGA-CN-A642:4:53464859:C	USP46	G312R	G312
tcga_mc3	TCGA-98-8021:12:104517135:C	NFYB	E100K	E100
tcga_mc3	TCGA-XF-A9SM:17:7577559:G	TP53	S241F	S241
tcga_mc3	TCGA-85-7710:7:44282900:C	CAMK2B	E184Q	E184
tcga_mc3	TCGA-27-1838:10:89720671:G	PTEN	W274C	W274
tcga_mc3	TCGA-TQ-A7RV:2:209113112:C	IDH1	R132H	R132
tcga_mc3	TCGA-83-5908:17:7577114:C	TP53	C275F	C275
tcga_mc3	TCGA-2W-A8YY:11:68703858:G	IGHMBP2	R637H	R637
tcga_mc3	TCGA-CG-5726:2:5833158:C	SOX11	A102V	A102
tcga_mc3	TCGA-27-1838:7:55221822:C	EGFR	A289D	A289
tcga_mc3	TCGA-D3-A2JN:5:140175450:G	PCDHA2	E301K	E301
tcga_mc3	TCGA-FG-A4MT:2:209113112:C	IDH1	R132H	R132
tcga_mc3	TCGA-ZJ-AAXU:17:4849269:C	PFN1	E117K	E117
tcga_mc3	TCGA-B5-A3FC:11:104819260:G	CASP4	H309Y	H309
tcga_mc3	TCGA-B5-A1MR:19:51961269:G	SIGLEC8	R125W	R125
tcga_mc3	TCGA-EE-A29V:14:60750007:G	PPM1A	A196S	A196
tcga_mc3	TCGA-L5-A4OI:10:4872921:C	AKR1E2	R32W	R32
tcga_mc3	TCGA-D1-A103:21:27141316:T	GABPA	Y380H	Y380
tcga_mc3	TCGA-EI-6506:15:66727441:T	MAP2K1	F53V	F53
tcga_mc3	TCGA-BR-8591:5:173376544:C	CPEB4	P497H	P497
tcga_mc3	TCGA-D1-A167:9:94493204:C	ROR2	V391I	V391
tcga_mc3	TCGA-AA-3663:3:178936082:G	PIK3CA	E542K	E542
tcga_mc3	TCGA-CN-4741:3:178936091:G	PIK3CA	E545K	E545
tcga_mc3	TCGA-05-4430:17:7577535:C	TP53	R249M	R249
tcga_mc3	TCGA-G3-AAV0:9:21971036:C	CDKN2A	D108Y	D108
tcga_mc3	TCGA-AX-A1CE:9:106861944:T	SMC2	L154S	L154
tcga_mc3	TCGA-CG-5721:16:21288787:G	CRYM	L97I	L97
tcga_mc3	TCGA-D1-A17Q:1:111773879:C	CHI3L2	L98I	L98
tcga_mc3	TCGA-MI-A75H:14:88411981:G	GALC	T529M	T529
tcga_mc3	TCGA-FD-A3B6:17:7577547:C	TP53	G245V	G245
tcga_mc3	TCGA-52-7622:12:117685239:C	NOS1	G913R	G913
tcga_mc3	TCGA-D3-A5GU:3:391158:G	CHL1	G306E	G306
tcga_mc3	TCGA-E7-A6ME:17:7577534:C	TP53	R249S	R249
tcga_mc3	TCGA-63-A5ML:13:108862463:C	LIG4	R385T	R385
tcga_mc3	TCGA-DK-A1AB:3:178952074:G	PIK3CA	M1043I	M1043
tcga_mc3	TCGA-FR-A729:8:56864641:C	LYN	P202S	P202
tcga_mc3	TCGA-B5-A11L:20:23807102:G	CST2	R66C	R66
tcga_mc3	TCGA-EO-A3B1:17:7577538:C	TP53	R248Q	R248
tcga_mc3	TCGA-CK-4951:3:25668727:C	TOP2B	R656H	R656
tcga_mc3	TCGA-41-2572:3:178952085:A	PIK3CA	H1047R	H1047
tcga_mc3	TCGA-B0-4945:3:10191513:T	VHL	L169P	L169
tcga_mc3	TCGA-AP-A1E0:9:32489410:C	DDX58	R244I	R244
tcga_mc3	TCGA-CV-7245:6:26273408:G	HIST1H2BI	D69N	D69
tcga_mc3	TCGA-D8-A1JN:3:178936091:G	PIK3CA	E545K	E545
tcga_mc3	TCGA-BH-A0BF:3:178921553:T	PIK3CA	N345K	N345
tcga_mc3	TCGA-CQ-6219:3:178936091:G	PIK3CA	E545K	E545
tcga_mc3	TCGA-D3-A8GI:4:96761854:G	PDHA2	D185N	D185
tcga_mc3	TCGA-CA-6717:4:114284560:C	ANK2	S3608Y	S3608
tcga_mc3	TCGA-BA-5557:9:21971110:T	CDKN2A	H83R	H83
tcga_mc3	TCGA-AX-A2HJ:17:17106256:A	PLD6	V195G	V195
tcga_mc3	TCGA-G9-6333:17:47696424:G	SPOP	F133L	F133
tcga_mc3	TCGA-S4-A8RM:12:25398284:C	KRAS	G12V	G12
tcga_mc3	TCGA-CD-A4MJ:4:153249385:G	FBXW7	R465C	R465
tcga_mc3	TCGA-WS-AB45:4:153247289:G	FBXW7	R505C	R505
tcga_mc3	TCGA-QM-A5NM:19:52716084:C	PPP2R1A	Q217K	Q217
tcga_mc3	TCGA-FS-A1ZZ:17:73725384:C	ITGB4	S202F	S202
tcga_mc3	TCGA-HV-A7OP:12:25398284:C	KRAS	G12D	G12
tcga_mc3	TCGA-FI-A2EU:2:219208226:G	PNKD	R262Q	R262
tcga_mc3	TCGA-D5-6928:19:11132437:C	SMARCA4	R885C	R885
tcga_mc3	TCGA-BR-4357:17:7577538:C	TP53	R248Q	R248
tcga_mc3	TCGA-D8-A1JS:3:178952085:A	PIK3CA	H1047R	H1047
tcga_mc3	TCGA-CL-5918:17:7577094:G	TP53	R282W	R282
tcga_mc3	TCGA-D6-A6EM:17:7578394:T	TP53	H179R	H179
tcga_mc3	TCGA-V4-A9F1:9:80409488:T	GNAQ	Q209P	Q209
tcga_mc3	TCGA-DF-A2KU:12:53895914:G	TARBP2	A57T	A57
tcga_mc3	TCGA-CA-5796:12:25398284:C	KRAS	G12V	G12
tcga_mc3	TCGA-AP-A1DV:19:2717761:G	DIRAS1	A15V	A15
tcga_mc3	TCGA-Z2-A8RT:6:161139379:G	PLG	E281K	E281
tcga_mc3	TCGA-81-5911:7:55221822:C	EGFR	A289V	A289
tcga_mc3	TCGA-FX-A48G:1:156950243:C	ARHGEF11	D87N	D87
tcga_mc3	TCGA-2W-A8YY:10:90773982:G	FAS	E261D	E261
tcga_mc3	TCGA-DA-A1HY:1:156821440:C	INSRR	G361D	G361
tcga_mc3	TCGA-FR-A3YN:5:11111118:G	CTNND2	S772L	S772
tcga_mc3	TCGA-2W-A8YY:8:27362584:C	EPHX2	S153L	S153
tcga_mc3	TCGA-F5-6814:13:103338506:T	METTL21C	K224Q	K224
tcga_mc3	TCGA-K4-A54R:17:7577085:C	TP53	E285K	E285
tcga_mc3	TCGA-XF-A9SJ:1:8022891:G	PARK7	E16K	E16
tcga_mc3	TCGA-CS-6667:2:209113112:C	IDH1	R132H	R132
tcga_mc3	TCGA-2J-AABP:17:7577547:C	TP53	G245D	G245
tcga_mc3	TCGA-FW-A3R5:6:31901501:C	CFB	S186F	S186
tcga_mc3	TCGA-FW-A3R5:2:44429000:C	PPM1B	S221F	S221
tcga_mc3	TCGA-A5-A0VQ:3:178936082:G	PIK3CA	E542K	E542
tcga_mc3	TCGA-66-2734:7:56087412:C	PSPH	M52I	M52
tcga_mc3	TCGA-CA-6717:9:128697765:A	PBX3	N241S	N241
tcga_mc3	TCGA-FZ-5924:12:25398285:C	KRAS	G12R	G12
tcga_mc3	TCGA-F7-A61V:5:102353044:G	PAM	D780H	D780
tcga_mc3	TCGA-B6-A0RL:9:138456093:C	PAEP	T105M	T105
tcga_mc3	TCGA-05-4410:7:55224350:G	EGFR	R377S	R377
tcga_mc3	TCGA-EE-A2MJ:8:143832508:C	LYPD2	E47K	E47
tcga_mc3	TCGA-D3-A51T:12:25398285:C	KRAS	G12R	G12
tcga_mc3	TCGA-AX-A1C9:4:153249385:G	FBXW7	R465C	R465
tcga_mc3	TCGA-CH-5794:22:42059704:C	XRCC6	T572M	T572
tcga_mc3	TCGA-97-A4M5:12:25398285:C	KRAS	G12C	G12
tcga_mc3	TCGA-AJ-A3OK:18:47806262:T	MBD1	Y34C	Y34
tcga_mc3	TCGA-97-A4M3:2:158397655:A	ACVR1C	I391N	I391
tcga_mc3	TCGA-B5-A0JY:1:11861298:C	MTHFR	R132H	R132
tcga_mc3	TCGA-EE-A20C:19:48284380:C	SEPW1	P42S	P42
tcga_mc3	TCGA-AP-A1E0:11:119145620:G	CBL	E276K	E276
tcga_mc3	TCGA-N6-A4VG:4:153247289:G	FBXW7	R505G	R505
tcga_mc3	TCGA-BS-A0TC:8:74939065:A	LY96	K125Q	K125
tcga_mc3	TCGA-CV-5435:3:178936091:G	PIK3CA	E545K	E545
tcga_mc3	TCGA-EK-A2PM:2:69304567:C	ANTXR1	H197Y	H197
tcga_mc3	TCGA-BR-4361:21:37507764:G	CBR3	A92T	A92
tcga_mc3	TCGA-CV-7102:17:7577141:C	TP53	G266E	G266
tcga_mc3	TCGA-AP-A059:1:151861795:C	THEM4	S114I	S114
tcga_mc3	TCGA-EO-A22U:16:31121765:C	BCKDK	S196L	S196
tcga_mc3	TCGA-CK-4947:2:70315174:T	PCBP1	L100Q	L100
tcga_mc3	TCGA-EC-A24G:17:37879658:G	ERBB2	R678Q	R678
tcga_mc3	TCGA-90-7766:7:31378578:C	NEUROD6	R102H	R102
tcga_mc3	TCGA-N5-A59F:1:104122106:C	AMY2B	A507D	A507
tcga_mc3	TCGA-MA-AA3Z:4:153250867:G	FBXW7	S398F	S398
tcga_mc3	TCGA-EJ-7315:17:7574018:G	TP53	R337C	R337
tcga_mc3	TCGA-CA-6717:3:52019879:T	ACY1	S92R	S92
tcga_mc3	TCGA-5S-A9Q8:3:178916725:C	PIK3CA	R38C	R38
tcga_mc3	TCGA-GF-A6C8:12:58145436:T	CDK4	K22M	K22
tcga_mc3	TCGA-AW-A1PO:17:7577094:G	TP53	R282W	R282
tcga_mc3	TCGA-DA-A960:17:62557655:G	SMURF2	R427C	R427
tcga_mc3	TCGA-ER-A193:1:59844482:C	FGGY	S176L	S176
tcga_mc3	TCGA-FI-A2D0:5:161318045:G	GABRA1	R282I	R282
tcga_mc3	TCGA-A5-A2K5:2:217054974:G	XRCC5	E621K	E621
tcga_mc3	TCGA-B5-A3FC:1:6189104:C	CHD5	G1138D	G1138
tcga_mc3	TCGA-A5-A1OF:3:89498433:C	EPHA3	T802M	T802
tcga_mc3	TCGA-TQ-A7RH:2:209113112:C	IDH1	R132H	R132
tcga_mc3	TCGA-4V-A9QN:15:96875650:A	NR2F2	S106R	S106
tcga_mc3	TCGA-DK-A3WW:3:38404477:C	XYLB	S87F	S87
tcga_mc3	TCGA-F2-A7TX:12:25398284:C	KRAS	G12D	G12
tcga_mc3	TCGA-YG-AA3N:8:11407739:C	BLK	S147F	S147
tcga_mc3	TCGA-DU-6392:4:145916607:T	ANAPC10	Y159C	Y159
tcga_mc3	TCGA-50-5936:12:25398285:C	KRAS	G12C	G12
tcga_mc3	TCGA-EO-A22R:15:80181569:C	ST20-MTHFS	R82Q	R82
tcga_mc3	TCGA-FG-A70Y:2:209113112:C	IDH1	R132H	R132
tcga_mc3	TCGA-CQ-6224:17:7577538:C	TP53	R248Q	R248
tcga_mc3	TCGA-AP-A1DV:18:8378288:C	PTPRM	A1150V	A1150
tcga_mc3	TCGA-EE-A2GR:2:224856534:G	SERPINE2	S224F	S224
tcga_mc3	TCGA-DD-AACZ:17:62007563:T	CD79B	N101Y	N101
tcga_mc3	TCGA-BR-A4QI:17:7577094:G	TP53	R282W	R282
tcga_mc3	TCGA-EE-A20F:3:151545805:G	AADAC	G349R	G349
tcga_mc3	TCGA-2W-A8YY:20:39795201:C	PLCG1	R696W	R696
tcga_mc3	TCGA-GV-A3QK:1:203194936:G	CHIT1	R40C	R40
tcga_mc3	TCGA-E1-A7YI:2:209113112:C	IDH1	R132H	R132
tcga_mc3	TCGA-E1-5322:2:209113112:C	IDH1	R132H	R132
tcga_mc3	TCGA-YD-A9TA:4:149115959:C	NR3C2	R651Q	R651
tcga_mc3	TCGA-OR-A5J7:10:120931958:C	PRDX3	D163H	D163
tcga_mc3	TCGA-AP-A0LM:17:33318730:G	LIG3	S361I	S361
tcga_mc3	TCGA-HZ-A77Q:17:7577539:G	TP53	R248W	R248
tcga_mc3	TCGA-CN-A497:17:7577090:C	TP53	R283P	R283
tcga_mc3	TCGA-68-7757:7:151962165:G	KMT2C	A381E	A381
tcga_mc3	TCGA-VM-A8CE:19:42791718:C	CIC	R202W	R202
tcga_mc3	TCGA-N7-A4Y8:4:153249385:G	FBXW7	R465C	R465
tcga_mc3	TCGA-W5-AA2G:2:209113113:G	IDH1	R132C	R132
tcga_mc3	TCGA-RY-A840:2:209113112:C	IDH1	R132H	R132
tcga_mc3	TCGA-N5-A4RT:17:7577559:G	TP53	S241Y	S241
tcga_mc3	TCGA-BS-A0UV:11:112104240:G	PTS	E134K	E134
tcga_mc3	TCGA-BR-6802:12:25398285:C	KRAS	G12C	G12
tcga_mc3	TCGA-EE-A182:18:28968435:G	DSG4	E108K	E108
tcga_mc3	TCGA-TQ-A7RW:2:209113112:C	IDH1	R132H	R132
tcga_mc3	TCGA-A5-A0VQ:10:5138656:C	AKR1C3	R47C	R47
tcga_mc3	TCGA-FI-A2D5:19:58862885:C	A1BG	R261H	R261
tcga_mc3	TCGA-B5-A121:2:173830352:C	RAPGEF4	S254Y	S254
tcga_mc3	TCGA-AX-A2HD:17:4621958:C	ARRB2	P253H	P253
tcga_mc3	TCGA-EK-A3GM:13:52515301:C	ATP7B	G1158S	G1158
tcga_mc3	TCGA-EO-A3AY:12:99042509:G	APAF1	D82Y	D82
tcga_mc3	TCGA-AA-A010:16:50784087:G	CYLD	G160R	G160
tcga_mc3	TCGA-IB-7651:16:2035947:G	GFER	R179H	R179
tcga_mc3	TCGA-BG-A0RY:3:178936091:G	PIK3CA	E545K	E545
tcga_mc3	TCGA-FU-A3HY:3:178952085:A	PIK3CA	H1047L	H1047
tcga_mc3	TCGA-N6-A4VF:10:89692904:C	PTEN	R130G	R130
tcga_mc3	TCGA-56-8309:17:7578406:C	TP53	R175H	R175
tcga_mc3	TCGA-ZJ-AAXB:4:55599321:A	KIT	D816V	D816
tcga_mc3	TCGA-ZJ-A8QR:6:33263448:G	RGL2	S286F	S286
tcga_mc3	TCGA-FI-A2D5:3:41268766:A	CTNNB1	K335T	K335
tcga_mc3	TCGA-A5-A0G1:1:43396742:C	SLC2A1	G84C	G84
tcga_mc3	TCGA-EB-A57M:4:55594221:A	KIT	K642E	K642
tcga_mc3	TCGA-T9-A92H:3:178936091:G	PIK3CA	E545K	E545
tcga_mc3	TCGA-69-7980:12:25398284:C	KRAS	G12A	G12
tcga_mc3	TCGA-FW-A3R5:3:178942511:C	PIK3CA	S773F	S773
tcga_mc3	TCGA-IB-7651:14:94933482:C	SERPINA9	R289K	R289
tcga_mc3	TCGA-EE-A29L:10:96707649:G	CYP2C9	E199K	E199
tcga_mc3	TCGA-CV-6940:6:111067348:G	CDK19	S62L	S62
tcga_mc3	TCGA-TQ-A7RR:17:7577121:G	TP53	R273C	R273
tcga_mc3	TCGA-EO-A3B0:2:219110158:C	ARPC2	R189C	R189
tcga_mc3	TCGA-DK-AA6S:17:76867036:G	TIMP2	S95L	S95
tcga_mc3	TCGA-TM-A84S:2:209113112:C	IDH1	R132H	R132
tcga_mc3	TCGA-AP-A1E0:15:78568044:G	DNAJA4	R284Q	R284
tcga_mc3	TCGA-EY-A1GI:4:122605887:C	ANXA5	R45Q	R45
tcga_mc3	TCGA-D3-A8GV:17:62557655:G	SMURF2	R427C	R427
tcga_mc3	TCGA-CF-A1HR:3:57994493:C	FLNB	Q68E	Q68
tcga_mc3	TCGA-EE-A2GD:17:53851191:T	PCTP	V149G	V149
tcga_mc3	TCGA-D9-A6EC:19:41188843:G	NUMBL	R94W	R94
tcga_mc3	TCGA-W3-AA1V:1:164776790:G	PBX1	R238Q	R238
tcga_mc3	TCGA-AX-A1CE:2:143713826:G	KYNU	A164T	A164
tcga_mc3	TCGA-GN-A266:1:2938890:G	ACTRT2	D214N	D214
tcga_mc3	TCGA-KN-8424:17:7574017:C	TP53	R337H	R337
tcga_mc3	TCGA-EO-A22X:11:57099206:G	SSRP1	R387C	R387
tcga_mc3	TCGA-66-2756:17:7578407:G	TP53	R175G	R175
tcga_mc3	TCGA-VS-A8EL:15:78882553:C	CHRNA5	L274F	L274
tcga_mc3	TCGA-EY-A215:4:147104122:G	LSM6	G17R	G17
tcga_mc3	TCGA-AX-A0J0:2:113308539:G	POLR1B	R241Q	R241
tcga_mc3	TCGA-B5-A1MR:10:89474778:G	PAPSS2	E226K	E226
tcga_mc3	TCGA-AX-A1CE:5:74047237:G	GFM2	T129I	T129
tcga_mc3	TCGA-NC-A5HE:13:73649905:G	KLF5	E419Q	E419
tcga_mc3	TCGA-QH-A6X4:2:209113112:C	IDH1	R132H	R132
tcga_mc3	TCGA-EE-A2MS:10:112266805:G	DUSP5	R214Q	R214
tcga_mc3	TCGA-PG-A917:20:3017804:G	PTPRA	G735R	G735
tcga_mc3	TCGA-CG-4305:3:178936091:G	PIK3CA	E545K	E545
tcga_mc3	TCGA-4Z-AA86:6:22294697:G	PRL	R49C	R49
tcga_mc3	TCGA-AJ-A3BF:17:7577120:C	TP53	R273H	R273
tcga_mc3	TCGA-GR-A4D4:17:47696644:A	SPOP	F102I	F102
tcga_mc3	TCGA-EO-A3B0:11:47587496:G	PTPMT1	M71I	M71
tcga_mc3	TCGA-BA-5558:17:7577094:G	TP53	R282W	R282
tcga_mc3	TCGA-AP-A1DV:11:69514299:G	FGF19	P128S	P128
tcga_mc3	TCGA-43-7656:1:151372579:T	PSMB4	M88R	M88
tcga_mc3	TCGA-91-6836:12:25398284:C	KRAS	G12A	G12
tcga_mc3	TCGA-GN-A263:2:136566094:C	LCT	G1275R	G1275
tcga_mc3	TCGA-AR-A2LM:3:178921553:T	PIK3CA	N345K	N345
tcga_mc3	TCGA-GV-A3JZ:3:52019910:G	ACY1	E103Q	E103
tcga_mc3	TCGA-FU-A5XV:4:153249384:C	FBXW7	R465H	R465
tcga_mc3	TCGA-D8-A1J8:22:29091821:G	CHEK2	S379F	S379
tcga_mc3	TCGA-W3-AA1V:7:87760750:C	ADAM22	S331L	S331
tcga_mc3	TCGA-AP-A1E0:18:45395775:C	SMAD2	R120Q	R120
tcga_mc3	TCGA-QC-A7B5:1:159683514:G	CRP	S159F	S159
tcga_mc3	TCGA-60-2724:17:7577551:C	TP53	G244C	G244
tcga_mc3	TCGA-CR-7404:3:178936091:G	PIK3CA	E545K	E545
tcga_mc3	TCGA-AG-3725:1:115258745:C	NRAS	G13R	G13
tcga_mc3	TCGA-IB-7886:12:25398285:C	KRAS	G12C	G12
tcga_mc3	TCGA-AP-A1E0:4:265585:C	ZNF732	R354I	R354
tcga_mc3	TCGA-E6-A1M0:1:207498083:G	CD55	E156K	E156
tcga_mc3	TCGA-EE-A2MS:8:52321203:C	PXDNL	G994E	G994
tcga_mc3	TCGA-86-8279:8:63948230:C	GGH	R70I	R70
tcga_mc3	TCGA-A5-A3LP:19:52715971:C	PPP2R1A	P179R	P179
tcga_mc3	TCGA-CG-5733:17:44828940:A	NSF	I705M	I705
tcga_mc3	TCGA-DB-A75O:2:209113112:C	IDH1	R132H	R132
tcga_mc3	TCGA-D5-6540:17:7577121:G	TP53	R273C	R273
tcga_mc3	TCGA-F4-6570:3:178937438:C	PIK3CA	P609H	P609
tcga_mc3	TCGA-EE-A20H:18:29038468:G	DSG3	D93N	D93
tcga_mc3	TCGA-39-5029:16:1820909:C	NME3	R122H	R122
tcga_mc3	TCGA-H7-A76A:8:143956410:C	CYP11B1	R454H	R454
tcga_mc3	TCGA-DK-AA6L:10:26802583:C	APBB1IP	N269K	N269
tcga_mc3	TCGA-YL-A9WY:12:25398284:C	KRAS	G12D	G12
tcga_mc3	TCGA-AJ-A3EL:1:200573037:C	KIF14	R598Q	R598
tcga_mc3	TCGA-BS-A0UV:4:174216610:G	GALNT7	R273Q	R273
tcga_mc3	TCGA-96-7545:9:21971108:C	CDKN2A	D84N	D84
tcga_mc3	TCGA-AP-A1E4:17:47696599:T	SPOP	M117V	M117
tcga_mc3	TCGA-F5-6465:1:115258747:C	NRAS	G12D	G12
tcga_mc3	TCGA-FI-A2EY:17:7577559:G	TP53	S241C	S241
tcga_mc3	TCGA-DA-A1I8:16:1370213:C	UBE2I	P88S	P88
tcga_mc3	TCGA-ZF-A9R3:2:20647449:C	RHOB	P75T	P75
tcga_mc3	TCGA-FW-A3R5:5:140011718:G	CD14	S284L	S284
tcga_mc3	TCGA-18-4083:17:7578467:T	TP53	T155P	T155
tcga_mc3	TCGA-BR-8680:17:3436055:A	TRPV3	Y321H	Y321
tcga_mc3	TCGA-AX-A0IS:20:32267639:C	E2F1	R165Q	R165
tcga_mc3	TCGA-AX-A1C9:3:178936092:A	PIK3CA	E545A	E545
tcga_mc3	TCGA-E2-A153:3:178936091:G	PIK3CA	E545K	E545
tcga_mc3	TCGA-21-1082:6:4952635:A	CDYL	N544Y	N544
tcga_mc3	TCGA-US-A779:12:25398284:C	KRAS	G12D	G12
tcga_mc3	TCGA-D1-A17Q:22:43894197:G	MPPED1	V239I	V239
tcga_mc3	TCGA-DF-A2KU:19:50826955:C	KCNC3	V419I	V419
tcga_mc3	TCGA-AP-A1DV:12:15370375:C	RERG	V17M	V17
tcga_mc3	TCGA-CI-6621:20:39795345:G	PLCG1	R716H	R716
tcga_mc3	TCGA-A5-A1OF:16:21968870:C	UQCRC2	R84C	R84
tcga_mc3	TCGA-E2-A573:17:7578190:T	TP53	Y220C	Y220
tcga_mc3	TCGA-EO-A3KU:19:52716326:G	PPP2R1A	W257S	W257
tcga_mc3	TCGA-VD-A8KH:19:3118942:A	GNA11	Q209L	Q209
tcga_mc3	TCGA-AP-A0LM:1:243716094:C	AKT3	R367Q	R367
tcga_mc3	TCGA-FS-A1ZK:12:25398284:C	KRAS	G12D	G12
tcga_mc3	TCGA-A5-A2K7:3:178952085:A	PIK3CA	H1047R	H1047
tcga_mc3	TCGA-G4-6627:3:178936091:G	PIK3CA	E545K	E545
tcga_mc3	TCGA-B5-A11N:7:72743423:A	FKBP6	K79T	K79
tcga_mc3	TCGA-DB-5281:17:7577538:C	TP53	R248Q	R248
tcga_mc3	TCGA-S9-A6WE:2:209113112:C	IDH1	R132H	R132
tcga_mc3	TCGA-BR-4361:2:105716151:C	MRPS9	R375C	R375
tcga_mc3	TCGA-AX-A1C5:12:56478854:G	ERBB3	V104M	V104
tcga_mc3	TCGA-BS-A0UF:15:63419807:G	LACTB	E291K	E291
tcga_mc3	TCGA-RY-A83Y:2:209113112:C	IDH1	R132H	R132
tcga_mc3	TCGA-D7-A6EY:12:56492321:T	ERBB3	F885S	F885
tcga_mc3	TCGA-EE-A2MS:1:109774338:C	SARS	P226L	P226
tcga_mc3	TCGA-56-8201:17:7578406:C	TP53	R175H	R175
tcga_mc3	TCGA-W3-AA1V:1:158325195:C	CD1E	S154F	S154
tcga_mc3	TCGA-G3-A7M7:20:57484420:C	GNAS	R201C	R201
tcga_mc3	TCGA-CQ-5331:8:86114424:G	E2F5	D93N	D93
tcga_mc3	TCGA-GU-AATQ:3:178936091:G	PIK3CA	E545K	E545
tcga_mc3	TCGA-CN-6024:3:178952085:A	PIK3CA	H1047R	H1047
tcga_mc3	TCGA-FS-A4FC:1:46877286:C	FAAH	S440L	S440
tcga_mc3	TCGA-BG-A0VZ:12:25398284:C	KRAS	G12A	G12
tcga_mc3	TCGA-97-7941:18:48593406:G	SMAD4	G386V	G386
tcga_mc3	TCGA-FS-A1Z3:5:140229005:G	PCDHA9	D309N	D309
tcga_mc3	TCGA-LP-A4AV:6:30030070:G	ZNRD1	D106Y	D106
tcga_mc3	TCGA-HT-7616:2:209113112:C	IDH1	R132H	R132
tcga_mc3	TCGA-BR-8363:1:228334618:C	GUK1	S77L	S77
tcga_mc3	TCGA-D3-A1Q7:1:115829023:C	NGF	E132K	E132
tcga_mc3	TCGA-D3-A8GL:2:141946119:C	LRP1B	R295Q	R295
tcga_mc3	TCGA-AA-3712:14:94933552:C	SERPINA9	D266H	D266
tcga_mc3	TCGA-77-8133:12:15823815:G	EPS8	S60L	S60
tcga_mc3	TCGA-EO-A3B0:11:10523115:C	AMPD3	S607Y	S607
tcga_mc3	TCGA-W3-AA1V:4:125591367:T	ANKRD50	Q1022L	Q1022
tcga_mc3	TCGA-BS-A0UL:3:178952085:A	PIK3CA	H1047R	H1047
tcga_mc3	TCGA-D1-A103:19:50865026:C	NAPSA	R121Q	R121
tcga_mc3	TCGA-DM-A0XD:3:178936091:G	PIK3CA	E545K	E545
tcga_mc3	TCGA-DU-6407:2:209113112:C	IDH1	R132H	R132
tcga_mc3	TCGA-A7-A26H:3:178952085:A	PIK3CA	H1047R	H1047
tcga_mc3	TCGA-EO-A22U:2:223507634:C	FARSB	A69T	A69
tcga_mc3	TCGA-AP-A1DK:10:131666119:G	EBF3	T280I	T280
tcga_mc3	TCGA-DA-A1I7:16:88876893:G	APRT	R87G	R87
tcga_mc3	TCGA-06-5416:1:242015617:T	EXO1	F62C	F62
tcga_mc3	TCGA-P3-A5QF:3:178936091:G	PIK3CA	E545K	E545
tcga_mc3	TCGA-DU-A5TY:3:152880516:G	RAP2B	G12S	G12
tcga_mc3	TCGA-49-AARE:5:140011760:G	CD14	P270Q	P270
tcga_mc3	TCGA-CM-4752:1:21585254:G	ECE1	R232C	R232
tcga_mc3	TCGA-CG-5733:4:153249385:G	FBXW7	R465C	R465
tcga_mc3	TCGA-B5-A0JY:1:207498083:G	CD55	E156K	E156
tcga_mc3	TCGA-S9-A6TX:2:209113112:C	IDH1	R132H	R132
tcga_mc3	TCGA-60-2709:17:7577548:C	TP53	G245C	G245
tcga_mc3	TCGA-HD-7832:3:178936082:G	PIK3CA	E542K	E542
tcga_mc3	TCGA-44-7667:14:105208226:G	ADSSL1	G279S	G279
tcga_mc3	TCGA-UB-A7MB:3:50615001:A	HEMK1	Q204L	Q204
tcga_mc3	TCGA-FR-A726:11:99932099:C	CNTN5	S379F	S379
tcga_mc3	TCGA-EO-A3B0:6:80881060:A	BCKDHB	K232T	K232
tcga_mc3	TCGA-DD-A3A4:12:25398281:C	KRAS	G13D	G13
tcga_mc3	TCGA-2J-AABK:12:25398284:C	KRAS	G12V	G12
tcga_mc3	TCGA-D3-A8GM:14:23393554:G	PRMT5	S375F	S375
tcga_mc3	TCGA-41-3915:10:89692905:G	PTEN	R130Q	R130
tcga_mc3	TCGA-D9-A6EC:9:21971017:G	CDKN2A	P114L	P114
tcga_mc3	TCGA-DI-A1BU:11:68703872:T	IGHMBP2	Y642H	Y642
tcga_mc3	TCGA-G4-6627:12:25398284:C	KRAS	G12V	G12
tcga_mc3	TCGA-2J-AABA:8:30924630:C	WRN	R196C	R196
tcga_mc3	TCGA-E1-A7Z2:7:55210075:T	EGFR	L62R	L62
tcga_mc3	TCGA-P3-A6SW:19:14501807:A	CD97	S88C	S88
tcga_mc3	TCGA-DM-A0X9:12:25398281:C	KRAS	G13D	G13
tcga_mc3	TCGA-VS-A8EH:4:153249384:C	FBXW7	R465H	R465
tcga_mc3	TCGA-GN-A8LK:1:172001583:G	DNM3	D211N	D211
tcga_mc3	TCGA-FI-A2D5:10:5827992:T	GDI2	K137T	K137
tcga_mc3	TCGA-CJ-5684:3:10188208:G	VHL	W117C	W117
tcga_mc3	TCGA-AR-A1AS:12:25398284:C	KRAS	G12V	G12
tcga_mc3	TCGA-EY-A1GD:1:116247833:C	CASQ2	D307N	D307
tcga_mc3	TCGA-FR-A8YC:11:99786792:G	CNTN5	G195E	G195
tcga_mc3	TCGA-34-5232:3:178916726:G	PIK3CA	R38L	R38
tcga_mc3	TCGA-XF-A9T0:3:178936095:A	PIK3CA	Q546P	Q546
tcga_mc3	TCGA-E2-A10B:3:178952085:A	PIK3CA	H1047R	H1047
tcga_mc3	TCGA-QL-A97D:12:25398284:C	KRAS	G12D	G12
tcga_mc3	TCGA-QC-A7B5:13:100635186:G	ZIC2	E290K	E290
tcga_mc3	TCGA-A6-2684:12:25398284:C	KRAS	G12D	G12
tcga_mc3	TCGA-EE-A2MD:7:134215542:G	AKR1B10	D72N	D72
tcga_mc3	TCGA-KP-A3VZ:17:7578190:T	TP53	Y220C	Y220
tcga_mc3	TCGA-DI-A1BU:19:12791024:A	DHPS	I108T	I108
tcga_mc3	TCGA-3N-A9WC:18:61324085:C	SERPINB3	E250K	E250
tcga_mc3	TCGA-E2-A15C:3:178952085:A	PIK3CA	H1047R	H1047
tcga_mc3	TCGA-K4-A4AB:3:178952085:A	PIK3CA	H1047R	H1047
tcga_mc3	TCGA-CC-A1HT:22:19223332:C	CLTCL1	D286H	D286
tcga_mc3	TCGA-E6-A1LZ:17:7577534:C	TP53	R249S	R249
tcga_mc3	TCGA-YD-A9TA:18:61324085:C	SERPINB3	E250K	E250
tcga_mc3	TCGA-85-8584:11:104866520:A	CASP5	I419K	I419
tcga_mc3	TCGA-EE-A29V:7:31378576:C	NEUROD6	E103K	E103
tcga_mc3	TCGA-A5-A2K5:11:113802114:G	HTR3B	E74D	E74
tcga_mc3	TCGA-E7-A6ME:20:40735448:C	PTPRT	R1123T	R1123
tcga_mc3	TCGA-73-7498:12:25398285:C	KRAS	G12C	G12
tcga_mc3	TCGA-D1-A103:2:217054974:G	XRCC5	E621K	E621
tcga_mc3	TCGA-38-4626:17:16326965:T	TRPV2	Y270H	Y270
tcga_mc3	TCGA-AX-A2HC:20:43533689:C	YWHAB	R169C	R169
tcga_mc3	TCGA-F5-6814:2:234235841:G	SAG	K170N	K170
tcga_mc3	TCGA-D8-A1JD:3:178951957:G	PIK3CA	M1004I	M1004
tcga_mc3	TCGA-EB-A42Z:1:158261127:C	CD1C	R89C	R89
tcga_mc3	TCGA-B5-A3FA:1:109321941:C	STXBP3	R240C	R240
tcga_mc3	TCGA-FD-A3SN:9:140069557:G	ANAPC2	S769L	S769
tcga_mc3	TCGA-EE-A3J5:5:140175450:G	PCDHA2	E301K	E301
tcga_mc3	TCGA-HT-7467:2:209113112:C	IDH1	R132H	R132
tcga_mc3	TCGA-GV-A40G:17:7577084:T	TP53	E285V	E285
tcga_mc3	TCGA-PG-A914:19:52715971:C	PPP2R1A	P179R	P179
tcga_mc3	TCGA-W3-AA1V:14:105707626:G	BRF1	R224C	R224
tcga_mc3	TCGA-MI-A75C:12:25398284:C	KRAS	G12D	G12
tcga_mc3	TCGA-E2-A14Z:3:52019910:G	ACY1	E103Q	E103
tcga_mc3	TCGA-EE-A2GC:8:66989064:G	DNAJC5B	E97K	E97
tcga_mc3	TCGA-EE-A20C:17:39921256:C	JUP	E325K	E325
tcga_mc3	TCGA-GM-A2DH:5:108521904:G	FER	R736K	R736
tcga_mc3	TCGA-A7-A0DB:3:178952085:A	PIK3CA	H1047R	H1047
tcga_mc3	TCGA-27-1838:17:7577114:C	TP53	C275Y	C275
tcga_mc3	TCGA-HU-A4GU:1:158324361:T	CD1E	F85V	F85
tcga_mc3	TCGA-2Z-A9JN:12:25398284:C	KRAS	G12V	G12
tcga_mc3	TCGA-3B-A9HY:17:7577539:G	TP53	R248W	R248
tcga_mc3	TCGA-B5-A3FC:1:207930905:C	CD46	R103W	R103
tcga_mc3	TCGA-DI-A1C3:10:89692904:C	PTEN	R130G	R130
tcga_mc3	TCGA-P5-A781:2:209113112:C	IDH1	R132H	R132
tcga_mc3	TCGA-FI-A2D0:12:6442284:A	TNFRSF1A	C168R	C168
tcga_mc3	TCGA-AP-A0LF:19:52715971:C	PPP2R1A	P179R	P179
tcga_mc3	TCGA-B5-A3FC:22:37420672:A	MPST	N139I	N139
tcga_mc3	TCGA-EB-A3XC:17:7577114:C	TP53	C275Y	C275
tcga_mc3	TCGA-CV-7410:11:68703725:G	IGHMBP2	E593K	E593
tcga_mc3	TCGA-AX-A1CE:19:37903536:G	ZNF569	S675L	S675
tcga_mc3	TCGA-37-3792:14:50655233:T	SOS2	R232S	R232
tcga_mc3	TCGA-21-5782:11:76969559:C	GDPD4	D246Y	D246
tcga_mc3	TCGA-D5-6535:12:25398284:C	KRAS	G12D	G12
tcga_mc3	TCGA-IG-A3YA:17:7578406:C	TP53	R175H	R175
tcga_mc3	TCGA-A5-A0G1:4:158281090:C	GRIA2	R696W	R696
tcga_mc3	TCGA-HT-7606:19:11132434:C	SMARCA4	H884N	H884
tcga_mc3	TCGA-DX-A7ER:2:182543257:G	NEUROD1	R111W	R111
tcga_mc3	TCGA-HC-A6HX:15:96875647:C	NR2F2	R105G	R105
tcga_mc3	TCGA-QG-A5YX:3:178936083:A	PIK3CA	E542G	E542
tcga_mc3	TCGA-AP-A1DV:13:27828384:G	RPL21	R32Q	R32
tcga_mc3	TCGA-D7-A4YT:3:30713543:G	TGFBR2	E290K	E290
tcga_mc3	TCGA-NJ-A4YI:5:158223456:G	EBF1	P269Q	P269
tcga_mc3	TCGA-FI-A2D5:19:52618543:C	ZNF616	R625I	R625
tcga_mc3	TCGA-DU-A7TC:17:7577121:G	TP53	R273C	R273
tcga_mc3	TCGA-DF-A2KN:1:47838748:C	CMPK1	S147Y	S147
tcga_mc3	TCGA-DK-A6AW:17:7534049:T	SHBG	F85L	F85
tcga_mc3	TCGA-BL-A13I:4:153247289:G	FBXW7	R505G	R505
tcga_mc3	TCGA-D7-A6EY:12:58174307:G	METTL21B	G187R	G187
tcga_mc3	TCGA-T9-A92H:20:1356217:G	FKBP1A	S39Y	S39
tcga_mc3	TCGA-LN-A4A5:17:7577538:C	TP53	R248Q	R248
tcga_mc3	TCGA-S3-AA14:3:178936082:G	PIK3CA	E542K	E542
tcga_mc3	TCGA-EE-A2MS:7:30795310:C	INMT	S212F	S212
tcga_mc3	TCGA-D1-A16Y:3:41268762:G	CTNNB1	E334K	E334
tcga_mc3	TCGA-QK-A6VB:3:69105798:C	UBA3	G350R	G350
tcga_mc3	TCGA-B5-A3FA:19:11141550:G	SMARCA4	S1176I	S1176
tcga_mc3	TCGA-BA-5556:14:23444270:C	AJUBA	R428Q	R428
tcga_mc3	TCGA-E6-A1LX:3:51457819:C	VPRBP	V1242M	V1242
tcga_mc3	TCGA-GM-A3NW:3:178921551:A	PIK3CA	N345H	N345
tcga_mc3	TCGA-D5-6532:11:18456371:C	LDHC	A168G	A168
tcga_mc3	TCGA-P3-A6T0:3:178952085:A	PIK3CA	H1047R	H1047
tcga_mc3	TCGA-66-2770:4:1803568:C	FGFR3	S249C	S249
tcga_mc3	TCGA-AA-3510:6:107100203:C	QRSL1	S226L	S226
tcga_mc3	TCGA-85-A4CN:17:7577106:G	TP53	P278A	P278
tcga_mc3	TCGA-AP-A0LF:19:10678017:G	CDKN2D	S73C	S73
tcga_mc3	TCGA-YD-A89C:15:65041331:C	RBPMS2	E96K	E96
tcga_mc3	TCGA-BH-A0DV:3:178938935:A	PIK3CA	E726G	E726
tcga_mc3	TCGA-XF-A9SX:3:185165701:C	MAP3K13	R326W	R326
tcga_mc3	TCGA-EB-A4P0:17:80039897:C	FASN	E2051K	E2051
tcga_mc3	TCGA-CM-5860:3:178936091:G	PIK3CA	E545K	E545
tcga_mc3	TCGA-EE-A2GB:11:27114841:G	BBOX1	G154E	G154
tcga_mc3	TCGA-FG-A4MY:2:209113112:C	IDH1	R132H	R132
tcga_mc3	TCGA-06-6701:2:209113112:C	IDH1	R132H	R132
tcga_mc3	TCGA-FS-A1ZA:5:889228:C	BRD9	G172R	G172
tcga_mc3	TCGA-AX-A2HC:18:29046540:G	DSG3	D487N	D487
tcga_mc3	TCGA-IG-A3I8:17:7578406:C	TP53	R175H	R175
tcga_mc3	TCGA-DA-A960:1:2938890:G	ACTRT2	D214N	D214
tcga_mc3	TCGA-BK-A6W3:7:141445301:G	SSBP1	R107Q	R107
tcga_mc3	TCGA-FD-A6TF:4:153247289:G	FBXW7	R505G	R505
tcga_mc3	TCGA-P5-A5EZ:2:209113113:G	IDH1	R132C	R132
tcga_mc3	TCGA-FP-A4BF:17:7577094:G	TP53	R282W	R282
tcga_mc3	TCGA-FP-A4BF:15:25220656:A	SNRPN	K52T	K52
tcga_mc3	TCGA-EO-A3AZ:1:162372572:G	SH2D1B	T52I	T52
tcga_mc3	TCGA-EE-A2GO:2:214878736:C	SPAG16	P488S	P488
tcga_mc3	TCGA-EY-A547:3:178952085:A	PIK3CA	H1047R	H1047
tcga_mc3	TCGA-P5-A5ET:2:209113112:C	IDH1	R132H	R132
tcga_mc3	TCGA-XX-A89A:3:178936082:G	PIK3CA	E542K	E542
tcga_mc3	TCGA-44-7672:12:25398284:C	KRAS	G12A	G12
tcga_mc3	TCGA-AZ-6606:12:25398284:C	KRAS	G12V	G12
tcga_mc3	TCGA-55-1595:12:25398285:C	KRAS	G12C	G12
tcga_mc3	TCGA-VQ-A924:4:56345102:G	CLOCK	R46C	R46
tcga_mc3	TCGA-DK-A3IN:6:109768352:G	MICAL1	F717L	F717
tcga_mc3	TCGA-D1-A17Q:12:96691430:G	CDK17	S262Y	S262
tcga_mc3	TCGA-IB-7651:7:54825203:T	SEC61G	K27Q	K27
tcga_mc3	TCGA-HU-A4GT:9:70993145:A	PGM5	I98V	I98
tcga_mc3	TCGA-AX-A1CE:2:216182924:G	ATIC	R64H	R64
tcga_mc3	TCGA-GN-A4U5:6:160188079:G	ACAT2	G78E	G78
tcga_mc3	TCGA-2W-A8YY:3:126224817:C	UROC1	G214S	G214
tcga_mc3	TCGA-LN-A8I1:17:42286802:G	UBTF	S608Y	S608
tcga_mc3	TCGA-IG-A97I:17:7577538:C	TP53	R248Q	R248
tcga_mc3	TCGA-D3-A51E:5:149630366:G	CAMK2A	S234L	S234
tcga_mc3	TCGA-66-2789:12:21790085:T	LDHB	I253V	I253
tcga_mc3	TCGA-ZM-AA05:12:25398284:C	KRAS	G12V	G12
tcga_mc3	TCGA-CM-4751:12:25398284:C	KRAS	G12D	G12
tcga_mc3	TCGA-CR-5247:5:176709563:A	NSD1	Y1997C	Y1997
tcga_mc3	TCGA-FW-A3R5:2:136566094:C	LCT	G1275R	G1275
tcga_mc3	TCGA-IQ-7630:17:7577548:C	TP53	G245S	G245
tcga_mc3	TCGA-D3-A2JO:12:79689912:C	SYT1	P180S	P180
tcga_mc3	TCGA-2W-A8YY:7:4900243:C	PAPOLB	R399Q	R399
tcga_mc3	TCGA-BH-A1F2:17:7577085:C	TP53	E285K	E285
tcga_mc3	TCGA-A6-6781:3:52257551:C	TLR9	A261T	A261
tcga_mc3	TCGA-VW-A8FI:3:178952084:C	PIK3CA	H1047Y	H1047
tcga_mc3	TCGA-3M-AB47:12:21693487:G	GYS2	R556W	R556
tcga_mc3	TCGA-BK-A26L:19:52715971:C	PPP2R1A	P179R	P179
tcga_mc3	TCGA-EI-6917:13:27828384:G	RPL21	R32Q	R32
tcga_mc3	TCGA-BR-6452:13:52515217:C	ATP7B	G1186S	G1186
tcga_mc3	TCGA-MH-A854:12:25398284:C	KRAS	G12V	G12
tcga_mc3	TCGA-BG-A18C:2:212295788:C	ERBB4	R842Q	R842
tcga_mc3	TCGA-VQ-A8P2:19:15989736:C	CYP4F2	G470R	G470
tcga_mc3	TCGA-A5-A1OG:22:50716565:G	PLXNB2	T1623R	T1623
tcga_mc3	TCGA-D1-A16B:3:178952085:A	PIK3CA	H1047R	H1047
tcga_mc3	TCGA-D3-A8GL:7:87092091:C	ABCB4	G90E	G90
tcga_mc3	TCGA-CM-6171:20:56137167:G	PCK1	E89K	E89
tcga_mc3	TCGA-FI-A2D6:15:78458574:G	IDH3A	R316H	R316
tcga_mc3	TCGA-AJ-A3BH:17:7130535:G	DVL2	R473W	R473
tcga_mc3	TCGA-AP-A1DK:3:156175297:C	KCNAB1	T138I	T138
tcga_mc3	TCGA-VQ-A91N:16:21045343:G	DNAH3	T1717S	T1717
tcga_mc3	TCGA-AP-A1DV:18:55238743:C	FECH	R115Q	R115
tcga_mc3	TCGA-CM-5868:17:7577094:G	TP53	R282W	R282
tcga_mc3	TCGA-XF-AAN2:17:37868208:C	ERBB2	S310F	S310
tcga_mc3	TCGA-DU-6392:9:116150638:G	ALAD	A312D	A312
tcga_mc3	TCGA-D9-A3Z4:17:6978704:C	CLEC10A	G253R	G253
tcga_mc3	TCGA-DI-A2QY:12:56478854:G	ERBB3	V104M	V104
tcga_mc3	TCGA-V4-A9EE:9:80409488:T	GNAQ	Q209P	Q209
tcga_mc3	TCGA-EY-A212:19:52715971:C	PPP2R1A	P179R	P179
tcga_mc3	TCGA-NJ-A4YP:2:87017610:C	CD8A	E82K	E82
tcga_mc3	TCGA-AC-A5XS:3:178936092:A	PIK3CA	E545G	E545
tcga_mc3	TCGA-B5-A11N:1:78546461:G	GIPC2	E115K	E115
tcga_mc3	TCGA-A7-A5ZV:7:128488116:C	FLNC	P1525Q	P1525
tcga_mc3	TCGA-CV-7425:3:37056031:C	MLH1	I262M	I262
tcga_mc3	TCGA-D7-6520:17:7578406:C	TP53	R175H	R175
tcga_mc3	TCGA-DD-AAVV:17:7578461:C	TP53	V157F	V157
tcga_mc3	TCGA-HD-A4C1:6:31323241:G	HLA-B	Q250E	Q250
tcga_mc3	TCGA-DM-A28H:17:7578406:C	TP53	R175H	R175
tcga_mc3	TCGA-EO-A3B0:22:41533773:G	EP300	R580Q	R580
tcga_mc3	TCGA-HU-A4GU:3:178936091:G	PIK3CA	E545K	E545
tcga_mc3	TCGA-QB-AA9O:17:47299959:C	ABI3	S328F	S328
tcga_mc3	TCGA-FJ-A871:12:25398285:C	KRAS	G12R	G12
tcga_mc3	TCGA-B6-A0WT:10:89692905:G	PTEN	R130Q	R130
tcga_mc3	TCGA-EO-A3AV:18:29046540:G	DSG3	D487N	D487
tcga_mc3	TCGA-CA-6717:3:16268972:C	GALNT15	R629C	R629
tcga_mc3	TCGA-BH-A0DV:3:178936091:G	PIK3CA	E545K	E545
tcga_mc3	TCGA-D9-A1JW:7:55912390:G	SEPT14	S66L	S66
tcga_mc3	TCGA-DI-A1BU:5:86705177:T	CCNH	T82A	T82
tcga_mc3	TCGA-AR-A24T:3:178952085:A	PIK3CA	H1047R	H1047
tcga_mc3	TCGA-YD-A9TA:4:48097181:G	TXK	S187F	S187
tcga_mc3	TCGA-ER-A42L:15:66727455:G	MAP2K1	K57N	K57
tcga_mc3	TCGA-L5-A43I:17:7577548:C	TP53	G245S	G245
tcga_mc3	TCGA-BS-A0UF:4:128724899:C	HSPA4L	S260Y	S260
tcga_mc3	TCGA-HT-7879:2:209113112:C	IDH1	R132H	R132
tcga_mc3	TCGA-33-4566:19:44065074:C	XRCC1	E81D	E81
tcga_mc3	TCGA-CD-5798:12:25398284:C	KRAS	G12D	G12
tcga_mc3	TCGA-HT-7608:2:209113112:C	IDH1	R132H	R132
tcga_mc3	TCGA-BS-A0TJ:2:209007468:C	CRYGB	R141M	R141
tcga_mc3	TCGA-W3-A828:9:131345058:T	SPTAN1	F579S	F579
tcga_mc3	TCGA-C5-A1BE:3:178938934:G	PIK3CA	E726K	E726
tcga_mc3	TCGA-FW-A3R5:10:125516860:C	CPXM2	D596N	D596
tcga_mc3	TCGA-C4-A0F7:17:7577568:C	TP53	C238F	C238
tcga_mc3	TCGA-B5-A11N:17:12655756:G	MYOCD	R384Q	R384
tcga_mc3	TCGA-EA-A1QS:3:178936082:G	PIK3CA	E542K	E542
tcga_mc3	TCGA-HT-7874:3:178952073:T	PIK3CA	M1043T	M1043
tcga_mc3	TCGA-86-7954:17:7577538:C	TP53	R248L	R248
tcga_mc3	TCGA-DU-7006:3:184043126:C	EIF4G1	R976C	R976
tcga_mc3	TCGA-EY-A1GD:2:64685486:A	LGALSL	Y148C	Y148
tcga_mc3	TCGA-QF-A5YS:11:89914816:C	NAALAD2	F629L	F629
tcga_mc3	TCGA-E6-A1LX:17:7578407:G	TP53	R175C	R175
tcga_mc3	TCGA-BJ-A18Y:3:51969488:C	RRP9	G281R	G281
tcga_mc3	TCGA-EA-A3HT:3:178936091:G	PIK3CA	E545K	E545
tcga_mc3	TCGA-MP-A4T4:12:25398284:C	KRAS	G12V	G12
tcga_mc3	TCGA-3P-A9WA:14:69392358:C	ACTN1	R46Q	R46
tcga_mc3	TCGA-UD-AAC1:2:61014107:C	PAPOLG	R398C	R398
tcga_mc3	TCGA-AX-A2HD:7:87020936:A	CROT	R445G	R445
tcga_mc3	TCGA-V4-A9E9:9:80409488:T	GNAQ	Q209P	Q209
tcga_mc3	TCGA-F5-6814:19:34984198:T	WTIP	C290G	C290
tcga_mc3	TCGA-AZ-6605:12:95452198:A	NR2C1	N144K	N144
tcga_mc3	TCGA-85-6798:3:178936082:G	PIK3CA	E542K	E542
tcga_mc3	TCGA-EE-A2GM:2:219449406:C	RQCD1	P131L	P131
tcga_mc3	TCGA-P3-A5QF:4:1803568:C	FGFR3	S249C	S249
tcga_mc3	TCGA-EJ-A65G:11:14316390:T	RRAS2	Q72L	Q72
tcga_mc3	TCGA-ER-A3ES:2:209113113:G	IDH1	R132C	R132
tcga_mc3	TCGA-C8-A9FZ:2:46803238:C	RHOQ	R72G	R72
tcga_mc3	TCGA-BS-A0UV:2:220022258:C	NHEJ1	R109Q	R109
tcga_mc3	TCGA-BS-A0UV:6:116264282:C	FRK	E403K	E403
tcga_mc3	TCGA-D9-A6EA:8:30924625:C	WRN	S194F	S194
tcga_mc3	TCGA-GS-A9TV:9:97346890:G	FBP2	S132C	S132
tcga_mc3	TCGA-AJ-A3BG:3:176755900:C	TBL1XR1	D370N	D370
tcga_mc3	TCGA-GF-A6C9:6:28501787:C	GPX5	S170F	S170
tcga_mc3	TCGA-06-5416:16:31121043:G	BCKDK	R105H	R105
tcga_mc3	TCGA-CF-A27C:4:1803568:C	FGFR3	S249C	S249
tcga_mc3	TCGA-EO-A3B0:3:178916725:C	PIK3CA	R38C	R38
tcga_mc3	TCGA-NH-A6GC:17:7577094:G	TP53	R282W	R282
tcga_mc3	TCGA-L5-A88Z:17:7578407:G	TP53	R175G	R175
tcga_mc3	TCGA-BH-A1ET:3:178936082:G	PIK3CA	E542K	E542
tcga_mc3	TCGA-A5-A1OJ:3:178936091:G	PIK3CA	E545K	E545
tcga_mc3	TCGA-X6-A8C5:17:7577568:C	TP53	C238Y	C238
tcga_mc3	TCGA-LA-A446:1:115258748:C	NRAS	G12C	G12
tcga_mc3	TCGA-44-7671:9:8340442:C	PTPRD	Q1718H	Q1718
tcga_mc3	TCGA-AP-A1E0:1:154940690:C	SHC1	G265D	G265
tcga_mc3	TCGA-2W-A8YY:14:90459745:C	TDP1	R487C	R487
tcga_mc3	TCGA-B5-A1MR:5:142689734:C	NR3C1	D466N	D466
tcga_mc3	TCGA-78-7540:20:57484421:G	GNAS	R201H	R201
tcga_mc3	TCGA-51-4080:21:44185586:C	PDE9A	N446K	N446
tcga_mc3	TCGA-CC-5262:19:4538064:T	LRG1	Y311C	Y311
tcga_mc3	TCGA-E1-5311:2:209113112:C	IDH1	R132H	R132
tcga_mc3	TCGA-AX-A1CE:6:159192423:G	EZR	A271D	A271
tcga_mc3	TCGA-ER-A19K:8:52321203:C	PXDNL	G994E	G994
tcga_mc3	TCGA-FG-7636:17:7577121:G	TP53	R273C	R273
tcga_mc3	TCGA-QT-A5XM:10:43617416:T	RET	M918T	M918
tcga_mc3	TCGA-D8-A1X5:17:7577568:C	TP53	C238F	C238
tcga_mc3	TCGA-AJ-A3EK:1:15833446:C	CASP9	R193H	R193
tcga_mc3	TCGA-VQ-A91U:18:48591918:C	SMAD4	R361C	R361
tcga_mc3	TCGA-D9-A4Z3:6:168440834:C	KIF25	S195F	S195
tcga_mc3	TCGA-55-A57B:2:209113113:G	IDH1	R132C	R132
tcga_mc3	TCGA-EO-A3KX:17:47696432:A	SPOP	W131R	W131
tcga_mc3	TCGA-EE-A29D:16:80583473:C	DYNLRB2	R58C	R58
tcga_mc3	TCGA-VS-A9UC:13:73649905:G	KLF5	E419K	E419
tcga_mc3	TCGA-EY-A1GJ:4:153247168:T	FBXW7	Y545C	Y545
tcga_mc3	TCGA-DU-A7TA:15:90631838:C	IDH2	R172M	R172
tcga_mc3	TCGA-GN-A9SD:2:219449406:C	RQCD1	P131L	P131
tcga_mc3	TCGA-CC-5264:17:80051491:A	FASN	F146S	F146
tcga_mc3	TCGA-60-2704:1:167870904:C	ADCY10	K144N	K144
tcga_mc3	TCGA-DC-6682:4:153249385:G	FBXW7	R465C	R465
tcga_mc3	TCGA-AP-A059:19:6495747:C	TUBB4A	V255I	V255
tcga_mc3	TCGA-06-5416:16:30507514:G	ITGAL	D534N	D534
tcga_mc3	TCGA-B5-A11E:10:25313735:G	THNSL1	R528Q	R528
tcga_mc3	TCGA-PG-A917:4:156725867:G	GUCY1B3	K559N	K559
tcga_mc3	TCGA-C5-A1MK:3:178936091:G	PIK3CA	E545K	E545
tcga_mc3	TCGA-DK-A1AG:4:1803568:C	FGFR3	S249C	S249
tcga_mc3	TCGA-EK-A2RB:6:99997423:C	CCNC	D187H	D187
tcga_mc3	TCGA-D3-A8GQ:20:15480430:G	MACROD2	E195K	E195
tcga_mc3	TCGA-D1-A160:14:67647553:C	GPHN	R704C	R704
tcga_mc3	TCGA-HW-7490:2:209113112:C	IDH1	R132H	R132
tcga_mc3	TCGA-PG-A917:19:39406732:C	SARS2	R431H	R431
tcga_mc3	TCGA-AJ-A2QK:17:7577548:C	TP53	G245S	G245
tcga_mc3	TCGA-HT-7607:14:65544747:C	MAX	R60Q	R60
tcga_mc3	TCGA-A4-8515:4:39515753:A	UGDH	S72P	S72
tcga_mc3	TCGA-ZF-A9RC:7:36489317:A	ANLN	Q1041L	Q1041
tcga_mc3	TCGA-QU-A6IN:3:178952085:A	PIK3CA	H1047R	H1047
tcga_mc3	TCGA-EE-A3AD:17:7577559:G	TP53	S241F	S241
tcga_mc3	TCGA-EE-A180:1:196977706:G	CFHR5	D535N	D535
tcga_mc3	TCGA-D1-A103:19:9524066:C	ZNF266	R512Q	R512
tcga_mc3	TCGA-AA-3984:4:153247244:C	FBXW7	D520Y	D520
tcga_mc3	TCGA-FS-A1ZK:1:40236126:G	OXCT2	R268C	R268
tcga_mc3	TCGA-5C-A9VG:20:57484420:C	GNAS	R201C	R201
tcga_mc3	TCGA-AJ-A3EL:4:185553545:T	CASP3	T62A	T62
tcga_mc3	TCGA-D1-A103:19:35769679:A	USF2	N269T	N269
tcga_mc3	TCGA-C5-A1BI:1:93812394:G	DR1	K64N	K64
tcga_mc3	TCGA-BG-A0MQ:3:178916891:G	PIK3CA	R93Q	R93
tcga_mc3	TCGA-51-4080:17:7574017:C	TP53	R337L	R337
tcga_mc3	TCGA-FW-A3TU:2:32093518:G	MEMO1	S269L	S269
tcga_mc3	TCGA-B5-A3FC:3:133475801:G	TF	R273Q	R273
tcga_mc3	TCGA-HU-A4G8:5:40834687:C	RPL37	G9R	G9
tcga_mc3	TCGA-D3-A8GP:1:159558299:C	APCS	S158F	S158
tcga_mc3	TCGA-DS-A0VN:17:7253489:C	ACAP1	R669G	R669
tcga_mc3	TCGA-XF-AAML:20:56886099:G	RAB22A	D13Y	D13
tcga_mc3	TCGA-BF-A1PX:2:209116179:G	IDH1	P33S	P33
tcga_mc3	TCGA-EE-A2MR:17:76867039:G	TIMP2	S94F	S94
tcga_mc3	TCGA-FS-A1ZA:7:139657436:C	TBXAS1	S231L	S231
tcga_mc3	TCGA-AP-A0LM:5:121188335:C	FTMT	A226V	A226
tcga_mc3	TCGA-EQ-A4SO:12:25398284:C	KRAS	G12V	G12
tcga_mc3	TCGA-D1-A2G0:4:153247366:C	FBXW7	R479Q	R479
tcga_mc3	TCGA-EB-A3XC:11:121429346:C	SORL1	R904W	R904
tcga_mc3	TCGA-EO-A22U:17:28576142:C	BLMH	E421K	E421
tcga_mc3	TCGA-98-A538:5:140237081:C	PCDHA10	A483V	A483
tcga_mc3	TCGA-B5-A11N:4:153249384:C	FBXW7	R465H	R465
tcga_mc3	TCGA-37-4130:9:13136711:C	MPDZ	R1431I	R1431
tcga_mc3	TCGA-EE-A2GC:17:7578400:G	TP53	P177L	P177
tcga_mc3	TCGA-DA-A95W:12:109687830:G	ACACB	G1904D	G1904
tcga_mc3	TCGA-BR-6452:9:80943013:C	PSAT1	R306C	R306
tcga_mc3	TCGA-CN-6998:3:178952085:A	PIK3CA	H1047R	H1047
tcga_mc3	TCGA-B5-A1MR:19:54080686:G	ZNF331	R291I	R291
tcga_mc3	TCGA-B5-A11E:12:99192773:G	ANKS1B	S1069Y	S1069
tcga_mc3	TCGA-DV-A4VX:3:10188250:C	VHL	N131K	N131
tcga_mc3	TCGA-BS-A0V8:17:7578190:T	TP53	Y220C	Y220
tcga_mc3	TCGA-37-3789:3:133478162:G	TF	A398S	A398
tcga_mc3	TCGA-A6-2681:12:25398284:C	KRAS	G12V	G12
tcga_mc3	TCGA-DM-A28M:3:178952085:A	PIK3CA	H1047R	H1047
tcga_mc3	TCGA-IK-7675:2:209113112:C	IDH1	R132H	R132
tcga_mc3	TCGA-AR-A1AO:3:178936082:G	PIK3CA	E542K	E542
tcga_mc3	TCGA-AY-6197:3:23960861:C	RPL15	R162C	R162
tcga_mc3	TCGA-DD-A39W:1:214542934:G	PTPN14	T1046K	T1046
tcga_mc3	TCGA-AA-3510:8:65527673:C	CYP7B1	D323Y	D323
tcga_mc3	TCGA-DF-A2KU:7:50513485:C	FIGNL1	E501K	E501
tcga_mc3	TCGA-CH-5761:20:62172641:C	SRMS	E396D	E396
tcga_mc3	TCGA-XF-AAN0:17:37868208:C	ERBB2	S310F	S310
tcga_mc3	TCGA-28-1747:7:55211079:A	EGFR	R108G	R108
tcga_mc3	TCGA-AZ-4315:17:73258737:A	MRPS7	K81N	K81
tcga_mc3	TCGA-34-5240:11:534286:C	HRAS	G13R	G13
tcga_mc3	TCGA-G4-6323:12:25398281:C	KRAS	G13D	G13
tcga_mc3	TCGA-FB-A545:17:7577121:G	TP53	R273C	R273
tcga_mc3	TCGA-DM-A1D9:1:115258747:C	NRAS	G12D	G12
tcga_mc3	TCGA-B5-A11N:4:83987668:G	COPS4	E322K	E322
tcga_mc3	TCGA-C8-A131:12:25398284:C	KRAS	G12V	G12
tcga_mc3	TCGA-AJ-A3EL:4:78678051:C	CNOT6L	R152Q	R152
tcga_mc3	TCGA-AX-A2HC:8:30361815:G	RBPMS	D87N	D87
tcga_mc3	TCGA-55-8299:7:144288615:C	TPK1	Q134H	Q134
tcga_mc3	TCGA-EO-A22X:1:97235334:G	PTBP2	R64Q	R64
tcga_mc3	TCGA-BT-A42F:12:131293204:G	STX2	S109L	S109
tcga_mc3	TCGA-E1-A7YH:17:7577108:C	TP53	C277F	C277
tcga_mc3	TCGA-55-A492:9:21971111:G	CDKN2A	H83Y	H83
tcga_mc3	TCGA-44-8119:16:53276875:A	CHD9	R1001G	R1001
tcga_mc3	TCGA-5N-A9KI:3:178936091:G	PIK3CA	E545K	E545
tcga_mc3	TCGA-77-A5GF:17:7578461:C	TP53	V157F	V157
tcga_mc3	TCGA-EE-A2MD:1:197026196:G	F13B	S373L	S373
tcga_mc3	TCGA-UZ-A9Q0:15:96875660:G	NR2F2	R109M	R109
tcga_mc3	TCGA-D3-A2JD:18:672885:C	TYMS	P277L	P277
tcga_mc3	TCGA-HF-A5NB:10:33209310:G	ITGB1	L378I	L378
tcga_mc3	TCGA-55-8512:12:25398284:C	KRAS	G12V	G12
tcga_mc3	TCGA-D8-A1JJ:3:178952085:A	PIK3CA	H1047R	H1047
tcga_mc3	TCGA-D1-A17Q:9:32489410:C	DDX58	R244I	R244
tcga_mc3	TCGA-FG-5964:2:209113112:C	IDH1	R132H	R132
tcga_mc3	TCGA-AJ-A3EK:13:27649407:G	USP12	R285C	R285
tcga_mc3	TCGA-N9-A4Q3:12:25398284:C	KRAS	G12V	G12
tcga_mc3	TCGA-VD-A8KO:9:80409488:T	GNAQ	Q209L	Q209
tcga_mc3	TCGA-33-AASD:4:155487114:C	FGB	P90L	P90
tcga_mc3	TCGA-A6-6780:11:99932104:C	CNTN5	R381S	R381
tcga_mc3	TCGA-GF-A6C9:11:118074365:G	AMICA1	R184C	R184
tcga_mc3	TCGA-76-4928:12:4398029:C	CCND2	P198R	P198
tcga_mc3	TCGA-4Z-AA89:4:1803568:C	FGFR3	S249C	S249
tcga_mc3	TCGA-DU-8166:17:7577121:G	TP53	R273C	R273
tcga_mc3	TCGA-EO-A1Y8:19:52715971:C	PPP2R1A	P179R	P179
tcga_mc3	TCGA-S3-AA11:3:178936092:A	PIK3CA	E545A	E545
tcga_mc3	TCGA-22-5482:16:2168068:C	PKD1	D309N	D309
tcga_mc3	TCGA-KK-A59V:6:49425735:G	MUT	A141V	A141
tcga_mc3	TCGA-06-0237:7:55210075:T	EGFR	L62R	L62
tcga_mc3	TCGA-D5-6927:12:25398281:C	KRAS	G13D	G13
tcga_mc3	TCGA-FW-A3R5:4:1957858:G	WHSC1	G942R	G942
tcga_mc3	TCGA-DX-A6BB:17:7578406:C	TP53	R175H	R175
tcga_mc3	TCGA-EJ-A65E:17:47696644:A	SPOP	F102V	F102
tcga_mc3	TCGA-ER-A19G:11:125503111:C	CHEK1	R160C	R160
tcga_mc3	TCGA-EO-A3AY:3:178936093:G	PIK3CA	E545D	E545
tcga_mc3	TCGA-EW-A2FV:3:178952085:A	PIK3CA	H1047R	H1047
tcga_mc3	TCGA-FS-A1ZU:2:219447748:T	RQCD1	S87P	S87
tcga_mc3	TCGA-A6-3810:17:7577539:G	TP53	R248W	R248
tcga_mc3	TCGA-EO-A22U:9:21854706:G	MTAP	R176H	R176
tcga_mc3	TCGA-CM-4746:17:7577538:C	TP53	R248Q	R248
tcga_mc3	TCGA-26-5136:3:178916882:G	PIK3CA	C90Y	C90
tcga_mc3	TCGA-D3-A5GN:17:7578400:G	TP53	P177L	P177
tcga_mc3	TCGA-55-8089:20:57484420:C	GNAS	R201C	R201
tcga_mc3	TCGA-AP-A1E0:1:151688415:C	CELF3	E28K	E28
tcga_mc3	TCGA-EE-A2MR:14:94933482:C	SERPINA9	R289K	R289
tcga_mc3	TCGA-DU-7009:2:209113112:C	IDH1	R132H	R132
tcga_mc3	TCGA-GU-A766:17:37868208:C	ERBB2	S310Y	S310
tcga_mc3	TCGA-CA-6717:21:44185549:C	PDE9A	S434F	S434
tcga_mc3	TCGA-VQ-AA69:12:25398284:C	KRAS	G12V	G12
tcga_mc3	TCGA-EA-A410:1:155931509:G	ARHGEF2	R471C	R471
tcga_mc3	TCGA-N9-A4PZ:17:7577538:C	TP53	R248Q	R248
tcga_mc3	TCGA-AX-A3FS:10:89711900:G	PTEN	R173H	R173
tcga_mc3	TCGA-XF-A9T5:16:30133206:C	MAPK3	E98K	E98
tcga_mc3	TCGA-FG-A87N:2:209113112:C	IDH1	R132H	R132
tcga_mc3	TCGA-BQ-5875:5:54429246:C	CDC20B	D231Y	D231
tcga_mc3	TCGA-CD-A4MG:10:115338407:G	HABP2	G197D	G197
tcga_mc3	TCGA-A6-6653:9:70993145:A	PGM5	I98V	I98
tcga_mc3	TCGA-HT-7478:3:178952085:A	PIK3CA	H1047L	H1047
tcga_mc3	TCGA-33-4583:3:178936091:G	PIK3CA	E545K	E545
tcga_mc3	TCGA-D5-6531:17:7577120:C	TP53	R273H	R273
tcga_mc3	TCGA-R5-A7ZR:19:7976138:G	MAP2K7	E287K	E287
tcga_mc3	TCGA-LN-A49R:9:21971111:G	CDKN2A	H83Y	H83
tcga_mc3	TCGA-DK-A3IN:1:43396370:G	SLC2A1	S148L	S148
tcga_mc3	TCGA-5L-AAT0:3:178952085:A	PIK3CA	H1047L	H1047
tcga_mc3	TCGA-AX-A2HC:11:94212851:C	MRE11A	D131N	D131
tcga_mc3	TCGA-DU-6392:1:76211522:C	ACADM	P211S	P211
tcga_mc3	TCGA-78-7150:3:89498443:C	EPHA3	S805R	S805
tcga_mc3	TCGA-18-4083:4:153247289:G	FBXW7	R505G	R505
tcga_mc3	TCGA-EO-A22U:3:178921570:T	PIK3CA	I351T	I351
tcga_mc3	TCGA-EE-A2GM:9:127912080:G	PPP6C	R264C	R264
tcga_mc3	TCGA-G2-AA3B:16:55519234:G	MMP2	D185N	D185
tcga_mc3	TCGA-63-A5M9:17:7574018:G	TP53	R337C	R337
tcga_mc3	TCGA-D6-A6ES:20:36964027:C	BPI	P459Q	P459
tcga_mc3	TCGA-58-8393:17:40705595:C	HSD17B1	S135W	S135
tcga_mc3	TCGA-EO-A22U:15:75641646:G	NEIL1	G134R	G134
tcga_mc3	TCGA-DC-6681:12:25398284:C	KRAS	G12V	G12
tcga_mc3	TCGA-QS-A5YQ:7:4900243:C	PAPOLB	R399Q	R399
tcga_mc3	TCGA-CM-6165:6:146480696:C	GRM1	R305C	R305
tcga_mc3	TCGA-CV-A45O:3:178936091:G	PIK3CA	E545K	E545
tcga_mc3	TCGA-FD-A43X:4:1803568:C	FGFR3	S249C	S249
tcga_mc3	TCGA-D3-A2J8:13:33638031:C	KL	S916L	S916
tcga_mc3	TCGA-DT-5265:17:40453361:G	STAT5A	R353H	R353
tcga_mc3	TCGA-ZF-A9RF:17:7577097:C	TP53	D281H	D281
tcga_mc3	TCGA-BR-4371:3:178936091:G	PIK3CA	E545K	E545
tcga_mc3	TCGA-E6-A1LX:2:113308539:G	POLR1B	R241Q	R241
tcga_mc3	TCGA-CA-6717:2:27310214:G	KHK	E29D	E29
tcga_mc3	TCGA-HQ-A2OF:17:7577538:C	TP53	R248Q	R248
tcga_mc3	TCGA-EB-A51B:6:34309730:C	NUDT3	S40N	S40
tcga_mc3	TCGA-D1-A16X:7:50513485:C	FIGNL1	E501K	E501
tcga_mc3	TCGA-MX-A663:19:39976401:C	TIMM50	T149M	T149
tcga_mc3	TCGA-FR-A3YN:7:81381466:C	HGF	E199K	E199
tcga_mc3	TCGA-HT-8563:17:7577538:C	TP53	R248Q	R248
tcga_mc3	TCGA-VQ-A8P2:6:31963845:G	C4A	G1115D	G1115
tcga_mc3	TCGA-EO-A22R:1:242015615:A	EXO1	K61N	K61
tcga_mc3	TCGA-HT-7475:2:209113112:C	IDH1	R132H	R132
tcga_mc3	TCGA-FS-A1ZT:15:35083365:G	ACTC1	R314C	R314
tcga_mc3	TCGA-EO-A22U:16:53272367:C	CHD9	P916S	P916
tcga_mc3	TCGA-CF-A1HS:17:7577121:G	TP53	R273S	R273
tcga_mc3	TCGA-AJ-A23N:19:52715971:C	PPP2R1A	P179R	P179
tcga_mc3	TCGA-E6-A1LX:1:110148685:C	GNAT2	K209N	K209
tcga_mc3	TCGA-AX-A1C5:7:2771267:G	GNA12	R232W	R232
tcga_mc3	TCGA-ER-A19M:20:39795344:C	PLCG1	R716C	R716
tcga_mc3	TCGA-BJ-A290:7:89856412:G	STEAP2	R207L	R207
tcga_mc3	TCGA-YG-AA3N:2:219449406:C	RQCD1	P131L	P131
tcga_mc3	TCGA-22-5472:8:65527693:G	CYP7B1	A316E	A316
tcga_mc3	TCGA-HT-7470:17:7577121:G	TP53	R273C	R273
tcga_mc3	TCGA-P5-A733:2:209113112:C	IDH1	R132H	R132
tcga_mc3	TCGA-AX-A2IN:10:89692790:G	PTEN	D92Y	D92
tcga_mc3	TCGA-DU-6408:2:209113112:C	IDH1	R132H	R132
tcga_mc3	TCGA-05-5425:19:34884931:A	GPI	Y341C	Y341
tcga_mc3	TCGA-D1-A17T:19:39191270:C	ACTN4	R65W	R65
tcga_mc3	TCGA-21-5783:10:89692905:G	PTEN	R130Q	R130
tcga_mc3	TCGA-L3-A4E7:17:7578442:T	TP53	Y163C	Y163
tcga_mc3	TCGA-AX-A2HC:1:116247833:C	CASQ2	D307N	D307
tcga_mc3	TCGA-A2-A25A:3:178936082:G	PIK3CA	E542K	E542
tcga_mc3	TCGA-CN-5359:2:46803235:G	RHOQ	D71N	D71
tcga_mc3	TCGA-4B-A93V:12:25398285:C	KRAS	G12C	G12
tcga_mc3	TCGA-BF-AAP2:8:11407739:C	BLK	S147F	S147
tcga_mc3	TCGA-JY-A6FB:17:7577539:G	TP53	R248W	R248
tcga_mc3	TCGA-D3-A8GL:6:35587958:G	FKBP5	S115L	S115
tcga_mc3	TCGA-EW-A1IZ:17:27043039:A	RAB34	S62P	S62
tcga_mc3	TCGA-BR-8591:14:69392358:C	ACTN1	R46Q	R46
tcga_mc3	TCGA-EE-A2MD:18:29102112:C	DSG2	S197F	S197
tcga_mc3	TCGA-UB-A7MF:19:46457193:G	NOVA2	R81W	R81
tcga_mc3	TCGA-HZ-A49G:12:25398284:C	KRAS	G12D	G12
tcga_mc3	TCGA-FS-A1ZW:4:96761854:G	PDHA2	D185N	D185
tcga_mc3	TCGA-WE-A8ZO:4:185552963:G	CASP3	R147C	R147
tcga_mc3	TCGA-AZ-4315:1:109321941:C	STXBP3	R240C	R240
tcga_mc3	TCGA-XF-A9T8:11:77054919:C	PAK1	E315K	E315
tcga_mc3	TCGA-C5-A905:3:189526299:A	TP63	K188M	K188
tcga_mc3	TCGA-FD-A3SN:3:178936082:G	PIK3CA	E542K	E542
tcga_mc3	TCGA-AA-3510:6:111214026:C	AMD1	S235L	S235
tcga_mc3	TCGA-G2-A3IB:17:7578403:C	TP53	C176F	C176
tcga_mc3	TCGA-4Z-AA82:1:193053752:C	TROVE2	S503L	S503
tcga_mc3	TCGA-2W-A8YY:2:190660538:A	PMS1	E59G	E59
tcga_mc3	TCGA-D1-A17M:2:61118871:C	REL	R22C	R22
tcga_mc3	TCGA-ZJ-AAXD:3:178936082:G	PIK3CA	E542K	E542
tcga_mc3	TCGA-49-AARQ:17:7578457:C	TP53	R158L	R158
tcga_mc3	TCGA-FW-A3R5:2:102626047:C	IL1R2	R31C	R31
tcga_mc3	TCGA-EB-A3XC:2:102626047:C	IL1R2	R31C	R31
tcga_mc3	TCGA-D9-A3Z1:13:24895592:G	C1QTNF9	E230K	E230
tcga_mc3	TCGA-EE-A2MS:9:120475859:G	TLR4	E485K	E485
tcga_mc3	TCGA-AX-A1CE:19:39195636:G	ACTN4	A154T	A154
tcga_mc3	TCGA-B2-5633:12:133454165:C	CHFR	G70D	G70
tcga_mc3	TCGA-D3-A5GS:7:117199609:C	CFTR	S495F	S495
tcga_mc3	TCGA-BK-A6W3:3:44685350:G	ZNF197	D910Y	D910
tcga_mc3	TCGA-LL-A8F5:17:7577120:C	TP53	R273L	R273
tcga_mc3	TCGA-21-5787:17:7578403:C	TP53	C176Y	C176
tcga_mc3	TCGA-UF-A7JS:17:7577094:G	TP53	R282W	R282
tcga_mc3	TCGA-CV-A45R:17:7577106:G	TP53	P278S	P278
tcga_mc3	TCGA-94-8491:17:7577094:G	TP53	R282W	R282
tcga_mc3	TCGA-77-8148:7:151962193:C	KMT2C	D372Y	D372
tcga_mc3	TCGA-EO-A22R:14:55369102:T	GCH1	T94P	T94
tcga_mc3	TCGA-F4-6805:18:48591918:C	SMAD4	R361C	R361
tcga_mc3	TCGA-A1-A0SK:17:7578532:A	TP53	M133K	M133
tcga_mc3	TCGA-IR-A3LB:12:25398285:C	KRAS	G12C	G12
tcga_mc3	TCGA-PG-A7D5:4:153247289:G	FBXW7	R505C	R505
tcga_mc3	TCGA-GN-A262:10:96805651:C	CYP2C8	D293N	D293
tcga_mc3	TCGA-XF-AAMG:13:103498693:T	ERCC5	I26N	I26
tcga_mc3	TCGA-B5-A3FC:9:110248156:C	KLF4	R473H	R473
tcga_mc3	TCGA-BR-8487:19:10367427:G	MRPL4	G124D	G124
tcga_mc3	TCGA-CR-6491:17:7578394:T	TP53	H179R	H179
tcga_mc3	TCGA-49-4494:7:55259515:T	EGFR	L858R	L858
tcga_mc3	TCGA-DH-A66B:2:209113112:C	IDH1	R132H	R132
tcga_mc3	TCGA-G4-6317:17:7577538:C	TP53	R248Q	R248
tcga_mc3	TCGA-QS-A5YR:3:178927980:T	PIK3CA	C420R	C420
tcga_mc3	TCGA-K4-A6FZ:17:7577099:C	TP53	R280T	R280
tcga_mc3	TCGA-TM-A7C5:2:209113112:C	IDH1	R132H	R132
tcga_mc3	TCGA-O2-A52Q:1:207014395:C	IL19	T137N	T137
tcga_mc3	TCGA-GU-A766:5:179134191:G	CANX	G102R	G102
tcga_mc3	TCGA-05-4382:9:133342122:C	ASS1	P144R	P144
tcga_mc3	TCGA-F5-6814:3:122422619:G	PARP14	D1038Y	D1038
tcga_mc3	TCGA-EO-A22U:1:59844482:C	FGGY	S176W	S176
tcga_mc3	TCGA-BH-A0BC:3:178952085:A	PIK3CA	H1047L	H1047
tcga_mc3	TCGA-3N-A9WC:7:71134991:G	WBSCR17	R434K	R434
tcga_mc3	TCGA-AX-A2H4:17:7578406:C	TP53	R175H	R175
tcga_mc3	TCGA-AJ-A3BH:22:41226918:G	ST13	R242C	R242
tcga_mc3	TCGA-BP-5177:3:10188246:T	VHL	V130D	V130
tcga_mc3	TCGA-TQ-A7RW:17:7577121:G	TP53	R273C	R273
tcga_mc3	TCGA-EO-A3KU:17:7577120:C	TP53	R273H	R273
tcga_mc3	TCGA-D3-A8GB:19:55399440:C	FCAR	S143F	S143
tcga_mc3	TCGA-F7-A624:16:53859936:C	FTO	S95F	S95
tcga_mc3	TCGA-G4-6628:22:38493107:G	BAIAP2L2	R182W	R182
tcga_mc3	TCGA-33-4583:9:4844532:G	RCL1	G240C	G240
tcga_mc3	TCGA-HM-A3JK:9:2086856:G	SMARCA2	E852K	E852
tcga_mc3	TCGA-21-5782:10:7844259:G	ATP5C1	D222Y	D222
tcga_mc3	TCGA-BS-A0UV:2:61715367:C	XPO1	R749Q	R749
tcga_mc3	TCGA-A2-A4S2:3:178936091:G	PIK3CA	E545K	E545
tcga_mc3	TCGA-CG-4305:9:70993145:A	PGM5	I98V	I98
tcga_mc3	TCGA-BR-A4QL:7:150554844:G	AOC1	R429Q	R429
tcga_mc3	TCGA-IH-A3EA:1:98187204:C	DPYD	M115I	M115
tcga_mc3	TCGA-51-4079:12:112888210:G	PTPN11	E76K	E76
tcga_mc3	TCGA-HU-A4GH:17:7534049:T	SHBG	F85L	F85
tcga_mc3	TCGA-FG-7641:2:209113112:C	IDH1	R132H	R132
tcga_mc3	TCGA-AX-A2HD:17:80038645:A	FASN	I2250T	I2250
tcga_mc3	TCGA-AP-A0LM:12:57563003:C	LRP1	R1026C	R1026
tcga_mc3	TCGA-EI-6917:2:220329192:C	SPEG	R915C	R915
tcga_mc3	TCGA-ED-A7XP:9:21971111:G	CDKN2A	H83D	H83
tcga_mc3	TCGA-EI-6507:12:25398284:C	KRAS	G12D	G12
tcga_mc3	TCGA-06-5416:8:54891622:C	TCEA1	C263Y	C263
tcga_mc3	TCGA-NF-A5CP:17:7577538:C	TP53	R248Q	R248
tcga_mc3	TCGA-BK-A13B:1:226109936:C	RP4-559A3.7	A96S	A96
tcga_mc3	TCGA-D9-A4Z6:2:113676334:C	IL37	S202L	S202
tcga_mc3	TCGA-VQ-A91W:3:178936082:G	PIK3CA	E542K	E542
tcga_mc3	TCGA-50-5941:12:25398284:C	KRAS	G12A	G12
tcga_mc3	TCGA-AJ-A5DW:1:207039666:A	IL20	D61G	D61
tcga_mc3	TCGA-LD-A66U:3:178936091:G	PIK3CA	E545K	E545
tcga_mc3	TCGA-E6-A8L9:4:153249384:C	FBXW7	R465H	R465
tcga_mc3	TCGA-D5-6930:3:52257562:C	TLR9	R257H	R257
tcga_mc3	TCGA-EI-6882:2:44428936:C	PPM1B	R200C	R200
tcga_mc3	TCGA-AA-3510:14:21816373:G	RPGRIP1	K1220N	K1220
tcga_mc3	TCGA-B6-A2IU:18:48591919:G	SMAD4	R361H	R361
tcga_mc3	TCGA-A6-6138:9:101900171:C	TGFBR1	A202V	A202
tcga_mc3	TCGA-B5-A3FC:3:178952007:A	PIK3CA	Y1021C	Y1021
tcga_mc3	TCGA-B5-A11O:10:89692905:G	PTEN	R130Q	R130
tcga_mc3	TCGA-99-8025:12:25398282:C	KRAS	G13C	G13
tcga_mc3	TCGA-GF-A6C8:2:196774764:C	DNAH7	G1364E	G1364
tcga_mc3	TCGA-CD-A4MG:1:202862461:G	KLHL12	R496C	R496
tcga_mc3	TCGA-EK-A2RO:3:178936091:G	PIK3CA	E545K	E545
tcga_mc3	TCGA-AX-A3G1:3:178952077:T	PIK3CA	N1044K	N1044
tcga_mc3	TCGA-A5-A2K5:19:49573955:C	KCNA7	D246N	D246
tcga_mc3	TCGA-BS-A0TJ:3:178916876:G	PIK3CA	R88Q	R88
tcga_mc3	TCGA-DF-A2KU:3:52242102:C	ALAS1	A390V	A390
tcga_mc3	TCGA-ZJ-AAXU:3:178936091:G	PIK3CA	E545K	E545
tcga_mc3	TCGA-EE-A29R:1:196953100:C	CFHR5	S88F	S88
tcga_mc3	TCGA-EJ-5505:7:6431629:A	RAC1	Q61R	Q61
tcga_mc3	TCGA-CS-5396:17:7577120:C	TP53	R273H	R273
tcga_mc3	TCGA-85-8072:17:47696429:C	SPOP	G132R	G132
tcga_mc3	TCGA-EO-A3B1:3:178936093:G	PIK3CA	E545D	E545
tcga_mc3	TCGA-E6-A1LX:10:12811681:C	CAMK1D	L150I	L150
tcga_mc3	TCGA-EO-A3AU:10:89692904:C	PTEN	R130G	R130
tcga_mc3	TCGA-AZ-4315:15:63419807:G	LACTB	E291K	E291
tcga_mc3	TCGA-A5-A2K5:14:21816373:G	RPGRIP1	K1220N	K1220
tcga_mc3	TCGA-LN-A49W:17:7577121:G	TP53	R273C	R273
tcga_mc3	TCGA-CV-6948:3:178936091:G	PIK3CA	E545K	E545
tcga_mc3	TCGA-A2-A0CR:3:178936082:G	PIK3CA	E542K	E542
tcga_mc3	TCGA-AR-A5QQ:3:178952085:A	PIK3CA	H1047R	H1047
tcga_mc3	TCGA-CV-7247:17:7578534:C	TP53	K132N	K132
tcga_mc3	TCGA-XF-AAN3:3:189586431:G	TP63	R352M	R352
tcga_mc3	TCGA-EE-A3AG:4:80328367:G	GK2	R330C	R330
tcga_mc3	TCGA-F4-6460:17:7574018:G	TP53	R337C	R337
tcga_mc3	TCGA-CJ-5677:17:7577097:C	TP53	D281Y	D281
tcga_mc3	TCGA-R6-A6L4:17:7578526:C	TP53	C135F	C135
tcga_mc3	TCGA-L5-A8NN:5:140070819:T	HARS	Q24P	Q24
tcga_mc3	TCGA-EE-A182:1:12907865:C	HNRNPCL1	G93E	G93
tcga_mc3	TCGA-AJ-A3NG:3:178952085:A	PIK3CA	H1047R	H1047
tcga_mc3	TCGA-A6-5665:12:117723944:G	NOS1	R419C	R419
tcga_mc3	TCGA-3N-A9WC:13:25281188:G	ATP12A	G733R	G733
tcga_mc3	TCGA-B5-A0JY:5:82400758:G	XRCC4	R7I	R7
tcga_mc3	TCGA-SX-A7SQ:20:34313043:C	RBM39	D151H	D151
tcga_mc3	TCGA-D8-A1JU:3:178952085:A	PIK3CA	H1047R	H1047
tcga_mc3	TCGA-DF-A2KU:22:39627800:C	PDGFB	A95T	A95
tcga_mc3	TCGA-WE-AAA4:10:96454787:G	CYP2C18	E199K	E199
tcga_mc3	TCGA-BR-8361:10:74813270:T	P4HA1	Y181C	Y181
tcga_mc3	TCGA-B5-A3FC:9:132397618:G	NTMT1	V183M	V183
tcga_mc3	TCGA-BG-A222:11:8462262:A	STK33	C304R	C304
tcga_mc3	TCGA-D5-5537:12:25378562:C	KRAS	A146T	A146
tcga_mc3	TCGA-DF-A2KU:3:11400009:C	ATG7	H468N	H468
tcga_mc3	TCGA-D3-A2JP:8:42938323:G	FNTA	G282E	G282
tcga_mc3	TCGA-HD-8635:17:7578394:T	TP53	H179R	H179
tcga_mc3	TCGA-C9-A480:17:7577547:C	TP53	G245D	G245
tcga_mc3	TCGA-D1-A15X:12:4479909:G	FGF23	T119M	T119
tcga_mc3	TCGA-B5-A11N:19:50865026:C	NAPSA	R121Q	R121
tcga_mc3	TCGA-DB-5273:17:7577120:C	TP53	R273H	R273
tcga_mc3	TCGA-N8-A4PP:17:7577539:G	TP53	R248W	R248
tcga_mc3	TCGA-55-8207:12:25398285:C	KRAS	G12C	G12
tcga_mc3	TCGA-64-5778:17:73316501:T	GRB2	Q201L	Q201
tcga_mc3	TCGA-EC-A24G:12:25398282:C	KRAS	G13C	G13
tcga_mc3	TCGA-OL-A5RU:14:105246551:C	AKT1	E17K	E17
tcga_mc3	TCGA-CM-6171:10:70100965:T	HNRNPH3	I225T	I225
tcga_mc3	TCGA-GU-AATO:3:178936091:G	PIK3CA	E545K	E545
tcga_mc3	TCGA-AX-A2H5:1:44684091:G	DMAP1	D168H	D168
tcga_mc3	TCGA-BR-8680:7:55912390:G	SEPT14	S66L	S66
tcga_mc3	TCGA-D3-A8GI:20:21687255:G	PAX1	E156K	E156
tcga_mc3	TCGA-BS-A0T9:11:70052362:T	FADD	L137Q	L137
tcga_mc3	TCGA-CK-4951:21:43767708:C	TFF2	R88P	R88
tcga_mc3	TCGA-55-8302:12:25398285:C	KRAS	G12C	G12
tcga_mc3	TCGA-D1-A16D:12:25398284:C	KRAS	G12A	G12
tcga_mc3	TCGA-CR-7382:11:534289:C	HRAS	G12S	G12
tcga_mc3	TCGA-AJ-A3EL:1:111773879:C	CHI3L2	L98I	L98
tcga_mc3	TCGA-EO-A3B0:2:84658721:C	SUCLG1	D246N	D246
tcga_mc3	TCGA-AO-A03M:14:21876692:C	CHD8	E837K	E837
tcga_mc3	TCGA-FS-A4F5:3:155212010:C	PLCH1	R689Q	R689
tcga_mc3	TCGA-AP-A1DV:4:103505882:T	NFKB1	I323S	I323
tcga_mc3	TCGA-EB-A4IS:12:51853752:G	SLC4A8	M291I	M291
tcga_mc3	TCGA-AP-A1DK:10:25140351:G	PRTFDC1	A199V	A199
tcga_mc3	TCGA-EY-A1GI:8:124361682:G	ATAD2	S550Y	S550
tcga_mc3	TCGA-D7-A4YV:6:25727363:C	HIST1H2BA	A76V	A76
tcga_mc3	TCGA-B5-A0JX:1:115258747:C	NRAS	G12D	G12
tcga_mc3	TCGA-HT-7602:2:209113112:C	IDH1	R132H	R132
tcga_mc3	TCGA-DM-A1D9:7:72743428:C	FKBP6	P81A	P81
tcga_mc3	TCGA-3N-A9WD:17:58234034:G	CA4	D76N	D76
tcga_mc3	TCGA-KU-A66S:1:241680534:G	FH	T72S	T72
tcga_mc3	TCGA-D5-6541:2:70315180:T	PCBP1	L102P	L102
tcga_mc3	TCGA-DF-A2KU:10:5827990:G	GDI2	R138C	R138
tcga_mc3	TCGA-HT-7873:2:209113112:C	IDH1	R132H	R132
tcga_mc3	TCGA-63-A5MI:4:1803568:C	FGFR3	S249C	S249
tcga_mc3	TCGA-A1-A0SN:19:536247:G	CDC34	G90E	G90
tcga_mc3	TCGA-CJ-4903:3:10188309:T	VHL	I151T	I151
tcga_mc3	TCGA-E6-A1LX:3:154855939:C	MME	R257C	R257
tcga_mc3	TCGA-BA-7269:9:21974678:T	CDKN2A	Q50R	Q50
tcga_mc3	TCGA-CR-7382:19:52715983:G	PPP2R1A	R183Q	R183
tcga_mc3	TCGA-06-0129:2:209113112:C	IDH1	R132H	R132
tcga_mc3	TCGA-XF-A8HG:3:178936082:G	PIK3CA	E542K	E542
tcga_mc3	TCGA-EE-A29E:8:24187543:G	ADAM28	E340K	E340
tcga_mc3	TCGA-AX-A0J0:17:19575085:C	ALDH3A2	S420Y	S420
tcga_mc3	TCGA-ER-A19F:4:166924680:G	TLL1	R257Q	R257
tcga_mc3	TCGA-AX-A2HC:11:64419615:C	NRXN2	E810K	E810
tcga_mc3	TCGA-33-4587:17:7577557:A	TP53	C242G	C242
tcga_mc3	TCGA-BS-A0UF:12:69985881:G	CCT2	R231Q	R231
tcga_mc3	TCGA-BA-6869:17:7577568:C	TP53	C238F	C238
tcga_mc3	TCGA-B5-A3FA:10:89711899:C	PTEN	R173C	R173
tcga_mc3	TCGA-A5-A2K5:17:39920993:C	JUP	R377H	R377
tcga_mc3	TCGA-AP-A059:17:21094390:G	DHRS7B	R301Q	R301
tcga_mc3	TCGA-60-2698:14:103470347:C	CDC42BPB	R122Q	R122
tcga_mc3	TCGA-E1-5318:15:90631838:C	IDH2	R172M	R172
tcga_mc3	TCGA-EO-A22R:20:18455782:T	POLR3F	L127P	L127
tcga_mc3	TCGA-AX-A2HC:22:31534698:C	PLA2G3	R201Q	R201
tcga_mc3	TCGA-FW-A3R5:2:208993031:C	CRYGC	G141R	G141
tcga_mc3	TCGA-UF-A7JS:22:37420665:C	MPST	R137C	R137
tcga_mc3	TCGA-AZ-4315:15:83561463:G	HOMER2	R46W	R46
tcga_mc3	TCGA-AJ-A2QL:3:178916876:G	PIK3CA	R88Q	R88
tcga_mc3	TCGA-BR-8363:20:62576024:G	UCKL1	R240W	R240
tcga_mc3	TCGA-16-0848:4:153247366:C	FBXW7	R479Q	R479
tcga_mc3	TCGA-CD-A4MG:12:56398444:C	SUOX	P424L	P424
tcga_mc3	TCGA-AP-A1DV:19:19680386:G	PBX4	R214W	R214
tcga_mc3	TCGA-F1-6177:3:178916891:G	PIK3CA	R93Q	R93
tcga_mc3	TCGA-NG-A4VU:4:153247289:G	FBXW7	R505G	R505
tcga_mc3	TCGA-AP-A059:4:71698864:C	GRSF1	R214H	R214
tcga_mc3	TCGA-CC-A7IH:10:11207586:G	CELF2	G64E	G64
tcga_mc3	TCGA-55-8511:17:4053260:C	CYB5D2	S109L	S109
tcga_mc3	TCGA-D3-A8GL:10:96609693:C	CYP2C19	S390F	S390
tcga_mc3	TCGA-AR-A1AS:17:7578406:C	TP53	R175H	R175
tcga_mc3	TCGA-05-4244:12:118577338:G	PEBP1	G110W	G110
tcga_mc3	TCGA-Z2-A8RT:13:33638031:C	KL	S916L	S916
tcga_mc3	TCGA-HT-8108:2:209113112:C	IDH1	R132H	R132
tcga_mc3	TCGA-FR-A7U9:9:21974684:G	CDKN2A	P48L	P48
tcga_mc3	TCGA-EB-A44P:9:21971017:G	CDKN2A	P114L	P114
tcga_mc3	TCGA-CD-A4MJ:12:25398284:C	KRAS	G12D	G12
tcga_mc3	TCGA-34-5927:7:128496897:C	FLNC	R2495S	R2495
tcga_mc3	TCGA-BK-A6W3:2:202131412:G	CASP8	R68Q	R68
tcga_mc3	TCGA-EY-A1GQ:6:30595489:A	ATAT1	D82G	D82
tcga_mc3	TCGA-QH-A65Z:2:209113112:C	IDH1	R132H	R132
tcga_mc3	TCGA-22-5473:15:29393881:G	APBA2	R473P	R473
tcga_mc3	TCGA-KK-A59X:17:47696643:A	SPOP	F102C	F102
tcga_mc3	TCGA-EO-A22R:18:48703649:C	MEX3C	R351I	R351
tcga_mc3	TCGA-A6-5665:9:36219882:T	GNE	Y590C	Y590
tcga_mc3	TCGA-GF-A6C8:22:20718514:C	USP41	G329R	G329
tcga_mc3	TCGA-C5-A1BM:21:45194154:C	CSTB	E76K	E76
tcga_mc3	TCGA-BS-A0UV:3:154855939:C	MME	R257C	R257
tcga_mc3	TCGA-E9-A244:17:7578406:C	TP53	R175H	R175
tcga_mc3	TCGA-K4-A3WS:3:9845628:G	ARPC4	K144N	K144
tcga_mc3	TCGA-WY-A85C:2:209113113:G	IDH1	R132G	R132
tcga_mc3	TCGA-90-7767:17:7577538:C	TP53	R248Q	R248
tcga_mc3	TCGA-E2-A107:14:105246551:C	AKT1	E17K	E17
tcga_mc3	TCGA-ZF-A9RG:3:178936091:G	PIK3CA	E545K	E545
tcga_mc3	TCGA-ZS-A9CE:3:178936092:A	PIK3CA	E545A	E545
tcga_mc3	TCGA-77-7142:17:7577534:C	TP53	R249S	R249
tcga_mc3	TCGA-CV-A6JY:10:112266802:G	DUSP5	R213Q	R213
tcga_mc3	TCGA-EE-A3AA:6:43128564:C	PTK7	S1053F	S1053
tcga_mc3	TCGA-FG-8186:2:209113112:C	IDH1	R132H	R132
tcga_mc3	TCGA-B5-A1MR:9:123725200:C	C5	D1457Y	D1457
tcga_mc3	TCGA-E1-A7YM:3:47144880:G	SETD2	R1625C	R1625
tcga_mc3	TCGA-06-5416:16:5055934:A	SEC14L5	E441G	E441
tcga_mc3	TCGA-BR-4201:1:101339853:A	EXTL2	I213N	I213
tcga_mc3	TCGA-DA-A3F8:3:14223144:G	LSM3	D36N	D36
tcga_mc3	TCGA-HU-A4GC:1:24124220:C	GALE	E165K	E165
tcga_mc3	TCGA-BH-A5J0:3:178936082:G	PIK3CA	E542K	E542
tcga_mc3	TCGA-CV-7252:7:55221821:G	EGFR	A289T	A289
tcga_mc3	TCGA-FZ-5921:12:25398284:C	KRAS	G12V	G12
tcga_mc3	TCGA-AD-6889:19:39589193:C	PAPL	R73C	R73
tcga_mc3	TCGA-GN-A8LK:17:37871598:T	ERBB2	L403P	L403
tcga_mc3	TCGA-3B-A9I3:17:7578406:C	TP53	R175H	R175
tcga_mc3	TCGA-LN-A49K:16:30745119:G	SRCAP	R2165T	R2165
tcga_mc3	TCGA-2W-A8YY:1:109321941:C	STXBP3	R240C	R240
tcga_mc3	TCGA-A5-A0VP:7:87179322:G	ABCB1	R467W	R467
tcga_mc3	TCGA-JY-A938:2:136566100:C	LCT	E1273K	E1273
tcga_mc3	TCGA-AX-A1CE:12:109613968:G	ACACB	R446I	R446
tcga_mc3	TCGA-DI-A1BU:19:44160690:C	PLAUR	R138H	R138
tcga_mc3	TCGA-YL-A8HM:17:47696688:T	SPOP	Y87S	Y87
tcga_mc3	TCGA-CK-4951:1:154940681:G	SHC1	P268L	P268
tcga_mc3	TCGA-58-A46K:10:90773985:C	FAS	I262M	I262
tcga_mc3	TCGA-EB-A6R0:2:39249722:T	SOS1	H616R	H616
tcga_mc3	TCGA-AZ-5407:17:7578406:C	TP53	R175H	R175
tcga_mc3	TCGA-HT-7860:12:112888199:C	PTPN11	A72D	A72
tcga_mc3	TCGA-B5-A3FA:16:30507518:G	ITGAL	G535V	G535
tcga_mc3	TCGA-EE-A2MD:2:171092559:C	MYO3B	S221F	S221
tcga_mc3	TCGA-AX-A2HD:8:95416359:C	RAD54B	R297Q	R297
tcga_mc3	TCGA-GN-A269:7:139657436:C	TBXAS1	S231L	S231
tcga_mc3	TCGA-EE-A29M:11:83180405:G	DLG2	P715S	P715
tcga_mc3	TCGA-AJ-A5DW:7:1024874:G	CYP2W1	R187Q	R187
tcga_mc3	TCGA-EE-A29M:2:39249723:G	SOS1	H616Y	H616
tcga_mc3	TCGA-BR-4361:12:25378562:C	KRAS	A146T	A146
tcga_mc3	TCGA-FZ-5922:12:25398284:C	KRAS	G12V	G12
tcga_mc3	TCGA-37-3783:3:178952085:A	PIK3CA	H1047R	H1047
tcga_mc3	TCGA-AP-A059:19:52715982:C	PPP2R1A	R183W	R183
tcga_mc3	TCGA-D5-6532:12:25398281:C	KRAS	G13D	G13
tcga_mc3	TCGA-G2-AA3D:10:89692918:G	PTEN	M134I	M134
tcga_mc3	TCGA-VQ-A91X:3:113442283:C	NAA50	R84Q	R84
tcga_mc3	TCGA-RR-A6KC:7:55221710:C	EGFR	R252C	R252
tcga_mc3	TCGA-EE-A2M5:8:68956771:C	PREX2	R297C	R297
tcga_mc3	TCGA-A6-6781:11:68192619:G	LRP5	A1096T	A1096
tcga_mc3	TCGA-2W-A8YY:4:1976609:G	WHSC1	G1131D	G1131
tcga_mc3	TCGA-DU-A6S7:2:209113113:G	IDH1	R132S	R132
tcga_mc3	TCGA-BK-A6W3:16:75669682:A	KARS	Y231D	Y231
tcga_mc3	TCGA-AX-A0J0:4:265585:C	ZNF732	R354I	R354
tcga_mc3	TCGA-RY-A83Z:17:7578406:C	TP53	R175H	R175
tcga_mc3	TCGA-DJ-A2QB:1:51439634:G	CDKN2C	D67N	D67
tcga_mc3	TCGA-A6-5665:17:37667784:G	CDK12	R890H	R890
tcga_mc3	TCGA-SL-A6J9:17:37868208:C	ERBB2	S310F	S310
tcga_mc3	TCGA-QB-AA9O:2:175094114:G	OLA1	T56I	T56
tcga_mc3	TCGA-V1-A9Z7:1:241671932:G	FH	Q237K	Q237
tcga_mc3	TCGA-FR-A726:2:113676334:C	IL37	S202L	S202
tcga_mc3	TCGA-BR-6802:10:33209310:G	ITGB1	L378I	L378
tcga_mc3	TCGA-EB-A3XB:4:80328367:G	GK2	R330C	R330
tcga_mc3	TCGA-AD-6901:5:74655094:G	HMGCR	A753S	A753
tcga_mc3	TCGA-QS-A5YQ:10:71010153:G	HKDC1	A560T	A560
tcga_mc3	TCGA-B5-A3FA:18:48575206:G	SMAD4	E134K	E134
tcga_mc3	TCGA-DU-6392:1:46032281:G	AKR1A1	R42H	R42
tcga_mc3	TCGA-EE-A29D:11:94759406:C	KDM4E	P229S	P229
tcga_mc3	TCGA-DB-A64X:17:7577121:G	TP53	R273C	R273
tcga_mc3	TCGA-ER-A19H:1:196887394:G	CFHR4	G532E	G532
tcga_mc3	TCGA-EB-A3XD:3:148714596:C	GYG1	P129L	P129
tcga_mc3	TCGA-D1-A16R:3:178916876:G	PIK3CA	R88Q	R88
tcga_mc3	TCGA-XK-AAIW:12:21790097:T	LDHB	T249A	T249
tcga_mc3	TCGA-WC-A882:19:52715983:G	PPP2R1A	R183Q	R183
tcga_mc3	TCGA-CJ-4643:3:10188200:C	VHL	H115N	H115
tcga_mc3	TCGA-AY-6197:1:46827357:T	NSUN4	Y332H	Y332
tcga_mc3	TCGA-VM-A8CE:2:209113112:C	IDH1	R132H	R132
tcga_mc3	TCGA-34-8454:17:7578395:G	TP53	H179Y	H179
tcga_mc3	TCGA-EE-A3AB:17:19645428:C	ALDH3A1	G193E	G193
tcga_mc3	TCGA-D1-A16X:19:57089887:G	ZNF470	R697Q	R697
tcga_mc3	TCGA-HT-8107:7:55211080:G	EGFR	R108K	R108
tcga_mc3	TCGA-D3-A8GB:3:2908486:C	CNTN4	R169C	R169
tcga_mc3	TCGA-EK-A2RC:11:64536711:G	SF1	R255W	R255
tcga_mc3	TCGA-A5-A0VP:10:89711900:G	PTEN	R173H	R173
tcga_mc3	TCGA-AX-A1C5:4:153244092:G	FBXW7	R689W	R689
tcga_mc3	TCGA-5M-AAT4:2:70315180:T	PCBP1	L102P	L102
tcga_mc3	TCGA-BR-6852:4:39458044:T	RPL9	R125G	R125
tcga_mc3	TCGA-IB-7651:2:55874502:G	PNPT1	R528C	R528
tcga_mc3	TCGA-EO-A3AV:13:27649407:G	USP12	R285C	R285
tcga_mc3	TCGA-DU-6392:1:11119373:T	SRM	D66V	D66
tcga_mc3	TCGA-BS-A0UV:1:46877286:C	FAAH	S440L	S440
tcga_mc3	TCGA-C5-A7CH:17:27043038:G	RAB34	S62L	S62
tcga_mc3	TCGA-RP-A694:5:13830235:G	DNAH5	S2050F	S2050
tcga_mc3	TCGA-33-4582:17:7577106:G	TP53	P278S	P278
tcga_mc3	TCGA-2Y-A9H1:15:93496619:G	CHD2	G512A	G512
tcga_mc3	TCGA-C8-A12P:17:7577539:G	TP53	R248W	R248
tcga_mc3	TCGA-D1-A16G:17:7577538:C	TP53	R248Q	R248
tcga_mc3	TCGA-06-0743:10:89692785:T	PTEN	F90S	F90
tcga_mc3	TCGA-MP-A4TK:9:129928387:A	RALGPS1	Y217C	Y217
tcga_mc3	TCGA-2J-AABH:12:25398285:C	KRAS	G12S	G12
tcga_mc3	TCGA-62-8394:17:7577117:A	TP53	V274G	V274
tcga_mc3	TCGA-EO-A22U:10:70956748:G	SUPV3L1	G311E	G311
tcga_mc3	TCGA-EE-A2A2:15:50555448:C	HDC	R63Q	R63
tcga_mc3	TCGA-CK-4951:7:134136450:C	AKR1B1	R41H	R41
tcga_mc3	TCGA-SW-A7EA:7:151962183:A	KMT2C	V375G	V375
tcga_mc3	TCGA-44-6144:12:25398285:C	KRAS	G12C	G12
tcga_mc3	TCGA-TQ-A7RK:17:7577548:C	TP53	G245S	G245
tcga_mc3	TCGA-B5-A1MX:21:44478960:C	CBS	V448M	V448
tcga_mc3	TCGA-DK-A2I4:6:114274470:C	HDAC2	E204K	E204
tcga_mc3	TCGA-A5-A1OF:11:105732810:C	GRIA4	A183D	A183
tcga_mc3	TCGA-AJ-A3BI:10:89692896:G	PTEN	G127V	G127
tcga_mc3	TCGA-OL-A5DA:3:178928079:G	PIK3CA	E453K	E453
tcga_mc3	TCGA-D3-A2JL:17:38640807:G	TNS4	S477F	S477
tcga_mc3	TCGA-05-4250:12:25398285:C	KRAS	G12C	G12
tcga_mc3	TCGA-D1-A17Q:12:79747315:C	SYT1	R282C	R282
tcga_mc3	TCGA-ER-A193:1:233482338:C	MLK4	S319F	S319
tcga_mc3	TCGA-D9-A149:7:81388076:G	HGF	P100L	P100
tcga_mc3	TCGA-AX-A1CE:2:151331493:G	RND3	P82S	P82
tcga_mc3	TCGA-B5-A0JY:10:27040543:C	ABI1	K445N	K445
tcga_mc3	TCGA-AP-A0LM:12:62715283:C	USP15	P172S	P172
tcga_mc3	TCGA-W3-AA1R:9:21971017:G	CDKN2A	P114L	P114
tcga_mc3	TCGA-64-5778:12:25398285:C	KRAS	G12C	G12
tcga_mc3	TCGA-VQ-AA6D:2:209025629:G	CRYGA	R142W	R142
tcga_mc3	TCGA-EI-7004:22:50718922:G	PLXNB2	R1391C	R1391
tcga_mc3	TCGA-EE-A3AB:22:21068917:T	PI4KA	S1797G	S1797
tcga_mc3	TCGA-ER-A42L:2:50758484:G	NRXN1	S743F	S743
tcga_mc3	TCGA-D3-A51G:2:50758484:G	NRXN1	S743F	S743
tcga_mc3	TCGA-EE-A29B:15:35083353:C	ACTC1	E318K	E318
tcga_mc3	TCGA-D1-A167:17:37880220:T	ERBB2	L755S	L755
tcga_mc3	TCGA-55-7914:12:25398285:C	KRAS	G12C	G12
tcga_mc3	TCGA-B5-A11E:19:9524066:C	ZNF266	R512Q	R512
tcga_mc3	TCGA-AJ-A3EK:18:9126832:G	NDUFV2	D195Y	D195
tcga_mc3	TCGA-EO-A22U:22:20112854:C	RANBP1	P112S	P112
tcga_mc3	TCGA-AR-A24M:1:242383361:A	PLD5	S222P	S222
tcga_mc3	TCGA-DD-AACD:18:48593405:G	SMAD4	G386S	G386
tcga_mc3	TCGA-EI-6917:10:89692905:G	PTEN	R130Q	R130
tcga_mc3	TCGA-DJ-A3UQ:17:67515461:G	MAP2K6	R85P	R85
tcga_mc3	TCGA-EE-A29N:4:41265263:C	UCHL1	H161Y	H161
tcga_mc3	TCGA-FS-A1YY:3:39452322:C	RPSA	N110K	N110
tcga_mc3	TCGA-XF-A8HI:4:1803568:C	FGFR3	S249C	S249
tcga_mc3	TCGA-FJ-A3ZE:1:62240939:G	INADL	G261V	G261
tcga_mc3	TCGA-GD-A3OP:7:151188091:G	RHEB	S21L	S21
tcga_mc3	TCGA-2W-A8YY:16:21289406:C	CRYM	R56M	R56
tcga_mc3	TCGA-55-7994:19:2324192:C	LSM7	S34I	S34
tcga_mc3	TCGA-W2-A7HH:2:209113113:G	IDH1	R132C	R132
tcga_mc3	TCGA-CK-5916:7:98984335:A	ARPC1B	E31G	E31
tcga_mc3	TCGA-AJ-A3TW:2:97527357:G	SEMA4C	S544L	S544
tcga_mc3	TCGA-BR-4256:17:7577121:G	TP53	R273C	R273
tcga_mc3	TCGA-PE-A5DE:3:178936091:G	PIK3CA	E545K	E545
tcga_mc3	TCGA-EE-A2MU:5:156638340:C	ITK	R96C	R96
tcga_mc3	TCGA-A7-A6VW:17:7578394:T	TP53	H179R	H179
tcga_mc3	TCGA-ER-A3ET:19:3118943:G	GNA11	Q209H	Q209
tcga_mc3	TCGA-EB-A41A:1:38227533:C	EPHA10	E132K	E132
tcga_mc3	TCGA-C5-A7UC:10:26800778:C	APBB1IP	H212D	H212
tcga_mc3	TCGA-SY-A9G5:17:37868208:C	ERBB2	S310F	S310
tcga_mc3	TCGA-19-2625:17:7577568:C	TP53	C238Y	C238
tcga_mc3	TCGA-FU-A3EO:12:25398284:C	KRAS	G12D	G12
tcga_mc3	TCGA-97-A4M0:11:104869612:G	CASP5	H366N	H366
tcga_mc3	TCGA-DU-5870:2:209113112:C	IDH1	R132H	R132
tcga_mc3	TCGA-CR-6478:17:7578394:T	TP53	H179R	H179
tcga_mc3	TCGA-EO-A3KX:6:33048646:G	HLA-DPB1	A100T	A100
tcga_mc3	TCGA-A6-2684:2:70315174:T	PCBP1	L100Q	L100
tcga_mc3	TCGA-EO-A22R:11:28119446:G	KIF18A	R17C	R17
tcga_mc3	TCGA-5M-AAT5:4:153249384:C	FBXW7	R465H	R465
tcga_mc3	TCGA-EO-A3L0:17:7577547:C	TP53	G245V	G245
tcga_mc3	TCGA-CV-6938:11:534288:C	HRAS	G12A	G12
tcga_mc3	TCGA-EI-6917:6:311937:A	DUSP22	H38R	H38
tcga_mc3	TCGA-N9-A4Q7:4:153249385:G	FBXW7	R465C	R465
tcga_mc3	TCGA-HJ-7597:22:29090060:C	CHEK2	R474H	R474
tcga_mc3	TCGA-HT-8114:17:7578394:T	TP53	H179R	H179
tcga_mc3	TCGA-AA-3663:5:137846306:A	ETF1	L344P	L344
tcga_mc3	TCGA-BS-A0UV:11:105967543:C	AASDHPPT	S280F	S280
tcga_mc3	TCGA-HT-7482:17:7577121:G	TP53	R273C	R273
tcga_mc3	TCGA-E2-A10C:8:59750744:C	TOX	D274Y	D274
tcga_mc3	TCGA-AP-A1E0:6:62611258:G	KHDRBS2	R168C	R168
tcga_mc3	TCGA-94-7943:3:113442283:C	NAA50	R84Q	R84
tcga_mc3	TCGA-WE-A8K4:1:192129561:C	RGS18	S92F	S92
tcga_mc3	TCGA-95-A4VP:12:25398284:C	KRAS	G12V	G12
tcga_mc3	TCGA-W3-A824:14:94933555:C	SERPINA9	G265R	G265
tcga_mc3	TCGA-JX-A3Q0:4:153247289:G	FBXW7	R505G	R505
tcga_mc3	TCGA-IB-AAUQ:12:25398284:C	KRAS	G12D	G12
tcga_mc3	TCGA-CV-7407:17:7577543:C	TP53	M246I	M246
tcga_mc3	TCGA-AP-A1DV:16:88723906:G	MVD	S114L	S114
tcga_mc3	TCGA-B5-A11J:12:25398285:C	KRAS	G12C	G12
tcga_mc3	TCGA-55-8091:2:198571055:G	MARS2	G309D	G309
tcga_mc3	TCGA-BR-6455:19:15989736:C	CYP4F2	G470R	G470
tcga_mc3	TCGA-F4-6807:12:25398284:C	KRAS	G12V	G12
tcga_mc3	TCGA-FR-A726:2:234243682:G	SAG	R294K	R294
tcga_mc3	TCGA-05-4427:8:31004915:G	WRN	Q1165H	Q1165
tcga_mc3	TCGA-DA-A3F8:14:52433367:C	GNG2	P60S	P60
tcga_mc3	TCGA-B5-A0JY:2:109380602:C	RANBP2	R1203C	R1203
tcga_mc3	TCGA-AA-A010:5:64079757:C	CWC27	T116R	T116
tcga_mc3	TCGA-WE-A8K5:11:118074365:G	AMICA1	R184C	R184
tcga_mc3	TCGA-D1-A1NS:14:95557628:C	DICER1	E1813D	E1813
tcga_mc3	TCGA-43-2576:17:7578469:C	TP53	G154V	G154
tcga_mc3	TCGA-B5-A11H:5:36168425:G	SKP2	V183I	V183
tcga_mc3	TCGA-55-8514:19:51518152:C	KLK10	W245C	W245
tcga_mc3	TCGA-DU-7298:3:178936092:A	PIK3CA	E545A	E545
tcga_mc3	TCGA-W3-AA1Q:20:18507119:C	SEC23B	R313C	R313
tcga_mc3	TCGA-EC-A24G:3:124492648:C	ITGB5	C602Y	C602
tcga_mc3	TCGA-AD-6964:3:178938934:G	PIK3CA	E726K	E726
tcga_mc3	TCGA-S9-A6WQ:2:209113112:C	IDH1	R132H	R132
tcga_mc3	TCGA-BS-A0UV:18:18547870:C	ROCK1	R1012Q	R1012
tcga_mc3	TCGA-DF-A2KU:3:189526295:G	TP63	A187T	A187
tcga_mc3	TCGA-A2-A0T7:3:178936082:G	PIK3CA	E542K	E542
tcga_mc3	TCGA-RR-A6KB:12:112888211:A	PTPN11	E76A	E76
tcga_mc3	TCGA-EK-A2RN:3:178936091:G	PIK3CA	E545K	E545
tcga_mc3	TCGA-AP-A1E4:12:25398285:C	KRAS	G12C	G12
tcga_mc3	TCGA-AA-A010:9:101900171:C	TGFBR1	A202V	A202
tcga_mc3	TCGA-GS-A9TZ:10:69695935:C	HERC4	D885H	D885
tcga_mc3	TCGA-IB-8127:17:37881332:G	ERBB2	V842I	V842
tcga_mc3	TCGA-B5-A3FA:5:137846307:G	ETF1	L344I	L344
tcga_mc3	TCGA-85-8048:11:68703726:A	IGHMBP2	E593G	E593
tcga_mc3	TCGA-WE-A8ZX:6:28554272:C	SCAND3	E75K	E75
tcga_mc3	TCGA-F4-6856:12:25378562:C	KRAS	A146T	A146
tcga_mc3	TCGA-AP-A0LM:14:88411975:C	GALC	R531H	R531
tcga_mc3	TCGA-BR-7707:12:25398284:C	KRAS	G12D	G12
tcga_mc3	TCGA-H6-8124:17:7577568:C	TP53	C238Y	C238
tcga_mc3	TCGA-ZF-AA53:4:102015057:C	PPP3CA	E220Q	E220
tcga_mc3	TCGA-AX-A2HK:19:52715971:C	PPP2R1A	P179R	P179
tcga_mc3	TCGA-KP-A3W4:3:178936083:A	PIK3CA	E542V	E542
tcga_mc3	TCGA-FW-A3R5:4:628613:G	PDE6B	E206K	E206
tcga_mc3	TCGA-HT-7482:2:209113113:G	IDH1	R132G	R132
tcga_mc3	TCGA-DK-A3WW:19:11687567:G	ACP5	S118F	S118
tcga_mc3	TCGA-W5-AA36:2:209113113:G	IDH1	R132S	R132
tcga_mc3	TCGA-W5-AA2R:15:66729174:G	MAP2K1	G128R	G128
tcga_mc3	TCGA-CA-6717:17:7535021:G	SHBG	G224R	G224
tcga_mc3	TCGA-VQ-AA6F:17:40370281:G	STAT5B	R353C	R353
tcga_mc3	TCGA-EB-A41A:1:15906613:G	AGMAT	P167L	P167
tcga_mc3	TCGA-EY-A1GI:19:39926348:T	RPS16	K17E	K17
tcga_mc3	TCGA-CV-6961:19:1220487:G	STK11	D194N	D194
tcga_mc3	TCGA-VM-A8CA:2:209113112:C	IDH1	R132H	R132
tcga_mc3	TCGA-HC-7078:3:178921553:T	PIK3CA	N345K	N345
tcga_mc3	TCGA-D3-A5GU:7:149986664:C	ACTR3C	G58R	G58
tcga_mc3	TCGA-HT-8012:2:209113112:C	IDH1	R132H	R132
tcga_mc3	TCGA-62-A471:17:7577574:T	TP53	Y236C	Y236
tcga_mc3	TCGA-D1-A16N:3:178927980:T	PIK3CA	C420R	C420
tcga_mc3	TCGA-BF-A1Q0:7:128496603:C	FLNC	S2428F	S2428
tcga_mc3	TCGA-BS-A0UV:16:30094139:G	PPP4C	E92K	E92
tcga_mc3	TCGA-2L-AAQA:12:25398284:C	KRAS	G12V	G12
tcga_mc3	TCGA-AJ-A3EL:2:64084990:C	UGP2	R59W	R59
tcga_mc3	TCGA-AJ-A8CW:11:75154288:G	GDPD5	R281C	R281
tcga_mc3	TCGA-W3-AA21:10:88428473:G	LDB3	G9R	G9
tcga_mc3	TCGA-VS-A952:10:89692902:G	PTEN	G129E	G129
tcga_mc3	TCGA-XK-AAIW:15:43122251:C	TTBK2	R106H	R106
tcga_mc3	TCGA-77-7465:20:34263040:C	NFS1	R292L	R292
tcga_mc3	TCGA-GN-A26C:16:80583473:C	DYNLRB2	R58C	R58
tcga_mc3	TCGA-RG-A7D4:17:7577114:C	TP53	C275Y	C275
tcga_mc3	TCGA-36-2545:11:61562915:G	FEN1	G28C	G28
tcga_mc3	TCGA-FS-A1ZK:4:156725868:G	GUCY1B3	G560R	G560
tcga_mc3	TCGA-BB-4227:1:202864773:C	KLHL12	D338N	D338
tcga_mc3	TCGA-R6-A8W8:17:7577120:C	TP53	R273H	R273
tcga_mc3	TCGA-D1-A15X:12:25398281:C	KRAS	G13D	G13
tcga_mc3	TCGA-D1-A0ZS:2:61009087:C	PAPOLG	T325M	T325
tcga_mc3	TCGA-DM-A28G:4:153247288:C	FBXW7	R505H	R505
tcga_mc3	TCGA-HU-A4G9:8:21883281:A	NPM2	M90V	M90
tcga_mc3	TCGA-DD-A1EF:19:11141502:G	SMARCA4	G1160E	G1160
tcga_mc3	TCGA-EE-A2M5:5:23523410:G	PRDM9	G298E	G298
tcga_mc3	TCGA-HU-A4G2:3:178916726:G	PIK3CA	R38H	R38
tcga_mc3	TCGA-BB-4224:1:150390094:T	RPRD2	N76K	N76
tcga_mc3	TCGA-LN-A7HZ:1:242015637:C	EXO1	H69N	H69
tcga_mc3	TCGA-A5-A2K5:6:52702399:C	GSTA5	E32D	E32
tcga_mc3	TCGA-BR-A4QL:4:153247289:G	FBXW7	R505C	R505
tcga_mc3	TCGA-EC-A24G:12:108961024:C	ISCU	P133L	P133
tcga_mc3	TCGA-DA-A95X:19:11143993:C	SMARCA4	R1192C	R1192
tcga_mc3	TCGA-AD-5900:3:178916725:C	PIK3CA	R38C	R38
tcga_mc3	TCGA-L5-A43C:17:7577548:C	TP53	G245S	G245
tcga_mc3	TCGA-85-7696:21:43862652:T	UBASH3A	L526H	L526
tcga_mc3	TCGA-CV-A6JT:19:3118953:C	GNA11	R213W	R213
tcga_mc3	TCGA-B5-A0JT:19:16606600:G	CALR3	S52L	S52
tcga_mc3	TCGA-DA-A1I5:11:89911136:G	NAALAD2	R570Q	R570
tcga_mc3	TCGA-BK-A4ZD:17:7577538:C	TP53	R248Q	R248
tcga_mc3	TCGA-12-0618:15:45658329:T	GATM	D298G	D298
tcga_mc3	TCGA-ZB-A96V:2:209113113:G	IDH1	R132C	R132
tcga_mc3	TCGA-XK-AAIW:1:24122731:G	GALE	R300W	R300
tcga_mc3	TCGA-WQ-A9G7:17:7578406:C	TP53	R175H	R175
tcga_mc3	TCGA-EO-A3AY:1:169505842:C	F5	D1625N	D1625
tcga_mc3	TCGA-IH-A3EA:9:139101119:G	QSOX2	H518Y	H518
tcga_mc3	TCGA-5M-AAT4:4:153244092:G	FBXW7	R689W	R689
tcga_mc3	TCGA-BG-A0RY:7:87179322:G	ABCB1	R467W	R467
tcga_mc3	TCGA-BF-A1PX:8:66963846:G	DNAJC5B	E22K	E22
tcga_mc3	TCGA-EE-A2MT:2:50758484:G	NRXN1	S743F	S743
tcga_mc3	TCGA-C5-A7CO:12:56478854:G	ERBB3	V104M	V104
tcga_mc3	TCGA-D1-A103:2:62110632:G	CCT4	L78M	L78
tcga_mc3	TCGA-5M-AAT4:17:7577121:G	TP53	R273C	R273
tcga_mc3	TCGA-Z2-A8RT:17:7557429:G	ATP1B2	E136K	E136
tcga_mc3	TCGA-D1-A167:16:2168071:C	PKD1	G308R	G308
tcga_mc3	TCGA-BG-A0VV:2:219447735:G	RQCD1	L82F	L82
tcga_mc3	TCGA-50-5051:12:25398285:C	KRAS	G12C	G12
tcga_mc3	TCGA-YG-AA3N:8:35406992:G	UNC5D	E96K	E96
tcga_mc3	TCGA-L5-A8NJ:15:25220656:A	SNRPN	K52T	K52
tcga_mc3	TCGA-HC-A9TH:3:178952085:A	PIK3CA	H1047R	H1047
tcga_mc3	TCGA-21-1081:1:9787039:C	PIK3CD	R1024C	R1024
tcga_mc3	TCGA-AZ-4315:9:101900288:C	TGFBR1	S241L	S241
tcga_mc3	TCGA-VQ-AA6B:17:7577124:C	TP53	V272M	V272
tcga_mc3	TCGA-AX-A2HC:1:78546461:G	GIPC2	E115K	E115
tcga_mc3	TCGA-AR-A256:4:153247168:T	FBXW7	Y545C	Y545
tcga_mc3	TCGA-BS-A0UF:9:33900191:C	UBE2R2	S95L	S95
tcga_mc3	TCGA-L5-A4OE:12:25398284:C	KRAS	G12D	G12
tcga_mc3	TCGA-S9-A6WP:2:209113112:C	IDH1	R132H	R132
tcga_mc3	TCGA-86-7701:11:94730894:G	KDM4D	D120Y	D120
tcga_mc3	TCGA-05-4382:16:30507518:G	ITGAL	G535V	G535
tcga_mc3	TCGA-G4-6322:2:209113202:A	IDH1	I102T	I102
tcga_mc3	TCGA-DK-A6AW:6:107100203:C	QRSL1	S226L	S226
tcga_mc3	TCGA-CV-A6JE:17:7578190:T	TP53	Y220C	Y220
tcga_mc3	TCGA-VQ-A8P2:20:30674578:C	HCK	P328L	P328
tcga_mc3	TCGA-J2-A4AD:17:7577566:T	TP53	N239D	N239
tcga_mc3	TCGA-DK-A3X2:17:7577121:G	TP53	R273C	R273
tcga_mc3	TCGA-AX-A1CE:14:54878327:C	CDKN3	P107S	P107
tcga_mc3	TCGA-EE-A2GL:2:98264521:C	COX5B	P114S	P114
tcga_mc3	TCGA-AJ-A3EL:7:57188088:C	ZNF479	R345I	R345
tcga_mc3	TCGA-06-A6S1:7:55249022:G	EGFR	V774M	V774
tcga_mc3	TCGA-BR-8679:12:25398285:C	KRAS	G12S	G12
tcga_mc3	TCGA-2W-A8YY:11:11373823:C	CSNK2A3	E282K	E282
tcga_mc3	TCGA-85-A50Z:17:7577551:C	TP53	G244S	G244
tcga_mc3	TCGA-50-5939:17:7577085:C	TP53	E285K	E285
tcga_mc3	TCGA-XN-A8T3:17:7577121:G	TP53	R273C	R273
tcga_mc3	TCGA-93-8067:9:21971108:C	CDKN2A	D84N	D84
tcga_mc3	TCGA-E2-A156:3:178936082:G	PIK3CA	E542K	E542
tcga_mc3	TCGA-55-8203:12:25398285:C	KRAS	G12C	G12
tcga_mc3	TCGA-BC-A217:17:7577120:C	TP53	R273H	R273
tcga_mc3	TCGA-56-7822:5:142689724:C	NR3C1	R470Q	R470
tcga_mc3	TCGA-B5-A3FA:11:67833918:C	CHKA	E332K	E332
tcga_mc3	TCGA-A5-A2K5:1:38304298:G	MTF1	R260W	R260
tcga_mc3	TCGA-ZF-AA54:18:43671710:G	ATP5A1	R83C	R83
tcga_mc3	TCGA-N9-A4Q7:17:7578534:C	TP53	K132N	K132
tcga_mc3	TCGA-DF-A2KU:9:80412479:C	GNAQ	G188W	G188
tcga_mc3	TCGA-AX-A3G8:12:25398284:C	KRAS	G12A	G12
tcga_mc3	TCGA-DM-A1D7:2:29445471:C	ALK	G1121D	G1121
tcga_mc3	TCGA-EO-A22R:1:78546461:G	GIPC2	E115K	E115
tcga_mc3	TCGA-44-A47A:12:25398284:C	KRAS	G12D	G12
tcga_mc3	TCGA-UF-A7JF:3:178936091:G	PIK3CA	E545K	E545
tcga_mc3	TCGA-BR-8286:11:71208604:A	NADSYN1	S614C	S614
tcga_mc3	TCGA-TQ-A7RV:17:7577121:G	TP53	R273C	R273
tcga_mc3	TCGA-B5-A1MR:19:34929616:C	UBA2	R176C	R176
tcga_mc3	TCGA-BK-A6W3:10:89474778:G	PAPSS2	E226K	E226
tcga_mc3	TCGA-EE-A2MJ:2:102626047:C	IL1R2	R31C	R31
tcga_mc3	TCGA-50-8459:12:25398285:C	KRAS	G12C	G12
tcga_mc3	TCGA-B5-A0JY:10:5041445:C	AKR1C2	D132Y	D132
tcga_mc3	TCGA-VQ-A8P2:4:153247366:C	FBXW7	R479Q	R479
tcga_mc3	TCGA-CV-6953:17:7577539:G	TP53	R248W	R248
tcga_mc3	TCGA-A3-3382:3:10188200:C	VHL	H115N	H115
tcga_mc3	TCGA-3H-AB3T:17:7577111:G	TP53	A276D	A276
tcga_mc3	TCGA-EO-A3AV:19:49573955:C	KCNA7	D246N	D246
tcga_mc3	TCGA-GM-A2DD:3:178952085:A	PIK3CA	H1047R	H1047
tcga_mc3	TCGA-A5-A1OF:20:23807102:G	CST2	R66C	R66
tcga_mc3	TCGA-CR-7388:17:7577121:G	TP53	R273C	R273
tcga_mc3	TCGA-DY-A1DC:17:7578406:C	TP53	R175H	R175
tcga_mc3	TCGA-44-6774:1:111773424:G	CHI3L2	G44E	G44
tcga_mc3	TCGA-44-6774:3:16268973:G	GALNT15	R629H	R629
tcga_mc3	TCGA-DU-6392:2:98354296:G	ZAP70	S520I	S520
tcga_mc3	TCGA-DF-A2KU:1:6399615:C	ACOT7	R109H	R109
tcga_mc3	TCGA-EE-A2MS:4:158057999:C	GLRB	P191S	P191
tcga_mc3	TCGA-AA-A00N:4:114284560:C	ANK2	S3608Y	S3608
tcga_mc3	TCGA-BR-8360:3:178952085:A	PIK3CA	H1047R	H1047
tcga_mc3	TCGA-EO-A22X:2:232321447:C	NCL	E534K	E534
tcga_mc3	TCGA-D9-A6EC:2:182543260:C	NEUROD1	E110K	E110
tcga_mc3	TCGA-BG-A3EW:3:178916876:G	PIK3CA	R88Q	R88
tcga_mc3	TCGA-YD-A89C:1:156035713:G	RAB25	G19S	G19
tcga_mc3	TCGA-E1-A7YK:2:209113112:C	IDH1	R132H	R132
tcga_mc3	TCGA-4Z-AA80:3:49412884:C	RHOA	E47K	E47
tcga_mc3	TCGA-EA-A6QX:14:105246551:C	AKT1	E17K	E17
tcga_mc3	TCGA-AR-A1AJ:17:7577120:C	TP53	R273H	R273
tcga_mc3	TCGA-EY-A1GI:2:162865770:C	DPP4	R623Q	R623
tcga_mc3	TCGA-EE-A29C:7:81381466:C	HGF	E199K	E199
tcga_mc3	TCGA-96-7544:12:7362349:C	PEX5	A544V	A544
tcga_mc3	TCGA-F5-6814:2:47643551:G	MSH2	K353N	K353
tcga_mc3	TCGA-CM-5863:12:25398284:C	KRAS	G12D	G12
tcga_mc3	TCGA-FB-AAPP:11:4142834:C	RRM1	R293C	R293
tcga_mc3	TCGA-CC-A5UD:4:55593652:C	KIT	P573Q	P573
tcga_mc3	TCGA-C8-A26Y:1:1250299:C	CPSF3L	E203K	E203
tcga_mc3	TCGA-E6-A2P8:2:39281778:T	SOS1	N233Y	N233
tcga_mc3	TCGA-DB-A4XG:15:90631838:C	IDH2	R172K	R172
tcga_mc3	TCGA-DA-A95Z:2:212488718:G	ERBB4	R711C	R711
tcga_mc3	TCGA-FW-A3TU:9:131371229:C	SPTAN1	S1523F	S1523
tcga_mc3	TCGA-BH-A0DE:3:178936092:A	PIK3CA	E545A	E545
tcga_mc3	TCGA-CS-4943:2:209113112:C	IDH1	R132H	R132
tcga_mc3	TCGA-JY-A6FG:3:178952085:A	PIK3CA	H1047L	H1047
tcga_mc3	TCGA-BS-A0UF:19:51961269:G	SIGLEC8	R125W	R125
tcga_mc3	TCGA-BH-A8G0:1:32793250:A	HDAC1	E203G	E203
tcga_mc3	TCGA-AP-A059:7:55886883:C	SEPT14	D252Y	D252
tcga_mc3	TCGA-L5-A88Z:4:153247289:G	FBXW7	R505G	R505
tcga_mc3	TCGA-LN-A9FQ:6:99997423:C	CCNC	D187H	D187
tcga_mc3	TCGA-UF-A7JV:3:178936082:G	PIK3CA	E542K	E542
tcga_mc3	TCGA-DI-A1BU:19:18967747:A	UPF1	Q640L	Q640
tcga_mc3	TCGA-83-5908:2:86712946:C	KDM3A	R1093W	R1093
tcga_mc3	TCGA-66-2759:9:33900199:C	UBE2R2	H98Y	H98
tcga_mc3	TCGA-DF-A2KN:9:93983211:G	AUH	A240V	A240
tcga_mc3	TCGA-69-A59K:17:7577097:C	TP53	D281Y	D281
tcga_mc3	TCGA-B5-A1MR:2:202131412:G	CASP8	R68Q	R68
tcga_mc3	TCGA-BR-8080:4:178355641:C	AGA	R234H	R234
tcga_mc3	TCGA-22-5483:8:30361803:G	RBPMS	G83R	G83
tcga_mc3	TCGA-EW-A1J1:3:178952075:A	PIK3CA	N1044Y	N1044
tcga_mc3	TCGA-E1-A7YW:17:7577548:C	TP53	G245S	G245
tcga_mc3	TCGA-YD-A89C:8:66989064:G	DNAJC5B	E97K	E97
tcga_mc3	TCGA-97-A4M0:12:25398285:C	KRAS	G12C	G12
tcga_mc3	TCGA-DD-AACZ:19:11143993:C	SMARCA4	R1192C	R1192
tcga_mc3	TCGA-WS-AB45:12:132393281:C	ULK1	R137C	R137
tcga_mc3	TCGA-W3-AA1V:8:24342819:G	ADAM7	G302E	G302
tcga_mc3	TCGA-AP-A1DH:12:25398284:C	KRAS	G12D	G12
tcga_mc3	TCGA-AX-A3FS:3:178952085:A	PIK3CA	H1047R	H1047
tcga_mc3	TCGA-D9-A149:2:209113112:C	IDH1	R132L	R132
tcga_mc3	TCGA-BR-6455:3:178927980:T	PIK3CA	C420R	C420
tcga_mc3	TCGA-B5-A0JY:5:156649963:G	ITK	E196K	E196
tcga_mc3	TCGA-D7-6817:12:56650822:G	ANKRD52	R80C	R80
tcga_mc3	TCGA-FI-A2D5:17:42286808:C	UBTF	R606H	R606
tcga_mc3	TCGA-FI-A2D5:3:25666234:T	TOP2B	E762G	E762
tcga_mc3	TCGA-D8-A1XK:2:69757821:T	AAK1	Y225C	Y225
tcga_mc3	TCGA-EV-5903:12:118577332:G	PEBP1	G108C	G108
tcga_mc3	TCGA-CG-5723:9:35067913:G	VCP	R93C	R93
tcga_mc3	TCGA-L5-A8NG:17:7578406:C	TP53	R175H	R175
tcga_mc3	TCGA-MN-A4N5:6:26123855:C	HIST1H2BC	R93M	R93
tcga_mc3	TCGA-F5-6814:3:172477989:G	ECT2	R207L	R207
tcga_mc3	TCGA-B6-A0RN:3:178952085:A	PIK3CA	H1047R	H1047
tcga_mc3	TCGA-C4-A0EZ:17:7577114:C	TP53	C275Y	C275
tcga_mc3	TCGA-DK-A1AG:3:178936091:G	PIK3CA	E545K	E545
tcga_mc3	TCGA-AP-A0LM:2:5833158:C	SOX11	A102V	A102
tcga_mc3	TCGA-EE-A29L:2:179647604:C	TTN	S1010N	S1010
tcga_mc3	TCGA-BS-A0UV:4:128724901:C	HSPA4L	R261W	R261
tcga_mc3	TCGA-VQ-A8PP:11:83770433:C	DLG2	V177I	V177
tcga_mc3	TCGA-CV-6441:3:89498433:C	EPHA3	T802R	T802
tcga_mc3	TCGA-ZF-A9R7:4:153250865:C	FBXW7	D399H	D399
tcga_mc3	TCGA-BR-A452:17:7578403:C	TP53	C176F	C176
tcga_mc3	TCGA-DD-AADU:15:45661556:A	GATM	L151S	L151
tcga_mc3	TCGA-B5-A11J:9:37428563:C	GRHPR	R163C	R163
tcga_mc3	TCGA-AA-3511:12:25398284:C	KRAS	G12D	G12
tcga_mc3	TCGA-AP-A0LM:20:2776756:C	CPXM1	D432N	D432
tcga_mc3	TCGA-V4-A9F0:9:80409488:T	GNAQ	Q209L	Q209
tcga_mc3	TCGA-EY-A1H0:12:57033891:C	ATP5B	R387H	R387
tcga_mc3	TCGA-DA-A3F8:6:62757842:C	KHDRBS2	E93K	E93
tcga_mc3	TCGA-ER-A19G:1:9787030:G	PIK3CD	E1021K	E1021
tcga_mc3	TCGA-BG-A0MQ:10:89692904:C	PTEN	R130G	R130
tcga_mc3	TCGA-FI-A2D5:3:178916876:G	PIK3CA	R88Q	R88
tcga_mc3	TCGA-22-1012:5:16694657:C	MYO10	R1208L	R1208
tcga_mc3	TCGA-EB-A5UN:8:121457313:G	MRPL13	P8S	P8
tcga_mc3	TCGA-EI-6883:17:7577548:C	TP53	G245S	G245
tcga_mc3	TCGA-EE-A2MD:17:72469840:G	CD300A	G69E	G69
tcga_mc3	TCGA-69-7765:18:48575104:A	SMAD4	R100W	R100
tcga_mc3	TCGA-BR-6707:10:89692905:G	PTEN	R130Q	R130
tcga_mc3	TCGA-EC-A24G:17:27049770:C	RPL23A	P80L	P80
tcga_mc3	TCGA-AD-6889:14:105246551:C	AKT1	E17K	E17
tcga_mc3	TCGA-IH-A3EA:9:8317926:G	PTPRD	S1896F	S1896
tcga_mc3	TCGA-2J-AABI:12:25398285:C	KRAS	G12R	G12
tcga_mc3	TCGA-56-8309:7:6431652:C	RAC1	P69S	P69
tcga_mc3	TCGA-D8-A1Y2:3:178936091:G	PIK3CA	E545K	E545
tcga_mc3	TCGA-TM-A7CF:2:209113112:C	IDH1	R132H	R132
tcga_mc3	TCGA-RC-A7SK:17:7578410:T	TP53	R174W	R174
tcga_mc3	TCGA-MP-A4SY:12:25398284:C	KRAS	G12D	G12
tcga_mc3	TCGA-ER-A42L:4:166924569:G	TLL1	G220E	G220
tcga_mc3	TCGA-FG-A711:17:7577121:G	TP53	R273C	R273
tcga_mc3	TCGA-AX-A3FZ:17:7577567:A	TP53	C238W	C238
tcga_mc3	TCGA-FW-A3TU:3:50293694:C	GNAI2	R179C	R179
tcga_mc3	TCGA-L5-A8NH:17:7578526:C	TP53	C135F	C135
tcga_mc3	TCGA-EO-A22R:17:80051476:C	FASN	R151I	R151
tcga_mc3	TCGA-SJ-A6ZI:6:159462435:G	TAGAP	A143V	A143
tcga_mc3	TCGA-AX-A2IN:3:179525600:C	PEX5L	R513H	R513
tcga_mc3	TCGA-A2-A0D3:3:178952085:A	PIK3CA	H1047R	H1047
tcga_mc3	TCGA-FZ-5924:17:7577538:C	TP53	R248Q	R248
tcga_mc3	TCGA-WC-A885:9:80409488:T	GNAQ	Q209P	Q209
tcga_mc3	TCGA-AP-A0LM:19:44980824:C	ZNF180	R625I	R625
tcga_mc3	TCGA-F4-6856:3:178916725:C	PIK3CA	R38C	R38
tcga_mc3	TCGA-19-5956:4:178355642:G	AGA	R234C	R234
tcga_mc3	TCGA-XF-AAME:3:178952085:A	PIK3CA	H1047R	H1047
tcga_mc3	TCGA-BS-A0UF:17:7835076:C	TRAPPC1	K24N	K24
tcga_mc3	TCGA-73-4666:11:88583213:C	GRM5	D258N	D258
tcga_mc3	TCGA-CG-4466:12:81283099:T	LIN7A	E44D	E44
tcga_mc3	TCGA-FI-A2D0:1:243716094:C	AKT3	R367Q	R367
tcga_mc3	TCGA-AP-A1DV:11:11374459:G	CSNK2A3	L70I	L70
tcga_mc3	TCGA-66-2759:11:94730904:G	KDM4D	R123P	R123
tcga_mc3	TCGA-BK-A6W3:2:58358955:G	VRK2	R230Q	R230
tcga_mc3	TCGA-DU-6396:17:7577121:G	TP53	R273C	R273
tcga_mc3	TCGA-49-AAR9:5:43700247:G	NNT	R968L	R968
tcga_mc3	TCGA-49-AARN:22:30862366:C	SEC14L3	E179K	E179
tcga_mc3	TCGA-ZF-A9RG:12:22208204:G	CMAS	E128Q	E128
tcga_mc3	TCGA-S9-A6U6:17:7577121:G	TP53	R273C	R273
tcga_mc3	TCGA-D1-A16X:1:207498083:G	CD55	E156K	E156
tcga_mc3	TCGA-FD-A3SL:2:20647449:C	RHOB	P75T	P75
tcga_mc3	TCGA-55-7281:12:25398285:C	KRAS	G12C	G12
tcga_mc3	TCGA-FD-A43X:3:112064109:C	CD200	S132L	S132
tcga_mc3	TCGA-A5-A2K5:10:89474778:G	PAPSS2	E226K	E226
tcga_mc3	TCGA-AF-A56L:2:212530159:G	ERBB4	P587Q	P587
tcga_mc3	TCGA-QH-A6CW:2:209113112:C	IDH1	R132H	R132
tcga_mc3	TCGA-JY-A6FH:17:7577121:G	TP53	R273C	R273
tcga_mc3	TCGA-EO-A22U:5:90678773:G	ARRDC3	S46Y	S46
tcga_mc3	TCGA-CM-6674:12:25398284:C	KRAS	G12D	G12
tcga_mc3	TCGA-FW-A3R5:12:104376924:C	TDG	R209C	R209
tcga_mc3	TCGA-EO-A3B0:19:43708205:C	PSG4	R88I	R88
tcga_mc3	TCGA-EE-A2MS:4:166924680:G	TLL1	R257Q	R257
tcga_mc3	TCGA-EE-A3J7:15:35083353:C	ACTC1	E318K	E318
tcga_mc3	TCGA-BS-A0UF:14:67589024:C	GPHN	R527C	R527
tcga_mc3	TCGA-IB-7651:10:99358558:G	HOGA1	E80K	E80
tcga_mc3	TCGA-EE-A2GU:10:96707649:G	CYP2C9	E199K	E199
tcga_mc3	TCGA-AP-A1DK:1:16265798:A	SPEN	Y3624C	Y3624
tcga_mc3	TCGA-AP-A0LM:15:93522378:G	CHD2	R914H	R914
tcga_mc3	TCGA-EE-A3AE:11:99932099:C	CNTN5	S379F	S379
tcga_mc3	TCGA-A4-7997:7:116417463:C	MET	H1094Y	H1094
tcga_mc3	TCGA-D6-8569:11:534285:C	HRAS	G13V	G13
tcga_mc3	TCGA-55-8514:12:25398284:C	KRAS	G12A	G12
tcga_mc3	TCGA-D3-A5GR:17:7578406:C	TP53	R175H	R175
tcga_mc3	TCGA-D5-6531:12:25398284:C	KRAS	G12A	G12
tcga_mc3	TCGA-B7-A5TI:10:89692905:G	PTEN	R130Q	R130
tcga_mc3	TCGA-EE-A2M6:13:20024216:C	TPTE2	G325R	G325
tcga_mc3	TCGA-D1-A167:4:153249384:C	FBXW7	R465H	R465
tcga_mc3	TCGA-77-8009:2:116497356:G	DPP10	D247Y	D247
tcga_mc3	TCGA-A7-A5ZW:3:178952085:A	PIK3CA	H1047R	H1047
tcga_mc3	TCGA-DD-AAVQ:14:20925369:T	APEX1	L220P	L220
tcga_mc3	TCGA-AP-A1DQ:19:52715971:C	PPP2R1A	P179R	P179
tcga_mc3	TCGA-CV-6961:19:41257373:G	SNRPA	K20N	K20
tcga_mc3	TCGA-EO-A3B0:1:55224237:G	PARS2	R200C	R200
tcga_mc3	TCGA-XD-AAUI:17:7577538:C	TP53	R248Q	R248
tcga_mc3	TCGA-37-5819:17:7577556:C	TP53	C242F	C242
tcga_mc3	TCGA-E6-A1LX:11:108005881:C	ACAT1	S116Y	S116
tcga_mc3	TCGA-55-6968:7:55259538:G	EGFR	E866K	E866
tcga_mc3	TCGA-22-1016:17:7578190:T	TP53	Y220C	Y220
tcga_mc3	TCGA-AP-A0LS:19:52716084:C	PPP2R1A	Q217K	Q217
tcga_mc3	TCGA-AX-A2HD:3:178916891:G	PIK3CA	R93Q	R93
tcga_mc3	TCGA-EE-A2GB:2:241808385:C	AGXT	P35S	P35
tcga_mc3	TCGA-62-A46S:12:25398281:C	KRAS	G13D	G13
tcga_mc3	TCGA-93-A4JO:12:25398284:C	KRAS	G12D	G12
tcga_mc3	TCGA-DU-A6S6:2:209113112:C	IDH1	R132H	R132
tcga_mc3	TCGA-AC-A3YJ:3:178952085:A	PIK3CA	H1047R	H1047
tcga_mc3	TCGA-TM-A7CA:2:209113112:C	IDH1	R132H	R132
tcga_mc3	TCGA-E6-A1LX:7:43827621:C	BLVRA	S44L	S44
tcga_mc3	TCGA-78-7155:5:168180966:C	SLIT3	D578Y	D578
tcga_mc3	TCGA-AP-A1E0:10:89692901:G	PTEN	G129R	G129
tcga_mc3	TCGA-D3-A2JH:10:96612490:G	CYP2C19	G431E	G431
tcga_mc3	TCGA-B5-A11E:2:238234251:C	COL6A3	E3149K	E3149
tcga_mc3	TCGA-55-7283:14:105239420:C	AKT1	D323Y	D323
tcga_mc3	TCGA-E9-A249:3:178936091:G	PIK3CA	E545K	E545
tcga_mc3	TCGA-BR-7722:18:48591925:G	SMAD4	C363Y	C363
tcga_mc3	TCGA-FD-A6TE:17:7578534:C	TP53	K132N	K132
tcga_mc3	TCGA-52-7809:17:7578461:C	TP53	V157F	V157
tcga_mc3	TCGA-CM-4743:16:88721699:C	MVD	D269N	D269
tcga_mc3	TCGA-FD-A62P:20:480551:C	CSNK2A1	E81Q	E81
tcga_mc3	TCGA-OL-A6VQ:3:178952085:A	PIK3CA	H1047R	H1047
tcga_mc3	TCGA-25-2397:17:7577536:T	TP53	R249G	R249
tcga_mc3	TCGA-BR-A4QL:9:70993145:A	PGM5	I98V	I98
tcga_mc3	TCGA-A5-A2K5:3:186257302:G	CRYGS	R36C	R36
tcga_mc3	TCGA-DH-A669:2:209113112:C	IDH1	R132H	R132
tcga_mc3	TCGA-AX-A2HK:13:113882348:T	CUL4A	C143R	C143
tcga_mc3	TCGA-95-7567:16:332515:C	ARHGDIG	R155S	R155
tcga_mc3	TCGA-N5-A4RJ:17:37881332:G	ERBB2	V842I	V842
tcga_mc3	TCGA-AP-A0LM:15:38818545:C	RASGRP1	R94Q	R94
tcga_mc3	TCGA-A5-A3LP:3:178936082:G	PIK3CA	E542K	E542
tcga_mc3	TCGA-O2-A52Q:12:25398282:C	KRAS	G13C	G13
tcga_mc3	TCGA-CM-5349:12:25378562:C	KRAS	A146T	A146
tcga_mc3	TCGA-KK-A59X:18:48591888:G	SMAD4	D351Y	D351
tcga_mc3	TCGA-DD-A1EE:17:52991114:G	TOM1L1	W126C	W126
tcga_mc3	TCGA-GN-A26C:19:4538062:G	LRG1	R312C	R312
tcga_mc3	TCGA-DU-A6S8:2:209113112:C	IDH1	R132H	R132
tcga_mc3	TCGA-21-5786:17:7578461:C	TP53	V157F	V157
tcga_mc3	TCGA-53-A4EZ:17:7578461:C	TP53	V157F	V157
tcga_mc3	TCGA-BR-8363:9:70993145:A	PGM5	I98V	I98
tcga_mc3	TCGA-DU-7007:2:209113112:C	IDH1	R132H	R132
tcga_mc3	TCGA-E6-A1LX:3:178916876:G	PIK3CA	R88Q	R88
tcga_mc3	TCGA-D5-6534:10:73579314:C	PSAP	D420Y	D420
tcga_mc3	TCGA-D1-A16X:4:70620910:C	SULT1B1	R9Q	R9
tcga_mc3	TCGA-HU-A4H8:17:37881332:G	ERBB2	V842I	V842
tcga_mc3	TCGA-B5-A11Y:3:178952086:T	PIK3CA	H1047Q	H1047
tcga_mc3	TCGA-EE-A3J8:21:43855019:G	UBASH3A	D450N	D450
tcga_mc3	TCGA-E6-A1LX:6:31779382:G	HSPA1L	S123L	S123
tcga_mc3	TCGA-EE-A2MH:1:231509788:G	EGLN1	P317S	P317
tcga_mc3	TCGA-QK-AA3J:17:7578190:T	TP53	Y220C	Y220
tcga_mc3	TCGA-B5-A0JY:1:22412939:G	CDC42	E62D	E62
tcga_mc3	TCGA-02-2486:1:43396355:C	SLC2A1	R153H	R153
tcga_mc3	TCGA-BS-A0UF:8:134108577:C	TG	S2511Y	S2511
tcga_mc3	TCGA-AX-A2IN:19:7976138:G	MAP2K7	E287K	E287
tcga_mc3	TCGA-AA-A010:6:107100203:C	QRSL1	S226L	S226
tcga_mc3	TCGA-37-3783:17:7577120:C	TP53	R273H	R273
tcga_mc3	TCGA-N6-A4VD:19:52716212:C	PPP2R1A	S219L	S219
tcga_mc3	TCGA-YD-A9TA:20:56137167:G	PCK1	E89K	E89
tcga_mc3	TCGA-95-7039:6:106543577:C	PRDM1	P127S	P127
tcga_mc3	TCGA-D1-A103:20:49195120:T	PTPN1	I219T	I219
tcga_mc3	TCGA-TQ-A8XE:3:178952085:A	PIK3CA	H1047R	H1047
tcga_mc3	TCGA-B5-A0JU:3:178952084:C	PIK3CA	H1047Y	H1047
tcga_mc3	TCGA-UC-A7PF:11:4142936:G	RRM1	D327Y	D327
tcga_mc3	TCGA-EE-A2GB:1:98187204:C	DPYD	M115I	M115
tcga_mc3	TCGA-CF-A47T:11:534285:C	HRAS	G13D	G13
tcga_mc3	TCGA-WE-A8ZT:5:140229005:G	PCDHA9	D309N	D309
tcga_mc3	TCGA-D3-A3MU:4:46305590:C	GABRA2	R248K	R248
tcga_mc3	TCGA-D3-A51T:11:40137302:C	LRRC4C	E181K	E181
tcga_mc3	TCGA-HT-8018:17:7577117:A	TP53	V274G	V274
tcga_mc3	TCGA-EO-A22T:16:2012648:G	RPS2	R187C	R187
tcga_mc3	TCGA-VQ-A8P2:2:44428690:C	PPM1B	R118C	R118
tcga_mc3	TCGA-QK-A6V9:2:88478395:C	THNSL2	S222L	S222
tcga_mc3	TCGA-TQ-A7RO:19:42791718:C	CIC	R202W	R202
tcga_mc3	TCGA-EO-A3KX:3:178952076:A	PIK3CA	N1044I	N1044
tcga_mc3	TCGA-C8-A3M8:3:178952074:G	PIK3CA	M1043I	M1043
tcga_mc3	TCGA-B5-A0JY:1:6147554:G	KCNAB2	K118N	K118
tcga_mc3	TCGA-DU-A7TC:2:209113112:C	IDH1	R132H	R132
tcga_mc3	TCGA-A6-3810:21:45194165:G	CSTB	S72C	S72
tcga_mc3	TCGA-VS-A8Q8:3:196229767:G	RNF168	S93C	S93
tcga_mc3	TCGA-D6-A6EQ:17:7574018:G	TP53	R337C	R337
tcga_mc3	TCGA-WT-AB44:14:105246551:C	AKT1	E17K	E17
tcga_mc3	TCGA-EE-A2GJ:14:52433367:C	GNG2	P60S	P60
tcga_mc3	TCGA-L9-A443:12:25398284:C	KRAS	G12V	G12
tcga_mc3	TCGA-EE-A2GS:1:12907865:C	HNRNPCL1	G93E	G93
tcga_mc3	TCGA-IB-7651:10:18807857:A	CACNB2	K302Q	K302
tcga_mc3	TCGA-CV-A45Z:3:12198380:C	TIMP4	D98Y	D98
tcga_mc3	TCGA-52-7812:12:25398284:C	KRAS	G12A	G12
tcga_mc3	TCGA-BH-A1FE:17:7577541:T	TP53	N247I	N247
tcga_mc3	TCGA-FI-A2D0:4:122723938:G	EXOSC9	E91K	E91
tcga_mc3	TCGA-B0-5081:3:10191513:T	VHL	L169P	L169
tcga_mc3	TCGA-DS-A1OB:17:37868208:C	ERBB2	S310F	S310
tcga_mc3	TCGA-AA-3660:3:178936091:G	PIK3CA	E545K	E545
tcga_mc3	TCGA-EI-6917:22:51220632:C	RABL2B	A31T	A31
tcga_mc3	TCGA-EI-6509:4:39757335:G	UBE2K	C92Y	C92
tcga_mc3	TCGA-FP-A4BE:11:13380010:G	ARNTL	R84H	R84
tcga_mc3	TCGA-CD-A4MG:1:197032137:A	F13B	Y39H	Y39
tcga_mc3	TCGA-EY-A548:8:37791952:G	GOT1L1	N375K	N375
tcga_mc3	TCGA-EA-A3QE:4:153249385:G	FBXW7	R465C	R465
tcga_mc3	TCGA-B5-A0JY:20:4680478:G	PRNP	K204N	K204
tcga_mc3	TCGA-D5-6930:1:110171331:C	AMPD2	R546C	R546
tcga_mc3	TCGA-FW-A3R5:19:10368916:C	MRPL4	P155L	P155
tcga_mc3	TCGA-EY-A1GI:4:128732660:C	HSPA4L	R483C	R483
tcga_mc3	TCGA-VQ-A924:3:50231547:C	GNAT1	R201C	R201
tcga_mc3	TCGA-GU-AATQ:4:1803568:C	FGFR3	S249C	S249
tcga_mc3	TCGA-BK-A6W3:6:1961063:T	GMDS	K161N	K161
tcga_mc3	TCGA-VD-A8KE:9:80409488:T	GNAQ	Q209P	Q209
tcga_mc3	TCGA-DA-A95Z:18:61309074:C	SERPINB4	E91K	E91
tcga_mc3	TCGA-D3-A51G:20:48130862:A	PTGIS	V309D	V309
tcga_mc3	TCGA-77-7141:5:64079765:C	CWC27	R119G	R119
tcga_mc3	TCGA-A5-A0G1:3:133557026:C	RAB6B	G160D	G160
tcga_mc3	TCGA-CG-5733:9:70993145:A	PGM5	I98V	I98
tcga_mc3	TCGA-CV-6960:14:94845935:G	SERPINA1	H311N	H311
tcga_mc3	TCGA-IG-A4P3:11:118890872:C	TRAPPC4	I121M	I121
tcga_mc3	TCGA-3A-A9IZ:12:25398284:C	KRAS	G12D	G12
tcga_mc3	TCGA-YR-A95A:2:209113113:G	IDH1	R132C	R132
tcga_mc3	TCGA-22-1000:17:7578469:C	TP53	G154V	G154
tcga_mc3	TCGA-91-6835:7:55259515:T	EGFR	L858R	L858
tcga_mc3	TCGA-CK-6751:12:25398284:C	KRAS	G12D	G12
tcga_mc3	TCGA-CN-6992:11:36595801:G	RAG1	C316F	C316
tcga_mc3	TCGA-A5-A1OF:11:6458783:C	HPX	R197H	R197
tcga_mc3	TCGA-D1-A2G5:10:89692886:T	PTEN	C124S	C124
tcga_mc3	TCGA-AD-6895:21:42647328:C	BACE2	S445F	S445
tcga_mc3	TCGA-EE-A3AG:21:43852251:G	UBASH3A	G404R	G404
tcga_mc3	TCGA-16-0848:1:23848404:C	E2F2	R168H	R168
tcga_mc3	TCGA-CN-A63V:11:534289:C	HRAS	G12S	G12
tcga_mc3	TCGA-95-7043:12:18641550:A	PIK3C2G	D850V	D850
tcga_mc3	TCGA-AJ-A3NG:10:89692904:C	PTEN	R130G	R130
tcga_mc3	TCGA-BP-4982:1:110655193:T	UBL4B	C13S	C13
tcga_mc3	TCGA-55-7283:12:25398285:C	KRAS	G12S	G12
tcga_mc3	TCGA-CV-5436:17:7577141:C	TP53	G266E	G266
tcga_mc3	TCGA-VS-A958:1:87549944:C	HS2ST1	S144F	S144
tcga_mc3	TCGA-AN-A0XS:3:178936091:G	PIK3CA	E545K	E545
tcga_mc3	TCGA-VM-A8CH:2:209113113:G	IDH1	R132C	R132
tcga_mc3	TCGA-BR-4370:4:154625419:T	TLR2	C454R	C454
tcga_mc3	TCGA-PL-A8LZ:19:49131429:G	SPHK2	G256V	G256
tcga_mc3	TCGA-91-6831:17:7574026:C	TP53	G334V	G334
tcga_mc3	TCGA-BR-8484:17:7578406:C	TP53	R175H	R175
tcga_mc3	TCGA-D6-6823:17:7578520:A	TP53	L137Q	L137
tcga_mc3	TCGA-DD-AACI:14:67589018:A	GPHN	S525C	S525
tcga_mc3	TCGA-B5-A1MR:3:154855939:C	MME	R257C	R257
tcga_mc3	TCGA-06-0190:17:7577548:C	TP53	G245S	G245
tcga_mc3	TCGA-QM-A5NM:14:45590702:G	FKBP3	T147I	T147
tcga_mc3	TCGA-DF-A2KU:2:44549944:G	PREPL	P649H	P649
tcga_mc3	TCGA-EO-A22U:14:95557626:G	DICER1	S1814L	S1814
tcga_mc3	TCGA-E6-A1LX:3:37388731:G	GOLGA4	E2174K	E2174
tcga_mc3	TCGA-22-A5C4:1:198703517:T	PTPRC	V747G	V747
tcga_mc3	TCGA-A5-A0R8:10:89692794:A	PTEN	H93R	H93
tcga_mc3	TCGA-D5-6928:20:32883314:G	AHCY	R36W	R36
tcga_mc3	TCGA-B5-A1MX:17:53040182:C	COX11	R248I	R248
tcga_mc3	TCGA-AX-A2HC:3:132389877:G	UBA5	R188Q	R188
tcga_mc3	TCGA-F1-6177:19:6495747:C	TUBB4A	V255I	V255
tcga_mc3	TCGA-55-8508:12:25398285:C	KRAS	G12C	G12
tcga_mc3	TCGA-B5-A0JY:5:74655086:A	HMGCR	N750S	N750
tcga_mc3	TCGA-AX-A1C5:12:25398281:C	KRAS	G13D	G13
tcga_mc3	TCGA-EW-A1J5:3:178938934:G	PIK3CA	E726K	E726
tcga_mc3	TCGA-78-7220:17:7577551:C	TP53	G244C	G244
tcga_mc3	TCGA-AP-A0LL:14:105246551:C	AKT1	E17K	E17
tcga_mc3	TCGA-D8-A73U:3:178952085:A	PIK3CA	H1047R	H1047
