mut_type	ID	gene	mutation	mutation_res
dbsnp_benign	gnomad_12_8835642_G_C_11047499r1	A2ML1	G207R	G207
dbsnp_benign	gnomad_12_8838341_C_A_61921916r3	A2ML1	D287E	D287
dbsnp_benign	gnomad_12_8848823_T_C_150488553r5	A2ML1	I646T	I646
dbsnp_benign	gnomad_12_8850213_G_A_192221816r7	A2ML1	E725K	E725
dbsnp_benign	gnomad_12_8851798_A_C_200618482r9	A2ML1	E750A	E750
dbsnp_benign	gnomad_12_8852306_C_T_200763256r10	A2ML1	H854Y	H854
dbsnp_benign	gnomad_12_8857239_T_C_202179061r11	A2ML1	M975T	M975
dbsnp_benign	gnomad_12_8863860_C_T_73040625r12	A2ML1	A1190V	A1190
dbsnp_benign	gnomad_12_8868002_A_G_201478459r14	A2ML1	N1293S	N1293
dbsnp_benign	gnomad_12_8868027_G_C_77431272r16	A2ML1	E1301D	E1301
dbsnp_benign	gnomad_12_8868258_C_T_190379856r17	A2ML1	P1321L	P1321
dbsnp_benign	gnomad_12_8874436_C_T_371033800r18	A2ML1	N1411N	N1411
dbsnp_benign	gnomad_12_53309237_G_T_1546808r20	AAAS	F285L	F285
dbsnp_benign	gnomad_12_53307533_C_T_34451260r21	AAAS	G533R	G533
dbsnp_benign	gnomad_16_70255829_G_A_138081804r23	AARS1	R729W	R729
dbsnp_benign	gnomad_16_70261092_G_A_144323646r24	AARS1	I579I	I579
dbsnp_benign	gnomad_16_70264969_C_A_771059047r26	AARS1	S494I	S494
dbsnp_benign	gnomad_16_70265040_G_A_79785372r27	AARS1	I470I	I470
dbsnp_benign	gnomad_16_70265040_G_C_79785372r29	AARS1	I470M	I470
dbsnp_benign	gnomad_16_70265553_C_T_150442667r30	AARS1	E444E	E444
dbsnp_benign	gnomad_16_70270312_G_A_141840552r32	AARS1	P234S	P234
dbsnp_benign	gnomad_9_104809518_G_A_201879964r34	ABCA1	L1408F	L1408
dbsnp_benign	gnomad_9_104816339_G_A_76881554r35	ABCA1	S1181F	S1181
dbsnp_benign	gnomad_9_104818839_C_T_13306073r36	ABCA1	V1096I	V1096
dbsnp_benign	gnomad_9_104826974_C_T_2066718r37	ABCA1	V771M	V771
dbsnp_benign	gnomad_9_104828942_C_T_114620717r39	ABCA1	A697T	A697
dbsnp_benign	gnomad_9_104829118_C_T_374190304r40	ABCA1	R638Q	R638
dbsnp_benign	gnomad_9_104832745_G_C_148314522r41	ABCA1	D446E	D446
dbsnp_benign	gnomad_9_104840305_G_A_200030513r42	ABCA1	A343V	A343
dbsnp_benign	gnomad_9_104840305_G_C_200030513r43	ABCA1	A343G	A343
dbsnp_benign	gnomad_2_214983804_T_C_149610963r45	ABCA12	I1409V	I1409
dbsnp_benign	gnomad_2_215018025_G_T_148979792r47	ABCA12	P589T	P589
dbsnp_benign	gnomad_2_215019708_C_G_113112835r49	ABCA12	S459T	S459
dbsnp_benign	gnomad_2_215036964_G_A_138402017r50	ABCA12	S325F	S325
dbsnp_benign	gnomad_9_104784372_G_T_34879708r52	ABCA1	D2243E	D2243
dbsnp_benign	gnomad_9_104788041_G_A_200788099r54	ABCA1	A2028V	A2028
dbsnp_benign	gnomad_16_2295671_T_C_34912779r56	ABCA3	H778R	H778
dbsnp_benign	gnomad_1_94001891_G_A_1801359r57	ABCA4	I2083I	I2083
dbsnp_benign	gnomad_1_94001891_G_T_1801359r59	ABCA4	I2083I	I2083
dbsnp_benign	gnomad_1_94001992_C_G_41292677r60	ABCA4	V2050L	V2050
dbsnp_benign	gnomad_1_94008290_G_A_56142141r61	ABCA4	P1948L	P1948
dbsnp_benign	gnomad_1_94010911_T_A_1801466r63	ABCA4	N1868I	N1868
dbsnp_benign	gnomad_1_94030497_G_A_1800549r65	ABCA4	T1428M	T1428
dbsnp_benign	gnomad_1_94030524_A_G_142673376r67	ABCA4	M1419T	M1419
dbsnp_benign	gnomad_1_94032007_C_T_61750129r68	ABCA4	R1300Q	R1300
dbsnp_benign	gnomad_1_94037332_A_G_76258939r70	ABCA4	M1209T	M1209
dbsnp_benign	gnomad_1_94040048_A_C_61750126r72	ABCA4	L1201R	L1201
dbsnp_benign	gnomad_1_94040103_C_A_75267647r74	ABCA4	G1183C	G1183
dbsnp_benign	gnomad_1_94047009_C_T_1801581r76	ABCA4	R943Q	R943
dbsnp_benign	gnomad_1_94062587_C_T_61749417r78	ABCA4	V643M	V643
dbsnp_benign	gnomad_1_94098927_C_T_6657239r79	ABCA4	R212H	R212
dbsnp_benign	gnomad_1_94098944_G_A_61748536r81	ABCA4	S206S	S206
dbsnp_benign	gnomad_1_94078678_T_C_3112831r83	ABCA4	H423R	H423
dbsnp_benign	gnomad_2_168927250_T_G_200709879r85	ABCB11	K1175T	K1175
dbsnp_benign	gnomad_2_168964283_A_G_150572999r86	ABCB11	S701P	S701
dbsnp_benign	gnomad_2_168971849_G_T_111482608r87	ABCB11	Q546K	Q546
dbsnp_benign	gnomad_7_87409365_T_C_45574932r89	ABCB4	A984A	A984
dbsnp_benign	gnomad_7_87452957_T_C_58238559r91	ABCB4	T175A	T175
dbsnp_benign	gnomad_2_219213284_C_T_145526996r93	ABCB6	G588S	G588
dbsnp_benign	gnomad_2_219217782_C_T_150221689r95	ABCB6	R192Q	R192
dbsnp_benign	gnomad_2_219217783_G_A_149202834r97	ABCB6	R192W	R192
dbsnp_benign	gnomad_X_75073874_C_T_147584361r98	ABCB7	R313Q	R313
dbsnp_benign	gnomad_X_75114789_T_C_201842753r99	ABCB7	K71E	K71
dbsnp_benign	gnomad_10_99800412_G_A_7080681r101	ABCC2	R353H	R353
dbsnp_benign	gnomad_10_99831980_T_C_45441199r103	ABCC2	I1036T	I1036
dbsnp_benign	gnomad_10_99836218_G_T_8187692r105	ABCC2	R1181L	R1181
dbsnp_benign	gnomad_10_99836218_G_A_8187692r106	ABCC2	R1181Q	R1181
dbsnp_benign	gnomad_10_99843874_A_G_8187699r108	ABCC2	T1273A	T1273
dbsnp_benign	gnomad_16_16169805_G_T_61340537r110	ABCC6	L946I	L946
dbsnp_benign	gnomad_11_17393023_C_T_8192690r112	ABCC8	V1572I	V1572
dbsnp_benign	gnomad_11_17393034_C_T_374743072r114	ABCC8	R1568Q	R1568
dbsnp_benign	gnomad_11_17405500_G_A_776975807r115	ABCC8	I1131I	I1131
dbsnp_benign	gnomad_11_17405500_G_C_776975807r116	ABCC8	I1131M	I1131
dbsnp_benign	gnomad_11_17406748_G_A_139524121r117	ABCC8	T1068M	T1068
dbsnp_benign	gnomad_11_17412684_G_A_73423037r118	ABCC8	H846H	H846
dbsnp_benign	gnomad_11_17427095_C_T_138687850r120	ABCC8	A726T	A726
dbsnp_benign	gnomad_11_17427923_G_A_150316347r121	ABCC8	T687M	T687
dbsnp_benign	gnomad_11_17428371_C_T_146378237r122	ABCC8	R653Q	R653
dbsnp_benign	gnomad_11_17428630_G_A_58241708r123	ABCC8	R620C	R620
dbsnp_benign	gnomad_11_17430953_C_T_4148619r124	ABCC8	V560M	V560
dbsnp_benign	gnomad_11_17460675_C_T_185040406r125	ABCC8	R275Q	R275
dbsnp_benign	gnomad_11_17461682_G_A_147276708r126	ABCC8	H241H	H241
dbsnp_benign	gnomad_12_21848154_G_A_2291550r127	ABCC9	D954D	D954
dbsnp_benign	gnomad_12_21864476_C_T_61688134r129	ABCC9	V734I	V734
dbsnp_benign	gnomad_12_21875696_C_T_148174226r131	ABCC9	G684S	G684
dbsnp_benign	gnomad_X_153725304_A_C_183021839r132	ABCD1	N13T	N13
dbsnp_benign	gnomad_X_153725447_G_A_782134465r133	ABCD1	A61T	A61
dbsnp_benign	gnomad_X_153726023_C_G_150151955r134	ABCD1	L253V	L253
dbsnp_benign	gnomad_X_153736474_C_T_368061976r135	ABCD1	R452W	R452
dbsnp_benign	gnomad_X_153737218_A_C_150878397r136	ABCD1	S485S	S485
dbsnp_benign	gnomad_X_153740687_T_C_79383557r137	ABCD1	V583A	V583
dbsnp_benign	gnomad_X_153740687_T_A_79383557r138	ABCD1	V583E	V583
dbsnp_benign	gnomad_X_153743254_C_T_202125585r139	ABCD1	S633S	S633
dbsnp_benign	gnomad_X_153743540_C_T_782327280r141	ABCD1	F681F	F681
dbsnp_benign	gnomad_14_74286717_C_T_143288344r142	ABCD4	R579Q	R579
dbsnp_benign	gnomad_14_74292362_C_T_147100216r144	ABCD4	R348Q	R348
dbsnp_benign	gnomad_14_74293212_C_T_149632647r145	ABCD4	R252R	R252
dbsnp_benign	gnomad_2_43832056_G_C_145164937r146	ABCG5	A98G	A98
dbsnp_benign	gnomad_2_43838600_C_G_56204478r148	ABCG5	G27A	G27
dbsnp_benign	gnomad_2_43851752_G_A_74358901r150	ABCG8	R164Q	R164
dbsnp_benign	gnomad_2_43875302_G_A_140690030r151	ABCG8	A549T	A549
dbsnp_benign	gnomad_20_25302235_G_A_142709197r152	ABHD12	L381L	L381
dbsnp_benign	gnomad_3_43702296_T_C_2302349r153	ABHD5	I72T	I72
dbsnp_benign	gnomad_4_83470298_G_A_201470211r154	ABRAXAS1	N127N	N127
dbsnp_benign	gnomad_15_88838822_G_A_199701329r155	ACAN	R77H	R77
dbsnp_benign	gnomad_15_88847388_C_T_367724066r157	ACAN	D525D	D525
dbsnp_benign	gnomad_15_88856792_A_G_12899191r159	ACAN	T1403A	T1403
dbsnp_benign	gnomad_15_88856792_A_T_12899191r161	ACAN	T1403S	T1403
dbsnp_benign	gnomad_1_180274566_A_C_200187045r162	LHX4	H387P	H387
dbsnp_benign	gnomad_16_67657647_G_A_1050346r163	ACD	L446L	L446
dbsnp_benign	gnomad_17_63477271_G_A_147912715r164	ACE	Q59Q	Q59
dbsnp_benign	gnomad_17_63484395_A_G_12709426r166	ACE	D592G	D592
dbsnp_benign	gnomad_17_63491216_C_T_3730043r168	ACE	T916M	T916
dbsnp_benign	gnomad_17_63496854_C_T_12709442r169	ACE	T1187M	T1187
dbsnp_benign	gnomad_17_63497281_G_A_4980r171	ACE	R1279Q	R1279
dbsnp_benign	gnomad_22_41499809_C_T_138241206r173	ACO2	N40N	N40
dbsnp_benign	gnomad_22_41520251_A_G_372273291r174	ACO2	E371E	E371
dbsnp_benign	gnomad_17_75948415_G_A_35629489r175	ACOX1	R591C	R591
dbsnp_benign	gnomad_17_75973754_C_T_3744032r177	ACOX1	G101S	G101
dbsnp_benign	gnomad_19_11576377_G_A_568957938r179	ACP5	L201L	L201
dbsnp_benign	gnomad_16_89101281_C_G_147597284r180	ACSF3	I200M	I200
dbsnp_benign	gnomad_16_89112123_C_T_143793502r182	ACSF3	P285L	P285
dbsnp_benign	gnomad_16_89120805_C_T_138395741r184	ACSF3	S377S	S377
dbsnp_benign	gnomad_10_88948853_G_A_141538225r186	ACTA2	D26D	D26
dbsnp_benign	gnomad_10_88948853_G_T_141538225r187	ACTA2	D26E	D26
dbsnp_benign	gnomad_14_68874941_G_A_77499007r188	ACTN1	P866L	P866
dbsnp_benign	gnomad_1_236739343_C_T_148646265r190	ACTN2	N306N	N306
dbsnp_benign	gnomad_1_236744668_C_T_143749154r192	ACTN2	S433L	S433
dbsnp_benign	gnomad_1_236744702_C_G_373709019r194	ACTN2	H444Q	H444
dbsnp_benign	gnomad_1_236744702_C_T_373709019r195	ACTN2	H444H	H444
dbsnp_benign	gnomad_1_236744711_C_T_34785693r196	ACTN2	F447F	F447
dbsnp_benign	gnomad_1_236747686_G_A_142943120r197	ACTN2	A476T	A476
dbsnp_benign	gnomad_1_236747712_G_C_200529923r198	ACTN2	Q484H	Q484
dbsnp_benign	gnomad_1_236747712_G_A_200529923r199	ACTN2	Q484Q	Q484
dbsnp_benign	gnomad_1_236751506_C_T_546293678r200	ACTN2	L565L	L565
dbsnp_benign	gnomad_1_236751561_A_G_200631005r201	ACTN2	E583G	E583
dbsnp_benign	gnomad_1_236751623_A_G_35997569r202	ACTN2	M604V	M604
dbsnp_benign	gnomad_1_236753971_G_A_138452803r204	ACTN2	D622N	D622
dbsnp_benign	gnomad_1_236755191_C_G_193922635r205	ACTN2	T716R	T716
dbsnp_benign	gnomad_1_236755191_C_T_193922635r206	ACTN2	T716M	T716
dbsnp_benign	gnomad_1_236757492_C_A_149433837r207	ACTN2	R721S	R721
dbsnp_benign	gnomad_19_38717102_G_A_112545413r208	ACTN4	R310Q	R310
dbsnp_benign	gnomad_2_157780527_G_C_34056189r210	ACVR1	H47Q	H47
dbsnp_benign	gnomad_22_17188375_C_T_74317375r211	ADA2	V349I	V349
dbsnp_benign	gnomad_22_17189987_C_T_146597836r212	ADA2	M309I	M309
dbsnp_benign	gnomad_22_17207102_G_A_115986203r214	ADA2	R171W	R171
dbsnp_benign	gnomad_22_17209484_G_A_61747288r216	ADA2	T65M	T65
dbsnp_benign	gnomad_22_17209484_G_T_61747288r217	ADA2	T65K	T65
dbsnp_benign	gnomad_7_88125640_C_G_201142062r218	ADAM22	P220R	P220
dbsnp_benign	gnomad_8_39011688_G_A_61753672r220	ADAM9	E76K	E76
dbsnp_benign	gnomad_8_39023298_G_A_140082569r222	ADAM9	R296Q	R296
dbsnp_benign	gnomad_8_39054572_G_A_78001852r224	ADAM9	R465Q	R465
dbsnp_benign	gnomad_19_8586451_A_C_10420313r226	ADAMTS10	L808R	L808
dbsnp_benign	gnomad_19_8592114_G_A_112970413r228	ADAMTS10	P17S	P17
dbsnp_benign	gnomad_19_8605230_C_T_61750006r230	ADAMTS10	E73K	E73
dbsnp_benign	gnomad_9_133422462_C_T_34024143r231	ADAMTS13	R7W	R7
dbsnp_benign	gnomad_9_133430050_C_T_36219562r233	ADAMTS13	R312R	R312
dbsnp_benign	gnomad_9_133440354_C_T_36221216r235	ADAMTS13	I599I	I599
dbsnp_benign	gnomad_9_133440409_C_G_28647808r237	ADAMTS13	P618A	P618
dbsnp_benign	gnomad_9_133440431_G_A_36090624r239	ADAMTS13	R625H	R625
dbsnp_benign	gnomad_9_133440431_G_T_36090624r241	ADAMTS13	R625L	R625
dbsnp_benign	gnomad_9_133442704_C_T_41314453r242	ADAMTS13	A732V	A732
dbsnp_benign	gnomad_9_133442727_G_A_36221451r243	ADAMTS13	E740K	E740
dbsnp_benign	gnomad_9_133444936_G_A_34104386r245	ADAMTS13	V832M	V832
dbsnp_benign	gnomad_9_133444950_T_C_36221472r246	ADAMTS13	D836D	D836
dbsnp_benign	gnomad_9_133445787_C_T_685523r248	ADAMTS13	A900V	A900
dbsnp_benign	gnomad_9_133454467_G_A_28503257r250	ADAMTS13	A1033T	A1033
dbsnp_benign	gnomad_9_133455322_G_A_61751476r252	ADAMTS13	R1096H	R1096
dbsnp_benign	gnomad_15_100048949_C_T_117133620r254	ADAMTS17	K833K	K833
dbsnp_benign	gnomad_15_100116968_A_G_148939974r256	ADAMTS17	H589H	H589
dbsnp_benign	gnomad_16_77291428_G_T_35478105r257	ADAMTS18	S1080R	S1080
dbsnp_benign	gnomad_5_179122718_G_A_79330641r259	ADAMTS2	A1005V	A1005
dbsnp_benign	gnomad_5_179207615_G_A_144235544r261	ADAMTS2	D263D	D263
dbsnp_benign	gnomad_5_179273003_G_A_76704342r262	ADAMTS2	A199V	A199
dbsnp_benign	gnomad_4_72290961_T_C_143166648r263	ADAMTS3	N942S	N942
dbsnp_benign	gnomad_9_133554507_G_A_35767802r265	ADAMTSL2	V364I	V364
dbsnp_benign	gnomad_9_133554678_G_A_752071055r267	ADAMTSL2	G421S	G421
dbsnp_benign	gnomad_9_133555922_C_T_7868941r269	ADAMTSL2	H547H	H547
dbsnp_benign	gnomad_9_133555922_C_G_7868941r271	ADAMTSL2	H547Q	H547
dbsnp_benign	gnomad_1_150559106_G_A_376803411r272	ADAMTSL4	A902T	A902
dbsnp_benign	gnomad_1_150559786_C_T_139784416r274	ADAMTSL4	T990M	T990
dbsnp_benign	gnomad_1_150553998_G_A_142354320r276	ADAMTSL4	G336D	G336
dbsnp_benign	gnomad_1_150558055_C_T_56055939r278	ADAMTSL4	P763L	P763
dbsnp_benign	gnomad_1_150558055_C_G_56055939r279	ADAMTSL4	P763R	P763
dbsnp_benign	gnomad_1_154601639_T_A_34154757r281	ADAR	I335F	I335
dbsnp_benign	gnomad_1_154601870_C_T_201143561r282	ADAR	G258R	G258
dbsnp_benign	gnomad_4_22424214_C_T_61745011r283	ADGRA3	G528S	G528
dbsnp_benign	gnomad_16_57651309_C_T_140963173r285	ADGRG1	I58I	I58
dbsnp_benign	gnomad_16_57655473_C_G_1801257r287	ADGRG1	S281R	S281
dbsnp_benign	gnomad_16_57655473_C_T_1801257r288	ADGRG1	S281S	S281
dbsnp_benign	gnomad_16_57655474_G_C_146704802r289	ADGRG1	G282R	G282
dbsnp_benign	gnomad_16_57655474_G_T_146704802r291	ADGRG1	G282W	G282
dbsnp_benign	gnomad_5_90652411_C_G_147062294r292	ADGRV1	S1161C	S1161
dbsnp_benign	gnomad_5_90652488_A_G_16868935r294	ADGRV1	I1187V	I1187
dbsnp_benign	gnomad_5_90653315_G_A_371571867r296	ADGRV1	E1247E	E1247
dbsnp_benign	gnomad_5_90675436_G_A_41303346r297	ADGRV1	E1768E	E1768
dbsnp_benign	gnomad_5_90683874_A_G_41303352r299	ADGRV1	N1985D	N1985
dbsnp_benign	gnomad_5_90684016_C_T_142013761r301	ADGRV1	A2032V	A2032
dbsnp_benign	gnomad_5_90685888_G_A_149390094r303	ADGRV1	R2128Q	R2128
dbsnp_benign	gnomad_5_90685888_G_T_149390094r304	ADGRV1	R2128L	R2128
dbsnp_benign	gnomad_5_90689978_T_C_200055351r305	ADGRV1	V2203A	V2203
dbsnp_benign	gnomad_5_90692732_G_A_111033470r307	ADGRV1	R2360H	R2360
dbsnp_benign	gnomad_5_90694338_C_T_201733037r309	ADGRV1	P2528S	P2528
dbsnp_benign	gnomad_5_90705420_G_A_111033530r311	ADGRV1	A2803T	A2803
dbsnp_benign	gnomad_5_90745073_T_C_41311343r313	ADGRV1	M3526T	M3526
dbsnp_benign	gnomad_5_90750607_C_T_75480336r315	ADGRV1	N3677N	N3677
dbsnp_benign	gnomad_5_90776525_A_C_200805176r317	ADGRV1	H4159P	H4159
dbsnp_benign	gnomad_5_90791344_C_G_79464236r319	ADGRV1	Q4839E	Q4839
dbsnp_benign	gnomad_5_91150067_A_G_200111522r321	ADGRV1	N6157S	N6157
dbsnp_benign	gnomad_5_90720207_T_A_116480183r322	ADGRV1	S3203T	S3203
dbsnp_benign	gnomad_20_50891743_T_C_564373258r324	ADNP	M991V	M991
dbsnp_benign	gnomad_20_50891932_C_G_76458950r325	ADNP	D928H	D928
dbsnp_benign	gnomad_22_40359030_C_G_199761158r327	ADSL	H217D	H217
dbsnp_benign	gnomad_X_148662220_A_G_142559324r328	AFF2	N165D	N165
dbsnp_benign	gnomad_X_148955879_C_G_376847375r329	AFF2	H612D	H612
dbsnp_benign	gnomad_X_148958424_C_G_151043891r330	AFF2	P886A	P886
dbsnp_benign	gnomad_4_177438770_C_T_192195150r331	AGA	R161Q	R161
dbsnp_benign	gnomad_4_177442366_T_G_149092606r332	AGA	K4Q	K4
dbsnp_benign	gnomad_5_77035624_G_A_34203073r333	AGGF1	E133K	E133
dbsnp_benign	gnomad_7_141555483_A_G_148294392r335	AGK	K6R	K6
dbsnp_benign	gnomad_7_141651566_C_T_142069429r336	AGK	T363M	T363
dbsnp_benign	gnomad_1_99875226_G_T_28730701r337	AGL	K385N	K385
dbsnp_benign	gnomad_1_99876493_C_T_149771710r339	AGL	S440F	S440
dbsnp_benign	gnomad_1_99877819_C_T_563472929r341	AGL	H534H	H534
dbsnp_benign	gnomad_1_99892551_A_G_147165298r342	AGL	Y1068C	Y1068
dbsnp_benign	gnomad_9_136673873_G_A_145975461r343	AGPAT2	A239V	A239
dbsnp_benign	gnomad_9_136677108_G_A_73668354r344	AGPAT2	C115C	C115
dbsnp_benign	gnomad_9_136677113_G_A_142145391r346	AGPAT2	R114C	R114
dbsnp_benign	gnomad_9_136677550_G_A_150180733r348	AGPAT2	I63I	I63
dbsnp_benign	gnomad_2_177392824_G_A_557931141r350	AGPS	G12D	G12
dbsnp_benign	gnomad_2_177392937_C_T_778087162r351	AGPS	R50W	R50
dbsnp_benign	gnomad_1_1020239_G_C_201073369r352	AGRN	V23L	V23
dbsnp_benign	gnomad_1_1041218_C_T_200607541r354	AGRN	T153I	T153
dbsnp_benign	gnomad_1_1041648_G_T_138031468r356	AGRN	A270S	A270
dbsnp_benign	gnomad_1_1043594_G_A_79016973r358	AGRN	V449M	V449
dbsnp_benign	gnomad_1_1045965_C_T_118105080r360	AGRN	D789D	D789
dbsnp_benign	gnomad_1_1045973_C_T_116836855r362	AGRN	A792V	A792
dbsnp_benign	gnomad_1_1046478_C_T_200807722r363	AGRN	P893L	P893
dbsnp_benign	gnomad_1_1046562_C_A_3813188r364	AGRN	T921N	T921
dbsnp_benign	gnomad_1_1046562_C_T_3813188r366	AGRN	T921I	T921
dbsnp_benign	gnomad_1_1046833_G_C_150132566r367	AGRN	L983F	L983
dbsnp_benign	gnomad_1_1048224_C_T_184970403r369	AGRN	R1217W	R1217
dbsnp_benign	gnomad_1_1049046_C_T_201346452r371	AGRN	R1324C	R1324
dbsnp_benign	gnomad_1_1049591_G_A_111818381r373	AGRN	A1409T	A1409
dbsnp_benign	gnomad_1_1049746_G_C_199876002r375	AGRN	Q1460H	Q1460
dbsnp_benign	gnomad_1_1051811_G_A_139415524r376	AGRN	E1782K	E1782
dbsnp_benign	gnomad_1_1053827_G_C_74685771r378	AGRN	S1827T	S1827
dbsnp_benign	gnomad_1_1054917_A_G_377296839r380	AGRN	H1943R	H1943
dbsnp_benign	gnomad_1_230706145_G_A_61757178r382	AGT	N295N	N295
dbsnp_benign	gnomad_1_230710441_G_A_34829218r384	AGT	T128M	T128
dbsnp_benign	gnomad_1_230710700_A_G_61731497r386	AGT	C42R	C42
dbsnp_benign	gnomad_X_116172342_G_T_121917810r387	AGTR2	G21V	G21
dbsnp_benign	gnomad_2_240868891_C_A_115014558r389	AGXT	T9N	T9
dbsnp_benign	gnomad_2_240868897_C_A_34116584r391	AGXT	P11H	P11
dbsnp_benign	gnomad_2_240868897_C_T_34116584r392	AGXT	P11L	P11
dbsnp_benign	gnomad_2_240869010_A_C_74205173r394	AGXT	M49L	M49
dbsnp_benign	gnomad_2_240873011_C_T_117195882r396	AGXT	A186V	A186
dbsnp_benign	gnomad_2_240873044_G_A_34664134r398	AGXT	R197Q	R197
dbsnp_benign	gnomad_2_240875160_C_A_147106773r400	AGXT	I244I	I244
dbsnp_benign	gnomad_2_240877573_G_A_13408961r402	AGXT	A295T	A295
dbsnp_benign	gnomad_1_27548486_C_A_371337420r404	N/A	NAN/ANA	NAN/A
dbsnp_benign	gnomad_1_27549173_G_A_555542437r405	N/A	NAN/ANA	NAN/A
dbsnp_benign	gnomad_6_135318577_G_A_117447608r406	AHI1	S1123F	S1123
dbsnp_benign	gnomad_6_135394832_T_G_6940875r407	AHI1	Q1018P	Q1018
dbsnp_benign	gnomad_6_135394846_C_T_142381345r409	AHI1	Q1013Q	Q1013
dbsnp_benign	gnomad_6_135404967_C_T_35851478r410	AHI1	R991H	R991
dbsnp_benign	gnomad_6_135411511_T_C_41288013r411	AHI1	Y933C	Y933
dbsnp_benign	gnomad_6_135455774_C_T_545841352r412	AHI1	R435Q	R435
dbsnp_benign	gnomad_6_135457656_T_C_200201741r413	AHI1	D330G	D330
dbsnp_benign	gnomad_6_135465839_G_A_143522987r414	AHI1	P242S	P242
dbsnp_benign	gnomad_6_135490676_G_A_199612496r416	AHI1	R28C	R28
dbsnp_benign	gnomad_14_104949596_G_A_79599750r417	AHNAK2	P1952L	P1952
dbsnp_benign	gnomad_X_130165554_G_A_61730896r419	AIFM1	P35S	P35
dbsnp_benign	gnomad_11_67483226_G_A_116940576r421	AIP	G23E	G23
dbsnp_benign	gnomad_11_67489288_G_A_147931650r422	AIP	V101M	V101
dbsnp_benign	gnomad_17_6425678_C_A_115681466r423	AIPL1	A313S	A313
dbsnp_benign	gnomad_17_6425710_C_A_62637015r425	AIPL1	R302L	R302
dbsnp_benign	gnomad_17_6428442_G_A_8069375r426	AIPL1	T114I	T114
dbsnp_benign	gnomad_17_6433927_C_G_12449580r428	AIPL1	D90H	D90
dbsnp_benign	gnomad_17_6434055_G_C_150656720r430	AIPL1	T47R	T47
dbsnp_benign	gnomad_21_44287550_C_T_11910214r432	AIRE	P166L	P166
dbsnp_benign	gnomad_21_44288354_C_A_34219046r434	AIRE	T183N	T183
dbsnp_benign	gnomad_21_44290023_C_G_1800520r436	AIRE	S278R	S278
dbsnp_benign	gnomad_1_33013276_C_T_12116440r438	AK2	A209T	A209
dbsnp_benign	gnomad_1_33013276_C_A_12116440r439	AK2	A209S	A209
dbsnp_benign	gnomad_7_91973742_C_T_142401936r440	AKAP9	S27L	S27
dbsnp_benign	gnomad_7_91973801_C_T_35669569r442	AKAP9	H47Y	H47
dbsnp_benign	gnomad_7_91992989_G_C_144888041r444	AKAP9	E170D	E170
dbsnp_benign	gnomad_7_92001218_G_A_60031334r445	AKAP9	R434Q	R434
dbsnp_benign	gnomad_7_92001289_G_C_143894795r446	AKAP9	A458P	A458
dbsnp_benign	gnomad_7_92002342_A_G_144615758r447	AKAP9	I809V	I809
dbsnp_benign	gnomad_7_92002394_T_C_534185372r449	AKAP9	I826T	I826
dbsnp_benign	gnomad_7_92012614_A_G_13245393r450	AKAP9	E1168E	E1168
dbsnp_benign	gnomad_7_92014296_G_A_139965373r452	AKAP9	A1194T	A1194
dbsnp_benign	gnomad_7_92017092_G_A_146797353r453	AKAP9	R1276Q	R1276
dbsnp_benign	gnomad_7_92029945_T_C_73407505r455	AKAP9	M1400T	M1400
dbsnp_benign	gnomad_7_92038599_G_C_34086871r457	AKAP9	D1507H	D1507
dbsnp_benign	gnomad_7_92040822_G_A_2230768r459	AKAP9	R1614Q	R1614
dbsnp_benign	gnomad_7_92040853_A_G_570384292r461	AKAP9	E1624E	E1624
dbsnp_benign	gnomad_7_92045091_T_C_150016098r462	AKAP9	I1749T	I1749
dbsnp_benign	gnomad_7_92052726_T_G_151021935r463	AKAP9	V1790G	V1790
dbsnp_benign	gnomad_7_92052785_A_G_115624293r465	AKAP9	M1810V	M1810
dbsnp_benign	gnomad_7_92065387_A_G_139963188r466	AKAP9	N2045S	N2045
dbsnp_benign	gnomad_7_92070953_T_C_76177450r468	AKAP9	S2186P	S2186
dbsnp_benign	gnomad_7_92076938_A_G_147194783r470	AKAP9	Q2232Q	Q2232
dbsnp_benign	gnomad_7_92079354_A_G_779280501r471	AKAP9	E2407E	E2407
dbsnp_benign	gnomad_7_92079584_A_G_35759833r472	AKAP9	K2484R	K2484
dbsnp_benign	gnomad_7_92079771_A_G_144662445r474	AKAP9	I2546M	I2546
dbsnp_benign	gnomad_7_92079921_G_A_777561134r476	AKAP9	E2596E	E2596
dbsnp_benign	gnomad_7_92083295_A_C_144875383r477	AKAP9	K2762N	K2762
dbsnp_benign	gnomad_7_92083384_A_G_6960867r479	AKAP9	N2792S	N2792
dbsnp_benign	gnomad_7_92083494_G_A_149946443r481	AKAP9	E2829K	E2829
dbsnp_benign	gnomad_7_92085597_C_A_1063242r483	AKAP9	P2979T	P2979
dbsnp_benign	gnomad_7_92086348_C_T_28927678r484	AKAP9	L3049L	L3049
dbsnp_benign	gnomad_7_92096722_A_G_201048693r486	AKAP9	R3255G	R3255
dbsnp_benign	gnomad_7_92096888_G_A_78351282r487	AKAP9	R3310Q	R3310
dbsnp_benign	gnomad_7_92097077_C_A_140470576r489	AKAP9	S3373Y	S3373
dbsnp_benign	gnomad_7_92097290_A_G_34956633r490	AKAP9	Q3444R	Q3444
dbsnp_benign	gnomad_7_92099813_A_G_34327395r492	AKAP9	M3614V	M3614
dbsnp_benign	gnomad_7_92099831_A_G_142729919r494	AKAP9	I3620V	I3620
dbsnp_benign	gnomad_7_92102631_G_A_186148498r496	AKAP9	R3712Q	R3712
dbsnp_benign	gnomad_7_92102721_G_C_34101758r497	AKAP9	R3742P	R3742
dbsnp_benign	gnomad_7_92102769_G_A_141856443r499	AKAP9	R3758H	R3758
dbsnp_benign	gnomad_7_92102796_C_T_149979685r501	AKAP9	S3767L	S3767
dbsnp_benign	gnomad_7_92110149_T_C_77447750r503	AKAP9	M3905T	M3905
dbsnp_benign	gnomad_14_104773018_G_A_56289559r505	AKT1	C344C	C344
dbsnp_benign	gnomad_X_55014748_C_T_141305388r507	ALAS2	R479Q	R479
dbsnp_benign	gnomad_X_55014863_C_T_760790600r508	ALAS2	E441K	E441
dbsnp_benign	gnomad_X_55027805_C_T_189947718r509	ALAS2	M1I	M1
dbsnp_benign	gnomad_5_126545018_T_C_61757684r510	ALDH7A1	T523A	T523
dbsnp_benign	gnomad_16_30069841_C_T_111252736r511	ALDOA	L271L	L271
dbsnp_benign	gnomad_16_5077459_T_G_112668461r513	ALG1	F185C	F185
dbsnp_benign	gnomad_16_5078837_G_A_529013891r515	ALG1	R274H	R274
dbsnp_benign	gnomad_16_5083716_C_T_149319732r517	ALG1	L408L	L408
dbsnp_benign	gnomad_16_5083716_C_G_149319732r519	ALG1	L408V	L408
dbsnp_benign	gnomad_13_52019041_A_T_150818619r520	ALG11	N58I	N58
dbsnp_benign	gnomad_22_49904452_G_C_182006999r521	ALG12	I349M	I349
dbsnp_benign	gnomad_22_49904452_G_A_182006999r522	ALG12	I349I	I349
dbsnp_benign	gnomad_X_111681260_C_A_200293248r523	ALG13	D14E	D14
dbsnp_benign	gnomad_X_111682154_A_G_149808406r524	ALG13	N35S	N35
dbsnp_benign	gnomad_X_111685008_C_T_369867857r526	ALG13	L96L	L96
dbsnp_benign	gnomad_X_111685080_T_C_747837898r527	ALG13	G120G	G120
dbsnp_benign	gnomad_X_111711720_C_T_753556936r528	ALG13	P294S	P294
dbsnp_benign	gnomad_X_111726922_C_T_374231091r529	ALG13	L615L	L615
dbsnp_benign	gnomad_X_111728203_A_G_748648454r530	ALG13	T756A	T756
dbsnp_benign	gnomad_X_111728215_G_T_773286994r532	ALG13	A760S	A760
dbsnp_benign	gnomad_X_111730395_G_A_745411126r533	ALG13	G790E	G790
dbsnp_benign	gnomad_X_111736801_G_C_142841538r534	ALG13	A873P	A873
dbsnp_benign	gnomad_X_111736838_T_C_781459134r536	ALG13	I885T	I885
dbsnp_benign	gnomad_X_111736856_C_T_200066623r537	ALG13	S891F	S891
dbsnp_benign	gnomad_X_111757622_A_G_201055779r538	ALG13	Y1003C	Y1003
dbsnp_benign	gnomad_X_111759806_A_G_372990620r540	ALG13	Y1074C	Y1074
dbsnp_benign	gnomad_X_111759806_A_T_372990620r541	ALG13	Y1074F	Y1074
dbsnp_benign	gnomad_X_111759806_A_C_372990620r542	ALG13	Y1074S	Y1074
dbsnp_benign	gnomad_X_111759943_A_G_369167525r543	ALG13	I1120V	I1120
dbsnp_benign	gnomad_1_95072868_C_T_34364382r544	ALG14	A11T	A11
dbsnp_benign	gnomad_9_99218425_A_G_62562374r546	ALG2	L254L	L254
dbsnp_benign	gnomad_9_99218425_A_C_62562374r547	ALG2	L254V	L254
dbsnp_benign	gnomad_1_63411996_A_G_61755863r548	ALG6	T251A	T251
dbsnp_benign	gnomad_11_111809772_A_C_12575909r550	ALG9	I528S	I528
dbsnp_benign	gnomad_11_111836229_G_A_185149177r552	ALG9	P506L	P506
dbsnp_benign	gnomad_11_111837608_G_A_139516254r554	ALG9	H437H	H437
dbsnp_benign	gnomad_11_111857609_C_G_36111204r556	ALG9	A232P	A232
dbsnp_benign	gnomad_11_111857609_C_T_36111204r557	ALG9	A232T	A232
dbsnp_benign	gnomad_2_29193251_C_T_78174819r558	ALK	K1612K	K1612
dbsnp_benign	gnomad_2_29193251_C_G_78174819r559	ALK	K1612N	K1612
dbsnp_benign	gnomad_2_29193607_C_T_199940609r560	ALK	G1494R	G1494
dbsnp_benign	gnomad_2_29193654_A_G_141010693r561	ALK	M1478T	M1478
dbsnp_benign	gnomad_2_29225494_C_T_370049091r562	ALK	A1047T	A1047
dbsnp_benign	gnomad_2_29226954_G_A_35073634r563	ALK	T1012M	T1012
dbsnp_benign	gnomad_2_29226959_G_A_367642503r565	ALK	H1010H	H1010
dbsnp_benign	gnomad_2_29228936_G_A_201042802r567	ALK	F921F	F921
dbsnp_benign	gnomad_2_29228936_G_C_201042802r568	ALK	F921L	F921
dbsnp_benign	gnomad_2_29232359_C_G_61754865r569	ALK	E859D	E859
dbsnp_benign	gnomad_2_29233622_G_A_150292405r571	ALK	S810S	S810
dbsnp_benign	gnomad_2_29239770_G_A_770603023r573	ALK	H755H	H755
dbsnp_benign	gnomad_2_29239770_G_T_770603023r574	ALK	H755Q	H755
dbsnp_benign	gnomad_2_29251161_G_A_55733526r575	ALK	S716S	S716
dbsnp_benign	gnomad_2_29251182_G_T_376175333r577	ALK	N709K	N709
dbsnp_benign	gnomad_2_29275101_G_A_35228363r578	ALK	T680I	T680
dbsnp_benign	gnomad_2_29383737_C_G_111796753r580	ALK	S426T	S426
dbsnp_benign	gnomad_2_29383780_G_A_147102592r581	ALK	R412C	R412
dbsnp_benign	gnomad_2_29694916_C_G_56077855r582	ALK	E296Q	E296
dbsnp_benign	gnomad_2_29694916_C_T_56077855r583	ALK	E296K	E296
dbsnp_benign	gnomad_2_29694956_G_A_56116528r584	ALK	D282D	D282
dbsnp_benign	gnomad_2_29717589_C_T_138686378r586	ALK	R259H	R259
dbsnp_benign	gnomad_2_29717589_C_G_138686378r587	ALK	R259P	R259
dbsnp_benign	gnomad_2_29920173_C_A_55697431r588	ALK	V163L	V163
dbsnp_benign	gnomad_2_73426482_G_A_45630557r591	ALMS1	V423I	V423
dbsnp_benign	gnomad_2_73448881_A_G_17848880r593	ALMS1	E785G	E785
dbsnp_benign	gnomad_2_73449062_C_T_77517267r595	ALMS1	D845D	D845
dbsnp_benign	gnomad_2_73449793_C_G_556855697r597	ALMS1	T1089R	T1089
dbsnp_benign	gnomad_2_73449793_C_A_556855697r598	ALMS1	T1089K	T1089
dbsnp_benign	gnomad_2_73449838_G_A_201074268r599	ALMS1	G1104D	G1104
dbsnp_benign	gnomad_2_73451412_C_T_201874722r601	ALMS1	R1629W	R1629
dbsnp_benign	gnomad_2_73451515_C_T_188807564r602	ALMS1	T1663I	T1663
dbsnp_benign	gnomad_2_73451716_A_G_201390755r603	ALMS1	E1730G	E1730
dbsnp_benign	gnomad_2_73451886_A_G_45608038r605	ALMS1	N1787D	N1787
dbsnp_benign	gnomad_2_73451960_G_C_78039319r607	ALMS1	K1811N	K1811
dbsnp_benign	gnomad_2_73452534_A_G_7587103r608	ALMS1	I2003V	I2003
dbsnp_benign	gnomad_2_73452609_T_C_149096794r609	ALMS1	S2028P	S2028
dbsnp_benign	gnomad_2_73452829_C_T_28730854r611	ALMS1	S2101L	S2101
dbsnp_benign	gnomad_2_73452829_C_G_28730854r613	ALMS1	S2101W	S2101
dbsnp_benign	gnomad_2_73453080_C_T_77555300r614	ALMS1	P2185S	P2185
dbsnp_benign	gnomad_2_73520002_C_G_200922218r615	ALMS1	S3256C	S3256
dbsnp_benign	gnomad_2_73573358_C_G_549156484r617	ALMS1	S3827R	S3827
dbsnp_benign	gnomad_2_73599454_C_T_80009262r618	ALMS1	F3867F	F3867
dbsnp_benign	gnomad_17_8075684_G_A_150371678r619	ALOX12B	P522L	P522
dbsnp_benign	gnomad_17_8081161_G_A_72842957r621	ALOX12B	P127S	P127
dbsnp_benign	gnomad_17_8112168_A_T_121434235r623	ALOXE3	L237M	L237
dbsnp_benign	gnomad_17_8112168_A_G_121434235r624	ALOXE3	L237L	L237
dbsnp_benign	gnomad_15_84839076_G_A_34407151r626	N/A	NAN/ANA	NAN/A
dbsnp_benign	gnomad_15_84840219_G_A_115287026r627	N/A	NAN/ANA	NAN/A
dbsnp_benign	gnomad_15_84840615_C_A_199986476r629	N/A	NAN/ANA	NAN/A
dbsnp_benign	gnomad_15_84858139_C_T_139666355r630	N/A	NAN/ANA	NAN/A
dbsnp_benign	gnomad_1_21554125_C_G_150849772r632	ALPL	T15S	T15
dbsnp_benign	gnomad_1_21570330_C_T_148405563r634	ALPL	T273M	T273
dbsnp_benign	gnomad_1_21577454_G_A_34810399r635	ALPL	V461I	V461
dbsnp_benign	gnomad_2_201710994_T_C_61757691r637	ALS2	I1373M	I1373
dbsnp_benign	gnomad_2_201723437_C_T_41309046r639	ALS2	E1173K	E1173
dbsnp_benign	gnomad_2_201724345_C_T_556027390r641	ALS2	Q1154Q	Q1154
dbsnp_benign	gnomad_2_201724345_C_G_556027390r642	ALS2	Q1154H	Q1154
dbsnp_benign	gnomad_2_201733377_T_A_202219507r643	ALS2	T827S	T827
dbsnp_benign	gnomad_1_110061017_G_C_145995775r644	ALX3	P250A	P250
dbsnp_benign	gnomad_11_44264984_C_T_750221052r645	ALX4	G369E	G369
dbsnp_benign	gnomad_4_70606268_C_A_113506649r646	AMBN	H294Q	H294
dbsnp_benign	gnomad_X_64191491_T_C_144896730r648	AMER1	Y599C	Y599
dbsnp_benign	gnomad_X_64192886_T_G_146489129r649	AMER1	H134P	H134
dbsnp_benign	gnomad_14_102923937_G_A_61731158r650	AMN	M55I	M55
dbsnp_benign	gnomad_14_102929723_A_G_146499374r651	AMN	T277A	T277
dbsnp_benign	gnomad_1_114686792_C_T_61741025r653	AMPD1	V112M	V112
dbsnp_benign	gnomad_1_109621257_G_A_28362581r655	AMPD2	A28T	A28
dbsnp_benign	gnomad_11_10482189_C_T_11042836r657	AMPD3	R185W	R185
dbsnp_benign	gnomad_11_10484899_C_T_34319136r659	AMPD3	H223H	H223
dbsnp_benign	gnomad_11_10487356_G_T_117706710r661	AMPD3	V311L	V311
dbsnp_benign	gnomad_11_10493490_G_A_75286033r662	AMPD3	G361S	G361
dbsnp_benign	gnomad_11_10493540_C_T_76407515r664	AMPD3	H377H	H377
dbsnp_benign	gnomad_11_72106204_G_A_181092713r666	TOMT	V85I	V85
dbsnp_benign	gnomad_11_72107961_G_C_76657474r668	TOMT	A100P	A100
dbsnp_benign	gnomad_8_41672476_G_A_149859024r669	ANK1	D1658D	D1658
dbsnp_benign	gnomad_8_41686157_G_A_34664882r671	ANK1	A1462V	A1462
dbsnp_benign	gnomad_8_41690309_G_A_145562489r673	ANK1	S1341L	S1341
dbsnp_benign	gnomad_8_41708920_C_T_2304877r674	ANK1	R619H	R619
dbsnp_benign	gnomad_8_41724513_G_T_61735313r676	ANK1	N218K	N218
dbsnp_benign	gnomad_4_113242131_T_C_774848857r678	ANK2	H271H	H271
dbsnp_benign	gnomad_4_113249834_G_A_150226540r679	ANK2	R321Q	R321
dbsnp_benign	gnomad_4_113255879_C_T_143043717r680	ANK2	R379C	R379
dbsnp_benign	gnomad_4_113255879_C_G_143043717r681	ANK2	R379G	R379
dbsnp_benign	gnomad_4_113288458_A_G_371787039r682	ANK2	Q750R	Q750
dbsnp_benign	gnomad_4_113318539_C_G_537484483r684	ANK2	A940G	A940
dbsnp_benign	gnomad_4_113343131_C_T_878854259r685	ANK2	L1413L	L1413
dbsnp_benign	gnomad_4_113353362_C_T_35249198r686	ANK2	R1582W	R1582
dbsnp_benign	gnomad_4_113353931_G_A_140992864r688	ANK2	K1771K	K1771
dbsnp_benign	gnomad_4_113354794_C_T_200765866r689	ANK2	T2059M	T2059
dbsnp_benign	gnomad_4_113355724_T_C_28377576r690	ANK2	V2369A	V2369
dbsnp_benign	gnomad_4_113355735_A_G_184514058r692	ANK2	T2373A	T2373
dbsnp_benign	gnomad_4_113355749_C_T_553324580r694	ANK2	D2377D	D2377
dbsnp_benign	gnomad_4_113355750_G_A_141191319r695	ANK2	E2378K	E2378
dbsnp_benign	gnomad_4_113355885_G_A_3733616r696	ANK2	A2423T	A2423
dbsnp_benign	gnomad_4_113356561_G_A_563254150r698	ANK2	G2648D	G2648
dbsnp_benign	gnomad_4_113356589_C_G_146085234r700	ANK2	S2657R	S2657
dbsnp_benign	gnomad_4_113356589_C_T_146085234r701	ANK2	S2657S	S2657
dbsnp_benign	gnomad_4_113356858_G_A_142137451r702	ANK2	R2747H	R2747
dbsnp_benign	gnomad_4_113356972_C_T_145895389r703	ANK2	S2785L	S2785
dbsnp_benign	gnomad_4_113357904_A_G_144158934r705	ANK2	S3096G	S3096
dbsnp_benign	gnomad_4_113363442_C_G_45570339r706	ANK2	L3621V	L3621
dbsnp_benign	gnomad_4_113365051_T_A_66785829r707	ANK2	V3634D	V3634
dbsnp_benign	gnomad_4_113365126_G_T_556640912r709	ANK2	R3659L	R3659
dbsnp_benign	gnomad_4_113365133_T_C_544195596r710	ANK2	S3661S	S3661
dbsnp_benign	gnomad_4_113367652_G_A_199549660r711	ANK2	D3707N	D3707
dbsnp_benign	gnomad_4_113369660_G_C_79577190r712	ANK2	G3822A	G3822
dbsnp_benign	gnomad_4_113373306_C_T_121912706r713	ANK2	R3906W	R3906
dbsnp_benign	gnomad_4_113373381_G_A_45454496r714	ANK2	E3931K	E3931
dbsnp_benign	gnomad_4_113381459_C_T_755240882r716	ANK2	D3954D	D3954
dbsnp_benign	gnomad_4_113381461_A_G_201555985r717	ANK2	N3955S	N3955
dbsnp_benign	gnomad_10_60042719_C_T_141939315r718	ANK3	R4369Q	R4369
dbsnp_benign	gnomad_10_60055954_T_C_12261793r719	ANK3	I4257V	I4257
dbsnp_benign	gnomad_10_60071513_T_C_10821668r721	ANK3	K3123R	K3123
dbsnp_benign	gnomad_10_60071532_T_C_28932171r723	ANK3	I3117V	I3117
dbsnp_benign	gnomad_10_60071744_G_C_74153183r725	ANK3	T3046S	T3046
dbsnp_benign	gnomad_10_60072226_G_T_11599164r727	ANK3	H2885Q	H2885
dbsnp_benign	gnomad_10_60073166_A_G_61732398r729	ANK3	I2572T	I2572
dbsnp_benign	gnomad_10_60073656_A_G_148904927r731	ANK3	S2409P	S2409
dbsnp_benign	gnomad_10_60166831_A_G_60764245r733	ANK3	D848D	D848
dbsnp_benign	gnomad_5_14712935_G_A_761698657r735	ANKH	A435V	A435
dbsnp_benign	gnomad_5_14713572_C_T_112513380r736	ANKH	A413T	A413
dbsnp_benign	gnomad_5_14716732_C_T_544848340r737	ANKH	R372Q	R372
dbsnp_benign	gnomad_10_90915565_G_A_35550482r738	ANKRD1	A276V	A276
dbsnp_benign	gnomad_10_90916262_G_A_397517251r739	ANKRD1	S187F	S187
dbsnp_benign	gnomad_10_90919157_C_A_114435632r740	ANKRD1	V107L	V107
dbsnp_benign	gnomad_10_90920179_C_T_150797476r742	ANKRD1	R66Q	R66
dbsnp_benign	gnomad_10_90920180_G_C_397517249r743	ANKRD1	R66G	R66
dbsnp_benign	gnomad_10_90920228_C_G_28730751r745	ANKRD1	A50P	A50
dbsnp_benign	gnomad_16_89279716_G_A_201957371r746	ANKRD11	P2276S	P2276
dbsnp_benign	gnomad_16_89279755_G_A_76793093r748	ANKRD11	P2263S	P2263
dbsnp_benign	gnomad_16_89279796_C_T_201043388r750	ANKRD11	R2249H	R2249
dbsnp_benign	gnomad_16_89279817_G_A_372632879r752	ANKRD11	A2242V	A2242
dbsnp_benign	gnomad_16_89279844_C_T_570265865r754	ANKRD11	G2233E	G2233
dbsnp_benign	gnomad_16_89280045_A_C_74033733r756	ANKRD11	M2166R	M2166
dbsnp_benign	gnomad_16_89280219_C_T_201509886r758	ANKRD11	G2108D	G2108
dbsnp_benign	gnomad_16_89280477_G_A_373218212r759	ANKRD11	P2022L	P2022
dbsnp_benign	gnomad_16_89280522_G_A_200531141r760	ANKRD11	P2007L	P2007
dbsnp_benign	gnomad_16_89280544_G_A_777086823r761	ANKRD11	L2000F	L2000
dbsnp_benign	gnomad_16_89280910_A_G_143743958r762	ANKRD11	S1878P	S1878
dbsnp_benign	gnomad_16_89280964_G_A_144516367r763	ANKRD11	P1860S	P1860
dbsnp_benign	gnomad_16_89281305_G_A_561668093r765	ANKRD11	T1746M	T1746
dbsnp_benign	gnomad_16_89281305_G_C_561668093r766	ANKRD11	T1746R	T1746
dbsnp_benign	gnomad_16_89281305_G_T_561668093r767	ANKRD11	T1746K	T1746
dbsnp_benign	gnomad_16_89282225_C_T_61743619r768	ANKRD11	K1439K	K1439
dbsnp_benign	gnomad_16_89282569_A_G_138543822r769	ANKRD11	F1325L	F1325
dbsnp_benign	gnomad_16_89282569_A_T_138543822r770	ANKRD11	F1325I	F1325
dbsnp_benign	gnomad_16_89282716_C_T_139239852r771	ANKRD11	A1276T	A1276
dbsnp_benign	gnomad_16_89283653_G_A_139955323r772	ANKRD11	D963D	D963
dbsnp_benign	gnomad_16_89284690_C_T_140370885r773	ANKRD11	A618T	A618
dbsnp_benign	gnomad_16_89284698_G_C_115797011r774	ANKRD11	A615G	A615
dbsnp_benign	gnomad_16_89284698_G_A_115797011r775	ANKRD11	A615V	A615
dbsnp_benign	gnomad_16_89285284_C_T_147180412r777	ANKRD11	V420M	V420
dbsnp_benign	gnomad_16_89285515_C_T_147744268r778	ANKRD11	V343I	V343
dbsnp_benign	gnomad_10_27017518_A_T_149647444r779	ANKRD26	V1497D	V1497
dbsnp_benign	gnomad_10_27033377_C_T_146819984r780	ANKRD26	V1219I	V1219
dbsnp_benign	gnomad_10_27037299_G_C_74128547r782	ANKRD26	Q862E	Q862
dbsnp_benign	gnomad_10_27040008_C_G_139949439r784	ANKRD26	E778Q	E778
dbsnp_benign	gnomad_10_27040108_A_T_368921201r786	ANKRD26	N744K	N744
dbsnp_benign	gnomad_10_27040170_T_G_141748831r787	ANKRD26	S724R	S724
dbsnp_benign	gnomad_10_27043516_A_G_73596345r788	ANKRD26	S691P	S691
dbsnp_benign	gnomad_10_27048868_G_C_56151272r790	ANKRD26	Q583E	Q583
dbsnp_benign	gnomad_10_27061155_A_G_201461870r792	ANKRD26	V484A	V484
dbsnp_benign	gnomad_10_27092502_G_A_191015656r794	ANKRD26	T181I	T181
dbsnp_benign	gnomad_10_27100226_G_A_368560982r796	ANKRD26	A34V	A34
dbsnp_benign	gnomad_10_27100235_C_G_199849785r797	ANKRD26	G31A	G31
dbsnp_benign	gnomad_9_98756543_G_C_79414550r798	ANKS6	P735A	P735
dbsnp_benign	gnomad_9_98790302_G_A_41283630r800	ANKS6	R222W	R222
dbsnp_benign	gnomad_9_98790429_T_C_200417280r802	ANKS6	Q179Q	Q179
dbsnp_benign	gnomad_3_43577066_C_T_41289586r804	ANO10	R263H	R263
dbsnp_benign	gnomad_3_43605779_T_G_112040665r806	ANO10	Q25P	Q25
dbsnp_benign	gnomad_11_22250324_A_T_7481951r808	ANO5	L322F	L322
dbsnp_benign	gnomad_11_22274687_T_G_146136277r810	ANO5	L785R	L785
dbsnp_benign	gnomad_11_22274720_C_T_61910685r811	ANO5	S796L	S796
dbsnp_benign	gnomad_11_22279669_C_G_34969327r813	ANO5	N882K	N882
dbsnp_benign	gnomad_11_22279669_C_T_34969327r814	ANO5	N882N	N882
dbsnp_benign	gnomad_X_8535674_C_A_137900287r815	ANOS1	V587L	V587
dbsnp_benign	gnomad_X_8535806_C_T_149299309r817	ANOS1	V543I	V543
dbsnp_benign	gnomad_X_8536860_G_T_142729431r818	ANOS1	S511Y	S511
dbsnp_benign	gnomad_X_8554023_G_A_148736113r820	ANOS1	P428L	P428
dbsnp_benign	gnomad_X_8587965_C_G_140670828r821	ANOS1	K185N	K185
dbsnp_benign	gnomad_16_722985_C_T_148276717r822	CCDC78	G412R	G412
dbsnp_benign	gnomad_2_223777776_G_A_138292988r823	AP1S3	R33W	R33
dbsnp_benign	gnomad_5_78015546_C_T_146503597r825	AP3B1	V999M	V999
dbsnp_benign	gnomad_5_78039191_G_T_139344924r827	AP3B1	F887L	F887
dbsnp_benign	gnomad_5_78039239_G_A_144420604r829	AP3B1	H871H	H871
dbsnp_benign	gnomad_5_78039267_G_A_146624866r831	AP3B1	T862I	T862
dbsnp_benign	gnomad_5_78110280_A_T_62001050r832	AP3B1	I775K	I775
dbsnp_benign	gnomad_19_2109938_G_A_773829362r834	AP3D1	H1033H	H1033
dbsnp_benign	gnomad_1_113895826_T_C_114734921r835	AP4B1	I575V	I575
dbsnp_benign	gnomad_1_113898727_T_C_145182838r837	AP4B1	I397V	I397
dbsnp_benign	gnomad_1_113900215_T_C_201047107r839	AP4B1	H268R	H268
dbsnp_benign	gnomad_15_50941684_A_G_58909326r840	AP4E1	Y362C	Y362
dbsnp_benign	gnomad_15_50948126_A_G_116796602r842	AP4E1	N428S	N428
dbsnp_benign	gnomad_15_50997734_A_G_115188375r844	AP4E1	M919V	M919
dbsnp_benign	gnomad_15_50999246_C_T_187436884r846	AP4E1	L1027L	L1027
dbsnp_benign	gnomad_7_100105252_G_C_145887263r847	AP4M1	G247A	G247
dbsnp_benign	gnomad_14_31080626_G_A_74807133r848	AP4S1	M116I	M116
dbsnp_benign	gnomad_7_4781669_C_G_11549839r850	AP5Z1	S94C	S94
dbsnp_benign	gnomad_7_4781669_C_T_11549839r852	AP5Z1	S94F	S94
dbsnp_benign	gnomad_7_4781721_G_C_11549840r853	AP5Z1	Q111H	Q111
dbsnp_benign	gnomad_7_4783328_G_A_115454162r855	AP5Z1	E127K	E127
dbsnp_benign	gnomad_7_4783377_G_A_186993311r857	AP5Z1	R143Q	R143
dbsnp_benign	gnomad_7_4784340_C_T_17135121r858	AP5Z1	S253S	S253
dbsnp_benign	gnomad_7_4785676_T_A_11772411r860	AP5Z1	L375Q	L375
dbsnp_benign	gnomad_7_4785683_C_T_11768079r862	AP5Z1	H377H	H377
dbsnp_benign	gnomad_7_4785683_C_G_11768079r864	AP5Z1	H377Q	H377
dbsnp_benign	gnomad_7_4790589_G_A_200280538r865	AP5Z1	V646M	V646
dbsnp_benign	gnomad_5_112707842_G_A_1057517570r866	APC	G42D	G42
dbsnp_benign	gnomad_5_112755010_G_A_142720069r867	APC	E40E	E40
dbsnp_benign	gnomad_5_112767189_A_C_773347338r869	APC	E74A	E74
dbsnp_benign	gnomad_5_112767189_A_G_773347338r870	APC	E74G	E74
dbsnp_benign	gnomad_5_112767263_C_T_139196838r871	APC	R99W	R99
dbsnp_benign	gnomad_5_112767353_G_C_376628500r872	APC	E129Q	E129
dbsnp_benign	gnomad_5_112767356_A_G_150973053r873	APC	S130G	S130
dbsnp_benign	gnomad_5_112775656_A_G_116020626r874	APC	K150K	K150
dbsnp_benign	gnomad_5_112780865_C_G_141576417r875	APC	Q203E	Q203
dbsnp_benign	gnomad_5_112819171_G_A_587782886r877	APC	R380Q	R380
dbsnp_benign	gnomad_5_112819272_C_T_137854567r878	APC	R414C	R414
dbsnp_benign	gnomad_5_112827118_G_A_141579422r879	APC	Q473Q	Q473
dbsnp_benign	gnomad_5_112827984_C_T_75870842r880	APC	S535F	S535
dbsnp_benign	gnomad_5_112834953_A_G_876658969r881	APC	E582E	E582
dbsnp_benign	gnomad_5_112835032_G_A_147863331r882	APC	V609I	V609
dbsnp_benign	gnomad_5_112837553_G_A_72541809r883	APC	R653R	R653
dbsnp_benign	gnomad_5_112837798_C_T_147655929r884	APC	A735V	A735
dbsnp_benign	gnomad_5_112837916_C_T_145792879r885	APC	D774D	D774
dbsnp_benign	gnomad_5_112838180_C_G_147972247r886	APC	N862K	N862
dbsnp_benign	gnomad_5_112838187_C_T_192620988r887	APC	P865S	P865
dbsnp_benign	gnomad_5_112838202_C_T_33974176r889	APC	P870S	P870
dbsnp_benign	gnomad_5_112838221_G_A_373428732r891	APC	R876Q	R876
dbsnp_benign	gnomad_5_112838234_C_T_200184105r892	APC	I880I	I880
dbsnp_benign	gnomad_5_112838441_G_T_147394539r893	APC	M949I	M949
dbsnp_benign	gnomad_5_112838767_A_G_148725540r894	APC	D1058G	D1058
dbsnp_benign	gnomad_5_112838843_T_G_201629780r895	APC	D1083E	D1083
dbsnp_benign	gnomad_5_112838946_A_G_140493115r896	APC	N1118D	N1118
dbsnp_benign	gnomad_5_112838968_T_C_377278397r897	APC	V1125A	V1125
dbsnp_benign	gnomad_5_112838980_T_C_143638171r898	APC	L1129S	L1129
dbsnp_benign	gnomad_5_112839105_C_T_201830995r899	APC	R1171C	R1171
dbsnp_benign	gnomad_5_112839305_G_A_756939805r900	APC	Q1237Q	Q1237
dbsnp_benign	gnomad_5_112839504_A_G_770157475r901	APC	I1304V	I1304
dbsnp_benign	gnomad_5_112839543_G_C_1801166r902	APC	E1317Q	E1317
dbsnp_benign	gnomad_5_112839728_G_A_780368623r904	APC	Q1378Q	Q1378
dbsnp_benign	gnomad_5_112839827_T_C_761170573r905	APC	S1411S	S1411
dbsnp_benign	gnomad_5_112839827_T_G_761170573r906	APC	S1411R	S1411
dbsnp_benign	gnomad_5_112839831_A_G_141519952r907	APC	M1413V	M1413
dbsnp_benign	gnomad_5_112839930_G_A_146572883r908	APC	A1446T	A1446
dbsnp_benign	gnomad_5_112839954_A_G_111866410r909	APC	K1454E	K1454
dbsnp_benign	gnomad_5_112839970_C_G_756048549r911	APC	T1459S	T1459
dbsnp_benign	gnomad_5_112840014_G_A_139387758r912	APC	A1474T	A1474
dbsnp_benign	gnomad_5_112840427_G_A_762030106r913	APC	Q1611Q	Q1611
dbsnp_benign	gnomad_5_112840427_G_C_762030106r914	APC	Q1611H	Q1611
dbsnp_benign	gnomad_5_112840487_T_C_35634377r915	APC	S1631S	S1631
dbsnp_benign	gnomad_5_112840620_A_G_370560998r917	APC	R1676G	R1676
dbsnp_benign	gnomad_5_112840621_G_C_143674116r919	APC	R1676T	R1676
dbsnp_benign	gnomad_5_112840838_C_T_748776990r920	APC	D1748D	D1748
dbsnp_benign	gnomad_5_112841399_G_A_377040690r921	APC	Q1935Q	Q1935
dbsnp_benign	gnomad_5_112842120_T_C_183468041r922	APC	L2176L	L2176
dbsnp_benign	gnomad_5_112842233_G_A_35540155r923	APC	M2213I	M2213
dbsnp_benign	gnomad_5_112842318_A_G_201375478r924	APC	S2242G	S2242
dbsnp_benign	gnomad_5_112842415_C_T_34919187r926	APC	A2274V	A2274
dbsnp_benign	gnomad_5_112842451_C_T_200587641r927	APC	A2286V	A2286
dbsnp_benign	gnomad_5_112842501_G_A_544549596r928	APC	G2303R	G2303
dbsnp_benign	gnomad_5_112842579_A_G_146048493r929	APC	I2329V	I2329
dbsnp_benign	gnomad_5_112842614_C_T_773108684r930	APC	N2340N	N2340
dbsnp_benign	gnomad_5_112842630_C_T_200756935r931	APC	P2346S	P2346
dbsnp_benign	gnomad_5_112842719_A_G_587780603r932	APC	Q2375Q	Q2375
dbsnp_benign	gnomad_5_112843084_C_T_141010008r933	APC	S2497L	S2497
dbsnp_benign	gnomad_5_112843108_G_A_147549623r934	APC	R2505Q	R2505
dbsnp_benign	gnomad_5_112843137_A_G_554356011r936	APC	I2515V	I2515
dbsnp_benign	gnomad_5_112843219_A_G_151163793r938	APC	N2542S	N2542
dbsnp_benign	gnomad_5_112843372_A_G_367676584r939	APC	N2593S	N2593
dbsnp_benign	gnomad_5_112843375_C_G_543396310r940	APC	S2594C	S2594
dbsnp_benign	gnomad_5_112843456_C_G_72541816r941	APC	S2621C	S2621
dbsnp_benign	gnomad_5_112843580_G_A_571645304r943	APC	E2662E	E2662
dbsnp_benign	gnomad_5_112843662_G_A_140868933r944	APC	A2690T	A2690
dbsnp_benign	gnomad_5_112843892_C_T_876658523r945	APC	S2766S	S2766
dbsnp_benign	gnomad_11_116836050_C_A_140770089r946	APOA1	A188S	A188
dbsnp_benign	gnomad_11_116820959_T_A_675r947	APOA4	T367S	T367
dbsnp_benign	gnomad_11_116820959_T_G_675r948	APOA4	T367P	T367
dbsnp_benign	gnomad_2_21002053_C_T_183812948r949	N/A	NAN/ANA	NAN/A
dbsnp_benign	gnomad_2_21002327_G_A_13306203r950	N/A	NAN/ANA	NAN/A
dbsnp_benign	gnomad_2_21002619_A_G_72654422r951	N/A	NAN/ANA	NAN/A
dbsnp_benign	gnomad_2_21002628_A_G_61743502r953	N/A	NAN/ANA	NAN/A
dbsnp_benign	gnomad_2_21002656_C_T_61743313r955	N/A	NAN/ANA	NAN/A
dbsnp_benign	gnomad_2_21002841_A_G_570782024r956	N/A	NAN/ANA	NAN/A
dbsnp_benign	gnomad_2_21003112_G_T_199668351r958	N/A	NAN/ANA	NAN/A
dbsnp_benign	gnomad_2_21004305_G_A_12713501r960	N/A	NAN/ANA	NAN/A
dbsnp_benign	gnomad_2_21004340_C_T_183117027r961	N/A	NAN/ANA	NAN/A
dbsnp_benign	gnomad_2_21004631_T_C_1801698r963	N/A	NAN/ANA	NAN/A
dbsnp_benign	gnomad_2_21004645_G_A_72654416r964	N/A	NAN/ANA	NAN/A
dbsnp_benign	gnomad_2_21005300_G_A_542175556r965	N/A	NAN/ANA	NAN/A
dbsnp_benign	gnomad_2_21005611_A_G_61741974r966	N/A	NAN/ANA	NAN/A
dbsnp_benign	gnomad_2_21006128_G_A_150312765r967	N/A	NAN/ANA	NAN/A
dbsnp_benign	gnomad_2_21006211_C_T_763118165r968	N/A	NAN/ANA	NAN/A
dbsnp_benign	gnomad_2_21006483_T_C_200305144r969	N/A	NAN/ANA	NAN/A
dbsnp_benign	gnomad_2_21007547_G_A_72653101r970	N/A	NAN/ANA	NAN/A
dbsnp_benign	gnomad_2_21007547_G_T_72653101r971	N/A	NAN/ANA	NAN/A
dbsnp_benign	gnomad_2_21007642_G_T_72653099r972	N/A	NAN/ANA	NAN/A
dbsnp_benign	gnomad_2_21007728_G_C_61742323r973	N/A	NAN/ANA	NAN/A
dbsnp_benign	gnomad_2_21007728_G_A_61742323r974	N/A	NAN/ANA	NAN/A
dbsnp_benign	gnomad_2_21007763_A_G_147510760r975	N/A	NAN/ANA	NAN/A
dbsnp_benign	gnomad_2_21007979_G_A_72653097r976	N/A	NAN/ANA	NAN/A
dbsnp_benign	gnomad_2_21008406_G_A_72653095r978	N/A	NAN/ANA	NAN/A
dbsnp_benign	gnomad_2_21008515_T_G_2163204r980	N/A	NAN/ANA	NAN/A
dbsnp_benign	gnomad_2_21009139_T_G_200231583r982	N/A	NAN/ANA	NAN/A
dbsnp_benign	gnomad_2_21009249_C_A_571626569r983	N/A	NAN/ANA	NAN/A
dbsnp_benign	gnomad_2_21009249_C_T_571626569r984	N/A	NAN/ANA	NAN/A
dbsnp_benign	gnomad_2_21009253_C_T_148170480r985	N/A	NAN/ANA	NAN/A
dbsnp_benign	gnomad_2_21009256_G_A_72653093r986	N/A	NAN/ANA	NAN/A
dbsnp_benign	gnomad_2_21009626_T_G_72653091r987	N/A	NAN/ANA	NAN/A
dbsnp_benign	gnomad_2_21009939_A_G_561774487r989	N/A	NAN/ANA	NAN/A
dbsnp_benign	gnomad_2_21010732_C_T_72653084r990	N/A	NAN/ANA	NAN/A
dbsnp_benign	gnomad_2_21010732_C_G_72653084r992	N/A	NAN/ANA	NAN/A
dbsnp_benign	gnomad_2_21012503_G_A_12720847r993	N/A	NAN/ANA	NAN/A
dbsnp_benign	gnomad_2_21013213_C_T_13306187r995	N/A	NAN/ANA	NAN/A
dbsnp_benign	gnomad_2_21014550_T_C_61741164r997	N/A	NAN/ANA	NAN/A
dbsnp_benign	gnomad_2_21015495_C_T_12713843r998	N/A	NAN/ANA	NAN/A
dbsnp_benign	gnomad_2_21019079_C_T_575505383r1000	N/A	NAN/ANA	NAN/A
dbsnp_benign	gnomad_2_21022941_G_A_1801700r1001	N/A	NAN/ANA	NAN/A
dbsnp_benign	gnomad_2_21027848_C_A_761947252r1003	APOB	A683S	A683
dbsnp_benign	gnomad_2_21035651_C_T_61741625r1004	APOB	A251T	A251
dbsnp_benign	gnomad_2_21037186_T_C_72653059r1006	APOB	P107K	P107
dbsnp_benign	gnomad_2_21037187_T_A_61746672r1008	APOB	P107I	P107
dbsnp_benign	gnomad_2_21037212_G_A_13306198r1009	APOB	L99NA	L99
dbsnp_benign	gnomad_2_21041033_C_A_186544754r1011	APOB	Y52H	Y52
dbsnp_benign	gnomad_19_44909057_T_A_199768005r1012	APOE	V254E	V254
dbsnp_benign	gnomad_21_25891785_G_T_145564988r1013	APP	I716I	I716
dbsnp_benign	gnomad_21_25891785_G_A_145564988r1014	APP	I716I	I716
dbsnp_benign	gnomad_21_26090072_C_T_151188448r1016	APP	V76I	V76
dbsnp_benign	gnomad_16_88810478_C_T_150156607r1017	APRT	R89Q	R89
dbsnp_benign	gnomad_16_88810478_C_G_150156607r1018	APRT	R89P	R89
dbsnp_benign	gnomad_12_49951175_C_T_60629501r1019	AQP2	D115D	D115
dbsnp_benign	gnomad_12_49954232_C_T_143886391r1021	AQP2	F146F	F146
dbsnp_benign	gnomad_8_67195405_C_T_200161440r1023	CSPP1	P1195S	P1195
dbsnp_benign	gnomad_20_48953577_G_A_28937880r1024	ARFGEF2	E209K	E209
dbsnp_benign	gnomad_11_46701135_G_C_111794632r1026	N/A	NAN/ANA	NAN/A
dbsnp_benign	gnomad_3_119414288_C_G_186621177r1028	ARHGAP31	P787A	P787
dbsnp_benign	gnomad_3_119414288_C_T_186621177r1029	ARHGAP31	P787S	P787
dbsnp_benign	gnomad_3_119415033_C_T_201997376r1030	ARHGAP31	T1035I	T1035
dbsnp_benign	gnomad_X_153918932_G_A_145727816r1031	ARHGAP4	A311V	A311
dbsnp_benign	gnomad_8_1928541_G_A_61752020r1032	ARHGEF10	V963I	V963
dbsnp_benign	gnomad_17_8320986_C_A_552154823r1034	ARHGEF15	P840Q	P840
dbsnp_benign	gnomad_17_8320986_C_G_552154823r1035	ARHGEF15	P840R	P840
dbsnp_benign	gnomad_17_8320986_C_T_552154823r1036	ARHGEF15	P840L	P840
dbsnp_benign	gnomad_19_7462219_G_A_767292719r1037	ARHGEF18	E840E	E840
dbsnp_benign	gnomad_X_136745320_C_T_35106300r1038	ARHGEF6	R121H	R121
dbsnp_benign	gnomad_X_136779494_A_G_147131853r1040	ARHGEF6	C57R	C57
dbsnp_benign	gnomad_X_63638127_G_T_374753195r1041	ARHGEF9	D484E	D484
dbsnp_benign	gnomad_X_63638127_G_A_374753195r1042	ARHGEF9	D484D	D484
dbsnp_benign	gnomad_X_63655632_T_C_781988728r1043	ARHGEF9	M388V	M388
dbsnp_benign	gnomad_X_63674044_G_C_143490560r1044	ARHGEF9	D306E	D306
dbsnp_benign	gnomad_X_63724693_T_C_55868891r1045	ARHGEF9	I10V	I10
dbsnp_benign	gnomad_1_26761058_A_C_367889013r1047	ARID1A	Q708P	Q708
dbsnp_benign	gnomad_1_26775697_A_G_61756316r1048	ARID1A	N1705S	N1705
dbsnp_benign	gnomad_1_26775697_A_C_61756316r1049	ARID1A	N1705T	N1705
dbsnp_benign	gnomad_1_26779615_G_A_41303631r1051	ARID1A	R1906Q	R1906
dbsnp_benign	gnomad_1_26696671_A_G_752026201r1053	ARID1A	S90G	S90
dbsnp_benign	gnomad_1_26696984_C_T_764060744r1054	ARID1A	P194L	P194
dbsnp_benign	gnomad_6_157133100_C_T_150140314r1055	ARID1B	S898L	S898
dbsnp_benign	gnomad_6_157167056_G_A_34786733r1056	ARID1B	G1049S	G1049
dbsnp_benign	gnomad_6_157189719_C_G_138482029r1057	ARID1B	L1293V	L1293
dbsnp_benign	gnomad_6_157189719_C_T_138482029r1058	ARID1B	L1293L	L1293
dbsnp_benign	gnomad_6_157196248_G_A_199674889r1059	ARID1B	G1399R	G1399
dbsnp_benign	gnomad_6_157200899_G_A_566865279r1060	ARID1B	P1518P	P1518
dbsnp_benign	gnomad_6_157200899_G_C_566865279r1061	ARID1B	P1518P	P1518
dbsnp_benign	gnomad_6_157201056_C_T_765827636r1062	ARID1B	P1571S	P1571
dbsnp_benign	gnomad_6_157201089_A_T_34870395r1063	ARID1B	M1582L	M1582
dbsnp_benign	gnomad_6_157201089_A_G_34870395r1065	ARID1B	M1582V	M1582
dbsnp_benign	gnomad_6_157206240_A_G_149841055r1066	ARID1B	E1783G	E1783
dbsnp_benign	gnomad_6_157206943_C_T_142499766r1067	ARID1B	I2017I	I2017
dbsnp_benign	gnomad_12_45839470_C_G_149755754r1069	ARID2	T491S	T491
dbsnp_benign	gnomad_3_94050868_C_G_11554412r1070	ARL13B	P396A	P396
dbsnp_benign	gnomad_16_57249818_G_A_7198865r1072	ARL2BP	E87K	E87
dbsnp_benign	gnomad_5_78885823_G_A_147495977r1074	ARSB	N301N	N301
dbsnp_benign	gnomad_X_2934908_A_C_142375403r1075	ARSL	I565S	I565
dbsnp_benign	gnomad_X_2938195_C_T_201424543r1076	ARSL	G397R	G397
dbsnp_benign	gnomad_X_2949610_C_T_34412194r1077	ARSL	R183H	R183
dbsnp_benign	gnomad_X_2949691_C_T_41310272r1079	ARSL	S156N	S156
dbsnp_benign	gnomad_X_25007312_G_C_778734352r1080	ARX	A416G	A416
dbsnp_benign	gnomad_10_72133059_T_C_146370051r1081	ASCC1	N318S	N318
dbsnp_benign	gnomad_1_155478624_A_G_13373934r1083	ASH1L	S1416P	S1416
dbsnp_benign	gnomad_7_66081973_C_T_73374672r1084	ASL	D61D	D61
dbsnp_benign	gnomad_7_66086775_C_A_111407265r1085	ASL	R186R	R186
dbsnp_benign	gnomad_7_66092577_C_T_75300185r1087	ASL	H388H	H388
dbsnp_benign	gnomad_17_3481611_T_C_80099330r1089	ASPA	M82T	M82
dbsnp_benign	gnomad_8_61637992_G_A_141197241r1091	ASPH	P282S	P282
dbsnp_benign	gnomad_1_197090081_A_G_141348662r1092	ASPM	V3278A	V3278
dbsnp_benign	gnomad_1_197090252_T_C_7528827r1094	ASPM	H3258R	H3258
dbsnp_benign	gnomad_1_197101776_C_T_118010078r1096	ASPM	R2492K	R2492
dbsnp_benign	gnomad_1_197101898_C_T_111487086r1098	ASPM	L2451L	L2451
dbsnp_benign	gnomad_1_197102524_C_A_148425392r1100	ASPM	V2243L	V2243
dbsnp_benign	gnomad_1_197103510_T_C_113325473r1102	ASPM	Q1914R	Q1914
dbsnp_benign	gnomad_1_197103622_C_T_112230218r1104	ASPM	A1877T	A1877
dbsnp_benign	gnomad_1_197104066_G_A_41299623r1106	ASPM	R1729W	R1729
dbsnp_benign	gnomad_1_197105038_G_A_139367209r1108	ASPM	R1405C	R1405
dbsnp_benign	gnomad_1_197121994_C_T_150125249r1110	ASPM	R1264H	R1264
dbsnp_benign	gnomad_1_197124271_T_G_139317695r1111	ASPM	K1077Q	K1077
dbsnp_benign	gnomad_1_197128512_A_C_552158003r1113	ASPM	L972V	L972
dbsnp_benign	gnomad_1_197139806_C_A_113611857r1114	ASPM	A663S	A663
dbsnp_benign	gnomad_1_197143671_G_T_141532484r1116	ASPM	A194D	A194
dbsnp_benign	gnomad_9_130458549_G_T_35269064r1118	ASS1	R108L	R108
dbsnp_benign	gnomad_9_130476895_A_G_62637575r1120	ASS1	T208A	T208
dbsnp_benign	gnomad_9_130479793_G_A_74923032r1122	ASS1	E256K	E256
dbsnp_benign	gnomad_9_130499511_C_T_140715869r1124	ASS1	N378N	N378
dbsnp_benign	gnomad_20_32434822_G_A_151317625r1125	ASXL1	G704R	G704
dbsnp_benign	gnomad_20_32434822_G_T_151317625r1126	ASXL1	G704W	G704
dbsnp_benign	gnomad_20_32435330_C_T_202098158r1128	ASXL1	P873L	P873
dbsnp_benign	gnomad_18_33670709_T_C_201872027r1129	ASXL3	S172P	S172
dbsnp_benign	gnomad_18_33739058_C_T_200334892r1130	ASXL3	H552Y	H552
dbsnp_benign	gnomad_18_33746194_G_A_117661115r1131	ASXL3	A2116T	A2116
dbsnp_benign	gnomad_18_33746207_C_T_151081332r1132	ASXL3	A2120V	A2120
dbsnp_benign	gnomad_18_33745021_G_A_201072457r1134	ASXL3	D1725N	D1725
dbsnp_benign	gnomad_2_215312147_C_T_138988481r1135	ATIC	A2V	A2
dbsnp_benign	gnomad_14_50628084_C_T_149340140r1137	ATL1	H391H	H391
dbsnp_benign	gnomad_11_108229190_A_G_540920248r1139	ATM	K66K	K66
dbsnp_benign	gnomad_11_108235716_T_A_2234997r1140	ATM	D126E	D126
dbsnp_benign	gnomad_11_108247060_C_T_28904919r1142	ATM	S333F	S333
dbsnp_benign	gnomad_11_108248940_A_G_149636614r1144	ATM	N358S	N358
dbsnp_benign	gnomad_11_108250768_T_C_748469311r1146	ATM	L435L	L435
dbsnp_benign	gnomad_11_108250959_G_A_763108858r1147	ATM	E498E	E498
dbsnp_benign	gnomad_11_108251865_C_G_2227924r1148	ATM	L546V	L546
dbsnp_benign	gnomad_11_108251975_C_T_145629926r1150	ATM	F582F	F582
dbsnp_benign	gnomad_11_108252824_C_T_2227922r1151	ATM	P604S	P604
dbsnp_benign	gnomad_11_108252901_C_T_143097772r1153	ATM	S629S	S629
dbsnp_benign	gnomad_11_108259051_C_A_3218695r1154	ATM	D814E	D814
dbsnp_benign	gnomad_11_108267276_T_C_1800056r1156	ATM	F858L	F858
dbsnp_benign	gnomad_11_108267312_A_G_61734354r1158	ATM	N870D	N870
dbsnp_benign	gnomad_11_108267314_C_T_587780618r1159	ATM	N870N	N870
dbsnp_benign	gnomad_11_108267334_G_C_370269552r1160	ATM	S877T	S877
dbsnp_benign	gnomad_11_108272729_C_G_1800057r1161	ATM	P1054R	P1054
dbsnp_benign	gnomad_11_108279589_A_G_2229020r1163	ATM	Q1128R	Q1128
dbsnp_benign	gnomad_11_108281109_T_C_141460670r1165	ATM	L1173L	L1173
dbsnp_benign	gnomad_11_108282721_A_G_376524625r1167	ATM	K1196K	K1196
dbsnp_benign	gnomad_11_108284405_G_A_149711770r1168	ATM	A1309T	A1309
dbsnp_benign	gnomad_11_108284443_G_A_35184530r1169	ATM	M1321I	M1321
dbsnp_benign	gnomad_11_108287626_A_C_1555095888r1170	ATM	L1340F	L1340
dbsnp_benign	gnomad_11_108289046_C_A_775688446r1171	ATM	I1393I	I1393
dbsnp_benign	gnomad_11_108289046_C_G_775688446r1172	ATM	I1393M	I1393
dbsnp_benign	gnomad_11_108289727_A_C_148993589r1173	ATM	K1454N	K1454
dbsnp_benign	gnomad_11_108293327_G_A_786202784r1174	ATM	L1542L	L1542
dbsnp_benign	gnomad_11_108297326_A_G_55870064r1175	ATM	N1650S	N1650
dbsnp_benign	gnomad_11_108304728_A_G_35850088r1177	ATM	L1850L	L1850
dbsnp_benign	gnomad_11_108304736_A_T_1801673r1179	ATM	D1853V	D1853
dbsnp_benign	gnomad_11_108307915_G_A_370680798r1181	ATM	R1898Q	R1898
dbsnp_benign	gnomad_11_108315904_A_G_145847315r1182	ATM	I2030V	I2030
dbsnp_benign	gnomad_11_108317409_G_A_1800060r1183	ATM	V2079I	V2079
dbsnp_benign	gnomad_11_108320043_G_C_56815840r1184	ATM	S2146T	S2146
dbsnp_benign	gnomad_11_108326169_C_T_56009889r1185	ATM	L2307F	L2307
dbsnp_benign	gnomad_11_108327657_C_G_148432863r1186	ATM	L2330V	L2330
dbsnp_benign	gnomad_11_108329047_T_C_3218675r1187	ATM	D2372D	D2372
dbsnp_benign	gnomad_11_108331449_C_T_751234924r1188	ATM	D2507D	D2507
dbsnp_benign	gnomad_11_108333946_T_C_377648506r1189	ATM	V2663A	V2663
dbsnp_benign	gnomad_11_108365343_C_T_540172506r1191	ATM	F3002F	F3002
dbsnp_benign	gnomad_1_16986101_T_A_41273151r1192	ATP13A2	T1121S	T1121
dbsnp_benign	gnomad_1_16986235_C_T_547860186r1194	ATP13A2	G1177S	G1177
dbsnp_benign	gnomad_1_17000272_C_T_56367069r1195	ATP13A2	R294Q	R294
dbsnp_benign	gnomad_1_17005517_C_T_56379718r1197	ATP13A2	G49S	G49
dbsnp_benign	gnomad_1_160121225_C_T_747283283r1199	ATP1A2	R51C	R51
dbsnp_benign	gnomad_1_160130114_G_A_142348542r1200	ATP1A2	E492K	E492
dbsnp_benign	gnomad_1_160130222_G_A_374501280r1201	ATP1A2	D528N	D528
dbsnp_benign	gnomad_1_160130436_A_T_141467566r1202	ATP1A2	N556Y	N556
dbsnp_benign	gnomad_1_160135460_C_T_139022921r1203	ATP1A2	D714D	D714
dbsnp_benign	gnomad_16_28900790_C_T_61626938r1204	ATP2A1	F658F	F658
dbsnp_benign	gnomad_12_110346286_C_T_149024535r1206	ATP2A2	T982M	T982
dbsnp_benign	gnomad_X_153580153_C_T_149428057r1208	ATP2B3	A1173V	A1173
dbsnp_benign	gnomad_1_203683224_C_A_146234576r1209	ATP2B4	R7S	R7
dbsnp_benign	gnomad_1_203683224_C_T_146234576r1210	ATP2B4	R7C	R7
dbsnp_benign	gnomad_X_154432441_G_A_140841742r1211	ATP6AP1	R180H	R180
dbsnp_benign	gnomad_X_40605570_G_C_35798522r1213	ATP6AP2	A290P	A290
dbsnp_benign	gnomad_12_123744269_G_T_138716143r1215	ATP6V0A2	V420L	V420
dbsnp_benign	gnomad_12_123744756_G_A_143142641r1216	ATP6V0A2	A496T	A496
dbsnp_benign	gnomad_12_123744756_G_T_143142641r1217	ATP6V0A2	A496S	A496
dbsnp_benign	gnomad_12_123751228_G_A_7969410r1219	ATP6V0A2	R685Q	R685
dbsnp_benign	gnomad_7_138732897_C_T_73730479r1220	ATP6V0A4	A630T	A630
dbsnp_benign	gnomad_2_70935994_G_A_111306070r1222	ATP6V1B1	G14S	G14
dbsnp_benign	gnomad_X_77988360_C_T_782602356r1224	ATP7A	P80L	P80
dbsnp_benign	gnomad_X_77988494_G_T_782688596r1225	ATP7A	V125L	V125
dbsnp_benign	gnomad_X_77988596_G_A_188836609r1226	ATP7A	A159T	A159
dbsnp_benign	gnomad_X_77988686_A_G_2228447r1227	ATP7A	I189V	I189
dbsnp_benign	gnomad_X_77989622_G_A_368622356r1228	ATP7A	A334T	A334
dbsnp_benign	gnomad_X_77998657_A_G_143907597r1229	ATP7A	I506V	I506
dbsnp_benign	gnomad_X_78009217_A_G_61742278r1230	ATP7A	Y608C	Y608
dbsnp_benign	gnomad_X_78011237_A_G_781900997r1231	ATP7A	K644R	K644
dbsnp_benign	gnomad_X_78014707_A_G_201788154r1232	ATP7A	T818A	T818
dbsnp_benign	gnomad_X_78015785_C_T_374162669r1234	ATP7A	R844C	R844
dbsnp_benign	gnomad_X_78021066_A_G_138958687r1235	ATP7A	E968G	E968
dbsnp_benign	gnomad_X_78031441_C_T_142998552r1236	ATP7A	H1051H	H1051
dbsnp_benign	gnomad_X_78033744_C_T_374154862r1237	ATP7A	A1145V	A1145
dbsnp_benign	gnomad_X_78033759_T_C_201225704r1238	ATP7A	I1150T	I1150
dbsnp_benign	gnomad_X_78038911_A_G_782250966r1239	ATP7A	N1196S	N1196
dbsnp_benign	gnomad_X_78038937_G_C_782349186r1240	ATP7A	E1205Q	E1205
dbsnp_benign	gnomad_X_78042666_C_T_372489000r1241	ATP7A	R1295W	R1295
dbsnp_benign	gnomad_X_78042666_C_G_372489000r1242	ATP7A	R1295G	R1295
dbsnp_benign	gnomad_X_78042714_A_G_139781067r1243	ATP7A	M1311V	M1311
dbsnp_benign	gnomad_X_78043377_C_T_370736173r1244	ATP7A	R1356W	R1356
dbsnp_benign	gnomad_X_78046334_C_A_149079962r1245	ATP7A	R1423R	R1423
dbsnp_benign	gnomad_13_51939130_T_C_7334118r1246	ATP7B	H1207R	H1207
dbsnp_benign	gnomad_13_51970669_C_G_1801244r1248	ATP7B	V456L	V456
dbsnp_benign	gnomad_18_57650444_C_G_222581r1251	ATP8B1	A1152P	A1152
dbsnp_benign	gnomad_18_57669394_A_G_35470719r1252	ATP8B1	M674T	M674
dbsnp_benign	gnomad_3_142512292_C_T_55724025r1254	ATR	S1607N	S1607
dbsnp_benign	gnomad_3_142513566_T_C_34124242r1256	ATR	I1526V	I1526
dbsnp_benign	gnomad_3_142553854_A_G_377134163r1258	ATR	L835L	L835
dbsnp_benign	gnomad_3_142566145_G_A_28897763r1259	ATR	H90Y	H90
dbsnp_benign	gnomad_X_77508398_G_C_199543136r1261	ATRX	P2478A	P2478
dbsnp_benign	gnomad_X_77508398_G_A_199543136r1262	ATRX	P2478S	P2478
dbsnp_benign	gnomad_X_77522367_T_C_374244026r1264	ATRX	I2291V	I2291
dbsnp_benign	gnomad_X_77522369_T_C_368498507r1265	ATRX	N2290S	N2290
dbsnp_benign	gnomad_X_77558768_G_A_148659669r1266	ATRX	F2135F	F2135
dbsnp_benign	gnomad_X_77593782_A_G_782159753r1267	ATRX	D2008D	D2008
dbsnp_benign	gnomad_X_77620446_T_G_782633224r1268	ATRX	R1741R	R1741
dbsnp_benign	gnomad_X_77656644_T_C_782553301r1269	ATRX	E1377G	E1377
dbsnp_benign	gnomad_X_77664681_T_C_781836912r1270	ATRX	T1303A	T1303
dbsnp_benign	gnomad_X_77664708_C_G_782386546r1271	ATRX	D1294H	D1294
dbsnp_benign	gnomad_X_77682038_C_G_781825074r1272	ATRX	S1073T	S1073
dbsnp_benign	gnomad_X_77682334_G_C_1476227727r1273	ATRX	S974R	S974
dbsnp_benign	gnomad_X_77682334_G_A_1476227727r1274	ATRX	S974S	S974
dbsnp_benign	gnomad_X_77682450_C_G_149232501r1275	ATRX	V936L	V936
dbsnp_benign	gnomad_X_77682536_C_T_143413618r1276	ATRX	R907Q	R907
dbsnp_benign	gnomad_X_77682576_T_G_145807475r1278	ATRX	T894P	T894
dbsnp_benign	gnomad_X_77682604_C_G_782123222r1279	ATRX	E884D	E884
dbsnp_benign	gnomad_X_77682606_C_T_200343648r1280	ATRX	E884K	E884
dbsnp_benign	gnomad_X_77682661_G_C_61752455r1281	ATRX	H865Q	H865
dbsnp_benign	gnomad_X_77682716_A_G_45624939r1283	ATRX	F847S	F847
dbsnp_benign	gnomad_X_77682833_C_T_782181535r1285	ATRX	R808Q	R808
dbsnp_benign	gnomad_X_77683087_C_G_61752456r1286	ATRX	E723D	E723
dbsnp_benign	gnomad_X_77683631_A_G_782158232r1287	ATRX	V542A	V542
dbsnp_benign	gnomad_X_77683810_T_G_886044778r1288	ATRX	E482D	E482
dbsnp_benign	gnomad_X_77683953_T_C_371580333r1289	ATRX	I435V	I435
dbsnp_benign	gnomad_X_77684410_G_A_148015780r1290	ATRX	S282S	S282
dbsnp_benign	gnomad_6_16327837_T_C_2072736r1291	ATXN1	A158A	A158
dbsnp_benign	gnomad_14_92071010_C_G_12895357r1293	ATXN3	G306R	G306
dbsnp_benign	gnomad_14_92071010_C_T_12895357r1295	ATXN3	G306R	G306
dbsnp_benign	gnomad_14_92071043_T_G_12896588r1296	ATXN3	K295Q	K295
dbsnp_benign	gnomad_14_92071044_T_C_12896589r1298	ATXN3	Q294Q	Q294
dbsnp_benign	gnomad_9_91361708_G_T_181327211r1300	AUH	P61H	P61
dbsnp_benign	gnomad_7_69599664_C_T_200189077r1302	AUTS2	P4L	P4
dbsnp_benign	gnomad_7_69599664_C_G_200189077r1303	AUTS2	P4R	P4
dbsnp_benign	gnomad_7_69899361_C_G_145480547r1304	AUTS2	L129V	L129
dbsnp_benign	gnomad_X_153906260_C_T_61733407r1306	AVPR2	R252W	R252
dbsnp_benign	gnomad_X_153906667_G_A_146350208r1307	AVPR2	G352D	G352
dbsnp_benign	gnomad_17_65530075_C_T_147134295r1309	AXIN2	E811E	E811
dbsnp_benign	gnomad_17_65530080_C_T_140344858r1310	AXIN2	D810N	D810
dbsnp_benign	gnomad_17_65534032_C_T_117688560r1311	AXIN2	S762N	S762
dbsnp_benign	gnomad_17_65534045_C_T_145007501r1312	AXIN2	A758T	A758
dbsnp_benign	gnomad_17_65537351_G_A_149764887r1313	AXIN2	P562L	P562
dbsnp_benign	gnomad_17_65537365_G_A_763146338r1314	AXIN2	S557S	S557
dbsnp_benign	gnomad_17_65537504_G_A_200883019r1315	AXIN2	T511M	T511
dbsnp_benign	gnomad_17_65537626_G_A_149483825r1316	AXIN2	H470H	H470
dbsnp_benign	gnomad_17_65537769_G_A_376630432r1317	AXIN2	L423F	L423
dbsnp_benign	gnomad_17_65537769_G_C_376630432r1318	AXIN2	L423V	L423
dbsnp_benign	gnomad_17_65538222_C_T_200899695r1319	AXIN2	R394H	R394
dbsnp_benign	gnomad_17_65538333_C_T_8081536r1321	AXIN2	R357H	R357
dbsnp_benign	gnomad_17_65549648_C_T_730881404r1322	AXIN2	R276R	R276
dbsnp_benign	gnomad_17_65558351_G_A_141655687r1323	AXIN2	D90D	D90
dbsnp_benign	gnomad_1_235480130_C_T_201345883r1324	B3GALNT2	R192H	R192
dbsnp_benign	gnomad_1_235484480_C_T_146090744r1325	B3GALNT2	E133K	E133
dbsnp_benign	gnomad_1_235489208_C_T_291396r1326	B3GALNT2	E107E	E107
dbsnp_benign	gnomad_1_235489208_C_A_291396r1327	B3GALNT2	E107D	E107
dbsnp_benign	gnomad_11_62616706_C_T_140378202r1328	B3GAT3	V237M	V237
dbsnp_benign	gnomad_13_31247957_C_A_141743580r1329	B3GLCT	D150E	D150
dbsnp_benign	gnomad_13_31274581_G_A_34830061r1330	B3GLCT	V245M	V245
dbsnp_benign	gnomad_13_31317606_G_A_34638481r1332	B3GLCT	G369S	G369
dbsnp_benign	gnomad_12_57628835_C_T_147301375r1334	B4GALNT1	A294T	A294
dbsnp_benign	gnomad_12_57629066_C_T_144922627r1336	B4GALNT1	G265R	G265
dbsnp_benign	gnomad_11_66347350_C_T_765114036r1337	B4GAT1	A66T	A66
dbsnp_benign	gnomad_11_66346151_G_C_143223962r1338	B4GAT1	F382L	F382
dbsnp_benign	gnomad_17_19357847_G_C_149051059r1339	B9D1	P79P	P79
dbsnp_benign	gnomad_17_19357903_G_A_73980038r1340	B9D1	R61W	R61
dbsnp_benign	gnomad_19_41357928_G_A_140901774r1342	B9D2	I61I	I61
dbsnp_benign	gnomad_10_119651700_A_G_137965903r1343	BAG3	M9V	M9
dbsnp_benign	gnomad_10_119669882_G_A_35434411r1344	BAG3	R71Q	R71
dbsnp_benign	gnomad_10_119669919_C_A_151331972r1346	BAG3	H83Q	H83
dbsnp_benign	gnomad_10_119669950_A_T_145393807r1348	BAG3	I94F	I94
dbsnp_benign	gnomad_10_119670070_T_A_375257731r1350	BAG3	S134T	S134
dbsnp_benign	gnomad_10_119670085_C_T_556465096r1351	BAG3	R139W	R139
dbsnp_benign	gnomad_10_119672519_C_T_117671123r1352	BAG3	R258W	R258
dbsnp_benign	gnomad_10_119672635_C_T_139399890r1354	BAG3	H296H	H296
dbsnp_benign	gnomad_10_119672645_G_A_78439745r1355	BAG3	D300N	D300
dbsnp_benign	gnomad_10_119676990_C_T_34656239r1357	BAG3	A479V	A479
dbsnp_benign	gnomad_10_119677142_G_A_144678100r1358	BAG3	V530M	V530
dbsnp_benign	gnomad_10_119677188_C_G_759348679r1359	BAG3	P545R	P545
dbsnp_benign	gnomad_14_103563041_C_G_2274268r1360	COA8	P27A	P27
dbsnp_benign	gnomad_14_103563041_C_A_2274268r1362	COA8	P27T	P27
dbsnp_benign	gnomad_3_52402806_C_T_761399207r1363	BAP1	E652E	E652
dbsnp_benign	gnomad_3_52402901_C_G_146661777r1364	BAP1	D145H	D145
dbsnp_benign	gnomad_3_52403877_G_T_115109161r1366	BAP1	T423K	T423
dbsnp_benign	gnomad_3_52403877_G_C_115109161r1367	BAP1	T423R	T423
dbsnp_benign	gnomad_3_52405200_G_A_71651686r1368	BAP1	S342S	S342
dbsnp_benign	gnomad_3_52405266_G_A_143659795r1370	BAP1	C320C	C320
dbsnp_benign	gnomad_3_52406364_G_A_756217463r1372	BAP1	H224H	H224
dbsnp_benign	gnomad_2_214728728_C_T_142155101r1373	BARD1	S761N	S761
dbsnp_benign	gnomad_2_214730439_C_T_377227840r1375	BARD1	R658H	R658
dbsnp_benign	gnomad_2_214730440_G_A_3738888r1376	BARD1	R658C	R658
dbsnp_benign	gnomad_2_214745744_T_C_777084777r1378	BARD1	K596K	K596
dbsnp_benign	gnomad_2_214752454_C_G_28997576r1379	BARD1	C557S	C557
dbsnp_benign	gnomad_2_214780740_C_G_2229571r1381	BARD1	R378S	R378
dbsnp_benign	gnomad_2_214781152_G_C_3738885r1383	BARD1	S241C	S241
dbsnp_benign	gnomad_2_214792315_G_A_144856889r1385	BARD1	H116Y	H116
dbsnp_benign	gnomad_2_214792408_C_A_370359540r1386	BARD1	V85L	V85
dbsnp_benign	gnomad_2_214809537_C_A_143914387r1387	BARD1	Q11H	Q11
dbsnp_benign	gnomad_12_76346354_T_C_34737974r1389	BBS10	N544S	N544
dbsnp_benign	gnomad_12_76347220_C_T_139658279r1391	BBS10	M255I	M255
dbsnp_benign	gnomad_12_76347561_C_T_142863601r1392	BBS10	D142N	D142
dbsnp_benign	gnomad_4_122742008_T_C_138036823r1394	BBS12	I39T	I39
dbsnp_benign	gnomad_4_122742247_G_A_77731085r1396	BBS12	G119S	G119
dbsnp_benign	gnomad_4_122742995_G_A_78457123r1398	BBS12	R368H	R368
dbsnp_benign	gnomad_4_122743273_A_C_10027479r1400	BBS12	N461H	N461
dbsnp_benign	gnomad_4_122743343_G_A_35690634r1402	BBS12	R484K	R484
dbsnp_benign	gnomad_11_66523808_G_A_201872547r1404	BBS1	V346I	V346
dbsnp_benign	gnomad_16_56499794_G_A_16957538r1406	BBS2	A504V	A504
dbsnp_benign	gnomad_16_56502748_T_C_150384293r1408	BBS2	I289V	I289
dbsnp_benign	gnomad_15_72709760_A_G_75295839r1410	BBS4	K46R	K46
dbsnp_benign	gnomad_15_72712295_A_G_142692981r1412	BBS4	I70V	I70
dbsnp_benign	gnomad_15_72735137_T_C_2277598r1413	BBS4	I354T	I354
dbsnp_benign	gnomad_15_72735954_A_T_147202164r1415	BBS4	E412D	E412
dbsnp_benign	gnomad_2_169493769_A_G_137853921r1417	BBS5	N184S	N184
dbsnp_benign	gnomad_2_169497628_G_A_35487251r1419	BBS5	R207H	R207
dbsnp_benign	gnomad_7_33344585_C_T_138072724r1421	BBS9	A427V	A427
dbsnp_benign	gnomad_7_33357950_A_G_150399299r1423	BBS9	I550V	I550
dbsnp_benign	gnomad_7_33383725_A_C_34209904r1425	BBS9	I617L	I617
dbsnp_benign	gnomad_7_33505563_C_T_116483694r1427	BBS9	A739V	A739
dbsnp_benign	gnomad_7_33534125_C_T_146752751r1429	BBS9	R824C	R824
dbsnp_benign	gnomad_12_49843065_T_C_143608766r1431	BCDIN3D	D8G	D8
dbsnp_benign	gnomad_3_165773492_C_T_1803274r1433	BCHE	A567T	A567
dbsnp_benign	gnomad_6_80106710_C_T_534975518r1435	BCKDHB	A6V	A6
dbsnp_benign	gnomad_6_80106710_C_G_534975518r1436	BCKDHB	A6G	A6
dbsnp_benign	gnomad_6_80106718_G_A_571728255r1437	BCKDHB	G9S	G9
dbsnp_benign	gnomad_X_40064425_A_G_145327925r1439	BCOR	V1138A	V1138
dbsnp_benign	gnomad_X_40064489_C_T_374493655r1440	BCOR	A1117T	A1117
dbsnp_benign	gnomad_X_40064533_A_C_111622737r1441	BCOR	V1102G	V1102
dbsnp_benign	gnomad_X_40070985_C_T_202065982r1443	BCOR	E1076K	E1076
dbsnp_benign	gnomad_X_40073311_C_T_144722432r1444	BCOR	V679I	V679
dbsnp_benign	gnomad_X_40074720_G_A_143697110r1445	BCOR	S209L	S209
dbsnp_benign	gnomad_22_23292603_G_A_2229038r1446	BCR	V949I	V949
dbsnp_benign	gnomad_2_218661911_G_A_148278887r1448	BCS1L	V205I	V205
dbsnp_benign	gnomad_2_218661926_G_A_58447305r1450	BCS1L	D210N	D210
dbsnp_benign	gnomad_2_218662565_T_A_77729067r1452	BCS1L	S259T	S259
dbsnp_benign	gnomad_2_218662565_T_C_77729067r1453	BCS1L	S259P	S259
dbsnp_benign	gnomad_2_218661129_A_G_755305281r1454	BCS1L	M48V	M48
dbsnp_benign	gnomad_11_61962628_G_A_111326315r1455	BEST1	V492I	V492
dbsnp_benign	gnomad_11_61956981_C_A_74653691r1457	BEST1	L207I	L207
dbsnp_benign	gnomad_11_61959966_C_T_1801390r1459	BEST1	P341P	P341
dbsnp_benign	gnomad_20_17494947_C_A_139124891r1461	BFSP1	E375D	E375
dbsnp_benign	gnomad_20_17498889_G_A_142996076r1463	BFSP1	A296V	A296
dbsnp_benign	gnomad_20_17531193_C_G_143850362r1464	BFSP1	G46A	G46
dbsnp_benign	gnomad_20_17531284_C_G_200899362r1466	BFSP1	E16Q	E16
dbsnp_benign	gnomad_9_92719258_G_A_78319441r1468	BICD2	R463C	R463
dbsnp_benign	gnomad_9_92719466_A_T_144427583r1469	BICD2	N393K	N393
dbsnp_benign	gnomad_9_92719566_G_A_587777884r1470	BICD2	A360V	A360
dbsnp_benign	gnomad_9_92764497_C_A_371559371r1471	N/A	NAN/ANA	NAN/A
dbsnp_benign	gnomad_8_11543340_C_T_142352008r1472	BLK	P39L	P39
dbsnp_benign	gnomad_8_11548033_C_G_146083915r1474	BLK	D59E	D59
dbsnp_benign	gnomad_8_11550181_C_A_73663163r1476	BLK	R131R	R131
dbsnp_benign	gnomad_8_11550181_C_T_73663163r1477	BLK	R131W	R131
dbsnp_benign	gnomad_8_11561329_C_T_199696853r1479	BLK	R353C	R353
dbsnp_benign	gnomad_8_11561347_C_T_146505280r1480	BLK	R359C	R359
dbsnp_benign	gnomad_8_11555425_G_A_141865425r1481	BLK	R238Q	R238
dbsnp_benign	gnomad_8_11556764_C_T_142623841r1482	BLK	H293H	H293
dbsnp_benign	gnomad_8_11557983_A_C_77401687r1484	BLK	K325T	K325
dbsnp_benign	gnomad_8_11558030_T_G_567720261r1485	BLK	S341A	S341
dbsnp_benign	gnomad_8_11558030_T_C_567720261r1486	BLK	S341P	S341
dbsnp_benign	gnomad_15_90749678_A_G_28384988r1487	BLM	K137R	K137
dbsnp_benign	gnomad_15_90749883_G_A_28903082r1488	BLM	K205K	K205
dbsnp_benign	gnomad_10_96223879_C_A_148612299r1489	BLNK	A158S	A158
dbsnp_benign	gnomad_15_45587477_G_A_145762743r1491	BLOC1S6	A12T	A12
dbsnp_benign	gnomad_8_22179809_G_A_538263166r1492	BMP1	R314H	R314
dbsnp_benign	gnomad_8_22201849_C_T_61729095r1494	BMP1	C718C	C718
dbsnp_benign	gnomad_8_22192083_G_A_145284541r1495	BMP1	R371H	R371
dbsnp_benign	gnomad_8_22163524_C_A_4715r1497	SFTPC	T138N	T138
dbsnp_benign	gnomad_8_22163910_G_C_202145169r1499	SFTPC	A155P	A155
dbsnp_benign	gnomad_8_22163947_G_A_34957318r1500	SFTPC	R167Q	R167
dbsnp_benign	gnomad_4_78912028_C_G_138262352r1502	BMP2K	Q1161E	Q1161
dbsnp_benign	gnomad_4_78912028_C_T_138262352r1503	BMP2K	Q1161NA	Q1161
dbsnp_benign	gnomad_14_53950804_A_G_17563r1505	BMP4	V152A	V152
dbsnp_benign	gnomad_14_53951951_G_C_121912767r1507	BMP4	S91C	S91
dbsnp_benign	gnomad_14_53950399_C_T_121912768r1508	BMP4	R287H	R287
dbsnp_benign	gnomad_10_86921596_G_A_140592056r1509	BMPR1A	E415K	E415
dbsnp_benign	gnomad_10_86921680_C_T_35619497r1510	BMPR1A	R443C	R443
dbsnp_benign	gnomad_4_95104435_G_A_150974461r1511	BMPR1B	R4Q	R4
dbsnp_benign	gnomad_4_95104435_G_C_150974461r1512	BMPR1B	R4P	R4
dbsnp_benign	gnomad_4_95123878_G_A_138801821r1513	BMPR1B	V140I	V140
dbsnp_benign	gnomad_4_95129947_G_A_35973133r1514	BMPR1B	R224H	R224
dbsnp_benign	gnomad_4_95148783_G_A_34970181r1516	BMPR1B	R371Q	R371
dbsnp_benign	gnomad_4_95148783_G_T_34970181r1517	BMPR1B	R371L	R371
dbsnp_benign	gnomad_2_202464879_T_G_150080314r1518	BMPR2	S49R	S49
dbsnp_benign	gnomad_2_202530868_G_A_201067849r1519	BMPR2	V348I	V348
dbsnp_benign	gnomad_2_202555431_A_G_199915496r1521	BMPR2	Y589C	Y589
dbsnp_benign	gnomad_2_202559716_G_T_146027217r1522	BMPR2	G963C	G963
dbsnp_benign	gnomad_8_56963909_C_T_76235334r1523	BPNT2	E322K	E322
dbsnp_benign	gnomad_7_140781678_G_T_121913371r1525	BRAF	R444R	R444
dbsnp_benign	gnomad_7_140800374_G_A_397516907r1526	BRAF	S323L	S323
dbsnp_benign	gnomad_7_140924626_C_A_371877084r1527	BRAF	E26D	E26
dbsnp_benign	gnomad_7_2538182_G_A_61729932r1529	BRAT1	R785W	R785
dbsnp_benign	gnomad_7_2539562_G_A_151161353r1531	BRAT1	L527L	L527
dbsnp_benign	gnomad_7_2543827_C_T_531827528r1533	BRAT1	G189D	G189
dbsnp_benign	gnomad_7_2543827_C_A_531827528r1534	BRAT1	G189V	G189
dbsnp_benign	gnomad_7_2543962_C_T_199745325r1535	BRAT1	G144D	G144
dbsnp_benign	gnomad_7_2543962_C_A_199745325r1536	BRAT1	G144V	G144
dbsnp_benign	gnomad_7_2547440_C_T_148548421r1537	BRAT1	V56M	V56
dbsnp_benign	gnomad_7_2547440_C_G_148548421r1538	BRAT1	V56L	V56
dbsnp_benign	gnomad_17_43045685_T_A_80357183r1539	BRCA1	H1862L	H1862
dbsnp_benign	gnomad_17_43045694_G_C_80357322r1540	BRCA1	P1859R	P1859
dbsnp_benign	gnomad_17_43045694_G_T_80357322r1541	BRCA1	P1859H	P1859
dbsnp_benign	gnomad_17_43045698_T_G_765656957r1542	BRCA1	I1858L	I1858
dbsnp_benign	gnomad_17_43045739_A_C_80357323r1543	BRCA1	L1844R	L1844
dbsnp_benign	gnomad_17_43047698_G_A_730881456r1544	BRCA1	V1804V	V1804
dbsnp_benign	gnomad_17_43047699_A_T_80356920r1545	BRCA1	V1804D	V1804
dbsnp_benign	gnomad_17_43049125_C_T_531210457r1546	BRCA1	G1801D	G1801
dbsnp_benign	gnomad_17_43049180_T_G_80357012r1547	BRCA1	M1783L	M1783
dbsnp_benign	gnomad_17_43049180_T_C_80357012r1548	BRCA1	M1783V	M1783
dbsnp_benign	gnomad_17_43049194_T_C_80357041r1549	BRCA1	P674G	P674
dbsnp_benign	gnomad_17_43051091_G_A_138493864r1550	BRCA1	C1768C	C1768
dbsnp_benign	gnomad_17_43057077_C_T_80357442r1551	BRCA1	R1751Q	R1751
dbsnp_benign	gnomad_17_43057131_T_A_80357270r1552	BRCA1	D1733V	D1733
dbsnp_benign	gnomad_17_43057131_T_C_80357270r1553	BRCA1	D1733G	D1733
dbsnp_benign	gnomad_17_43063351_T_C_191373374r1554	BRCA1	E1725E	E1725
dbsnp_benign	gnomad_17_43063368_T_C_56195342r1555	BRCA1	T1720A	T1720
dbsnp_benign	gnomad_17_43063909_C_G_80356860r1556	BRCA1	N602V	N602
dbsnp_benign	gnomad_17_43063909_C_G_80356860r1556	BRCA1	N602G	N602
dbsnp_benign	gnomad_17_43063909_C_G_80356860r1556	BRCA1	N602E	N602
dbsnp_benign	gnomad_17_43063909_C_T_80356860r1557	BRCA1	N602E	N602
dbsnp_benign	gnomad_17_43067658_G_A_150729791r1559	BRCA1	T1675I	T1675
dbsnp_benign	gnomad_17_43067677_C_A_80357087r1560	BRCA1	A1669S	A1669
dbsnp_benign	gnomad_17_43067691_A_G_80357314r1561	BRCA1	L1664P	L1664
dbsnp_benign	gnomad_17_43070929_A_G_28897695r1562	BRCA1	F1662S	F1662
dbsnp_benign	gnomad_17_43070959_A_G_80356968r1563	BRCA1	M1652T	M1652
dbsnp_benign	gnomad_17_43071004_G_A_80357048r1564	BRCA1	P1637L	P1637
dbsnp_benign	gnomad_17_43071031_A_G_4986854r1565	BRCA1	M1628T	M1628
dbsnp_benign	gnomad_17_43071032_T_C_80357465r1567	BRCA1	M1628V	M1628
dbsnp_benign	gnomad_17_43071077_T_C_1799966r1568	BRCA1	S1613G	S1613
dbsnp_benign	gnomad_17_43071098_T_C_80356943r1570	BRCA1	K1606E	K1606
dbsnp_benign	gnomad_17_43071101_A_G_80356833r1571	BRCA1	L1605L	L1605
dbsnp_benign	gnomad_17_43071102_T_C_28897693r1572	BRCA1	Q1604Q	Q1604
dbsnp_benign	gnomad_17_43071185_A_G_80356909r1573	BRCA1	S1577P	S1577
dbsnp_benign	gnomad_17_43071223_A_G_56119278r1574	BRCA1	L1564P	L1564
dbsnp_benign	gnomad_17_43074370_C_T_28897691r1577	BRCA1	D1546N	D1546
dbsnp_benign	gnomad_17_43074486_C_G_80357470r1578	BRCA1	R1507T	R1507
dbsnp_benign	gnomad_17_43076570_T_C_80357022r1579	BRCA1	N1468D	N1468
dbsnp_benign	gnomad_17_43076570_T_G_80357022r1580	BRCA1	N1468H	N1468
dbsnp_benign	gnomad_17_43082419_T_C_80357486r1581	BRCA1	S1448G	S1448
dbsnp_benign	gnomad_17_43082434_G_C_41293455r1582	BRCA1	V340NA	V340
dbsnp_benign	gnomad_17_43082434_G_C_41293455r1582	BRCA1	V340R	V340
dbsnp_benign	gnomad_17_43082434_G_C_41293455r1582	BRCA1	V340R	V340
dbsnp_benign	gnomad_17_43082434_G_A_41293455r1583	BRCA1	V340NA	V340
dbsnp_benign	gnomad_17_43082506_C_G_80357309r1584	BRCA1	E1419Q	E1419
dbsnp_benign	gnomad_17_43082557_G_A_80357365r1585	BRCA1	H1402Y	H1402
dbsnp_benign	gnomad_17_43090997_C_T_28897690r1586	BRCA1	V1378I	V1378
dbsnp_benign	gnomad_17_43091450_T_G_80357218r1587	BRCA1	M1361L	M1361
dbsnp_benign	gnomad_17_43091485_G_A_80357345r1588	BRCA1	T1349M	T1349
dbsnp_benign	gnomad_17_43091495_C_T_80357407r1590	BRCA1	E1346K	E1346
dbsnp_benign	gnomad_17_43091631_G_A_730881454r1591	BRCA1	C1300C	C1300
dbsnp_benign	gnomad_17_43091734_C_G_80357160r1592	BRCA1	S1266T	S1266
dbsnp_benign	gnomad_17_43091748_T_A_80356831r1593	BRCA1	L1261F	L1261
dbsnp_benign	gnomad_17_43091748_T_C_80356831r1594	BRCA1	L1261L	L1261
dbsnp_benign	gnomad_17_43091783_C_T_28897686r1595	BRCA1	E1250K	E1250
dbsnp_benign	gnomad_17_43091792_C_T_80357191r1596	BRCA1	V1247I	V1247
dbsnp_benign	gnomad_17_43091807_T_C_80357037r1597	BRCA1	T1242A	T1242
dbsnp_benign	gnomad_17_43091818_G_A_28897688r1598	BRCA1	P1238L	P1238
dbsnp_benign	gnomad_17_43091823_A_C_28897687r1599	BRCA1	N1236K	N1236
dbsnp_benign	gnomad_17_43091847_G_A_786201623r1600	BRCA1	H1228H	H1228
dbsnp_benign	gnomad_17_43091874_C_G_80356876r1601	BRCA1	E1219D	E1219
dbsnp_benign	gnomad_17_43091876_C_T_80356921r1602	BRCA1	E1219K	E1219
dbsnp_benign	gnomad_17_43091891_C_T_80356923r1603	BRCA1	E1214K	E1214
dbsnp_benign	gnomad_17_43091919_T_C_537737635r1604	BRCA1	R1204R	R1204
dbsnp_benign	gnomad_17_43091923_C_T_55930959r1605	BRCA1	R1203Q	R1203
dbsnp_benign	gnomad_17_43091990_C_T_56336919r1606	BRCA1	V1181I	V1181
dbsnp_benign	gnomad_17_43091991_G_A_928545955r1607	BRCA1	S1180S	S1180
dbsnp_benign	gnomad_17_43092068_C_G_80357484r1608	BRCA1	D1155H	D1155
dbsnp_benign	gnomad_17_43092083_G_A_80357272r1609	BRCA1	P1150S	P1150
dbsnp_benign	gnomad_17_43092099_C_T_80356922r1610	BRCA1	Q1144Q	Q1144
dbsnp_benign	gnomad_17_43092115_C_A_80357228r1611	BRCA1	S1139I	S1139
dbsnp_benign	gnomad_17_43092124_G_C_80357329r1612	BRCA1	P1136R	P1136
dbsnp_benign	gnomad_17_43092204_T_G_41293449r1613	BRCA1	K1109N	K1109
dbsnp_benign	gnomad_17_43092225_A_G_876658664r1614	BRCA1	N1102N	N1102
dbsnp_benign	gnomad_17_43092235_G_A_80357201r1615	BRCA1	P1099L	P1099
dbsnp_benign	gnomad_17_43092401_T_C_80357271r1616	BRCA1	I1044V	I1044
dbsnp_benign	gnomad_17_43092418_T_C_16941r1617	BRCA1	E1038G	E1038
dbsnp_benign	gnomad_17_43092448_C_T_80357459r1619	BRCA1	R1028H	R1028
dbsnp_benign	gnomad_17_43092449_G_A_80357049r1621	BRCA1	R1028C	R1028
dbsnp_benign	gnomad_17_43092509_T_C_56321129r1622	BRCA1	M1008V	M1008
dbsnp_benign	gnomad_17_43092568_G_A_397507206r1623	BRCA1	S988L	S988
dbsnp_benign	gnomad_17_43092619_T_G_1567793641r1624	BRCA1	H971P	H971
dbsnp_benign	gnomad_17_43092647_C_T_80356955r1625	BRCA1	E962K	E962
dbsnp_benign	gnomad_17_43092758_T_G_4986847r1627	BRCA1	I925L	I925
dbsnp_benign	gnomad_17_43092773_C_T_80357361r1628	BRCA1	V920I	V920
dbsnp_benign	gnomad_17_43092796_T_C_397507204r1629	BRCA1	K912R	K912
dbsnp_benign	gnomad_17_43092862_C_A_80356874r1630	BRCA1	G890V	G890
dbsnp_benign	gnomad_17_43092869_G_A_80357480r1631	BRCA1	H888Y	H888
dbsnp_benign	gnomad_17_43092919_G_A_799917r1633	BRCA1	P871L	P871
dbsnp_benign	gnomad_17_43092947_T_C_80356927r1634	BRCA1	K862E	K862
dbsnp_benign	gnomad_17_43092965_A_G_80356892r1635	BRCA1	Y856H	Y856
dbsnp_benign	gnomad_17_43093006_T_C_28897684r1637	BRCA1	E842G	E842
dbsnp_benign	gnomad_17_43093009_C_T_80357337r1638	BRCA1	R841Q	R841
dbsnp_benign	gnomad_17_43093054_G_T_28897683r1640	BRCA1	T826K	T826
dbsnp_benign	gnomad_17_43093103_T_A_28897682r1641	BRCA1	N810Y	N810
dbsnp_benign	gnomad_17_43093119_C_G_55746541r1642	BRCA1	Q804H	Q804
dbsnp_benign	gnomad_17_43093180_G_A_55914168r1643	BRCA1	S784L	S784
dbsnp_benign	gnomad_17_43093184_T_C_80356948r1644	BRCA1	I783V	I783
dbsnp_benign	gnomad_17_43093202_A_C_397507199r1645	BRCA1	Y777D	Y777
dbsnp_benign	gnomad_17_43093216_A_G_80357467r1646	BRCA1	V772A	V772
dbsnp_benign	gnomad_17_43093245_T_A_273898682r1647	BRCA1	R762S	R762
dbsnp_benign	gnomad_17_43093279_A_G_587781684r1648	BRCA1	M751T	M751
dbsnp_benign	gnomad_17_43093324_T_G_397507196r1649	BRCA1	E736A	E736
dbsnp_benign	gnomad_17_43093351_G_A_80356912r1650	BRCA1	P727L	P727
dbsnp_benign	gnomad_17_43093364_T_C_4986845r1651	BRCA1	N723D	N723
dbsnp_benign	gnomad_17_43093448_C_A_28897681r1653	BRCA1	D695Y	D695
dbsnp_benign	gnomad_17_43093529_G_A_80357250r1654	BRCA1	L668F	L668
dbsnp_benign	gnomad_17_43093557_C_G_55678461r1655	BRCA1	M658I	M658
dbsnp_benign	gnomad_17_43093604_T_C_80357105r1656	BRCA1	S643G	S643
dbsnp_benign	gnomad_17_43093607_C_G_80357344r1657	BRCA1	D642H	D642
dbsnp_benign	gnomad_17_43093619_C_A_80357005r1658	BRCA1	E638NA	E638
dbsnp_benign	gnomad_17_43093626_A_G_369373293r1659	BRCA1	N635N	N635
dbsnp_benign	gnomad_17_43093666_G_A_56039126r1660	BRCA1	A622V	A622
dbsnp_benign	gnomad_17_43093697_T_C_80357245r1661	BRCA1	R612G	R612
dbsnp_benign	gnomad_17_43093742_C_T_55650082r1662	BRCA1	E597K	E597
dbsnp_benign	gnomad_17_43093828_G_C_80356910r1663	BRCA1	P568R	P568
dbsnp_benign	gnomad_17_43093828_G_A_80356910r1664	BRCA1	P568L	P568
dbsnp_benign	gnomad_17_43093883_T_G_56012641r1665	BRCA1	N550H	N550
dbsnp_benign	gnomad_17_43093915_G_A_80357374r1666	BRCA1	T539M	T539
dbsnp_benign	gnomad_17_43093997_G_A_41286294r1668	BRCA1	L512F	L512
dbsnp_benign	gnomad_17_43094020_C_T_56272539r1669	BRCA1	R504H	R504
dbsnp_benign	gnomad_17_43094044_C_T_28897677r1670	BRCA1	R496H	R496
dbsnp_benign	gnomad_17_43094045_G_A_28897676r1671	BRCA1	R496C	R496
dbsnp_benign	gnomad_17_43094075_A_G_55906931r1673	BRCA1	F486L	F486
dbsnp_benign	gnomad_17_43094104_T_C_55720177r1674	BRCA1	H476R	H476
dbsnp_benign	gnomad_17_43094113_T_C_80357057r1675	BRCA1	N473S	N473
dbsnp_benign	gnomad_17_43094394_A_C_56128296r1677	BRCA1	I379M	I379
dbsnp_benign	gnomad_17_43094426_C_T_56056711r1678	BRCA1	D369N	D369
dbsnp_benign	gnomad_17_43094466_C_T_41286292r1679	BRCA1	K355K	K355
dbsnp_benign	gnomad_17_43094495_G_A_80357015r1680	BRCA1	P346S	P346
dbsnp_benign	gnomad_17_43094495_G_C_80357015r1681	BRCA1	P346A	P346
dbsnp_benign	gnomad_17_43094516_T_C_55842957r1682	BRCA1	K339E	K339
dbsnp_benign	gnomad_17_43094530_G_A_41286290r1683	BRCA1	P334L	P334
dbsnp_benign	gnomad_17_43094534_T_C_786201634r1684	BRCA1	T333A	T333
dbsnp_benign	gnomad_17_43094585_T_C_55874646r1685	BRCA1	S316G	S316
dbsnp_benign	gnomad_17_43094640_C_T_80357103r1686	BRCA1	M297I	M297
dbsnp_benign	gnomad_17_43094694_A_G_775477245r1687	BRCA1	H279H	H279
dbsnp_benign	gnomad_17_43094704_G_C_80357436r1688	BRCA1	T276R	T276
dbsnp_benign	gnomad_17_43094707_C_T_397509327r1689	BRCA1	G275D	G275
dbsnp_benign	gnomad_17_43094724_C_T_149867679r1691	BRCA1	L269L	L269
dbsnp_benign	gnomad_17_43094727_G_C_771076131r1692	BRCA1	N268K	N268
dbsnp_benign	gnomad_17_43094727_G_A_771076131r1693	BRCA1	N268N	N268
dbsnp_benign	gnomad_17_43094766_C_T_62625299r1694	BRCA1	E255E	E255
dbsnp_benign	gnomad_17_43094795_A_C_28897675r1696	BRCA1	L246V	L246
dbsnp_benign	gnomad_17_43094815_T_C_80357396r1697	BRCA1	H239R	H239
dbsnp_benign	gnomad_17_43094815_T_A_80357396r1698	BRCA1	H239L	H239
dbsnp_benign	gnomad_17_43095864_A_G_765950064r1699	BRCA1	L218L	L218
dbsnp_benign	gnomad_17_43095875_T_C_55680408r1700	BRCA1	D214G	D214
dbsnp_benign	gnomad_17_43097266_C_T_80357090r1701	BRCA1	V191I	V191
dbsnp_benign	gnomad_17_43097280_G_T_55688530r1702	BRCA1	S186Y	S186
dbsnp_benign	gnomad_17_43099786_T_C_56187033r1704	BRCA1	Y179C	Y179
dbsnp_benign	gnomad_17_43099814_G_A_80357325r1705	BRCA1	R170W	R170
dbsnp_benign	gnomad_17_43099815_C_T_759882045r1706	BRCA1	Q169Q	Q169
dbsnp_benign	gnomad_17_43104136_C_T_80356991r1707	BRCA1	E143K	E143
dbsnp_benign	gnomad_17_43104138_G_T_55971303r1708	BRCA1	P142H	P142
dbsnp_benign	gnomad_17_43104166_G_A_80357457r1709	BRCA1	R133C	R133
dbsnp_benign	gnomad_17_43104167_G_T_80357413r1710	BRCA1	N132K	N132
dbsnp_benign	gnomad_17_43104193_T_C_80357448r1711	BRCA1	I124V	I124
dbsnp_benign	gnomad_17_43104249_T_C_28897673r1712	BRCA1	Y105C	Y105
dbsnp_benign	gnomad_17_43104258_G_C_80357190r1713	BRCA1	A102G	A102
dbsnp_benign	gnomad_17_43115727_T_G_769650474r1714	BRCA1	K45Q	K45
dbsnp_benign	gnomad_17_43115779_A_G_587780805r1715	BRCA1	C27C	C27
dbsnp_benign	gnomad_13_32319131_C_T_786201716r1716	BRCA2	P41L	P41
dbsnp_benign	gnomad_13_32319134_A_G_4987046r1718	BRCA2	Y42C	Y42
dbsnp_benign	gnomad_13_32319176_A_C_80358454r1720	BRCA2	N56T	N56
dbsnp_benign	gnomad_13_32319188_A_G_80358463r1721	BRCA2	N60S	N60
dbsnp_benign	gnomad_13_32319207_A_G_28897700r1722	BRCA2	Q66Q	Q66
dbsnp_benign	gnomad_13_32319232_G_C_28897701r1723	BRCA2	A75P	A75
dbsnp_benign	gnomad_13_32325081_A_C_80358567r1724	BRCA2	N108H	N108
dbsnp_benign	gnomad_13_32326115_A_G_80358674r1725	BRCA2	Q147R	Q147
dbsnp_benign	gnomad_13_32326115_A_T_80358674r1727	BRCA2	Q147L	Q147
dbsnp_benign	gnomad_13_32326263_A_T_876658364r1728	BRCA2	H166L	H166
dbsnp_benign	gnomad_13_32326268_C_A_80358726r1729	BRCA2	P168T	P168
dbsnp_benign	gnomad_13_32326272_A_G_80358730r1730	BRCA2	K169R	K169
dbsnp_benign	gnomad_13_32330979_G_A_55854959r1732	BRCA2	A248T	A248
dbsnp_benign	gnomad_13_32332315_C_T_587781421r1733	BRCA2	C279C	C279
dbsnp_benign	gnomad_13_32332343_A_C_766173r1734	BRCA2	N289H	N289
dbsnp_benign	gnomad_13_32332421_T_A_79483201r1736	BRCA2	C315S	C315
dbsnp_benign	gnomad_13_32332434_A_G_55939572r1737	BRCA2	N319S	N319
dbsnp_benign	gnomad_13_32332434_A_C_55939572r1738	BRCA2	N319T	N319
dbsnp_benign	gnomad_13_32332442_A_C_11571640r1739	BRCA2	K322Q	K322
dbsnp_benign	gnomad_13_32332456_C_A_28897706r1740	BRCA2	S326R	S326
dbsnp_benign	gnomad_13_32332489_C_T_41293473r1741	BRCA2	N337N	N337
dbsnp_benign	gnomad_13_32332518_A_G_55800493r1742	BRCA2	Q347R	Q347
dbsnp_benign	gnomad_13_32332601_C_T_80358408r1743	BRCA2	P375S	P375
dbsnp_benign	gnomad_13_32332629_C_T_41293475r1744	BRCA2	S384F	S384
dbsnp_benign	gnomad_13_32332644_C_A_397507263r1745	BRCA2	P389Q	P389
dbsnp_benign	gnomad_13_32332644_C_T_397507263r1746	BRCA2	P389L	P389
dbsnp_benign	gnomad_13_32332659_A_C_56016241r1747	BRCA2	E394A	E394
dbsnp_benign	gnomad_13_32332725_T_G_80358418r1748	BRCA2	I416S	I416
dbsnp_benign	gnomad_13_32332832_C_T_80358424r1749	BRCA2	L452L	L452
dbsnp_benign	gnomad_13_32332832_C_A_80358424r1750	BRCA2	L452I	L452
dbsnp_benign	gnomad_13_32332863_A_G_56403624r1751	BRCA2	E462G	E462
dbsnp_benign	gnomad_13_32332938_C_A_56390402r1752	BRCA2	A487E	A487
dbsnp_benign	gnomad_13_32332992_T_C_28897708r1753	BRCA2	I505T	I505
dbsnp_benign	gnomad_13_32333016_A_G_28897709r1755	BRCA2	K513R	K513
dbsnp_benign	gnomad_13_32333046_A_G_80358443r1756	BRCA2	H523R	H523
dbsnp_benign	gnomad_13_32333140_T_G_80358451r1757	BRCA2	C554W	C554
dbsnp_benign	gnomad_13_32333222_A_C_80358457r1758	BRCA2	T582P	T582
dbsnp_benign	gnomad_13_32333264_G_C_56328701r1759	BRCA2	D596H	D596
dbsnp_benign	gnomad_13_32333266_T_C_11571642r1760	BRCA2	D596D	D596
dbsnp_benign	gnomad_13_32333270_A_G_28897710r1762	BRCA2	T598A	T598
dbsnp_benign	gnomad_13_32333276_T_C_75419644r1763	BRCA2	Y600H	Y600
dbsnp_benign	gnomad_13_32333282_G_A_80358466r1764	BRCA2	G602R	G602
dbsnp_benign	gnomad_13_32333288_A_G_80358467r1765	BRCA2	K604E	K604
dbsnp_benign	gnomad_13_32333343_C_T_80358477r1766	BRCA2	A622V	A622
dbsnp_benign	gnomad_13_32333367_C_T_80358479r1767	BRCA2	T630I	T630
dbsnp_benign	gnomad_13_32336293_C_T_28897711r1768	BRCA2	S646S	S646
dbsnp_benign	gnomad_13_32336319_C_G_28897712r1769	BRCA2	P655R	P655
dbsnp_benign	gnomad_13_32336493_A_T_55816687r1770	BRCA2	Q713L	Q713
dbsnp_benign	gnomad_13_32336675_A_G_55968715r1771	BRCA2	T774A	T774
dbsnp_benign	gnomad_13_32336705_A_G_11571653r1772	BRCA2	M784V	M784
dbsnp_benign	gnomad_13_32336767_A_G_587780866r1774	BRCA2	E804E	E804
dbsnp_benign	gnomad_13_32336771_G_C_56404215r1775	BRCA2	D806H	D806
dbsnp_benign	gnomad_13_32336845_C_T_56331088r1776	BRCA2	N830N	N830
dbsnp_benign	gnomad_13_32336845_C_G_56331088r1777	BRCA2	N830K	N830
dbsnp_benign	gnomad_13_32336905_A_G_80359785r1778	BRCA2	Q850Q	Q850
dbsnp_benign	gnomad_13_32336971_A_G_202047206r1780	BRCA2	K872K	K872
dbsnp_benign	gnomad_13_32337035_G_A_28897715r1781	BRCA2	V894I	V894
dbsnp_benign	gnomad_13_32337053_A_G_55736268r1782	BRCA2	N900D	N900
dbsnp_benign	gnomad_13_32337094_C_T_276174829r1783	BRCA2	D913D	D913
dbsnp_benign	gnomad_13_32337110_G_A_431825298r1784	BRCA2	E919K	E919
dbsnp_benign	gnomad_13_32337141_T_C_2227943r1785	BRCA2	L929S	L929
dbsnp_benign	gnomad_13_32337158_G_A_28897716r1786	BRCA2	D935N	D935
dbsnp_benign	gnomad_13_32337238_G_A_11571655r1787	BRCA2	Q961Q	Q961
dbsnp_benign	gnomad_13_32337281_T_A_144862123r1788	BRCA2	S976T	S976
dbsnp_benign	gnomad_13_32337282_C_T_11571656r1790	BRCA2	S976F	S976
dbsnp_benign	gnomad_13_32337299_A_C_28897717r1791	BRCA2	I982L	I982
dbsnp_benign	gnomad_13_32337315_A_T_2227944r1792	BRCA2	N987I	N987
dbsnp_benign	gnomad_13_32337342_T_G_80358545r1793	BRCA2	L996R	L996
dbsnp_benign	gnomad_13_32337409_G_A_368404583r1794	BRCA2	K1018K	K1018
dbsnp_benign	gnomad_13_32337410_C_G_55638633r1795	BRCA2	L1019V	L1019
dbsnp_benign	gnomad_13_32337568_T_C_863224304r1796	BRCA2	H1071H	H1071
dbsnp_benign	gnomad_13_32337659_A_T_28897719r1797	BRCA2	N1102Y	N1102
dbsnp_benign	gnomad_13_32337772_G_A_145625991r1798	BRCA2	K1139K	K1139
dbsnp_benign	gnomad_13_32337775_T_C_118093942r1799	BRCA2	S1140S	S1140
dbsnp_benign	gnomad_13_32337800_A_G_80358589r1800	BRCA2	M1149V	M1149
dbsnp_benign	gnomad_13_32337850_T_C_776655838r1801	BRCA2	H1165H	H1165
dbsnp_benign	gnomad_13_32337870_C_T_80358600r1802	BRCA2	S1172L	S1172
dbsnp_benign	gnomad_13_32337930_T_G_80358606r1803	BRCA2	F1192C	F1192
dbsnp_benign	gnomad_13_32337936_G_A_28897721r1804	BRCA2	G1194D	G1194
dbsnp_benign	gnomad_13_32338037_A_G_28897722r1805	BRCA2	N1228D	N1228
dbsnp_benign	gnomad_13_32338194_A_T_56337919r1807	BRCA2	D1280V	D1280
dbsnp_benign	gnomad_13_32338224_G_A_41293485r1808	BRCA2	C1290Y	C1290
dbsnp_benign	gnomad_13_32338271_G_A_80358636r1809	BRCA2	V1306I	V1306
dbsnp_benign	gnomad_13_32338401_T_C_80358654r1810	BRCA2	I1349T	I1349
dbsnp_benign	gnomad_13_32338416_C_T_80358656r1811	BRCA2	T1354M	T1354
dbsnp_benign	gnomad_13_32338423_G_A_28897724r1812	BRCA2	L1356L	L1356
dbsnp_benign	gnomad_13_32338445_A_C_56248502r1813	BRCA2	I1364L	I1364
dbsnp_benign	gnomad_13_32338449_G_A_80358657r1815	BRCA2	C1365Y	C1365
dbsnp_benign	gnomad_13_32338542_A_G_55969723r1816	BRCA2	Q1396R	Q1396
dbsnp_benign	gnomad_13_32338596_C_T_70953664r1817	BRCA2	T1414M	T1414
dbsnp_benign	gnomad_13_32338626_C_G_80358664r1819	BRCA2	S1424C	S1424
dbsnp_benign	gnomad_13_32338714_A_G_774446640r1820	BRCA2	K1453K	K1453
dbsnp_benign	gnomad_13_32338939_C_T_80359788r1821	BRCA2	S1528S	S1528
dbsnp_benign	gnomad_13_32338940_G_A_28897728r1822	BRCA2	G1529R	G1529
dbsnp_benign	gnomad_13_32338954_A_C_80358694r1823	BRCA2	K1533N	K1533
dbsnp_benign	gnomad_13_32339025_C_G_80358698r1824	BRCA2	T1557S	T1557
dbsnp_benign	gnomad_13_32339036_C_A_2219594r1825	BRCA2	H1561N	H1561
dbsnp_benign	gnomad_13_32339041_A_G_28897730r1827	BRCA2	Q1562Q	Q1562
dbsnp_benign	gnomad_13_32339134_A_C_80358703r1828	BRCA2	E1593D	E1593
dbsnp_benign	gnomad_13_32339183_G_A_80358705r1830	BRCA2	V1610M	V1610
dbsnp_benign	gnomad_13_32339425_A_C_56087561r1831	BRCA2	K1690N	K1690
dbsnp_benign	gnomad_13_32339553_C_T_55639415r1832	BRCA2	S1733F	S1733
dbsnp_benign	gnomad_13_32339667_G_A_80358755r1834	BRCA2	G1771D	G1771
dbsnp_benign	gnomad_13_32339667_G_T_80358755r1835	BRCA2	G1771V	G1771
dbsnp_benign	gnomad_13_32339769_A_G_80358765r1837	BRCA2	N1805S	N1805
dbsnp_benign	gnomad_13_32339782_C_T_80359791r1839	BRCA2	C1809C	C1809
dbsnp_benign	gnomad_13_32339810_C_T_80358768r1840	BRCA2	P1819S	P1819
dbsnp_benign	gnomad_13_32339907_T_G_80358776r1841	BRCA2	I1851S	I1851
dbsnp_benign	gnomad_13_32339989_C_T_80358784r1842	BRCA2	N1878N	N1878
dbsnp_benign	gnomad_13_32339990_G_A_55996097r1843	BRCA2	E1879K	E1879
dbsnp_benign	gnomad_13_32339990_G_T_55996097r1844	BRCA2	E1879NA	E1879
dbsnp_benign	gnomad_13_32339995_T_G_11571657r1845	BRCA2	N1880K	N1880
dbsnp_benign	gnomad_13_32340059_G_A_4987048r1847	BRCA2	D1902N	D1902
dbsnp_benign	gnomad_13_32340065_C_G_55875643r1849	BRCA2	L1904V	L1904
dbsnp_benign	gnomad_13_32340065_C_T_55875643r1850	BRCA2	L1904F	L1904
dbsnp_benign	gnomad_13_32340088_T_G_367823201r1851	BRCA2	D1911E	D1911
dbsnp_benign	gnomad_13_32340108_A_G_80358804r1852	BRCA2	H1918R	H1918
dbsnp_benign	gnomad_13_32340123_A_C_45491005r1853	BRCA2	D1923A	D1923
dbsnp_benign	gnomad_13_32340140_A_G_79538375r1854	BRCA2	I1929V	I1929
dbsnp_benign	gnomad_13_32340234_G_A_56157628r1855	BRCA2	C1960Y	C1960
dbsnp_benign	gnomad_13_32340340_C_T_374620036r1856	BRCA2	N1995N	N1995
dbsnp_benign	gnomad_13_32340412_C_T_147961615r1858	BRCA2	N2019N	N2019
dbsnp_benign	gnomad_13_32340480_A_G_80358852r1860	BRCA2	Q2042R	Q2042
dbsnp_benign	gnomad_13_32340486_G_T_56191579r1861	BRCA2	G2044V	G2044
dbsnp_benign	gnomad_13_32340486_G_C_56191579r1862	BRCA2	G2044A	G2044
dbsnp_benign	gnomad_13_32340498_A_C_80358853r1863	BRCA2	N2048T	N2048
dbsnp_benign	gnomad_13_32340498_A_T_80358853r1864	BRCA2	N2048I	N2048
dbsnp_benign	gnomad_13_32340575_C_A_34309943r1865	BRCA2	H2074N	H2074
dbsnp_benign	gnomad_13_32340626_A_C_398122550r1867	BRCA2	S2091R	S2091
dbsnp_benign	gnomad_13_32340645_C_T_80358866r1868	BRCA2	T2097M	T2097
dbsnp_benign	gnomad_13_32340672_T_C_56172926r1869	BRCA2	L2106P	L2106
dbsnp_benign	gnomad_13_32340677_C_T_55794205r1870	BRCA2	R2108C	R2108
dbsnp_benign	gnomad_13_32340678_G_A_35029074r1871	BRCA2	R2108H	R2108
dbsnp_benign	gnomad_13_32340680_G_A_79456940r1872	BRCA2	V2109I	V2109
dbsnp_benign	gnomad_13_32340693_A_G_80358874r1873	BRCA2	N2113S	N2113
dbsnp_benign	gnomad_13_32340702_A_G_55953736r1874	BRCA2	H2116R	H2116
dbsnp_benign	gnomad_13_32340767_G_T_11571659r1877	BRCA2	V2138F	V2138
dbsnp_benign	gnomad_13_32340810_C_A_80358881r1879	BRCA2	S2152Y	S2152
dbsnp_benign	gnomad_13_32341103_A_G_80358899r1880	BRCA2	T2250A	T2250
dbsnp_benign	gnomad_13_32341158_G_A_80358906r1881	BRCA2	R2268K	R2268
dbsnp_benign	gnomad_13_32341176_G_T_55712212r1882	BRCA2	G2274V	G2274
dbsnp_benign	gnomad_13_32344651_A_T_80358916r1883	BRCA2	D2312V	D2312
dbsnp_benign	gnomad_13_32346842_G_A_80358921r1884	BRCA2	R2318Q	R2318
dbsnp_benign	gnomad_13_32354870_G_C_45574331r1885	BRCA2	K2339N	K2339
dbsnp_benign	gnomad_13_32354905_C_G_80358932r1887	BRCA2	A2351G	A2351
dbsnp_benign	gnomad_13_32354910_G_C_80358935r1888	BRCA2	G2353R	G2353
dbsnp_benign	gnomad_13_32354955_T_G_397507382r1889	BRCA2	L2368V	L2368
dbsnp_benign	gnomad_13_32355003_C_A_55977008r1890	BRCA2	Q2384K	Q2384
dbsnp_benign	gnomad_13_32355041_G_A_587780871r1891	BRCA2	L2396L	L2396
dbsnp_benign	gnomad_13_32355041_G_T_587780871r1892	BRCA2	L2396F	L2396
dbsnp_benign	gnomad_13_32355085_A_C_80358950r1893	BRCA2	K2411T	K2411
dbsnp_benign	gnomad_13_32355140_G_A_786202210r1894	BRCA2	E2429E	E2429
dbsnp_benign	gnomad_13_32355160_A_T_80358955r1895	BRCA2	N2436I	N2436
dbsnp_benign	gnomad_13_32355268_A_C_80358963r1897	BRCA2	K2472T	K2472
dbsnp_benign	gnomad_13_32355268_A_T_80358963r1898	BRCA2	K2472M	K2472
dbsnp_benign	gnomad_13_32356497_G_A_56070345r1899	BRCA2	R2502H	R2502
dbsnp_benign	gnomad_13_32356514_G_A_80358978r1900	BRCA2	G2508S	G2508
dbsnp_benign	gnomad_13_32356526_C_T_80358980r1901	BRCA2	L2512F	L2512
dbsnp_benign	gnomad_13_32356536_C_T_28897744r1902	BRCA2	T2515I	T2515
dbsnp_benign	gnomad_13_32356557_C_T_80358985r1903	BRCA2	S2522F	S2522
dbsnp_benign	gnomad_13_32362633_C_T_774723315r1906	BRCA2	P2639L	P2639
dbsnp_benign	gnomad_13_32363187_C_T_431825362r1907	BRCA2	T2662M	T2662
dbsnp_benign	gnomad_13_32363196_A_G_28897745r1908	BRCA2	D2665G	D2665
dbsnp_benign	gnomad_13_32363209_A_G_143999963r1909	BRCA2	R2669R	R2669
dbsnp_benign	gnomad_13_32363288_T_C_767912817r1910	BRCA2	L2696L	L2696
dbsnp_benign	gnomad_13_32363292_G_A_80359051r1911	BRCA2	S2697N	S2697
dbsnp_benign	gnomad_13_32363319_A_G_80359055r1912	BRCA2	N2706S	N2706
dbsnp_benign	gnomad_13_32363351_G_T_28897747r1913	BRCA2	A2717S	A2717
dbsnp_benign	gnomad_13_32363356_T_C_148880015r1914	BRCA2	I2718I	I2718
dbsnp_benign	gnomad_13_32363384_G_A_28897749r1915	BRCA2	V2728I	V2728
dbsnp_benign	gnomad_13_32363389_G_T_80359065r1916	BRCA2	K2729N	K2729
dbsnp_benign	gnomad_13_32363417_G_A_80359069r1918	BRCA2	V2739I	V2739
dbsnp_benign	gnomad_13_32363417_G_T_80359069r1920	BRCA2	V2739F	V2739
dbsnp_benign	gnomad_13_32363510_G_A_397507974r1921	BRCA2	A2770T	A2770
dbsnp_benign	gnomad_13_32370971_T_C_11571746r1922	BRCA2	S2835P	S2835
dbsnp_benign	gnomad_13_32370993_G_A_80359105r1923	BRCA2	R2842H	R2842
dbsnp_benign	gnomad_13_32371035_A_C_11571747r1925	BRCA2	E2856A	E2856
dbsnp_benign	gnomad_13_32371041_A_G_80359114r1926	BRCA2	Q2858R	Q2858
dbsnp_benign	gnomad_13_32376699_C_T_80359123r1927	BRCA2	R2888C	R2888
dbsnp_benign	gnomad_13_32376731_G_A_556762256r1928	BRCA2	L2898L	L2898
dbsnp_benign	gnomad_13_32376739_G_A_80359129r1929	BRCA2	G2901D	G2901
dbsnp_benign	gnomad_13_32379326_A_G_80359132r1930	BRCA2	S2922G	S2922
dbsnp_benign	gnomad_13_32379392_A_T_4987047r1931	BRCA2	I2944F	I2944
dbsnp_benign	gnomad_13_32379412_G_T_28897754r1933	BRCA2	K2950N	K2950
dbsnp_benign	gnomad_13_32379413_G_A_11571769r1934	BRCA2	A2951T	A2951
dbsnp_benign	gnomad_13_32379467_G_A_59004709r1936	BRCA2	V2969M	V2969
dbsnp_benign	gnomad_13_32379479_C_T_45469092r1937	BRCA2	R2973C	R2973
dbsnp_benign	gnomad_13_32379768_G_A_80359150r1938	BRCA2	R2991H	R2991
dbsnp_benign	gnomad_13_32379834_C_T_28897755r1939	BRCA2	T3013I	T3013
dbsnp_benign	gnomad_13_32379839_A_G_587781497r1940	BRCA2	K3015E	K3015
dbsnp_benign	gnomad_13_32379881_G_A_56179254r1941	BRCA2	A3029T	A3029
dbsnp_benign	gnomad_13_32379900_A_C_80359165r1942	BRCA2	Y3035S	Y3035
dbsnp_benign	gnomad_13_32379900_A_G_80359165r1943	BRCA2	Y3035C	Y3035
dbsnp_benign	gnomad_13_32380064_A_G_80359174r1944	BRCA2	K3059E	K3059
dbsnp_benign	gnomad_13_32380124_G_A_55933907r1945	BRCA2	V3079I	V3079
dbsnp_benign	gnomad_13_32394702_C_T_587780873r1946	BRCA2	F3090F	F3090
dbsnp_benign	gnomad_13_32394724_T_C_41293521r1947	BRCA2	Y3098H	Y3098
dbsnp_benign	gnomad_13_32396905_A_G_80359224r1948	BRCA2	D3170G	D3170
dbsnp_benign	gnomad_13_32396943_A_G_377123889r1949	BRCA2	I3183V	I3183
dbsnp_benign	gnomad_13_32396982_A_G_80359228r1950	BRCA2	K3196E	K3196
dbsnp_benign	gnomad_13_32396988_T_C_80359229r1951	BRCA2	C3198R	C3198
dbsnp_benign	gnomad_13_32397030_G_C_55775473r1952	BRCA2	G3212R	G3212
dbsnp_benign	gnomad_13_32398350_A_G_730881598r1953	BRCA2	L3279L	L3279
dbsnp_benign	gnomad_13_32398388_C_T_56121817r1954	BRCA2	P3292L	P3292
dbsnp_benign	gnomad_13_32398462_C_T_777488349r1955	BRCA2	L3317L	L3317
dbsnp_benign	gnomad_13_32398558_A_G_80358387r1956	BRCA2	T3349A	T3349
dbsnp_benign	gnomad_13_32398623_G_A_28897762r1957	BRCA2	R3370R	R3370
dbsnp_benign	gnomad_13_32398634_C_T_56309455r1959	BRCA2	T3374I	T3374
dbsnp_benign	gnomad_13_32398663_C_T_397507568r1960	BRCA2	R3384NA	R3384
dbsnp_benign	gnomad_13_32398666_C_T_397507261r1961	BRCA2	R3385C	R3385
dbsnp_benign	gnomad_13_32398667_G_A_80358398r1962	BRCA2	R3385H	R3385
dbsnp_benign	gnomad_13_32316513_G_A_80358762r1963	BRCA2	R18H	R18
dbsnp_benign	gnomad_17_61683587_A_G_4987050r1964	BRIP1	D1153D	D1153
dbsnp_benign	gnomad_17_61683668_T_G_145855459r1966	BRIP1	E1126D	E1126
dbsnp_benign	gnomad_17_61683710_A_G_369843642r1967	BRIP1	D1112D	D1112
dbsnp_benign	gnomad_17_61683710_A_T_369843642r1968	BRIP1	D1112E	D1112
dbsnp_benign	gnomad_17_61684109_T_C_75091137r1969	BRIP1	K979K	K979
dbsnp_benign	gnomad_17_61685911_G_C_140233356r1970	BRIP1	Q944E	Q944
dbsnp_benign	gnomad_17_61744457_G_A_374362388r1973	BRIP1	D744D	D744
dbsnp_benign	gnomad_17_61744589_T_C_766047812r1975	BRIP1	L700L	L700
dbsnp_benign	gnomad_17_61784272_G_A_373709958r1976	BRIP1	S542S	S542
dbsnp_benign	gnomad_17_61793637_T_C_45501097r1978	BRIP1	H478R	H478
dbsnp_benign	gnomad_17_61793714_G_A_730881640r1980	BRIP1	N452N	N452
dbsnp_benign	gnomad_17_61799246_G_A_757427498r1981	BRIP1	I398I	I398
dbsnp_benign	gnomad_17_61801322_T_C_761017296r1982	BRIP1	E357E	E357
dbsnp_benign	gnomad_17_61801469_T_C_374974885r1983	BRIP1	K308K	K308
dbsnp_benign	gnomad_17_61808495_T_C_28997570r1984	BRIP1	K297R	K297
dbsnp_benign	gnomad_17_61808595_G_A_28997569r1985	BRIP1	R264W	R264
dbsnp_benign	gnomad_17_61808683_C_T_45512798r1986	BRIP1	K234K	K234
dbsnp_benign	gnomad_17_61847141_T_C_550707862r1987	BRIP1	N196S	N196
dbsnp_benign	gnomad_17_61847144_A_G_4988347r1988	BRIP1	L195P	L195
dbsnp_benign	gnomad_17_61847151_C_T_4988346r1990	BRIP1	V193I	V193
dbsnp_benign	gnomad_17_61847211_G_A_4988345r1992	BRIP1	R173C	R173
dbsnp_benign	gnomad_17_61857120_C_T_143615668r1993	BRIP1	R106H	R106
dbsnp_benign	gnomad_17_61857140_G_A_201617644r1994	BRIP1	D99D	D99
dbsnp_benign	gnomad_17_61859806_T_C_141436143r1995	BRIP1	Q65Q	Q65
dbsnp_benign	gnomad_11_62692394_G_A_185341934r1996	BSCL2	A218V	A218
dbsnp_benign	gnomad_11_62690476_A_G_145649423r1998	BSCL2	L363P	L363
dbsnp_benign	gnomad_11_62690679_G_A_17850877r2000	BSCL2	S325S	S325
dbsnp_benign	gnomad_X_101353919_T_C_146681416r2001	BTK	E567E	E567
dbsnp_benign	gnomad_X_101356881_A_G_144079566r2003	BTK	Y418H	Y418
dbsnp_benign	gnomad_15_40220617_A_G_34998711r2004	BUB1B	N1004S	N1004
dbsnp_benign	gnomad_19_29702725_T_C_73023451r2006	C19orf12	Q138R	Q138
dbsnp_benign	gnomad_19_29702747_T_C_146170087r2007	C19orf12	K131E	K131
dbsnp_benign	gnomad_19_16495819_T_C_149634686r2009	CALR3	N42S	N42
dbsnp_benign	gnomad_1_22637683_G_A_17887074r2010	C1QA	E23K	E23
dbsnp_benign	gnomad_6_31928126_C_T_137902889r2012	C2	P73L	P73
dbsnp_benign	gnomad_6_31933606_G_A_9332719r2014	N/A	NAN/ANA	NAN/A
dbsnp_benign	gnomad_6_31936009_C_G_532091149r2016	C2	N312K	N312
dbsnp_benign	gnomad_6_31936027_G_C_9332739r2017	C2	E318D	E318
dbsnp_benign	gnomad_6_31943314_A_G_145988012r2019	C2	I484V	I484
dbsnp_benign	gnomad_11_74100598_C_T_117535770r2020	C2CD3	V887M	V887
dbsnp_benign	gnomad_11_74139608_G_A_149910292r2022	C2CD3	P235L	P235
dbsnp_benign	gnomad_19_6678019_T_G_2230210r2024	C3	S1619R	S1619
dbsnp_benign	gnomad_19_6678441_G_T_149202905r2025	C3	L1549M	L1549
dbsnp_benign	gnomad_19_6678441_G_A_149202905r2026	C3	L1549L	L1549
dbsnp_benign	gnomad_19_6707118_G_A_117793540r2028	C3	R735W	R735
dbsnp_benign	gnomad_19_6707902_T_A_144432231r2029	C3	I625F	I625
dbsnp_benign	gnomad_19_6710702_G_A_202078483r2030	C3	S541S	S541
dbsnp_benign	gnomad_19_6718135_T_G_147859257r2031	C3	K155Q	K155
dbsnp_benign	gnomad_6_32027362_A_G_796750528r2032	C4B	T907A	T907
dbsnp_benign	gnomad_6_32027362_A_T_796750528r2033	C4B	T907S	T907
dbsnp_benign	gnomad_17_60156705_C_T_185476073r2034	CA4	N86N	N86
dbsnp_benign	gnomad_17_60158078_C_A_185942554r2035	CA4	N177K	N177
dbsnp_benign	gnomad_17_60159354_C_T_146141867r2037	CA4	P290L	P290
dbsnp_benign	gnomad_8_60266015_T_C_7464181r2039	CA8	E109E	E109
dbsnp_benign	gnomad_19_13208952_C_T_373192655r2040	CACNA1A	R2195Q	R2195
dbsnp_benign	gnomad_19_13209372_G_A_554393704r2042	CACNA1A	R2156C	R2156
dbsnp_benign	gnomad_19_13209372_G_C_554393704r2043	CACNA1A	R2156G	R2156
dbsnp_benign	gnomad_19_13212141_G_T_200093958r2044	CACNA1A	R2089R	R2089
dbsnp_benign	gnomad_19_13212512_C_T_202002033r2045	CACNA1A	E2021K	E2021
dbsnp_benign	gnomad_19_13214276_C_T_199886234r2046	CACNA1A	R1966Q	R1966
dbsnp_benign	gnomad_19_13224748_C_T_201836062r2048	CACNA1A	V1884I	V1884
dbsnp_benign	gnomad_19_13283388_C_T_373183625r2049	CACNA1A	R1234H	R1234
dbsnp_benign	gnomad_19_13286599_G_C_201612257r2050	CACNA1A	Q1153E	Q1153
dbsnp_benign	gnomad_19_13286748_G_A_554455455r2051	CACNA1A	P1103L	P1103
dbsnp_benign	gnomad_19_13286752_C_T_372823282r2052	CACNA1A	D1102N	D1102
dbsnp_benign	gnomad_19_13298593_C_T_16024r2053	CACNA1A	E1014K	E1014
dbsnp_benign	gnomad_19_13298810_C_T_374511141r2054	CACNA1A	E941E	E941
dbsnp_benign	gnomad_19_13298874_G_C_538079885r2056	CACNA1A	A920G	A920
dbsnp_benign	gnomad_19_13298896_G_A_16020r2058	CACNA1A	P913S	P913
dbsnp_benign	gnomad_19_13298946_G_C_121908242r2060	CACNA1A	P896R	P896
dbsnp_benign	gnomad_12_2115283_G_A_34534613r2061	CACNA1C	G37R	G37
dbsnp_benign	gnomad_12_2550020_G_A_121912775r2063	CACNA1C	G490R	G490
dbsnp_benign	gnomad_12_2585485_C_T_112532048r2064	CACNA1C	P817S	P817
dbsnp_benign	gnomad_12_2607008_C_T_111606207r2065	CACNA1C	D1078D	D1078
dbsnp_benign	gnomad_12_2651595_C_G_201551454r2067	CACNA1C	P1323A	P1323
dbsnp_benign	gnomad_12_2651595_C_T_201551454r2069	CACNA1C	P1323S	P1323
dbsnp_benign	gnomad_12_2677206_C_T_773832706r2070	CACNA1C	N1655N	N1655
dbsnp_benign	gnomad_12_2679587_C_T_201861473r2071	CACNA1C	H1753H	H1753
dbsnp_benign	gnomad_12_2679587_C_G_201861473r2072	CACNA1C	H1753Q	H1753
dbsnp_benign	gnomad_12_2680515_G_A_765829807r2073	CACNA1C	C1855Y	C1855
dbsnp_benign	gnomad_12_2682039_G_A_10774054r2074	CACNA1C	R1923K	R1923
dbsnp_benign	gnomad_12_2682039_G_T_10774054r2075	CACNA1C	R1923I	R1923
dbsnp_benign	gnomad_12_2682634_T_C_371831239r2076	CACNA1C	H1851H	H1851
dbsnp_benign	gnomad_12_2685755_G_A_200231105r2077	CACNA1C	E1873K	E1873
dbsnp_benign	gnomad_12_2685799_C_A_569227029r2079	CACNA1C	I1887I	I1887
dbsnp_benign	gnomad_12_2685799_C_T_569227029r2080	CACNA1C	I1887I	I1887
dbsnp_benign	gnomad_12_2685801_G_A_182208896r2081	CACNA1C	R1888Q	R1888
dbsnp_benign	gnomad_12_2685827_C_T_185788586r2083	CACNA1C	R1897C	R1897
dbsnp_benign	gnomad_12_2688580_G_A_112414325r2085	CACNA1C	R1981Q	R1981
dbsnp_benign	gnomad_1_181732860_G_A_373971175r2087	CACNA1E	R925H	R925
dbsnp_benign	gnomad_X_49208621_C_A_139409733r2088	CACNA1F	G1684W	G1684
dbsnp_benign	gnomad_X_49208621_C_T_139409733r2089	CACNA1F	G1684R	G1684
dbsnp_benign	gnomad_16_1195057_G_A_187596702r2090	CACNA1H	G129S	G129
dbsnp_benign	gnomad_16_1204064_C_T_145376050r2091	CACNA1H	P686L	P686
dbsnp_benign	gnomad_16_1204160_A_C_538923520r2092	CACNA1H	E718A	E718
dbsnp_benign	gnomad_16_1206259_C_T_59052554r2093	CACNA1H	T920M	T920
dbsnp_benign	gnomad_16_1208064_G_A_57633676r2095	CACNA1H	R1069Q	R1069
dbsnp_benign	gnomad_16_1208119_C_A_57606792r2097	CACNA1H	T1087T	T1087
dbsnp_benign	gnomad_16_1208189_G_A_59529743r2098	CACNA1H	G1111R	G1111
dbsnp_benign	gnomad_16_1212093_C_T_199693105r2100	CACNA1H	R1572W	R1572
dbsnp_benign	gnomad_16_1213805_C_G_559982155r2101	CACNA1H	A1601A	A1601
dbsnp_benign	gnomad_16_1213805_C_T_559982155r2102	CACNA1H	A1601A	A1601
dbsnp_benign	gnomad_16_1213819_C_T_59286323r2103	CACNA1H	T1606M	T1606
dbsnp_benign	gnomad_16_1213838_G_A_58033848r2104	CACNA1H	S1612S	S1612
dbsnp_benign	gnomad_16_1213838_G_T_58033848r2105	CACNA1H	S1612S	S1612
dbsnp_benign	gnomad_16_1215315_G_A_148651456r2106	CACNA1H	A1705T	A1705
dbsnp_benign	gnomad_16_1218979_C_T_72552054r2108	CACNA1H	A1966V	A1966
dbsnp_benign	gnomad_16_1219006_C_T_186422070r2110	CACNA1H	S1975F	S1975
dbsnp_benign	gnomad_16_1220166_C_T_59844753r2111	CACNA1H	C2078C	C2078
dbsnp_benign	gnomad_16_1220554_G_A_60445853r2113	CACNA1H	A2208T	A2208
dbsnp_benign	gnomad_16_1220585_G_A_56885166r2114	CACNA1H	R2218H	R2218
dbsnp_benign	gnomad_16_1220780_A_T_58597457r2115	CACNA1H	D2283V	D2283
dbsnp_benign	gnomad_16_1220866_A_G_58535913r2116	CACNA1H	M2312V	M2312
dbsnp_benign	gnomad_16_1200446_G_A_59650398r2118	CACNA1H	A332T	A332
dbsnp_benign	gnomad_16_1201963_C_T_60414549r2120	CACNA1H	R505C	R505
dbsnp_benign	gnomad_1_201047606_C_T_533353353r2122	CACNA1S	E1488K	E1488
dbsnp_benign	gnomad_1_201051037_T_A_145910245r2123	CACNA1S	T1354S	T1354
dbsnp_benign	gnomad_1_201054543_C_T_148870919r2125	CACNA1S	G1210R	G1210
dbsnp_benign	gnomad_1_201060741_C_T_200558548r2126	CACNA1S	V1111M	V1111
dbsnp_benign	gnomad_1_201062005_C_T_116347156r2127	CACNA1S	D998N	D998
dbsnp_benign	gnomad_1_201066950_C_T_545411173r2128	CACNA1S	R865H	R865
dbsnp_benign	gnomad_1_201069148_T_C_764821044r2130	CACNA1S	I847V	I847
dbsnp_benign	gnomad_1_201069522_C_T_139956524r2131	CACNA1S	A814T	A814
dbsnp_benign	gnomad_1_201073607_G_A_147112322r2132	CACNA1S	T700M	T700
dbsnp_benign	gnomad_1_201075540_T_C_201784750r2133	CACNA1S	M635V	M635
dbsnp_benign	gnomad_1_201077036_C_T_114191482r2134	CACNA1S	V571I	V571
dbsnp_benign	gnomad_1_201077077_C_T_4915212r2136	CACNA1S	R557H	R557
dbsnp_benign	gnomad_1_201077951_G_A_140662085r2137	CACNA1S	S516L	S516
dbsnp_benign	gnomad_1_201083231_C_T_572977674r2138	CACNA1S	V442I	V442
dbsnp_benign	gnomad_1_201089263_A_G_35856559r2139	CACNA1S	Y299H	Y299
dbsnp_benign	gnomad_1_201039883_C_T_72749169r2141	CACNA1S	S1857N	S1857
dbsnp_benign	gnomad_1_201039899_C_T_540721779r2142	CACNA1S	G1852R	G1852
dbsnp_benign	gnomad_1_201039938_G_A_149547196r2143	CACNA1S	P1839S	P1839
dbsnp_benign	gnomad_1_201039943_T_G_200765341r2144	CACNA1S	E1837A	E1837
dbsnp_benign	gnomad_1_201040302_G_A_200434921r2145	CACNA1S	P1767S	P1767
dbsnp_benign	gnomad_1_201040302_G_T_200434921r2146	CACNA1S	P1767T	P1767
dbsnp_benign	gnomad_1_201041551_G_A_367577681r2147	CACNA1S	T1696M	T1696
dbsnp_benign	gnomad_7_81959300_T_G_35131433r2148	CACNA2D1	D1057A	D1057
dbsnp_benign	gnomad_7_81969925_C_G_151327713r2149	CACNA2D1	S767T	S767
dbsnp_benign	gnomad_7_81971792_C_T_78086631r2150	CACNA2D1	S721N	S721
dbsnp_benign	gnomad_7_81971860_G_A_147499376r2151	CACNA2D1	N698N	N698
dbsnp_benign	gnomad_3_50364700_G_A_150832847r2152	CACNA2D2	P1140L	P1140
dbsnp_benign	gnomad_12_1913030_G_C_202054008r2153	CACNA2D4	A140G	A140
dbsnp_benign	gnomad_12_1913030_G_A_202054008r2154	CACNA2D4	A140V	A140
dbsnp_benign	gnomad_12_1800416_G_A_201325274r2156	CACNA2D4	A964V	A964
dbsnp_benign	gnomad_10_18141194_T_C_751631146r2158	CACNB2	S5S	S5
dbsnp_benign	gnomad_10_18141194_T_G_751631146r2159	CACNB2	S5R	S5
dbsnp_benign	gnomad_10_18150971_G_A_150722502r2160	CACNB2	R70H	R70
dbsnp_benign	gnomad_10_18506499_T_C_538160664r2162	CACNB2	L208L	L208
dbsnp_benign	gnomad_10_18515022_G_A_142899184r2163	CACNB2	G238D	G238
dbsnp_benign	gnomad_10_18539411_C_T_137886839r2165	CACNB2	S557L	S557
dbsnp_benign	gnomad_10_18539411_C_G_137886839r2166	CACNB2	S557W	S557
dbsnp_benign	gnomad_10_18539557_C_G_61733968r2168	CACNB2	R606G	R606
dbsnp_benign	gnomad_10_18539557_C_T_61733968r2169	CACNB2	R606W	R606
dbsnp_benign	gnomad_10_18539706_T_G_58225473r2171	CACNB2	D655E	D655
dbsnp_benign	gnomad_10_18539706_T_C_58225473r2173	CACNB2	D655D	D655
dbsnp_benign	gnomad_10_18536187_G_A_148414498r2174	CACNB2	Q431Q	Q431
dbsnp_benign	gnomad_2_151860808_C_T_2293219r2175	CACNB4	T257T	T257
dbsnp_benign	gnomad_2_151870575_T_C_201870832r2176	CACNB4	M219V	M219
dbsnp_benign	gnomad_2_151880879_C_A_1805031r2178	CACNB4	C104F	C104
dbsnp_benign	gnomad_2_152098968_G_C_200662010r2179	CACNB4	P15R	P15
dbsnp_benign	gnomad_2_152098972_C_G_573977862r2180	CACNB4	G14R	G14
dbsnp_benign	gnomad_2_152098972_C_T_573977862r2181	CACNB4	G14R	G14
dbsnp_benign	gnomad_2_152099004_G_A_542973906r2182	CACNB4	S3F	S3
dbsnp_benign	gnomad_2_152099007_G_A_200092211r2183	CACNB4	S2F	S2
dbsnp_benign	gnomad_2_27238500_T_C_144692793r2184	CAD	F1644L	F1644
dbsnp_benign	gnomad_19_16482518_C_T_10404156r2186	CALR3	D284N	D284
dbsnp_benign	gnomad_19_16482520_G_A_75099211r2188	CALR3	T283I	T283
dbsnp_benign	gnomad_1_7732460_G_A_61741616r2189	CAMTA1	R976K	R976
dbsnp_benign	gnomad_1_7737443_C_G_41278952r2190	CAMTA1	N1177K	N1177
dbsnp_benign	gnomad_1_7737565_A_C_41278954r2192	CAMTA1	N1218T	N1218
dbsnp_benign	gnomad_1_7738307_C_T_137974312r2194	CAMTA1	T1336I	T1336
dbsnp_benign	gnomad_17_78993633_T_A_139486406r2195	CANT1	M375L	M375
dbsnp_benign	gnomad_17_78997190_C_A_140112462r2197	CANT1	V145L	V145
dbsnp_benign	gnomad_17_78997190_C_G_140112462r2198	CANT1	V145L	V145
dbsnp_benign	gnomad_17_78997190_C_T_140112462r2199	CANT1	V145M	V145
dbsnp_benign	gnomad_17_78997429_G_A_200811852r2200	CANT1	A65V	A65
dbsnp_benign	gnomad_15_42387805_C_T_35889956r2202	CAPN3	T184M	T184
dbsnp_benign	gnomad_11_77123841_C_A_111264315r2204	CAPN5	L632I	L632
dbsnp_benign	gnomad_1_112619878_G_A_149653791r2205	CAPZA1	E12K	E12
dbsnp_benign	gnomad_7_2938751_G_A_149430714r2206	CARD11	D315D	D315
dbsnp_benign	gnomad_17_80181623_G_A_115582620r2207	CARD14	R62Q	R62
dbsnp_benign	gnomad_17_80184089_G_C_144475004r2209	CARD14	D176H	D176
dbsnp_benign	gnomad_17_80184162_G_T_114688446r2211	CARD14	S200I	S200
dbsnp_benign	gnomad_17_80184162_G_A_114688446r2212	CARD14	S200N	S200
dbsnp_benign	gnomad_17_80189840_C_A_145167842r2214	CARD14	R311R	R311
dbsnp_benign	gnomad_17_80189869_G_A_144207494r2215	CARD14	E320E	E320
dbsnp_benign	gnomad_17_80191324_C_T_141698692r2217	CARD14	A364V	A364
dbsnp_benign	gnomad_17_80191403_C_T_74951924r2218	CARD14	F390F	F390
dbsnp_benign	gnomad_17_80192527_G_A_61751629r2220	CARD14	E422K	E422
dbsnp_benign	gnomad_17_80198512_C_T_200102454r2222	CARD14	T591M	T591
dbsnp_benign	gnomad_16_67648288_C_G_202220889r2224	CARMIL2	D436E	D436
dbsnp_benign	gnomad_13_110642407_C_T_147216443r2225	CARS2	A511T	A511
dbsnp_benign	gnomad_13_110647166_G_A_142070578r2227	CARS2	D376D	D376
dbsnp_benign	gnomad_X_41534726_C_T_137964936r2229	CASK	R766Q	R766
dbsnp_benign	gnomad_2_201209363_A_T_80358239r2230	CASP10	I406L	I406
dbsnp_benign	gnomad_1_115705203_C_T_141314684r2232	CASQ2	D310N	D310
dbsnp_benign	gnomad_1_115725517_A_G_181769947r2234	CASQ2	F258F	F258
dbsnp_benign	gnomad_1_115725517_A_T_181769947r2236	CASQ2	F258L	F258
dbsnp_benign	gnomad_3_122261783_G_A_62269092r2237	CASR	E250K	E250
dbsnp_benign	gnomad_3_122261950_C_A_200528343r2238	CASR	I305I	I305
dbsnp_benign	gnomad_3_122261950_C_G_200528343r2239	CASR	I305M	I305
dbsnp_benign	gnomad_3_122262320_C_T_142818334r2240	CASR	H429Y	H429
dbsnp_benign	gnomad_3_122262368_A_G_12493789r2241	CASR	T445A	T445
dbsnp_benign	gnomad_3_122282135_G_A_115230894r2243	CASR	R544Q	R544
dbsnp_benign	gnomad_3_122284018_C_T_150869744r2245	CASR	F688F	F688
dbsnp_benign	gnomad_3_122284778_G_A_76327999r2246	CASR	E942K	E942
dbsnp_benign	gnomad_3_122285045_G_A_142704083r2249	CASR	G1031S	G1031
dbsnp_benign	gnomad_1_10665356_G_A_183516103r2250	CASZ1	R78C	R78
dbsnp_benign	gnomad_11_66021536_G_A_1783562r2252	CATSPER1	L551L	L551
dbsnp_benign	gnomad_11_66025323_C_T_1191715r2254	CATSPER1	V353I	V353
dbsnp_benign	gnomad_11_66025497_G_A_150803613r2256	CATSPER1	R295W	R295
dbsnp_benign	gnomad_3_8733975_C_T_1008642r2258	CAV3	N33N	N33
dbsnp_benign	gnomad_3_8745576_C_T_759446749r2260	CAV3	D55D	D55
dbsnp_benign	gnomad_3_8745576_C_G_759446749r2261	CAV3	D55E	D55
dbsnp_benign	gnomad_3_8745577_G_A_72546667r2262	CAV3	G56S	G56
dbsnp_benign	gnomad_3_8745644_C_T_72546668r2264	CAV3	T78M	T78
dbsnp_benign	gnomad_3_8745854_G_A_140575619r2265	CAV3	R148Q	R148
dbsnp_benign	gnomad_11_119278569_C_T_148368481r2266	CBL	I429I	I429
dbsnp_benign	gnomad_11_119284996_A_G_17848896r2267	CBL	M487V	M487
dbsnp_benign	gnomad_11_119285065_C_G_538054260r2268	CBL	P510A	P510
dbsnp_benign	gnomad_11_119285272_C_A_369030902r2269	CBL	D549E	D549
dbsnp_benign	gnomad_11_119287852_A_C_143264567r2270	CBL	S648R	S648
dbsnp_benign	gnomad_11_119296941_C_T_146705974r2271	CBL	P687L	P687
dbsnp_benign	gnomad_11_119297446_C_T_2227986r2272	CBL	S739F	S739
dbsnp_benign	gnomad_11_119298422_T_G_774428573r2273	CBL	D772E	D772
dbsnp_benign	gnomad_11_119298469_G_A_150811339r2274	CBL	R788Q	R788
dbsnp_benign	gnomad_11_119299629_C_T_201631570r2275	CBL	L857F	L857
dbsnp_benign	gnomad_11_119299648_A_G_146250423r2276	CBL	N863S	N863
dbsnp_benign	gnomad_11_119299770_G_A_17122769r2277	CBL	V904I	V904
dbsnp_benign	gnomad_11_59843942_C_T_11825834r2279	CBLIF	G65R	G65
dbsnp_benign	gnomad_21_43053893_C_T_150828989r2281	CBS	R548Q	R548
dbsnp_benign	gnomad_21_43056816_G_A_187828882r2282	CBS	H513H	H513
dbsnp_benign	gnomad_21_43068521_T_G_34040148r2283	CBS	K102Q	K102
dbsnp_benign	gnomad_21_43068610_T_A_192232907r2285	CBS	K72I	K72
dbsnp_benign	gnomad_21_43072142_G_A_201827340r2287	CBS	R18C	R18
dbsnp_benign	gnomad_21_43072142_G_T_201827340r2288	CBS	R18S	R18
dbsnp_benign	gnomad_19_13913456_C_T_61740117r2290	CC2D1A	A189V	A189
dbsnp_benign	gnomad_19_13918814_A_C_11883041r2292	CC2D1A	T339P	T339
dbsnp_benign	gnomad_19_13920599_C_G_199717745r2294	CC2D1A	P467A	P467
dbsnp_benign	gnomad_19_13923430_C_T_202057391r2295	CC2D1A	T580I	T580
dbsnp_benign	gnomad_19_13927978_C_T_2305777r2297	CC2D1A	T801M	T801
dbsnp_benign	gnomad_19_13928006_C_G_199683318r2299	CC2D1A	D810E	D810
dbsnp_benign	gnomad_19_13930083_G_A_11669628r2301	CC2D1A	A906T	A906
dbsnp_benign	gnomad_4_15502836_T_G_186264635r2303	CC2D2A	S117R	S117
dbsnp_benign	gnomad_4_15538112_G_A_16892134r2304	CC2D2A	V660I	V660
dbsnp_benign	gnomad_4_15538112_G_C_16892134r2305	CC2D2A	V660L	V660
dbsnp_benign	gnomad_4_15540950_G_A_778205727r2306	CC2D2A	R706Q	R706
dbsnp_benign	gnomad_4_15553294_C_T_113835820r2307	CC2D2A	I825I	I825
dbsnp_benign	gnomad_4_15557491_T_C_61740537r2309	CC2D2A	M938T	M938
dbsnp_benign	gnomad_4_15559217_T_C_76626268r2310	CC2D2A	I961T	I961
dbsnp_benign	gnomad_4_15580068_T_C_370492044r2311	CC2D2A	I1291T	I1291
dbsnp_benign	gnomad_4_15570411_G_A_61734948r2312	CC2D2A	R1170K	R1170
dbsnp_benign	gnomad_4_15514710_G_A_62000428r2314	CC2D2A	E241K	E241
dbsnp_benign	gnomad_4_15515909_T_C_201465430r2316	CC2D2A	F308L	F308
dbsnp_benign	gnomad_18_59466751_G_A_116596858r2318	CCBE1	P181S	P181
dbsnp_benign	gnomad_18_59697220_G_T_80008675r2319	CCBE1	D41E	D41
dbsnp_benign	gnomad_X_49247746_C_G_144685788r2321	CCDC22	T357S	T357
dbsnp_benign	gnomad_3_180651495_G_A_183413880r2322	CCDC39	T358I	T358
dbsnp_benign	gnomad_3_180659682_C_T_61733578r2323	CCDC39	A202T	A202
dbsnp_benign	gnomad_3_180661985_C_T_115952495r2324	CCDC39	R78H	R78
dbsnp_benign	gnomad_17_80040052_A_G_201709592r2326	CCDC40	T112A	T112
dbsnp_benign	gnomad_17_80047357_G_A_150615436r2328	CCDC40	D211N	D211
dbsnp_benign	gnomad_17_80048756_G_C_201042940r2330	CCDC40	D284H	D284
dbsnp_benign	gnomad_17_80050247_A_C_61734951r2332	CCDC40	K375Q	K375
dbsnp_benign	gnomad_17_80050256_G_A_116795025r2334	CCDC40	A378T	A378
dbsnp_benign	gnomad_17_80081656_C_G_191736683r2336	CCDC40	T558R	T558
dbsnp_benign	gnomad_17_80086022_T_C_117203086r2337	CCDC40	L752P	L752
dbsnp_benign	gnomad_17_80086103_G_A_183809462r2339	CCDC40	R779H	R779
dbsnp_benign	gnomad_17_80089836_C_T_118143944r2340	CCDC40	I928I	I928
dbsnp_benign	gnomad_17_80089837_G_A_59896146r2342	CCDC40	G929S	G929
dbsnp_benign	gnomad_17_80095330_G_T_61686936r2344	CCDC40	R967L	R967
dbsnp_benign	gnomad_17_80095330_G_A_61686936r2345	CCDC40	R967H	R967
dbsnp_benign	gnomad_17_80058912_G_A_372976809r2347	CCDC40	A458T	A458
dbsnp_benign	gnomad_17_80065575_G_A_59978698r2349	CCDC40	E511K	E511
dbsnp_benign	gnomad_17_80065575_G_T_59978698r2351	CCDC40	E511NA	E511
dbsnp_benign	gnomad_3_191382779_A_G_114146378r2352	CCDC50	K250E	K250
dbsnp_benign	gnomad_12_48918898_G_T_117646559r2353	CCDC65	D341Y	D341
dbsnp_benign	gnomad_12_48921417_G_A_117927481r2355	CCDC65	G477S	G477
dbsnp_benign	gnomad_16_723105_C_T_150304459r2357	CCDC78	R397H	R397
dbsnp_benign	gnomad_16_723106_G_A_559942514r2359	CCDC78	R397C	R397
dbsnp_benign	gnomad_16_724386_G_A_61998220r2360	CCDC78	R297C	R297
dbsnp_benign	gnomad_16_724472_G_A_77707419r2362	CCDC78	T268M	T268
dbsnp_benign	gnomad_16_724709_C_T_147606575r2364	CCDC78	R246Q	R246
dbsnp_benign	gnomad_14_91278091_C_T_115510695r2366	CCDC88C	R1630H	R1630
dbsnp_benign	gnomad_14_91289113_A_G_201222692r2368	CCDC88C	V1478A	V1478
dbsnp_benign	gnomad_14_91289219_C_T_189215037r2369	CCDC88C	A1443T	A1443
dbsnp_benign	gnomad_14_91289281_G_A_202217944r2371	CCDC88C	S1422L	S1422
dbsnp_benign	gnomad_6_112064941_A_T_35374349r2373	CCN6	N178I	N178
dbsnp_benign	gnomad_12_4278872_C_G_143681287r2375	CCND2	S175C	S175
dbsnp_benign	gnomad_5_87362612_G_A_181630831r2376	RASA1	R465H	R465
dbsnp_benign	gnomad_5_87363477_A_G_145752649r2378	RASA1	Y528C	Y528
dbsnp_benign	gnomad_5_87376984_A_T_373098580r2380	RASA1	E763V	E763
dbsnp_benign	gnomad_5_87379775_C_A_184201084r2381	RASA1	T843N	T843
dbsnp_benign	gnomad_5_55231488_C_T_114088695r2383	CCNO	E314K	E314
dbsnp_benign	gnomad_6_47595933_C_A_141881558r2384	CD2AP	P394Q	P394
dbsnp_benign	gnomad_6_47609163_C_T_146444716r2385	CD2AP	A558V	A558
dbsnp_benign	gnomad_20_46128199_C_T_535886332r2387	CD40	A207A	A207
dbsnp_benign	gnomad_20_46128923_C_T_144466131r2389	CD40	P239P	P239
dbsnp_benign	gnomad_1_207767135_G_A_17006830r2390	CD46	D266N	D266
dbsnp_benign	gnomad_1_207770345_C_T_41317833r2391	CD46	P324L	P324
dbsnp_benign	gnomad_1_207785101_C_T_35366573r2392	CD46	A353V	A353
dbsnp_benign	gnomad_X_150777456_C_T_182874251r2394	CD99L2	D175N	D175
dbsnp_benign	gnomad_15_42726320_C_T_61746356r2395	CDAN1	R1065Q	R1065
dbsnp_benign	gnomad_15_42728236_G_A_114779238r2397	CDAN1	R946W	R946
dbsnp_benign	gnomad_15_42728706_A_C_529452785r2399	CDAN1	I917S	I917
dbsnp_benign	gnomad_15_42728718_T_A_76947588r2401	CDAN1	Q913L	Q913
dbsnp_benign	gnomad_15_42736485_C_T_12441516r2402	CDAN1	R129H	R129
dbsnp_benign	gnomad_1_100499111_A_G_113885721r2404	CDC14A	Q535R	Q535
dbsnp_benign	gnomad_1_100499111_A_C_113885721r2405	CDC14A	Q535P	Q535
dbsnp_benign	gnomad_16_68738336_C_A_139866691r2406	CDH1	P30T	P30
dbsnp_benign	gnomad_16_68801694_G_A_587780117r2407	CDH1	R63Q	R63
dbsnp_benign	gnomad_16_68801792_A_G_749306433r2408	CDH1	I96V	I96
dbsnp_benign	gnomad_16_68801810_G_A_368492235r2409	CDH1	A102T	A102
dbsnp_benign	gnomad_16_68801830_A_G_116542018r2411	CDH1	R108R	R108
dbsnp_benign	gnomad_16_68808430_G_A_142498771r2413	CDH1	V132I	V132
dbsnp_benign	gnomad_16_68808707_A_C_201141645r2414	CDH1	K182N	K182
dbsnp_benign	gnomad_16_68808831_C_T_200310662r2415	CDH1	R224C	R224
dbsnp_benign	gnomad_16_68808832_G_A_201511530r2416	CDH1	R224H	R224
dbsnp_benign	gnomad_16_68808832_G_T_201511530r2417	CDH1	R224L	R224
dbsnp_benign	gnomad_16_68810208_C_T_115494727r2418	CDH1	H233H	H233
dbsnp_benign	gnomad_16_68810329_G_A_781513008r2419	CDH1	G274S	G274
dbsnp_benign	gnomad_16_68811721_C_T_755215407r2420	CDH1	D290D	D290
dbsnp_benign	gnomad_16_68811743_G_A_142822590r2421	CDH1	A298T	A298
dbsnp_benign	gnomad_16_68811758_A_G_876660744r2422	CDH1	T303A	T303
dbsnp_benign	gnomad_16_68812144_A_G_116093741r2423	CDH1	T340A	T340
dbsnp_benign	gnomad_16_68813471_C_T_187862045r2425	CDH1	N432N	N432
dbsnp_benign	gnomad_16_68813471_C_G_187862045r2426	CDH1	N432K	N432
dbsnp_benign	gnomad_16_68813473_A_G_376097289r2427	CDH1	D433G	D433
dbsnp_benign	gnomad_16_68813483_G_A_557551011r2429	CDH1	L436L	L436
dbsnp_benign	gnomad_16_68815603_C_T_370864592r2431	CDH1	T470I	T470
dbsnp_benign	gnomad_16_68822033_C_T_1801025r2432	CDH1	L582L	L582
dbsnp_benign	gnomad_16_68822062_C_T_373719554r2433	CDH1	N591N	N591
dbsnp_benign	gnomad_16_68822063_G_A_35187787r2434	CDH1	A592T	A592
dbsnp_benign	gnomad_16_68822063_G_T_35187787r2435	CDH1	A592S	A592
dbsnp_benign	gnomad_16_68822177_C_G_2276331r2437	CDH1	L630V	L630
dbsnp_benign	gnomad_16_68823439_G_A_368243190r2439	CDH1	E659E	E659
dbsnp_benign	gnomad_16_68823539_G_A_386833398r2440	CDH1	G693S	G693
dbsnp_benign	gnomad_16_68828301_C_T_61747636r2441	CDH1	D764D	D764
dbsnp_benign	gnomad_16_68829689_C_T_114265540r2443	CDH1	D777D	D777
dbsnp_benign	gnomad_16_68829771_G_A_200894246r2444	CDH1	D805N	D805
dbsnp_benign	gnomad_16_68833364_C_T_770974998r2445	CDH1	S838S	S838
dbsnp_benign	gnomad_16_68833439_C_T_115817750r2446	CDH1	N863N	N863
dbsnp_benign	gnomad_16_83670814_G_A_35549391r2447	CDH13	A376T	A376
dbsnp_benign	gnomad_16_89179482_G_T_2287359r2449	CDH15	A37S	A37
dbsnp_benign	gnomad_16_89185285_C_T_148424541r2451	CDH15	D205D	D205
dbsnp_benign	gnomad_16_89195063_G_A_149307887r2453	CDH15	G785R	G785
dbsnp_benign	gnomad_16_89195063_G_C_149307887r2454	CDH15	G785R	G785
dbsnp_benign	gnomad_10_71566886_G_C_199514829r2456	CDH23	E192Q	E192
dbsnp_benign	gnomad_10_71566886_G_A_199514829r2458	CDH23	E192K	E192
dbsnp_benign	gnomad_10_71617406_A_G_7903502r2459	N/A	NAN/ANA	NAN/A
dbsnp_benign	gnomad_10_71646591_G_A_62622410r2461	CDH23	V475M	V475
dbsnp_benign	gnomad_10_71646591_G_T_62622410r2463	CDH23	V475L	V475
dbsnp_benign	gnomad_10_71646691_G_T_115450602r2464	CDH23	C508F	C508
dbsnp_benign	gnomad_10_71679448_C_T_201475055r2466	CDH23	A605V	A605
dbsnp_benign	gnomad_10_71694233_C_T_181255269r2468	CDH23	H755Y	H755
dbsnp_benign	gnomad_10_71702192_C_G_188498736r2470	CDH23	I856M	I856
dbsnp_benign	gnomad_10_71702196_G_A_181275139r2472	CDH23	V858I	V858
dbsnp_benign	gnomad_10_71705007_A_G_188098974r2474	CDH23	S944G	S944
dbsnp_benign	gnomad_10_71740922_C_T_554938323r2476	CDH23	P1530L	P1530
dbsnp_benign	gnomad_10_71777860_G_A_56043301r2477	CDH23	A1676T	A1676
dbsnp_benign	gnomad_10_71779376_T_C_114745089r2479	CDH23	F1766S	F1766
dbsnp_benign	gnomad_10_71779391_G_A_111033480r2481	CDH23	R1771Q	R1771
dbsnp_benign	gnomad_10_71784336_C_G_74145660r2483	CDH23	D1806E	D1806
dbsnp_benign	gnomad_10_71785048_C_T_397517340r2485	CDH23	T1887I	T1887
dbsnp_benign	gnomad_10_71785640_G_A_368828743r2487	CDH23	V1908I	V1908
dbsnp_benign	gnomad_10_71793524_T_A_111033494r2488	CDH23	I2199N	I2199
dbsnp_benign	gnomad_10_71799187_C_T_369805384r2490	CDH23	N2377N	N2377
dbsnp_benign	gnomad_10_71803045_T_C_114819374r2491	CDH23	L2544L	L2544
dbsnp_benign	gnomad_10_71803310_G_C_41281338r2492	CDH23	E2588Q	E2588
dbsnp_benign	gnomad_10_71814971_A_C_140463385r2494	CDH23	D3253A	D3253
dbsnp_benign	gnomad_10_71712737_A_G_41281310r2496	CDH23	N1098S	N1098
dbsnp_benign	gnomad_10_71712805_A_T_200542052r2497	CDH23	I1121F	I1121
dbsnp_benign	gnomad_10_71712808_T_G_77821631r2498	CDH23	L1122V	L1122
dbsnp_benign	gnomad_10_71725515_G_A_80028391r2500	CDH23	V1192I	V1192
dbsnp_benign	gnomad_10_71730514_A_G_41281314r2502	CDH23	T1209A	T1209
dbsnp_benign	gnomad_10_71732316_C_T_41281318r2504	CDH23	R1349C	R1349
dbsnp_benign	gnomad_10_71510109_A_G_61732490r2506	CDH23	Q58R	Q58
dbsnp_benign	gnomad_10_71810506_C_G_188966938r2508	CDH23	A3005G	A3005
dbsnp_benign	gnomad_10_71810506_C_T_188966938r2509	CDH23	A3005V	A3005
dbsnp_benign	gnomad_10_71812008_T_C_45583140r2510	CDH23	F3125L	F3125
dbsnp_benign	gnomad_10_71791279_G_A_201887949r2512	CDH23	R2066Q	R2066
dbsnp_benign	gnomad_16_68645699_A_T_374627741r2514	CDH3	T37S	T37
dbsnp_benign	gnomad_16_68682392_C_T_74026937r2515	CDH3	R363C	R363
dbsnp_benign	gnomad_16_68698147_G_T_151140320r2516	CDH3	G779C	G779
dbsnp_benign	gnomad_10_84196512_C_A_12781048r2518	CDHR1	H53Q	H53
dbsnp_benign	gnomad_10_84196512_C_T_12781048r2520	CDHR1	H53H	H53
dbsnp_benign	gnomad_10_84200648_G_C_74145715r2521	CDHR1	R162S	R162
dbsnp_benign	gnomad_10_84203068_C_T_7086200r2523	CDHR1	A243V	A243
dbsnp_benign	gnomad_10_84214475_C_T_45584033r2525	CDHR1	P812S	P812
dbsnp_benign	gnomad_9_120394512_A_G_77100552r2527	CDK5RAP2	L1860L	L1860
dbsnp_benign	gnomad_9_120407154_C_G_16909747r2529	CDK5RAP2	R1607S	R1607
dbsnp_benign	gnomad_9_120443634_C_G_3780679r2531	CDK5RAP2	R1045T	R1045
dbsnp_benign	gnomad_9_120448094_T_A_142596662r2533	CDK5RAP2	I942I	I942
dbsnp_benign	gnomad_X_18575402_G_A_267608436r2534	CDKL5	R65Q	R65
dbsnp_benign	gnomad_X_18598522_A_G_751995225r2535	CDKL5	T296A	T296
dbsnp_benign	gnomad_X_18598586_A_G_756537286r2536	CDKL5	H317R	H317
dbsnp_benign	gnomad_X_18604324_A_G_267608631r2537	CDKL5	H467R	H467
dbsnp_benign	gnomad_X_18604447_T_C_201893287r2538	CDKL5	I508T	I508
dbsnp_benign	gnomad_X_18604450_C_T_779325312r2539	CDKL5	A509V	A509
dbsnp_benign	gnomad_X_18604537_C_T_1413837885r2540	CDKL5	T538M	T538
dbsnp_benign	gnomad_X_18604645_C_T_199897804r2541	CDKL5	P574L	P574
dbsnp_benign	gnomad_X_18613242_A_G_748459878r2542	CDKL5	N748S	N748
dbsnp_benign	gnomad_X_18625140_G_A_140313320r2543	CDKL5	D797N	D797
dbsnp_benign	gnomad_X_18625140_G_C_140313320r2544	CDKL5	D797H	D797
dbsnp_benign	gnomad_X_18628554_G_A_763110247r2545	CDKL5	A894T	A894
dbsnp_benign	gnomad_X_18628554_G_C_763110247r2546	CDKL5	A894P	A894
dbsnp_benign	gnomad_6_36684352_G_A_34916193r2547	CDKN1A	R84Q	R84
dbsnp_benign	gnomad_12_12718165_T_G_2066827r2548	CDKN1B	V109G	V109
dbsnp_benign	gnomad_12_12718926_C_T_73281150r2550	CDKN1B	L193F	L193
dbsnp_benign	gnomad_11_2885137_G_A_771731330r2551	CDKN1C	P118L	P118
dbsnp_benign	gnomad_9_21968733_G_A_181044510r2552	CDKN2A	H166Y	H166
dbsnp_benign	gnomad_9_21970990_A_T_6413463r2554	CDKN2A	H123Q	H123
dbsnp_benign	gnomad_9_21970998_G_C_142371511r2555	CDKN2A	L121V	L121
dbsnp_benign	gnomad_9_21971041_C_T_199888003r2556	CDKN2A	V106V	V106
dbsnp_benign	gnomad_9_21971061_C_A_200863613r2557	CDKN2A	A100S	A100
dbsnp_benign	gnomad_9_21971185_T_G_201208890r2558	CDKN2A	R58R	R58
dbsnp_benign	gnomad_9_21971189_G_C_372266620r2560	CDKN2A	A57G	A57
dbsnp_benign	gnomad_9_21971189_G_A_372266620r2561	CDKN2A	A57V	A57
dbsnp_benign	gnomad_9_21968241_G_A_778871932r2562	CDKN2A	D153D	D153
dbsnp_benign	gnomad_9_21994263_G_A_374360796r2563	CDKN2A	F23F	F23
dbsnp_benign	gnomad_11_125961796_G_A_150174788r2564	CDON	R1187C	R1187
dbsnp_benign	gnomad_11_125994311_T_C_115533243r2566	CDON	S875G	S875
dbsnp_benign	gnomad_6_31116168_C_T_145583110r2568	N/A	NAN/ANA	NAN/A
dbsnp_benign	gnomad_19_44704143_G_A_200297676r2570	CEACAM16	A170T	A170
dbsnp_benign	gnomad_19_44704143_G_C_200297676r2571	CEACAM16	A170P	A170
dbsnp_benign	gnomad_9_133070628_T_C_77696629r2572	CEL	I485T	I485
dbsnp_benign	gnomad_9_133071121_G_A_201012268r2574	CEL	R540H	R540
dbsnp_benign	gnomad_9_133071330_T_G_1252154279r2576	CEL	S610A	S610
dbsnp_benign	gnomad_9_133071336_G_C_1322454680r2577	CEL	A612P	A612
dbsnp_benign	gnomad_9_133071528_G_T_529652004r2578	CEL	A676S	A676
dbsnp_benign	gnomad_9_133071528_G_C_529652004r2580	CEL	A676P	A676
dbsnp_benign	gnomad_9_133071636_G_A_75294797r2581	CEL	A712T	A712
dbsnp_benign	gnomad_9_133071636_G_C_75294797r2582	CEL	A712P	A712
dbsnp_benign	gnomad_9_133062063_G_T_558100781r2583	CEL	A21S	A21
dbsnp_benign	gnomad_9_133062063_G_A_558100781r2584	CEL	A21T	A21
dbsnp_benign	gnomad_1_214646003_C_T_114218080r2586	CENPF	R2145C	R2145
dbsnp_benign	gnomad_1_214647125_A_G_149416779r2587	CENPF	K2519E	K2519
dbsnp_benign	gnomad_13_24903945_T_C_75008861r2588	CENPJ	S936G	S936
dbsnp_benign	gnomad_13_24905576_G_A_144938364r2590	CENPJ	T821M	T821
dbsnp_benign	gnomad_13_24906608_G_A_193181742r2592	CENPJ	T477M	T477
dbsnp_benign	gnomad_13_24909892_T_C_150932292r2594	CENPJ	T255A	T255
dbsnp_benign	gnomad_1_3823176_C_T_111626991r2596	CEP104	E857K	E857
dbsnp_benign	gnomad_1_3829306_C_T_139181137r2597	CEP104	G704E	G704
dbsnp_benign	gnomad_1_3829868_G_A_148465057r2598	CEP104	R656C	R656
dbsnp_benign	gnomad_1_3835070_G_A_138897239r2599	CEP104	T447M	T447
dbsnp_benign	gnomad_1_3844921_T_A_61745578r2600	CEP104	E184D	E184
dbsnp_benign	gnomad_1_3844983_C_A_140856596r2602	CEP104	A164S	A164
dbsnp_benign	gnomad_1_3844983_C_G_140856596r2603	CEP104	A164P	A164
dbsnp_benign	gnomad_1_3847485_A_G_76925798r2604	CEP104	I139T	I139
dbsnp_benign	gnomad_5_123378350_T_C_61744334r2605	CEP120	S728G	S728
dbsnp_benign	gnomad_5_123390067_T_C_114281792r2607	CEP120	K371R	K371
dbsnp_benign	gnomad_5_123412500_T_C_147273517r2608	CEP120	K121R	K121
dbsnp_benign	gnomad_4_55959703_A_C_76941356r2610	CEP135	E212D	E212
dbsnp_benign	gnomad_4_55959703_A_T_76941356r2611	CEP135	E212D	E212
dbsnp_benign	gnomad_4_55971379_G_A_62641664r2612	CEP135	S407N	S407
dbsnp_benign	gnomad_15_48738304_G_A_368764302r2614	CEP152	P1693L	P1693
dbsnp_benign	gnomad_15_48738625_C_G_202237336r2616	CEP152	R1586P	R1586
dbsnp_benign	gnomad_15_48741622_G_C_149478199r2618	CEP152	Q1358E	Q1358
dbsnp_benign	gnomad_15_48755923_C_G_115832709r2619	CEP152	A1109P	A1109
dbsnp_benign	gnomad_15_48755970_C_T_74012142r2621	CEP152	C1093Y	C1093
dbsnp_benign	gnomad_15_48756444_T_C_74245641r2623	CEP152	Q935R	Q935
dbsnp_benign	gnomad_15_48760148_G_A_145138194r2625	CEP152	S894F	S894
dbsnp_benign	gnomad_15_48768237_T_C_200879436r2627	CEP152	K667R	K667
dbsnp_benign	gnomad_11_117338665_C_G_565845914r2628	CEP164	Q27E	Q27
dbsnp_benign	gnomad_11_117338665_C_A_565845914r2629	CEP164	Q27K	Q27
dbsnp_benign	gnomad_11_117397176_C_T_149875085r2630	CEP164	R1122C	R1122
dbsnp_benign	gnomad_20_35504167_C_A_116637219r2632	CEP250	A1933E	A1933
dbsnp_benign	gnomad_12_88086456_C_G_183655276r2633	CEP290	D1413H	D1413
dbsnp_benign	gnomad_12_88087887_G_A_181121175r2635	CEP290	R1363W	R1363
dbsnp_benign	gnomad_12_88102849_C_T_182369459r2637	CEP290	E994K	E994
dbsnp_benign	gnomad_12_88103002_T_C_75220808r2638	CEP290	I943V	I943
dbsnp_benign	gnomad_12_88111821_G_C_200454865r2640	CEP290	A697G	A697
dbsnp_benign	gnomad_12_88111821_G_A_200454865r2641	CEP290	A697V	A697
dbsnp_benign	gnomad_12_88129717_C_G_45502896r2642	CEP290	E277Q	E277
dbsnp_benign	gnomad_12_88136741_T_C_140236736r2644	CEP290	N115D	N115
dbsnp_benign	gnomad_12_88050377_C_A_189556433r2646	CEP290	D2396Y	D2396
dbsnp_benign	gnomad_12_88060900_A_G_191613017r2648	CEP290	L2151S	L2151
dbsnp_benign	gnomad_12_88060951_A_G_117852025r2650	CEP290	I2134T	I2134
dbsnp_benign	gnomad_12_88077762_C_T_200158553r2652	CEP290	E1841K	E1841
dbsnp_benign	gnomad_12_88079219_C_T_61941020r2653	CEP290	R1746Q	R1746
dbsnp_benign	gnomad_3_134558294_G_A_140668390r2655	CEP63	R540R	R540
dbsnp_benign	gnomad_2_181565492_C_A_10185262r2657	CERKL	L232F	L232
dbsnp_benign	gnomad_2_181604005_G_A_149078111r2659	CERKL	R105W	R105
dbsnp_benign	gnomad_2_181656808_C_T_61733527r2661	CERKL	A67T	A67
dbsnp_benign	gnomad_16_56973501_C_T_28381708r2663	CETP	D307D	D307
dbsnp_benign	gnomad_16_56981164_G_A_34855278r2664	CETP	V385M	V385
dbsnp_benign	gnomad_8_95269135_G_C_36096184r2665	CFAP418	P19A	P19
dbsnp_benign	gnomad_18_50266348_T_C_180778332r2667	CFAP53	K19K	K19
dbsnp_benign	gnomad_6_31946247_T_A_4151667r2669	CFB	L9H	L9
dbsnp_benign	gnomad_6_31946403_G_A_641153r2671	CFB	R32Q	R32
dbsnp_benign	gnomad_6_31946529_G_A_117314762r2673	CFB	R74H	R74
dbsnp_benign	gnomad_6_31947837_G_A_4151651r2675	CFB	G252S	G252
dbsnp_benign	gnomad_6_31948042_C_T_117905900r2677	CFB	F286F	F286
dbsnp_benign	gnomad_6_31948454_A_C_140166479r2679	CFB	E326D	E326
dbsnp_benign	gnomad_6_31950303_C_T_138207668r2681	CFB	H508H	H508
dbsnp_benign	gnomad_6_31950303_C_A_138207668r2683	CFB	H508Q	H508
dbsnp_benign	gnomad_6_31950377_A_G_149101394r2684	CFB	K533R	K533
dbsnp_benign	gnomad_6_31950691_A_C_45484591r2686	CFB	E566A	E566
dbsnp_benign	gnomad_6_31944746_T_C_36221133r2688	C2	V641A	V641
dbsnp_benign	gnomad_2_130592943_C_G_587780887r2690	CFC1	L202L	L202
dbsnp_benign	gnomad_2_130592961_G_T_587780885r2691	CFC1	P196P	P196
dbsnp_benign	gnomad_2_130598749_C_T_201431919r2693	CFC1	R47Q	R47
dbsnp_benign	gnomad_19_863220_C_G_2230216r2695	CFD	I248M	I248
dbsnp_benign	gnomad_1_196725160_T_C_201411537r2697	CFH	V579A	V579
dbsnp_benign	gnomad_1_196736919_G_A_55807605r2698	CFH	V837I	V837
dbsnp_benign	gnomad_1_196741968_C_T_34362004r2700	CFH	T1017I	T1017
dbsnp_benign	gnomad_1_196742020_T_C_34594237r2701	CFH	N1034N	N1034
dbsnp_benign	gnomad_1_196743466_A_T_35274867r2703	CFH	N1050Y	N1050
dbsnp_benign	gnomad_1_196743496_G_C_55771831r2705	CFH	V1060L	V1060
dbsnp_benign	gnomad_1_196790152_C_T_138675433r2707	CFHR3	P241S	P241
dbsnp_benign	gnomad_1_196914549_G_A_200135698r2709	CFHR4	R412Q	R412
dbsnp_benign	gnomad_1_196982962_C_T_12097550r2710	CFHR5	P46S	P46
dbsnp_benign	gnomad_1_196994182_A_G_200427185r2712	CFHR5	N178S	N178
dbsnp_benign	gnomad_1_196996063_G_A_139017763r2714	CFHR5	G278S	G278
dbsnp_benign	gnomad_1_197002489_G_T_141358257r2716	CFHR5	R385S	R385
dbsnp_benign	gnomad_4_109740988_G_A_113460688r2718	CFI	P553S	P553
dbsnp_benign	gnomad_4_109746329_T_C_41278047r2719	CFI	K441R	K441
dbsnp_benign	gnomad_4_109761567_G_A_138346388r2721	CFI	T203I	T203
dbsnp_benign	gnomad_7_117509093_G_A_1800076r2722	CFTR	R75Q	R75
dbsnp_benign	gnomad_7_117535318_A_G_121909046r2724	CFTR	E217G	E217
dbsnp_benign	gnomad_7_117610610_T_C_1800112r2726	CFTR	I1027T	I1027
dbsnp_benign	gnomad_7_117548682_C_A_4727853r2727	CFTR	N417K	N417
dbsnp_benign	gnomad_7_117548682_C_T_4727853r2728	CFTR	N417N	N417
dbsnp_benign	gnomad_7_117559479_G_A_213950r2730	CFTR	V470M	V470
dbsnp_benign	gnomad_7_117559655_G_A_1800095r2731	CFTR	E528E	E528
dbsnp_benign	gnomad_7_117559655_G_T_1800095r2733	CFTR	E528D	E528
dbsnp_benign	gnomad_10_49622143_C_G_115510708r2734	CHAT	L249V	L249
dbsnp_benign	gnomad_10_49625616_C_T_868749r2735	CHAT	P299L	P299
dbsnp_benign	gnomad_10_49646516_C_A_141794970r2736	CHAT	R375R	R375
dbsnp_benign	gnomad_10_49646516_C_T_141794970r2737	CHAT	R375W	R375
dbsnp_benign	gnomad_10_49646528_G_C_115212829r2738	CHAT	D379H	D379
dbsnp_benign	gnomad_10_49646591_G_A_8178991r2740	CHAT	D400N	D400
dbsnp_benign	gnomad_10_49648597_C_T_76014951r2742	CHAT	L458F	L458
dbsnp_benign	gnomad_10_49655142_G_A_80097077r2743	CHAT	R561Q	R561
dbsnp_benign	gnomad_22_23767396_G_A_775332895r2745	CHCHD10	P80L	P80
dbsnp_benign	gnomad_22_23767499_C_A_200831077r2747	CHCHD10	A46S	A46
dbsnp_benign	gnomad_22_23767535_G_A_551521196r2748	CHCHD10	P34S	P34
dbsnp_benign	gnomad_15_92937603_G_A_776393356r2750	CHD2	A177T	A177
dbsnp_benign	gnomad_15_92939634_A_G_117844037r2751	CHD2	K203R	K203
dbsnp_benign	gnomad_15_92942870_C_A_544867753r2752	CHD2	A285E	A285
dbsnp_benign	gnomad_15_92942870_C_T_544867753r2753	CHD2	A285V	A285
dbsnp_benign	gnomad_15_92943065_A_T_200120256r2754	CHD2	Q350L	Q350
dbsnp_benign	gnomad_15_92944453_A_G_143043614r2755	CHD2	N364S	N364
dbsnp_benign	gnomad_15_92946053_C_T_370464322r2757	CHD2	P405L	P405
dbsnp_benign	gnomad_15_92984389_C_T_150268140r2758	CHD2	D1042D	D1042
dbsnp_benign	gnomad_15_92985660_G_A_147466101r2760	CHD2	A1134T	A1134
dbsnp_benign	gnomad_15_93000581_G_A_146655995r2761	CHD2	G1360R	G1360
dbsnp_benign	gnomad_15_93014724_G_C_56227200r2762	CHD2	G1574A	G1574
dbsnp_benign	gnomad_15_93014765_C_T_139646715r2764	CHD2	R1588W	R1588
dbsnp_benign	gnomad_15_93014810_C_T_144395162r2765	CHD2	P1603S	P1603
dbsnp_benign	gnomad_15_93014877_A_G_143431217r2766	CHD2	N1625S	N1625
dbsnp_benign	gnomad_15_93014904_A_C_761860129r2767	CHD2	N1634T	N1634
dbsnp_benign	gnomad_15_93020152_G_A_747794466r2768	CHD2	A1683T	A1683
dbsnp_benign	gnomad_15_93020155_C_T_746849506r2769	CHD2	H1684Y	H1684
dbsnp_benign	gnomad_15_93024486_G_C_201950393r2770	CHD2	Q1756H	Q1756
dbsnp_benign	gnomad_17_7907390_G_A_759598225r2771	CHD3	R1609Q	R1609
dbsnp_benign	gnomad_8_60741530_C_G_763572916r2772	CHD7	P33R	P33
dbsnp_benign	gnomad_8_60741559_A_G_201542180r2773	CHD7	I43V	I43
dbsnp_benign	gnomad_8_60741841_T_G_183761594r2774	CHD7	S137A	S137
dbsnp_benign	gnomad_8_60742126_C_A_554647169r2775	CHD7	P232T	P232
dbsnp_benign	gnomad_8_60742450_A_G_41305525r2777	CHD7	M340V	M340
dbsnp_benign	gnomad_8_60742620_G_T_201653177r2778	CHD7	M396I	M396
dbsnp_benign	gnomad_8_60742829_C_T_71640285r2779	CHD7	S466L	S466
dbsnp_benign	gnomad_8_60742997_G_T_142962579r2780	CHD7	G522V	G522
dbsnp_benign	gnomad_8_60781006_C_G_746837682r2782	CHD7	P558A	P558
dbsnp_benign	gnomad_8_60781346_C_T_370588681r2783	CHD7	P671L	P671
dbsnp_benign	gnomad_8_60781346_C_G_370588681r2784	CHD7	P671R	P671
dbsnp_benign	gnomad_8_60801587_A_T_61978638r2785	CHD7	K812N	K812
dbsnp_benign	gnomad_8_60820068_G_A_200188105r2786	CHD7	R892H	R892
dbsnp_benign	gnomad_8_60820073_A_G_377662366r2787	CHD7	T894A	T894
dbsnp_benign	gnomad_8_60821923_G_A_117506164r2789	CHD7	R944H	R944
dbsnp_benign	gnomad_8_60822671_C_T_568551629r2791	CHD7	N1042N	N1042
dbsnp_benign	gnomad_8_60830412_A_G_751726519r2792	CHD7	I1205V	I1205
dbsnp_benign	gnomad_8_60852042_G_A_766110936r2793	CHD7	E1897K	E1897
dbsnp_benign	gnomad_8_60852683_G_A_372077201r2795	CHD7	R2027Q	R2027
dbsnp_benign	gnomad_8_60853254_G_A_750047137r2796	CHD7	E2177K	E2177
dbsnp_benign	gnomad_8_60856593_A_C_754894988r2798	CHD7	Q2438P	Q2438
dbsnp_benign	gnomad_8_60856859_A_C_192129249r2799	CHD7	M2527L	M2527
dbsnp_benign	gnomad_8_60865355_C_G_45521933r2801	CHD7	L2806V	L2806
dbsnp_benign	gnomad_8_60865427_G_A_533600930r2803	CHD7	A2830T	A2830
dbsnp_benign	gnomad_8_60865611_A_G_202039728r2804	CHD7	N2891S	N2891
dbsnp_benign	gnomad_8_60865679_G_A_187751757r2805	CHD7	G2914R	G2914
dbsnp_benign	gnomad_8_60865889_C_T_184814820r2806	CHD7	L2984F	L2984
dbsnp_benign	gnomad_14_21427897_A_G_771409666r2807	CHD8	S525P	S525
dbsnp_benign	gnomad_14_21429308_G_A_192989929r2808	CHD8	L291F	L291
dbsnp_benign	gnomad_14_21431382_C_T_78640816r2809	CHD8	E88K	E88
dbsnp_benign	gnomad_22_28687936_C_T_758555487r2810	CHEK2	E531E	E531
dbsnp_benign	gnomad_22_28695215_C_T_758102180r2812	CHEK2	E429E	E429
dbsnp_benign	gnomad_22_28703506_A_G_752359705r2813	CHEK2	L303L	L303
dbsnp_benign	gnomad_22_28734468_G_A_17883862r2814	CHEK2	P85L	P85
dbsnp_benign	gnomad_22_28734468_G_T_17883862r2815	CHEK2	P85H	P85
dbsnp_benign	gnomad_22_28734727_C_T_376995740r2816	N/A	NAN/ANA	NAN/A
dbsnp_benign	gnomad_22_50580031_G_T_140020889r2817	CHKB	H290Q	H290
dbsnp_benign	gnomad_22_50580031_G_A_140020889r2818	CHKB	H290H	H290
dbsnp_benign	gnomad_X_85864790_T_C_145877269r2819	CHM	N601S	N601
dbsnp_benign	gnomad_X_85901178_T_C_140093046r2821	CHM	I419V	I419
dbsnp_benign	gnomad_X_85901178_T_G_140093046r2822	CHM	I419L	I419
dbsnp_benign	gnomad_X_85956219_C_A_76191025r2823	CHM	R367L	R367
dbsnp_benign	gnomad_X_85956219_C_T_76191025r2824	CHM	R367Q	R367
dbsnp_benign	gnomad_X_85963748_T_C_374880482r2826	CHM	T207A	T207
dbsnp_benign	gnomad_16_89647581_A_G_11076608r2827	N/A	NAN/ANA	NAN/A
dbsnp_benign	gnomad_16_89647581_A_C_11076608r2828	N/A	NAN/ANA	NAN/A
dbsnp_benign	gnomad_2_174748589_C_A_61737716r2830	CHRNA1	E411D	E411
dbsnp_benign	gnomad_2_174753638_C_T_148304857r2832	CHRNA1	D215N	D215
dbsnp_benign	gnomad_8_27463006_G_A_374849310r2834	CHRNA2	H479H	H479
dbsnp_benign	gnomad_8_27463009_G_T_56344740r2835	CHRNA2	D478E	D478
dbsnp_benign	gnomad_8_27463209_C_T_141721605r2837	CHRNA2	E412K	E412
dbsnp_benign	gnomad_8_27463343_C_T_149464248r2838	CHRNA2	R367Q	R367
dbsnp_benign	gnomad_8_27463344_G_A_751699392r2839	CHRNA2	R367W	R367
dbsnp_benign	gnomad_8_27463344_G_T_751699392r2840	CHRNA2	R367R	R367
dbsnp_benign	gnomad_8_27463698_C_T_77710085r2841	CHRNA2	A249T	A249
dbsnp_benign	gnomad_8_27463712_T_C_146751925r2842	CHRNA2	K244R	K244
dbsnp_benign	gnomad_8_27463733_G_T_140350483r2844	CHRNA2	T237K	T237
dbsnp_benign	gnomad_8_27467277_C_T_150112824r2846	CHRNA2	R134K	R134
dbsnp_benign	gnomad_8_27469853_G_A_376970816r2848	CHRNA2	R68W	R68
dbsnp_benign	gnomad_8_27469882_G_A_151268950r2849	CHRNA2	T58I	T58
dbsnp_benign	gnomad_8_27469889_T_A_144185168r2850	CHRNA2	T56S	T56
dbsnp_benign	gnomad_20_63349782_G_A_1044396r2851	CHRNA4	S543S	S543
dbsnp_benign	gnomad_20_63349861_G_A_45622132r2853	CHRNA4	S517L	S517
dbsnp_benign	gnomad_20_63349951_C_T_121912280r2854	CHRNA4	R487Q	R487
dbsnp_benign	gnomad_20_63350010_G_A_45569837r2856	CHRNA4	S467S	S467
dbsnp_benign	gnomad_20_63350251_T_C_45604738r2858	CHRNA4	E387G	E387
dbsnp_benign	gnomad_20_63350273_T_C_187372416r2859	CHRNA4	S380G	S380
dbsnp_benign	gnomad_20_63350295_G_A_199889002r2861	CHRNA4	I372I	I372
dbsnp_benign	gnomad_20_63350463_G_A_121912259r2862	CHRNA4	F316F	F316
dbsnp_benign	gnomad_20_63356084_C_G_146651027r2863	CHRNA4	E92Q	E92
dbsnp_benign	gnomad_20_63356386_G_A_140239470r2864	CHRNA4	N86N	N86
dbsnp_benign	gnomad_17_7455935_C_T_142053338r2865	CHRNB1	H453H	H453
dbsnp_benign	gnomad_17_7456611_T_C_201776800r2866	CHRNB1	M465T	M465
dbsnp_benign	gnomad_1_154575855_T_C_79137415r2867	CHRNB2	F478L	F478
dbsnp_benign	gnomad_1_154569474_C_T_71651692r2869	CHRNB2	T26M	T26
dbsnp_benign	gnomad_2_232531393_C_G_41265127r2870	CHRND	Q288E	Q288
dbsnp_benign	gnomad_2_232533988_C_T_2229194r2871	CHRND	P369S	P369
dbsnp_benign	gnomad_17_4898816_C_G_139171143r2873	CHRNE	V468L	V468
dbsnp_benign	gnomad_17_4898816_C_T_139171143r2874	CHRNE	V468M	V468
dbsnp_benign	gnomad_17_4899341_G_A_192195094r2875	CHRNE	P359L	P359
dbsnp_benign	gnomad_17_4902757_C_A_4790235r2876	CHRNE	G18V	G18
dbsnp_benign	gnomad_2_232541468_G_A_2289080r2878	CHRNG	A149T	A149
dbsnp_benign	gnomad_2_232545543_G_A_143800157r2880	CHRNG	G461R	G461
dbsnp_benign	gnomad_2_232545678_C_T_71421651r2881	CHRNG	P506S	P506
dbsnp_benign	gnomad_15_40471501_G_A_371684007r2883	CHST14	R96R	R96
dbsnp_benign	gnomad_15_101178472_A_G_148193087r2884	CHSY1	M442T	M442
dbsnp_benign	gnomad_2_96265174_C_T_121908819r2885	TMEM127	D70N	D70
dbsnp_benign	gnomad_2_96265329_G_A_377740271r2886	TMEM127	P18L	P18
dbsnp_benign	gnomad_2_96265329_G_C_377740271r2888	TMEM127	P18R	P18
dbsnp_benign	gnomad_3_9867251_G_A_17222536r2889	CIDEC	H200H	H200
dbsnp_benign	gnomad_16_10902720_C_T_147472574r2891	CIITA	P231S	P231
dbsnp_benign	gnomad_12_119718298_A_G_116251862r2893	CIT	M1330T	M1330
dbsnp_benign	gnomad_9_128166332_G_A_11549264r2895	CIZ1	N854N	N854
dbsnp_benign	gnomad_9_128179008_A_T_150535884r2896	CIZ1	L400Q	L400
dbsnp_benign	gnomad_9_128179008_A_G_150535884r2897	CIZ1	L400P	L400
dbsnp_benign	gnomad_9_128179037_C_A_61740197r2899	CIZ1	Q390H	Q390
dbsnp_benign	gnomad_9_128180748_C_T_45588035r2901	CIZ1	A219T	A219
dbsnp_benign	gnomad_7_143316298_A_C_146160029r2903	CLCN1	H29P	H29
dbsnp_benign	gnomad_7_143320676_G_A_756353660r2905	CLCN1	R105H	R105
dbsnp_benign	gnomad_7_143320678_C_G_145517198r2906	CLCN1	L106V	L106
dbsnp_benign	gnomad_7_143320774_G_A_762344462r2907	CLCN1	V138I	V138
dbsnp_benign	gnomad_7_143321432_C_G_149729531r2908	CLCN1	F167L	F167
dbsnp_benign	gnomad_7_143342417_G_C_140205115r2910	CLCN1	K614N	K614
dbsnp_benign	gnomad_3_184352781_G_A_114702742r2911	CLCN2	R725W	R725
dbsnp_benign	gnomad_3_184353320_C_G_568335048r2913	CLCN2	R653T	R653
dbsnp_benign	gnomad_X_50075933_A_G_55676763r2914	CLCN5	K185R	K185
dbsnp_benign	gnomad_X_50086536_G_A_781790886r2915	CLCN5	R408H	R408
dbsnp_benign	gnomad_X_50086557_G_A_190451218r2916	CLCN5	R415Q	R415
dbsnp_benign	gnomad_16_1452856_C_T_12926089r2918	CLCN7	V418M	V418
dbsnp_benign	gnomad_16_1461406_G_A_201003681r2920	CLCN7	T117M	T117
dbsnp_benign	gnomad_1_16052230_A_T_12140311r2922	CLCNKB	T481S	T481
dbsnp_benign	gnomad_1_16055706_G_A_143663847r2924	CLCNKB	C626Y	C626
dbsnp_benign	gnomad_3_190409954_C_A_139846352r2926	CLDN16	A209D	A209
dbsnp_benign	gnomad_6_45914325_G_C_201781198r2928	CLIC5	T323S	T323
dbsnp_benign	gnomad_16_28477623_G_T_146610181r2930	CLN3	H404N	H404
dbsnp_benign	gnomad_16_28484025_C_T_73533466r2932	CLN3	E257E	E257
dbsnp_benign	gnomad_16_28487723_T_C_11552531r2934	CLN3	I105V	I105
dbsnp_benign	gnomad_16_28488621_T_G_751321507r2936	CLN3	S88S	S88
dbsnp_benign	gnomad_16_28488645_C_T_373911322r2937	CLN3	T80T	T80
dbsnp_benign	gnomad_16_28489290_A_G_201225986r2939	CLN3	H74H	H74
dbsnp_benign	gnomad_13_76992103_C_T_146993892r2940	CLN5	A2V	A2
dbsnp_benign	gnomad_13_76992174_T_C_199727787r2941	CLN5	W26R	W26
dbsnp_benign	gnomad_15_68208307_T_C_151295143r2943	CLN6	S257G	S257
dbsnp_benign	gnomad_15_68214373_C_G_104894483r2944	CLN6	E72Q	E72
dbsnp_benign	gnomad_15_68214373_C_T_104894483r2946	CLN6	E72K	E72
dbsnp_benign	gnomad_8_1771065_C_T_147181589r2947	CLN8	A4V	A4
dbsnp_benign	gnomad_8_1771328_C_T_34030778r2948	CLN8	H92Y	H92
dbsnp_benign	gnomad_8_1771344_G_A_116605307r2950	CLN8	R97H	R97
dbsnp_benign	gnomad_8_1780550_C_T_587780898r2951	CLN8	R282W	R282
dbsnp_benign	gnomad_11_57660808_T_C_147951568r2952	CLP1	V217A	V217
dbsnp_benign	gnomad_11_72294434_C_T_576652298r2954	CLPB	R554Q	R554
dbsnp_benign	gnomad_11_72434126_C_A_150248137r2955	CLPB	A117S	A117
dbsnp_benign	gnomad_11_72358965_G_A_200517382r2956	CLPB	N260N	N260
dbsnp_benign	gnomad_3_150972700_G_T_187218889r2957	CLRN1	S3R	S3
dbsnp_benign	gnomad_2_98370034_C_T_143489966r2958	CNGA3	T20I	T20
dbsnp_benign	gnomad_2_98395852_G_A_147415641r2959	CNGA3	E228K	E228
dbsnp_benign	gnomad_16_57884364_G_A_7190372r2960	CNGB1	P1186S	P1186
dbsnp_benign	gnomad_16_57884393_G_A_73562944r2962	CNGB1	P1176L	P1176
dbsnp_benign	gnomad_16_57897504_G_A_539304668r2964	CNGB1	N1045N	N1045
dbsnp_benign	gnomad_16_57901538_G_A_112002818r2966	CNGB1	A961V	A961
dbsnp_benign	gnomad_16_57940239_C_T_140907154r2968	CNGB1	D402N	D402
dbsnp_benign	gnomad_16_57940264_G_A_377042647r2970	CNGB1	D393D	D393
dbsnp_benign	gnomad_16_57959937_C_T_61745888r2971	CNGB1	G238S	G238
dbsnp_benign	gnomad_8_86575814_G_C_142846289r2973	CNGB3	A807G	A807
dbsnp_benign	gnomad_8_86575819_T_G_186448979r2975	CNGB3	E805D	E805
dbsnp_benign	gnomad_8_86626027_T_C_146062161r2976	CNGB3	I512V	I512
dbsnp_benign	gnomad_8_86628994_A_C_35365413r2978	CNGB3	Y469D	Y469
dbsnp_benign	gnomad_8_86632864_C_T_147876778r2979	CNGB3	R403Q	R403
dbsnp_benign	gnomad_8_86667062_G_A_200019416r2981	CNGB3	R239C	R239
dbsnp_benign	gnomad_8_86668067_C_T_114305748r2982	CNGB3	E199K	E199
dbsnp_benign	gnomad_8_86743548_T_C_35807406r2984	CNGB3	N27S	N27
dbsnp_benign	gnomad_8_86743548_T_A_35807406r2986	CNGB3	N27I	N27
dbsnp_benign	gnomad_2_96761433_T_C_148129550r2987	CNNM4	M145T	M145
dbsnp_benign	gnomad_2_96797109_C_T_144915228r2989	CNNM4	I500I	I500
dbsnp_benign	gnomad_12_40944050_C_T_201595623r2990	CNTN1	N521N	N521
dbsnp_benign	gnomad_7_146839739_C_T_145162968r2992	CNTNAP2	S79S	S79
dbsnp_benign	gnomad_7_147121078_G_C_150918383r2993	CNTNAP2	G285A	G285
dbsnp_benign	gnomad_7_147132298_C_T_78543192r2994	CNTNAP2	N379N	N379
dbsnp_benign	gnomad_7_147977962_G_T_138517537r2995	CNTNAP2	V786L	V786
dbsnp_benign	gnomad_7_147977962_G_A_138517537r2996	CNTNAP2	V786I	V786
dbsnp_benign	gnomad_1_234373840_G_A_113627094r2998	COA6	S41N	S41
dbsnp_benign	gnomad_17_42562778_G_C_200009135r3000	COASY	Q52H	Q52
dbsnp_benign	gnomad_14_30885501_G_A_28362775r3002	COCH	D281N	D281
dbsnp_benign	gnomad_14_30886039_A_G_28362778r3003	COCH	I402V	I402
dbsnp_benign	gnomad_14_30886105_T_G_61759484r3005	COCH	Y424D	Y424
dbsnp_benign	gnomad_14_30886183_A_G_139503327r3007	COCH	I450V	I450
dbsnp_benign	gnomad_17_73196592_C_T_146066919r3009	COG1	S134L	S134
dbsnp_benign	gnomad_17_73197258_G_T_139304974r3010	COG1	V259L	V259
dbsnp_benign	gnomad_17_73197386_G_C_117208167r3012	COG1	Q301H	Q301
dbsnp_benign	gnomad_17_73200000_C_T_117344829r3014	COG1	T350M	T350
dbsnp_benign	gnomad_17_73201539_G_A_141750466r3016	COG1	R571Q	R571
dbsnp_benign	gnomad_16_70483921_G_T_113455884r3017	COG4	Q566K	Q566
dbsnp_benign	gnomad_7_107298208_T_C_41276187r3019	N/A	NAN/ANA	NAN/A
dbsnp_benign	gnomad_13_39687612_C_T_34555836r3021	COG6	H300Y	H300
dbsnp_benign	gnomad_13_39699514_A_G_34623774r3023	COG6	N394D	N394
dbsnp_benign	gnomad_6_116120076_C_G_200235459r3024	COL10A1	M680I	M680
dbsnp_benign	gnomad_6_116121343_C_T_144479322r3025	COL10A1	R258Q	R258
dbsnp_benign	gnomad_6_116125450_A_C_147612968r3026	COL10A1	L15V	L15
dbsnp_benign	gnomad_6_116125470_A_C_34539681r3027	COL10A1	L8W	L8
dbsnp_benign	gnomad_1_102881734_G_A_541676352r3028	COL11A1	P1668L	P1668
dbsnp_benign	gnomad_1_102888579_G_C_139064549r3029	COL11A1	P1536A	P1536
dbsnp_benign	gnomad_1_102888916_T_C_145901197r3031	COL11A1	I1490V	I1490
dbsnp_benign	gnomad_1_103025607_T_C_75824519r3033	COL11A1	I302V	I302
dbsnp_benign	gnomad_1_103082949_C_T_150090939r3035	COL11A1	A44T	A44
dbsnp_benign	gnomad_6_33163724_G_A_2229792r3037	COL11A2	P1722L	P1722
dbsnp_benign	gnomad_6_33164453_C_G_2229790r3039	COL11A2	E1628D	E1628
dbsnp_benign	gnomad_6_33164916_C_T_1799912r3041	COL11A2	R1600Q	R1600
dbsnp_benign	gnomad_6_33166793_G_A_555936333r3043	COL11A2	P1422L	P1422
dbsnp_benign	gnomad_6_33168752_T_C_142962835r3044	COL11A2	D1287G	D1287
dbsnp_benign	gnomad_6_33170068_G_T_141967872r3046	COL11A2	N1205K	N1205
dbsnp_benign	gnomad_6_33170068_G_A_141967872r3047	COL11A2	N1205N	N1205
dbsnp_benign	gnomad_6_33176030_C_T_201076557r3048	COL11A2	V752M	V752
dbsnp_benign	gnomad_6_33176287_C_T_61730262r3049	COL11A2	R729Q	R729
dbsnp_benign	gnomad_6_33186589_G_T_200989046r3050	COL11A2	P279H	P279
dbsnp_benign	gnomad_6_33186737_C_A_141430703r3052	COL11A2	G230W	G230
dbsnp_benign	gnomad_6_33186737_C_T_141430703r3054	COL11A2	G230R	G230
dbsnp_benign	gnomad_6_33186803_G_A_200272494r3055	COL11A2	L208L	L208
dbsnp_benign	gnomad_6_33189322_G_T_35765893r3056	COL11A2	P77Q	P77
dbsnp_benign	gnomad_6_33189361_C_T_374898022r3058	COL11A2	R64Q	R64
dbsnp_benign	gnomad_6_75087675_C_T_41266761r3059	COL12A1	R3028H	R3028
dbsnp_benign	gnomad_6_75130857_C_T_34438461r3060	COL12A1	R2021Q	R2021
dbsnp_benign	gnomad_6_75130857_C_G_34438461r3061	COL12A1	R2021P	R2021
dbsnp_benign	gnomad_6_75142113_A_C_77654847r3063	COL12A1	S1626A	S1626
dbsnp_benign	gnomad_6_75152396_C_T_201749138r3064	COL12A1	V1218M	V1218
dbsnp_benign	gnomad_6_75165525_C_T_139332405r3065	COL12A1	G989R	G989
dbsnp_benign	gnomad_6_75177825_G_A_141517088r3067	COL12A1	P759S	P759
dbsnp_benign	gnomad_6_75184124_A_G_578252411r3069	COL12A1	L340L	L340
dbsnp_benign	gnomad_6_75128355_G_T_201567848r3070	COL12A1	T2094N	T2094
dbsnp_benign	gnomad_10_104032959_G_A_146841330r3071	COL17A1	A1435V	A1435
dbsnp_benign	gnomad_10_104034068_C_T_140068476r3072	COL17A1	G1345R	G1345
dbsnp_benign	gnomad_10_104057104_C_T_149983875r3073	COL17A1	G446S	G446
dbsnp_benign	gnomad_21_45468739_G_A_373735265r3074	COL18A1	G617R	G617
dbsnp_benign	gnomad_21_45475517_G_C_560442019r3075	COL18A1	E675D	E675
dbsnp_benign	gnomad_21_45491274_C_G_79980197r3076	COL18A1	P1121R	P1121
dbsnp_benign	gnomad_17_50185845_T_C_147266928r3078	COL1A1	N1394S	N1394
dbsnp_benign	gnomad_17_50186008_C_T_147936946r3080	COL1A1	G1340S	G1340
dbsnp_benign	gnomad_17_50186425_G_A_34940368r3081	COL1A1	C1299C	C1299
dbsnp_benign	gnomad_17_50186688_C_T_148216434r3083	COL1A1	A1256T	A1256
dbsnp_benign	gnomad_17_50187967_C_T_781491172r3085	COL1A1	R1093H	R1093
dbsnp_benign	gnomad_17_50188568_C_T_575285203r3086	COL1A1	V1057I	V1057
dbsnp_benign	gnomad_17_50189173_G_A_193922153r3087	COL1A1	P978S	P978
dbsnp_benign	gnomad_17_50190093_G_C_1800214r3088	COL1A1	P823A	P823
dbsnp_benign	gnomad_17_50191451_C_T_150803124r3089	COL1A1	A723T	A723
dbsnp_benign	gnomad_17_50192799_C_T_149561221r3090	COL1A1	A625T	A625
dbsnp_benign	gnomad_17_50194019_C_T_1800211r3091	COL1A1	R564H	R564
dbsnp_benign	gnomad_17_50195282_G_C_72648327r3092	COL1A1	P417A	P417
dbsnp_benign	gnomad_17_50195282_G_A_72648327r3093	COL1A1	P417S	P417
dbsnp_benign	gnomad_17_50195282_G_T_72648327r3094	COL1A1	P417T	P417
dbsnp_benign	gnomad_17_50195466_C_T_116794104r3095	COL1A1	A390T	A390
dbsnp_benign	gnomad_17_50195590_G_C_764381074r3096	COL1A1	P378A	P378
dbsnp_benign	gnomad_17_50197978_G_C_72667032r3097	COL1A1	P205A	P205
dbsnp_benign	gnomad_17_50199822_C_T_753683126r3099	COL1A1	E77K	E77
dbsnp_benign	gnomad_17_50199907_A_T_374065372r3100	COL1A1	H48Q	H48
dbsnp_benign	gnomad_7_94399074_G_A_139528613r3101	COL1A2	R41H	R41
dbsnp_benign	gnomad_7_94404580_C_T_189557655r3102	COL1A2	P102S	P102
dbsnp_benign	gnomad_7_94405712_T_C_370234887r3103	COL1A2	F176L	F176
dbsnp_benign	gnomad_7_94409337_G_A_368468r3104	COL1A2	V270I	V270
dbsnp_benign	gnomad_7_94419550_G_A_34147460r3105	COL1A2	R693Q	R693
dbsnp_benign	gnomad_7_94420276_G_A_72658163r3106	COL1A2	R708Q	R708
dbsnp_benign	gnomad_7_94420425_A_G_189374343r3107	COL1A2	N723S	N723
dbsnp_benign	gnomad_7_94422978_C_T_145355907r3108	COL1A2	P809S	P809
dbsnp_benign	gnomad_7_94423079_C_T_41317725r3109	COL1A2	F842F	F842
dbsnp_benign	gnomad_7_94423116_G_A_541473356r3110	COL1A2	A855T	A855
dbsnp_benign	gnomad_7_94424339_C_T_150179964r3111	COL1A2	P857S	P857
dbsnp_benign	gnomad_7_94424339_C_A_150179964r3112	COL1A2	P857T	P857
dbsnp_benign	gnomad_7_94425775_T_C_538844573r3113	COL1A2	I954T	I954
dbsnp_benign	gnomad_7_94427041_G_A_35820023r3114	COL1A2	V1047M	V1047
dbsnp_benign	gnomad_7_94427041_G_T_35820023r3116	COL1A2	V1047L	V1047
dbsnp_benign	gnomad_7_94428380_G_A_73428220r3117	COL1A2	R1205Q	R1205
dbsnp_benign	gnomad_7_94429230_A_G_761465504r3119	COL1A2	T1252A	T1252
dbsnp_benign	gnomad_7_94429329_A_C_144797861r3120	COL1A2	N1285H	N1285
dbsnp_benign	gnomad_7_94429359_T_C_757449082r3121	COL1A2	S1295P	S1295
dbsnp_benign	gnomad_9_114282563_C_T_116496505r3122	COL27A1	T1293M	T1293
dbsnp_benign	gnomad_9_114288716_T_G_138966191r3124	COL27A1	D1353E	D1353
dbsnp_benign	gnomad_12_47973544_C_T_78690642r3125	COL2A1	G1443S	G1443
dbsnp_benign	gnomad_12_47975467_C_T_147569641r3126	COL2A1	G1246S	G1246
dbsnp_benign	gnomad_12_47977614_C_T_41272041r3128	COL2A1	A1051T	A1051
dbsnp_benign	gnomad_12_47977614_C_G_41272041r3129	COL2A1	A1051P	A1051
dbsnp_benign	gnomad_12_47978638_G_T_140740708r3130	COL2A1	P952T	P952
dbsnp_benign	gnomad_12_47983388_G_A_41263851r3132	COL2A1	D682D	D682
dbsnp_benign	gnomad_12_47984115_G_A_41263847r3133	COL2A1	T638I	T638
dbsnp_benign	gnomad_12_47986430_G_A_201823490r3135	COL2A1	P478L	P478
dbsnp_benign	gnomad_12_47994437_G_A_142770543r3136	COL2A1	P268L	P268
dbsnp_benign	gnomad_12_47996607_C_T_201817670r3137	COL2A1	A184T	A184
dbsnp_benign	gnomad_12_48004305_G_T_369359592r3139	COL2A1	A6D	A6
dbsnp_benign	gnomad_12_47978673_C_T_533540496r3140	COL2A1	R940Q	R940
dbsnp_benign	gnomad_2_188987116_C_T_111391222r3141	COL3A1	L169F	L169
dbsnp_benign	gnomad_2_188991017_G_A_112185887r3142	COL3A1	R271Q	R271
dbsnp_benign	gnomad_2_188998698_C_A_1801183r3143	COL3A1	P668T	P668
dbsnp_benign	gnomad_2_188998698_C_T_1801183r3144	COL3A1	P668S	P668
dbsnp_benign	gnomad_2_188999297_G_A_41263773r3145	COL3A1	A679T	A679
dbsnp_benign	gnomad_2_188999318_C_G_41263775r3146	COL3A1	P686A	P686
dbsnp_benign	gnomad_2_189006227_C_A_139619440r3147	COL3A1	L1021I	L1021
dbsnp_benign	gnomad_2_189006384_G_A_149722210r3148	COL3A1	A1045T	A1045
dbsnp_benign	gnomad_2_189007543_G_A_370069953r3150	COL3A1	R1100H	R1100
dbsnp_benign	gnomad_2_189011646_A_G_1415901923r3151	COL3A1	S1425G	S1425
dbsnp_benign	gnomad_2_189011646_A_T_1415901923r3152	COL3A1	S1425C	S1425
dbsnp_benign	gnomad_13_110155380_G_A_201150281r3153	COL4A1	A1553V	A1553
dbsnp_benign	gnomad_13_110163483_A_G_200734000r3154	COL4A1	M1410T	M1410
dbsnp_benign	gnomad_13_110167161_G_C_377122126r3155	COL4A1	Q1316E	Q1316
dbsnp_benign	gnomad_13_110170655_T_A_199557190r3156	COL4A1	M1212L	M1212
dbsnp_benign	gnomad_13_110176639_C_G_145018661r3157	COL4A1	Q985H	Q985
dbsnp_benign	gnomad_13_110177911_C_T_41275090r3158	COL4A1	V883I	V883
dbsnp_benign	gnomad_13_110178066_G_C_201964644r3160	COL4A1	P875R	P875
dbsnp_benign	gnomad_13_110181341_C_T_199573161r3161	COL4A1	R715H	R715
dbsnp_benign	gnomad_13_110181341_C_A_199573161r3162	COL4A1	R715L	R715
dbsnp_benign	gnomad_13_110187193_G_A_200252122r3163	COL4A1	A558V	A558
dbsnp_benign	gnomad_13_110192869_G_A_369960952r3165	COL4A1	R476W	R476
dbsnp_benign	gnomad_13_110192876_G_A_140440365r3166	COL4A1	D473D	D473
dbsnp_benign	gnomad_13_110195044_T_C_373712845r3167	COL4A1	I454V	I454
dbsnp_benign	gnomad_13_110213999_G_A_34004222r3168	COL4A1	P54L	P54
dbsnp_benign	gnomad_13_110308073_C_G_200430407r3169	COL4A2	L17V	L17
dbsnp_benign	gnomad_13_110308073_C_T_200430407r3170	COL4A2	L17L	L17
dbsnp_benign	gnomad_13_110465573_C_T_370641410r3171	COL4A2	P649S	P649
dbsnp_benign	gnomad_13_110503163_C_G_201627758r3172	COL4A2	P1307R	P1307
dbsnp_benign	gnomad_13_110506468_G_A_201426733r3174	COL4A2	V1486I	V1486
dbsnp_benign	gnomad_13_110457378_G_A_202017641r3175	COL4A2	A459T	A459
dbsnp_benign	gnomad_2_227245975_C_A_115324397r3177	COL4A3	P116T	P116
dbsnp_benign	gnomad_2_227266453_A_G_11677877r3178	COL4A3	H451R	H451
dbsnp_benign	gnomad_2_227290049_C_T_73996408r3180	COL4A3	R1011C	R1011
dbsnp_benign	gnomad_2_227290049_C_A_73996408r3181	COL4A3	R1011S	R1011
dbsnp_benign	gnomad_2_227293305_C_T_55816283r3182	COL4A3	P1109S	P1109
dbsnp_benign	gnomad_2_227295021_G_A_145948549r3183	COL4A3	R1159H	R1159
dbsnp_benign	gnomad_2_227298737_C_A_57611801r3184	COL4A3	D1269E	D1269
dbsnp_benign	gnomad_2_227298755_C_T_143380907r3186	COL4A3	H1275H	H1275
dbsnp_benign	gnomad_2_227308920_A_G_77964815r3187	COL4A3	Q1495R	Q1495
dbsnp_benign	gnomad_2_227309228_G_A_200858199r3189	COL4A3	A1555A	A1555
dbsnp_benign	gnomad_2_227022069_T_A_149117087r3191	COL4A4	M1399L	M1399
dbsnp_benign	gnomad_2_227030545_G_C_34728338r3192	COL4A4	P1291A	P1291
dbsnp_benign	gnomad_2_227030545_G_T_34728338r3194	COL4A4	P1291T	P1291
dbsnp_benign	gnomad_2_227051109_T_A_531161419r3195	COL4A4	R1006S	R1006
dbsnp_benign	gnomad_2_227054663_C_T_75875272r3196	COL4A4	A931T	A931
dbsnp_benign	gnomad_2_227062578_C_T_34236495r3198	COL4A4	V670I	V670
dbsnp_benign	gnomad_2_227098696_G_A_199581317r3200	COL4A4	A401V	A401
dbsnp_benign	gnomad_2_227147434_T_C_114969026r3202	COL4A4	K17R	K17
dbsnp_benign	gnomad_X_108571434_A_G_768580195r3204	COL4A5	S136G	S136
dbsnp_benign	gnomad_X_108573596_T_C_142503631r3205	COL4A5	M163T	M163
dbsnp_benign	gnomad_X_108575943_A_G_145970300r3206	COL4A5	I194V	I194
dbsnp_benign	gnomad_X_108578382_A_G_372889859r3208	COL4A5	Q260R	Q260
dbsnp_benign	gnomad_X_108580708_G_A_41300173r3209	COL4A5	E287E	E287
dbsnp_benign	gnomad_X_108580708_G_C_41300173r3210	COL4A5	E287D	E287
dbsnp_benign	gnomad_X_108591571_A_G_201481496r3211	COL4A5	I450M	I450
dbsnp_benign	gnomad_X_108597067_C_A_758983710r3212	COL4A5	P529Q	P529
dbsnp_benign	gnomad_X_108598732_C_A_183934559r3213	COL4A5	P604T	P604
dbsnp_benign	gnomad_X_108598831_C_A_368347660r3214	COL4A5	Q637K	Q637
dbsnp_benign	gnomad_X_108601436_G_T_34077552r3215	COL4A5	K664N	K664
dbsnp_benign	gnomad_X_108603032_C_G_104886164r3217	COL4A5	P739A	P739
dbsnp_benign	gnomad_X_108655335_A_C_146873772r3219	COL4A5	E1084A	E1084
dbsnp_benign	gnomad_X_108677520_C_A_761470284r3220	COL4A5	P1271T	P1271
dbsnp_benign	gnomad_X_108694841_G_T_151130451r3221	COL4A5	A1575S	A1575
dbsnp_benign	gnomad_X_108165418_C_A_145388022r3222	COL4A6	A1255S	A1255
dbsnp_benign	gnomad_X_108190439_C_T_34740537r3224	COL4A6	R461Q	R461
dbsnp_benign	gnomad_9_134642199_T_C_368818087r3225	COL5A1	H4H	H4
dbsnp_benign	gnomad_9_134642248_C_T_548525119r3227	COL5A1	P21S	P21
dbsnp_benign	gnomad_9_134690995_C_T_139468527r3229	COL5A1	R65W	R65
dbsnp_benign	gnomad_9_134690996_G_A_116003670r3231	COL5A1	R65Q	R65
dbsnp_benign	gnomad_9_134699909_C_T_41306397r3232	COL5A1	A93V	A93
dbsnp_benign	gnomad_9_134699909_C_G_41306397r3234	COL5A1	A93G	A93
dbsnp_benign	gnomad_9_134699972_C_A_147589613r3235	COL5A1	A114D	A114
dbsnp_benign	gnomad_9_134699972_C_T_147589613r3236	COL5A1	A114V	A114
dbsnp_benign	gnomad_9_134700009_G_T_145178917r3237	COL5A1	Q126H	Q126
dbsnp_benign	gnomad_9_134701253_G_A_138579182r3239	COL5A1	D192N	D192
dbsnp_benign	gnomad_9_134727372_C_T_144844792r3241	COL5A1	S254L	S254
dbsnp_benign	gnomad_9_134728733_G_A_75648697r3243	COL5A1	E284K	E284
dbsnp_benign	gnomad_9_134732121_C_T_61736827r3244	COL5A1	I461I	I461
dbsnp_benign	gnomad_9_134750808_G_A_61735045r3245	COL5A1	G530S	G530
dbsnp_benign	gnomad_9_134763734_G_A_61737719r3247	COL5A1	E677E	E677
dbsnp_benign	gnomad_9_134784997_C_T_199630108r3248	COL5A1	I831I	I831
dbsnp_benign	gnomad_9_134785092_A_T_139788610r3249	COL5A1	E863V	E863
dbsnp_benign	gnomad_9_134785092_A_C_139788610r3250	COL5A1	E863A	E863
dbsnp_benign	gnomad_9_134789203_G_A_149964491r3251	COL5A1	G899S	G899
dbsnp_benign	gnomad_9_134796855_A_G_61736966r3252	COL5A1	N951S	N951
dbsnp_benign	gnomad_9_134817038_C_T_61739195r3254	COL5A1	P1379S	P1379
dbsnp_benign	gnomad_9_134818883_C_T_201335857r3256	COL5A1	D1458D	D1458
dbsnp_benign	gnomad_9_134824696_G_C_149212775r3258	COL5A1	E1599Q	E1599
dbsnp_benign	gnomad_9_134824696_G_A_149212775r3259	COL5A1	E1599K	E1599
dbsnp_benign	gnomad_9_134835104_C_T_2229817r3260	COL5A1	T1757M	T1757
dbsnp_benign	gnomad_9_134842193_G_A_61729495r3262	COL5A1	D1803N	D1803
dbsnp_benign	gnomad_2_189035029_C_T_139229616r3263	COL5A2	D1414N	D1414
dbsnp_benign	gnomad_2_189039508_G_C_62184175r3264	COL5A2	T1230R	T1230
dbsnp_benign	gnomad_2_189045226_G_A_146789395r3265	COL5A2	R1106W	R1106
dbsnp_benign	gnomad_2_189049396_G_A_75542756r3267	COL5A2	P1033L	P1033
dbsnp_benign	gnomad_2_189051399_C_T_772448543r3269	COL5A2	G951E	G951
dbsnp_benign	gnomad_2_189053010_G_A_148430780r3270	COL5A2	D854D	D854
dbsnp_benign	gnomad_2_189053010_G_T_148430780r3271	COL5A2	D854E	D854
dbsnp_benign	gnomad_2_189053896_G_A_116298748r3272	COL5A2	P833L	P833
dbsnp_benign	gnomad_2_189057366_G_C_150260969r3274	COL5A2	P764R	P764
dbsnp_benign	gnomad_2_189061582_G_A_139189200r3275	COL5A2	P671S	P671
dbsnp_benign	gnomad_2_189066418_A_G_35852101r3277	COL5A2	V512A	V512
dbsnp_benign	gnomad_2_189066730_G_T_145281966r3279	COL5A2	P485Q	P485
dbsnp_benign	gnomad_2_189068016_G_A_115570272r3281	COL5A2	P467L	P467
dbsnp_benign	gnomad_2_189068038_G_A_35830636r3283	COL5A2	P460S	P460
dbsnp_benign	gnomad_2_189068227_G_A_145850743r3285	COL5A2	T434M	T434
dbsnp_benign	gnomad_2_189068267_C_T_200839338r3286	COL5A2	A421T	A421
dbsnp_benign	gnomad_2_189075416_T_G_76148000r3287	COL5A2	M361L	M361
dbsnp_benign	gnomad_21_45982706_C_A_143502850r3289	COL6A1	A57D	A57
dbsnp_benign	gnomad_21_45982738_C_T_137964147r3290	COL6A1	R68C	R68
dbsnp_benign	gnomad_21_45984375_G_A_568865339r3291	COL6A1	A112T	A112
dbsnp_benign	gnomad_21_45990417_G_A_201525908r3292	COL6A1	V333M	V333
dbsnp_benign	gnomad_21_45990813_C_T_142882745r3294	COL6A1	S348L	S348
dbsnp_benign	gnomad_21_45992773_G_A_151158105r3295	COL6A1	R433Q	R433
dbsnp_benign	gnomad_21_45997713_C_T_117340427r3297	COL6A1	A492V	A492
dbsnp_benign	gnomad_21_45998149_C_A_201935658r3298	COL6A1	T518N	T518
dbsnp_benign	gnomad_21_45998433_C_T_200023632r3299	COL6A1	N537N	N537
dbsnp_benign	gnomad_21_46002049_G_A_148962954r3300	COL6A1	R682Q	R682
dbsnp_benign	gnomad_21_46002580_G_C_376567898r3301	COL6A1	Q768H	Q768
dbsnp_benign	gnomad_21_46002624_G_A_200261890r3302	COL6A1	R783Q	R783
dbsnp_benign	gnomad_21_46002700_G_T_140547835r3303	COL6A1	Q808H	Q808
dbsnp_benign	gnomad_21_46003126_A_G_11553518r3305	COL6A1	K814R	K814
dbsnp_benign	gnomad_21_46003443_C_T_141463437r3307	COL6A1	S839S	S839
dbsnp_benign	gnomad_21_46003561_A_G_140534207r3308	COL6A1	S879G	S879
dbsnp_benign	gnomad_21_46003563_C_T_540554122r3309	COL6A1	S879S	S879
dbsnp_benign	gnomad_21_46003568_C_T_150432347r3310	COL6A1	T881M	T881
dbsnp_benign	gnomad_21_46003678_G_A_750512162r3311	COL6A1	D918N	D918
dbsnp_benign	gnomad_21_46003735_A_G_117583120r3312	COL6A1	K937E	K937
dbsnp_benign	gnomad_21_46003783_G_A_150378645r3313	COL6A1	A953T	A953
dbsnp_benign	gnomad_21_46003955_A_G_141605607r3314	COL6A1	Q1010R	Q1010
dbsnp_benign	gnomad_21_46115902_G_A_61735835r3315	COL6A2	E278K	E278
dbsnp_benign	gnomad_21_46116803_G_A_139399166r3317	COL6A2	D330N	D330
dbsnp_benign	gnomad_21_46117890_C_G_199929757r3318	COL6A2	P357R	P357
dbsnp_benign	gnomad_21_46117890_C_T_199929757r3319	COL6A2	P357L	P357
dbsnp_benign	gnomad_21_46120518_G_A_535007570r3320	COL6A2	D446N	D446
dbsnp_benign	gnomad_21_46120518_G_C_535007570r3321	COL6A2	D446H	D446
dbsnp_benign	gnomad_21_46121563_G_A_61735828r3322	COL6A2	R489Q	R489
dbsnp_benign	gnomad_21_46121586_C_A_75581470r3323	COL6A2	P497T	P497
dbsnp_benign	gnomad_21_46122138_C_T_141166141r3325	COL6A2	P518S	P518
dbsnp_benign	gnomad_21_46122529_G_A_143338050r3327	COL6A2	E536K	E536
dbsnp_benign	gnomad_21_46124685_G_A_147158850r3328	COL6A2	R569Q	R569
dbsnp_benign	gnomad_21_46124699_G_C_142021066r3329	COL6A2	V574L	V574
dbsnp_benign	gnomad_21_46124919_C_T_142709940r3330	COL6A2	T590M	T590
dbsnp_benign	gnomad_21_46125593_G_A_142002945r3331	COL6A2	A649T	A649
dbsnp_benign	gnomad_21_46125985_C_T_150098077r3333	COL6A2	R724C	R724
dbsnp_benign	gnomad_21_46125997_G_A_200585528r3334	COL6A2	V728M	V728
dbsnp_benign	gnomad_21_46126147_G_A_28562813r3335	COL6A2	D778N	D778
dbsnp_benign	gnomad_21_46131995_G_A_117668143r3336	COL6A2	V835I	V835
dbsnp_benign	gnomad_21_46132050_G_A_144830948r3338	COL6A2	R853Q	R853
dbsnp_benign	gnomad_21_46132058_G_A_368160013r3340	COL6A2	V856M	V856
dbsnp_benign	gnomad_21_46132067_G_A_370446082r3341	COL6A2	V859M	V859
dbsnp_benign	gnomad_21_46132074_G_A_373813975r3342	COL6A2	R861Q	R861
dbsnp_benign	gnomad_21_46132092_G_A_61735831r3343	COL6A2	R867Q	R867
dbsnp_benign	gnomad_21_46132097_G_A_141021828r3345	COL6A2	D869N	D869
dbsnp_benign	gnomad_21_46132097_G_T_141021828r3346	COL6A2	D869Y	D869
dbsnp_benign	gnomad_21_46132099_C_T_150219725r3347	COL6A2	D869D	D869
dbsnp_benign	gnomad_21_46132102_C_T_116817879r3348	COL6A2	D870D	D870
dbsnp_benign	gnomad_21_46132175_A_C_141233891r3350	COL6A2	S895R	S895
dbsnp_benign	gnomad_21_46132199_G_A_373611722r3351	COL6A2	E903K	E903
dbsnp_benign	gnomad_21_46132261_C_T_140419176r3353	COL6A2	H923H	H923
dbsnp_benign	gnomad_21_46132295_G_A_35548026r3354	COL6A2	G935R	G935
dbsnp_benign	gnomad_21_46132385_C_T_201188174r3356	COL6A2	R965C	R965
dbsnp_benign	gnomad_21_46132436_A_G_190664941r3357	COL6A2	M982V	M982
dbsnp_benign	gnomad_21_46132472_G_A_117931394r3358	COL6A2	A994T	A994
dbsnp_benign	gnomad_21_46132475_G_A_35139588r3360	COL6A2	A995T	A995
dbsnp_benign	gnomad_21_46132495_C_A_756253502r3362	COL6A2	D1001E	D1001
dbsnp_benign	gnomad_21_46132495_C_T_756253502r3363	COL6A2	D1001D	D1001
dbsnp_benign	gnomad_21_46132535_A_C_11910483r3364	COL6A2	I1015L	I1015
dbsnp_benign	gnomad_21_46112163_C_G_765941470r3366	COL6A2	H100Q	H100
dbsnp_benign	gnomad_21_46112163_C_T_765941470r3368	COL6A2	H100H	H100
dbsnp_benign	gnomad_21_46112179_G_A_141703710r3369	COL6A2	E106K	E106
dbsnp_benign	gnomad_21_46112309_G_A_143891262r3370	COL6A2	R149H	R149
dbsnp_benign	gnomad_21_46112362_G_A_115957676r3371	COL6A2	G167S	G167
dbsnp_benign	gnomad_21_46112374_G_A_200710788r3373	COL6A2	G171R	G171
dbsnp_benign	gnomad_21_46112431_G_A_150877061r3374	COL6A2	V190M	V190
dbsnp_benign	gnomad_21_46112542_G_A_35881321r3376	COL6A2	D227N	D227
dbsnp_benign	gnomad_2_237324784_A_G_148183839r3378	COL6A3	M3175T	M3175
dbsnp_benign	gnomad_2_237333533_G_C_182976977r3379	COL6A3	P3082R	P3082
dbsnp_benign	gnomad_2_237334638_T_C_199680718r3381	COL6A3	S3073G	S3073
dbsnp_benign	gnomad_2_237334727_C_T_552651651r3382	COL6A3	R3043H	R3043
dbsnp_benign	gnomad_2_237334739_G_A_116655315r3383	COL6A3	T3039M	T3039
dbsnp_benign	gnomad_2_237336278_G_A_11903206r3384	COL6A3	A2941V	A2941
dbsnp_benign	gnomad_2_237336296_G_A_36020669r3386	COL6A3	A2935V	A2935
dbsnp_benign	gnomad_2_237336464_G_A_150907698r3387	COL6A3	T2879M	T2879
dbsnp_benign	gnomad_2_237340727_G_T_138466455r3388	COL6A3	A2730D	A2730
dbsnp_benign	gnomad_2_237340748_A_G_373108028r3389	COL6A3	I2723T	I2723
dbsnp_benign	gnomad_2_237340988_G_A_111595697r3390	COL6A3	A2643V	A2643
dbsnp_benign	gnomad_2_237341067_C_T_138285547r3392	COL6A3	D2617N	D2617
dbsnp_benign	gnomad_2_237342145_A_G_143631346r3393	COL6A3	V2562A	V2562
dbsnp_benign	gnomad_2_237344373_G_A_151079701r3394	COL6A3	R2549W	R2549
dbsnp_benign	gnomad_2_237344659_C_T_114199044r3396	COL6A3	E2453E	E2453
dbsnp_benign	gnomad_2_237347829_G_A_202092407r3398	COL6A3	P2336L	P2336
dbsnp_benign	gnomad_2_237352524_G_A_116690555r3399	COL6A3	R2251W	R2251
dbsnp_benign	gnomad_2_237353378_G_A_36117715r3400	COL6A3	P2218L	P2218
dbsnp_benign	gnomad_2_237363263_G_A_200239695r3402	COL6A3	A2018V	A2018
dbsnp_benign	gnomad_2_237363348_G_A_146546544r3404	COL6A3	R1990W	R1990
dbsnp_benign	gnomad_2_237365703_C_T_113332380r3406	COL6A3	V1945M	V1945
dbsnp_benign	gnomad_2_237365703_C_G_113332380r3407	COL6A3	V1945L	V1945
dbsnp_benign	gnomad_2_237365926_G_T_113153193r3408	COL6A3	S1870R	S1870
dbsnp_benign	gnomad_2_237365927_C_T_114804083r3410	COL6A3	S1870N	S1870
dbsnp_benign	gnomad_2_237366794_C_T_371441617r3412	COL6A3	R1798H	R1798
dbsnp_benign	gnomad_2_237367275_C_T_114322958r3414	COL6A3	A1638T	A1638
dbsnp_benign	gnomad_2_237368568_C_T_111231885r3416	COL6A3	R1632Q	R1632
dbsnp_benign	gnomad_2_237368736_C_T_61729839r3418	COL6A3	R1576Q	R1576
dbsnp_benign	gnomad_2_237368780_C_T_113074898r3420	COL6A3	Q1561Q	Q1561
dbsnp_benign	gnomad_2_237368953_G_A_144223596r3422	COL6A3	R1504W	R1504
dbsnp_benign	gnomad_2_237368960_G_A_115551245r3423	COL6A3	D1501D	D1501
dbsnp_benign	gnomad_2_237371833_C_T_80272723r3425	COL6A3	R1395Q	R1395
dbsnp_benign	gnomad_2_237371834_G_A_73998894r3427	COL6A3	R1395W	R1395
dbsnp_benign	gnomad_2_237371848_G_A_115548605r3429	COL6A3	S1390L	S1390
dbsnp_benign	gnomad_2_237371861_C_T_146092501r3430	COL6A3	E1386K	E1386
dbsnp_benign	gnomad_2_237371900_C_T_112181324r3431	COL6A3	A1373T	A1373
dbsnp_benign	gnomad_2_237371970_G_A_115893145r3433	COL6A3	D1349D	D1349
dbsnp_benign	gnomad_2_237372115_C_T_148038440r3434	COL6A3	R1301Q	R1301
dbsnp_benign	gnomad_2_237372165_G_A_148561729r3435	COL6A3	F1284F	F1284
dbsnp_benign	gnomad_2_237372165_G_T_148561729r3436	COL6A3	F1284L	F1284
dbsnp_benign	gnomad_2_237372266_C_T_199646208r3437	COL6A3	V1251I	V1251
dbsnp_benign	gnomad_2_237374645_C_T_36062562r3439	COL6A3	R1149Q	R1149
dbsnp_benign	gnomad_2_237374805_G_A_114852262r3441	COL6A3	R1096C	R1096
dbsnp_benign	gnomad_2_237374868_G_A_201962257r3442	COL6A3	R1075W	R1075
dbsnp_benign	gnomad_2_237374886_C_T_115297652r3443	COL6A3	V1069M	V1069
dbsnp_benign	gnomad_2_237374900_C_T_112638391r3444	COL6A3	R1064Q	R1064
dbsnp_benign	gnomad_2_237374973_C_T_78427077r3446	COL6A3	V1040I	V1040
dbsnp_benign	gnomad_2_237375003_C_T_116238578r3447	COL6A3	V1030M	V1030
dbsnp_benign	gnomad_2_237378813_A_G_572969883r3449	COL6A3	F774L	F774
dbsnp_benign	gnomad_2_237378828_C_T_142719863r3450	COL6A3	A769T	A769
dbsnp_benign	gnomad_2_237378841_G_A_116066149r3451	COL6A3	N764N	N764
dbsnp_benign	gnomad_2_237378938_G_A_370719148r3452	COL6A3	T732M	T732
dbsnp_benign	gnomad_2_237378986_C_T_144514259r3453	COL6A3	G716D	G716
dbsnp_benign	gnomad_2_237379103_C_T_35227432r3454	COL6A3	R677H	R677
dbsnp_benign	gnomad_2_237379103_C_G_35227432r3456	COL6A3	R677P	R677
dbsnp_benign	gnomad_2_237381124_T_C_112913396r3457	COL6A3	D563G	D563
dbsnp_benign	gnomad_2_237381250_G_A_115881121r3459	COL6A3	S521L	S521
dbsnp_benign	gnomad_2_237381274_C_T_139498556r3460	COL6A3	R513Q	R513
dbsnp_benign	gnomad_2_237381334_A_G_116794756r3461	COL6A3	V493A	V493
dbsnp_benign	gnomad_2_237387763_G_A_189772397r3463	COL6A3	F377F	F377
dbsnp_benign	gnomad_2_237387870_C_T_111402193r3464	COL6A3	V342M	V342
dbsnp_benign	gnomad_2_237387936_C_T_115819851r3466	COL6A3	A320T	A320
dbsnp_benign	gnomad_2_237388032_C_T_115729513r3468	COL6A3	D288N	D288
dbsnp_benign	gnomad_2_237388118_G_A_149924028r3470	COL6A3	A259V	A259
dbsnp_benign	gnomad_2_237388119_C_T_141609058r3471	COL6A3	A259T	A259
dbsnp_benign	gnomad_2_237388164_T_C_116729313r3472	COL6A3	I244V	I244
dbsnp_benign	gnomad_2_237394830_C_A_199632952r3474	COL6A3	D156Y	D156
dbsnp_benign	gnomad_2_237395004_T_A_76646066r3475	COL6A3	T98S	T98
dbsnp_benign	gnomad_2_237396784_C_T_137910388r3476	COL6A3	V12I	V12
dbsnp_benign	gnomad_2_237396804_C_T_765276422r3477	COL6A3	R5Q	R5
dbsnp_benign	gnomad_3_48569387_G_A_201140493r3478	COL7A1	D2558D	D2558
dbsnp_benign	gnomad_3_48572893_T_C_574558938r3479	COL7A1	K2267R	K2267
dbsnp_benign	gnomad_3_48574263_G_A_200473808r3480	COL7A1	P2167L	P2167
dbsnp_benign	gnomad_3_48584037_G_A_143126677r3481	COL7A1	R1408W	R1408
dbsnp_benign	gnomad_3_48584486_G_A_140403507r3482	COL7A1	S1373L	S1373
dbsnp_benign	gnomad_3_48585562_C_T_149881350r3483	COL7A1	E1297K	E1297
dbsnp_benign	gnomad_3_48586186_G_A_144825552r3485	COL7A1	A1204V	A1204
dbsnp_benign	gnomad_3_48586607_C_T_2228563r3486	COL7A1	R1120K	R1120
dbsnp_benign	gnomad_3_48586985_G_A_529120446r3488	COL7A1	P1088L	P1088
dbsnp_benign	gnomad_3_48588943_G_A_139521707r3489	COL7A1	S789S	S789
dbsnp_benign	gnomad_3_48589399_C_T_148411473r3490	COL7A1	E748K	E748
dbsnp_benign	gnomad_3_48590278_T_C_139622306r3492	COL7A1	Q662R	Q662
dbsnp_benign	gnomad_3_48590356_C_A_116005007r3493	COL7A1	G636V	G636
dbsnp_benign	gnomad_3_48592819_G_A_35623035r3494	COL7A1	P268S	P268
dbsnp_benign	gnomad_6_70281012_C_T_151129325r3496	COL9A1	G302S	G302
dbsnp_benign	gnomad_1_40301270_G_A_150687987r3498	COL9A2	P661L	P661
dbsnp_benign	gnomad_1_40304370_G_A_201985170r3500	COL9A2	P413S	P413
dbsnp_benign	gnomad_1_40304805_T_G_145327896r3501	COL9A2	M384L	M384
dbsnp_benign	gnomad_1_40307447_G_T_150075912r3503	COL9A2	A336E	A336
dbsnp_benign	gnomad_1_40307478_G_A_12077871r3505	COL9A2	Q326NA	Q326
dbsnp_benign	gnomad_20_62821196_C_T_774823793r3507	COL9A3	P109S	P109
dbsnp_benign	gnomad_20_62837100_G_A_201572795r3509	COL9A3	A541T	A541
dbsnp_benign	gnomad_20_62837205_G_A_116005499r3510	COL9A3	A576T	A576
dbsnp_benign	gnomad_3_15451674_G_T_73818504r3512	COLQ	I446I	I446
dbsnp_benign	gnomad_3_15451674_G_C_73818504r3514	COLQ	I446M	I446
dbsnp_benign	gnomad_3_15453879_G_A_55866379r3515	COLQ	D416D	D416
dbsnp_benign	gnomad_3_15458206_T_C_6782980r3517	COLQ	S312G	S312
dbsnp_benign	gnomad_19_18783129_G_T_28936368r3519	COMP	R718R	R718
dbsnp_benign	gnomad_19_18784322_G_A_10421797r3520	COMP	N652N	N652
dbsnp_benign	gnomad_19_18785966_G_T_143714206r3522	COMP	D496E	D496
dbsnp_benign	gnomad_19_18788263_G_A_199596155r3523	COMP	I308I	I308
dbsnp_benign	gnomad_19_18788263_G_C_199596155r3524	COMP	I308M	I308
dbsnp_benign	gnomad_19_18789278_A_G_757094319r3525	COMP	F137S	F137
dbsnp_benign	gnomad_22_19941736_G_T_532340383r3526	TXNRD2	A23E	A23
dbsnp_benign	gnomad_9_128332174_G_A_34043652r3527	COQ4	A142T	A142
dbsnp_benign	gnomad_9_128332233_G_C_141228574r3529	COQ4	E161D	E161
dbsnp_benign	gnomad_1_226965060_C_T_76249490r3531	COQ8A	H80Y	H80
dbsnp_benign	gnomad_1_226965077_T_G_2297411r3533	COQ8A	H85Q	H85
dbsnp_benign	gnomad_1_226965120_G_T_150696959r3535	COQ8A	D100Y	D100
dbsnp_benign	gnomad_1_226983783_C_T_17849927r3537	COQ8A	I395I	I395
dbsnp_benign	gnomad_1_226986669_C_T_141725964r3538	COQ8A	R626C	R626
dbsnp_benign	gnomad_16_57458264_C_G_78846023r3539	COQ9	L209V	L209
dbsnp_benign	gnomad_16_30188392_C_A_150857828r3541	CORO1A	P366H	P366
dbsnp_benign	gnomad_17_14074362_C_T_16948978r3543	COX10	T28I	T28
dbsnp_benign	gnomad_17_14074372_C_A_141481210r3545	COX10	D31E	D31
dbsnp_benign	gnomad_17_14076847_A_G_16948986r3546	COX10	Y97C	Y97
dbsnp_benign	gnomad_17_14076859_C_T_145948285r3548	COX10	P101L	P101
dbsnp_benign	gnomad_17_14206977_G_T_111541535r3550	COX10	V366L	V366
dbsnp_benign	gnomad_10_99727002_C_T_35483721r3552	COX15	R183H	R183
dbsnp_benign	gnomad_1_244835721_G_T_201152357r3554	COX20	A3S	A3
dbsnp_benign	gnomad_3_149177867_A_G_34394958r3556	CP	H780H	H780
dbsnp_benign	gnomad_3_149182037_G_C_56033670r3558	CP	T624R	T624
dbsnp_benign	gnomad_3_149212498_G_T_73866999r3559	CP	P116H	P116
dbsnp_benign	gnomad_3_149162775_T_C_144099522r3560	HPS3	V793A	V793
dbsnp_benign	gnomad_7_130380525_G_A_145988366r3561	CPA1	R2Q	R2
dbsnp_benign	gnomad_7_130381853_C_T_150653308r3562	CPA1	T124I	T124
dbsnp_benign	gnomad_7_130383702_C_A_61735962r3564	CPA1	Q202K	Q202
dbsnp_benign	gnomad_7_130383793_C_T_114488732r3566	CPA1	T232M	T232
dbsnp_benign	gnomad_7_130385872_G_A_77792157r3568	CPA1	A341T	A341
dbsnp_benign	gnomad_8_67422581_G_A_142597675r3570	CPA6	L413F	L413
dbsnp_benign	gnomad_5_37169067_T_C_143147192r3572	CPLANE1	Q2319Q	Q2319
dbsnp_benign	gnomad_5_37170060_T_C_150999024r3574	CPLANE1	N2148S	N2148
dbsnp_benign	gnomad_5_37182852_C_T_142777778r3575	CPLANE1	V1777I	V1777
dbsnp_benign	gnomad_5_37183195_T_G_547409263r3576	CPLANE1	Q1662H	Q1662
dbsnp_benign	gnomad_5_37226712_C_T_74975451r3578	CPLANE1	R628K	R628
dbsnp_benign	gnomad_5_37227353_G_C_139940282r3580	CPLANE1	L471V	L471
dbsnp_benign	gnomad_5_37227803_G_A_373606997r3581	CPLANE1	T379M	T379
dbsnp_benign	gnomad_5_37243028_A_G_370118778r3583	CPLANE1	V221A	V221
dbsnp_benign	gnomad_3_98591061_T_A_138479596r3584	CPOX	E217D	E217
dbsnp_benign	gnomad_3_98591061_T_C_138479596r3585	CPOX	E217E	E217
dbsnp_benign	gnomad_2_210594557_C_A_138254425r3586	CPS1	T405N	T405
dbsnp_benign	gnomad_2_210594557_C_T_138254425r3587	CPS1	T405I	T405
dbsnp_benign	gnomad_2_210612146_G_A_140726293r3588	CPS1	E807E	E807
dbsnp_benign	gnomad_2_210642553_C_T_79627159r3590	CPS1	T1010M	T1010
dbsnp_benign	gnomad_2_210648491_G_A_76340296r3591	CPS1	A1119T	A1119
dbsnp_benign	gnomad_2_210658619_G_T_115897023r3593	CPS1	K1229N	K1229
dbsnp_benign	gnomad_2_210616477_A_G_147062907r3595	CPS1	K875E	K875
dbsnp_benign	gnomad_11_68807618_G_A_61731903r3597	CPT1A	T101M	T101
dbsnp_benign	gnomad_1_53210027_A_G_148035648r3599	CPT2	D118G	D118
dbsnp_benign	gnomad_1_53210729_T_G_2229291r3601	CPT2	F352C	F352
dbsnp_benign	gnomad_1_53211272_T_C_144703247r3603	CPT2	V533A	V533
dbsnp_benign	gnomad_1_53213381_C_G_1871748r3604	CPT2	S588C	S588
dbsnp_benign	gnomad_1_197344292_G_A_114846212r3605	CRB1	E222K	E222
dbsnp_benign	gnomad_1_197356917_T_G_533227950r3606	CRB1	S359A	S359
dbsnp_benign	gnomad_1_197421020_G_A_144011428r3607	CRB1	V398I	V398
dbsnp_benign	gnomad_1_197427555_C_A_150412614r3608	CRB1	R744R	R744
dbsnp_benign	gnomad_1_197427555_C_T_150412614r3609	CRB1	R744NA	R744
dbsnp_benign	gnomad_1_197427631_G_A_62636287r3610	CRB1	R769H	R769
dbsnp_benign	gnomad_1_197435034_C_T_62636284r3612	CRB1	N1057N	N1057
dbsnp_benign	gnomad_1_197435034_C_G_62636284r3613	CRB1	N1057K	N1057
dbsnp_benign	gnomad_1_197435260_G_A_116246250r3614	CRB1	V1133M	V1133
dbsnp_benign	gnomad_1_197435558_A_G_142090517r3616	CRB1	H1232R	H1232
dbsnp_benign	gnomad_1_197442279_G_A_62636285r3617	CRB1	R1331H	R1331
dbsnp_benign	gnomad_3_3174217_G_A_1045309r3618	CRBN	H73H	H73
dbsnp_benign	gnomad_16_3728198_G_A_148904096r3620	CREBBP	S2283S	S2283
dbsnp_benign	gnomad_16_3728363_G_A_138613594r3621	CREBBP	H2228H	H2228
dbsnp_benign	gnomad_16_3728423_T_C_142545779r3622	CREBBP	Q2208Q	Q2208
dbsnp_benign	gnomad_16_3728423_T_G_142545779r3623	CREBBP	Q2208H	Q2208
dbsnp_benign	gnomad_16_3728483_C_T_73491896r3624	CREBBP	Q2188Q	Q2188
dbsnp_benign	gnomad_16_3728852_G_A_374150949r3625	CREBBP	S2065S	S2065
dbsnp_benign	gnomad_16_3728852_G_T_374150949r3627	CREBBP	S2065R	S2065
dbsnp_benign	gnomad_16_3728957_C_T_374969185r3628	CREBBP	Q2030Q	Q2030
dbsnp_benign	gnomad_16_3729044_A_G_200998860r3629	CREBBP	N2001N	N2001
dbsnp_benign	gnomad_16_3729113_G_A_754282387r3631	CREBBP	N1978N	N1978
dbsnp_benign	gnomad_16_3729114_T_C_112906840r3632	CREBBP	N1978S	N1978
dbsnp_benign	gnomad_16_3729328_C_T_199990883r3633	CREBBP	A1907T	A1907
dbsnp_benign	gnomad_16_3769261_G_A_142528559r3634	CREBBP	D991D	D991
dbsnp_benign	gnomad_16_3770722_T_A_143247685r3636	CREBBP	T910S	T910
dbsnp_benign	gnomad_16_3770722_T_C_143247685r3637	CREBBP	T910A	T910
dbsnp_benign	gnomad_16_3770772_G_A_142047649r3639	CREBBP	S893L	S893
dbsnp_benign	gnomad_16_3770968_C_A_779000839r3640	CREBBP	A828S	A828
dbsnp_benign	gnomad_16_3774613_T_C_142932907r3641	CREBBP	M747V	M747
dbsnp_benign	gnomad_16_3782858_C_T_202225861r3642	CREBBP	A467T	A467
dbsnp_benign	gnomad_16_3810673_C_T_200154055r3643	CREBBP	S302N	S302
dbsnp_benign	gnomad_16_3850335_C_T_148781922r3644	CREBBP	A254T	A254
dbsnp_benign	gnomad_16_3850383_C_G_146887252r3646	CREBBP	V238L	V238
dbsnp_benign	gnomad_16_3850712_G_C_55790011r3647	CREBBP	S128C	S128
dbsnp_benign	gnomad_3_9944013_C_T_139717648r3648	CRELD1	T387I	T387
dbsnp_benign	gnomad_3_9944013_C_A_139717648r3649	CRELD1	T387N	T387
dbsnp_benign	gnomad_7_16406249_G_A_61744487r3650	CRPPA	R116C	R116
dbsnp_benign	gnomad_7_16258999_G_T_114363936r3652	CRPPA	T316K	T316
dbsnp_benign	gnomad_7_16421291_G_C_192925278r3654	CRPPA	P11R	P11
dbsnp_benign	gnomad_3_33124427_T_C_146124454r3655	CRTAP	V214A	V214
dbsnp_benign	gnomad_19_47836244_C_T_139778328r3657	CRX	S34S	S34
dbsnp_benign	gnomad_19_47836338_G_A_61748438r3658	CRX	V66I	V66
dbsnp_benign	gnomad_19_47839432_G_A_61748441r3660	CRX	G122D	G122
dbsnp_benign	gnomad_19_47839492_A_G_61748442r3662	CRX	Y142C	Y142
dbsnp_benign	gnomad_19_47839527_A_G_763651232r3663	CRX	T154A	T154
dbsnp_benign	gnomad_19_47839539_G_A_61748445r3664	CRX	A158T	A158
dbsnp_benign	gnomad_19_47839618_C_T_147558800r3666	CRX	P184L	P184
dbsnp_benign	gnomad_19_47839791_G_A_61748459r3668	CRX	V242M	V242
dbsnp_benign	gnomad_11_111908832_C_T_150516929r3669	CRYAB	G154S	G154
dbsnp_benign	gnomad_11_111911573_G_A_2234704r3670	CRYAB	P51L	P51
dbsnp_benign	gnomad_17_29249184_C_T_142631461r3671	CRYBA1	P25L	P25
dbsnp_benign	gnomad_17_29253757_G_A_117757092r3673	CRYBA1	G159S	G159
dbsnp_benign	gnomad_22_26628294_C_T_149353652r3674	CRYBA4	R103C	R103
dbsnp_benign	gnomad_22_26607993_G_A_147206089r3675	CRYBB1	R110C	R110
dbsnp_benign	gnomad_22_25227872_G_T_16986560r3677	CRYBB2	A65S	A65
dbsnp_benign	gnomad_22_25203882_G_A_17670506r3679	CRYBB3	R105Q	R105
dbsnp_benign	gnomad_2_208128411_C_T_149859061r3681	CRYGC	S106N	S106
dbsnp_benign	gnomad_5_150054323_C_T_56059682r3682	CSF1R	R921Q	R921
dbsnp_benign	gnomad_5_150057348_C_T_560352241r3683	CSF1R	R753Q	R753
dbsnp_benign	gnomad_5_150057367_C_T_41355444r3684	CSF1R	G747R	G747
dbsnp_benign	gnomad_5_150068235_G_C_55942044r3685	CSF1R	L536V	L536
dbsnp_benign	gnomad_5_150077363_C_T_143274491r3686	CSF1R	V268I	V268
dbsnp_benign	gnomad_5_150077401_T_A_146406037r3687	CSF1R	N255I	N255
dbsnp_benign	gnomad_5_150077432_C_A_41338945r3688	CSF1R	A245S	A245
dbsnp_benign	gnomad_5_150077432_C_T_41338945r3689	CSF1R	A245T	A245
dbsnp_benign	gnomad_5_150080850_G_A_748096324r3691	CSF1R	T75I	T75
dbsnp_benign	gnomad_Y_1288522_A_G_149059494r3692	N/A	NAN/ANA	NAN/A
dbsnp_benign	gnomad_Y_1288840_C_T_151058706r3694	N/A	NAN/ANA	NAN/A
dbsnp_benign	gnomad_Y_1290354_G_A_138964358r3696	N/A	NAN/ANA	NAN/A
dbsnp_benign	gnomad_Y_1305473_G_A_56960778r3697	N/A	NAN/ANA	NAN/A
dbsnp_benign	gnomad_Y_1305473_G_T_56960778r3699	N/A	NAN/ANA	NAN/A
dbsnp_benign	gnomad_1_36466446_C_T_146617729r3700	CSF3R	E808K	E808
dbsnp_benign	gnomad_1_36469807_C_T_3918020r3701	CSF3R	R440Q	R440
dbsnp_benign	gnomad_1_36473802_C_G_139332126r3703	CSF3R	E149D	E149
dbsnp_benign	gnomad_8_19458575_G_A_12155539r3705	CSGALNACT1	H234H	H234
dbsnp_benign	gnomad_8_67074298_T_C_150924296r3707	CSPP1	L52L	L52
dbsnp_benign	gnomad_8_67103078_A_G_141389465r3708	CSPP1	H366R	H366
dbsnp_benign	gnomad_8_67132051_C_G_73693125r3709	CSPP1	Q630E	Q630
dbsnp_benign	gnomad_8_67132051_C_A_73693125r3710	CSPP1	Q630K	Q630
dbsnp_benign	gnomad_11_19182658_C_T_45607943r3711	CSRP3	R143H	R143
dbsnp_benign	gnomad_11_19186318_G_C_45582433r3712	CSRP3	T104T	T104
dbsnp_benign	gnomad_11_19186331_C_T_138218523r3714	CSRP3	R100H	R100
dbsnp_benign	gnomad_11_19192439_A_G_45550635r3715	CSRP3	W4R	W4
dbsnp_benign	gnomad_17_8232126_C_G_62620189r3716	CTC1	G721A	G721
dbsnp_benign	gnomad_17_8232134_A_T_62637610r3718	CTC1	D718E	D718
dbsnp_benign	gnomad_17_8232134_A_G_62637610r3719	CTC1	D718D	D718
dbsnp_benign	gnomad_17_8234478_G_A_183556317r3721	CTC1	P599S	P599
dbsnp_benign	gnomad_17_8235109_C_T_145192682r3723	CTC1	Q461Q	Q461
dbsnp_benign	gnomad_17_8235185_C_T_75790638r3725	CTC1	R436H	R436
dbsnp_benign	gnomad_17_8235185_C_G_75790638r3727	CTC1	R436P	R436
dbsnp_benign	gnomad_17_8236110_T_C_78390421r3728	CTC1	D342G	D342
dbsnp_benign	gnomad_16_67620774_C_T_143837268r3730	CTCF	S388S	S388
dbsnp_benign	gnomad_16_67636779_C_T_145727304r3732	CTCF	P643S	P643
dbsnp_benign	gnomad_16_67637827_C_T_146712579r3733	CTCF	N713N	N713
dbsnp_benign	gnomad_16_30902529_G_A_776753331r3735	CTF1	G199D	G199
dbsnp_benign	gnomad_16_30902529_G_C_776753331r3736	CTF1	G199A	G199
dbsnp_benign	gnomad_5_138812250_C_T_28363394r3737	CTNNA1	A179V	A179
dbsnp_benign	gnomad_5_138824559_G_C_150893072r3738	CTNNA1	Q206H	Q206
dbsnp_benign	gnomad_5_138824596_C_T_28363406r3739	CTNNA1	P219S	P219
dbsnp_benign	gnomad_5_138904381_T_C_775346533r3741	CTNNA1	N443N	N443
dbsnp_benign	gnomad_10_66280518_C_T_774209973r3742	CTNNA3	K612K	K612
dbsnp_benign	gnomad_10_66379281_G_A_41274090r3743	CTNNA3	R535C	R535
dbsnp_benign	gnomad_10_66520695_T_A_140913916r3745	CTNNA3	T485S	T485
dbsnp_benign	gnomad_10_66520695_T_C_140913916r3746	CTNNA3	T485A	T485
dbsnp_benign	gnomad_10_66766350_G_T_115276158r3747	CTNNA3	L399I	L399
dbsnp_benign	gnomad_10_67219671_T_C_190073606r3748	CTNNA3	Q260R	Q260
dbsnp_benign	gnomad_10_67219732_T_C_367570454r3749	CTNNA3	T240A	T240
dbsnp_benign	gnomad_3_41225785_A_G_35288908r3750	CTNNB1	N287S	N287
dbsnp_benign	gnomad_3_41233859_C_T_3856748r3751	CTNNB1	L506L	L506
dbsnp_benign	gnomad_17_3647506_G_A_35086888r3753	CTNS	V42I	V42
dbsnp_benign	gnomad_1_15440369_G_A_145868278r3755	CTRC	R37Q	R37
dbsnp_benign	gnomad_1_15442501_C_T_41307798r3756	CTRC	D95D	D95
dbsnp_benign	gnomad_11_88294041_T_C_3888798r3758	CTSC	I453V	I453
dbsnp_benign	gnomad_11_88312415_A_C_217086r3761	CTSC	I153R	I153
dbsnp_benign	gnomad_11_1754040_C_T_374540411r3762	CTSD	R309H	R309
dbsnp_benign	gnomad_11_1754122_C_T_147278302r3763	CTSD	G282R	G282
dbsnp_benign	gnomad_11_66564894_G_A_116329758r3765	CTSF	N386N	N386
dbsnp_benign	gnomad_11_66566336_G_A_143313688r3767	CTSF	R226C	R226
dbsnp_benign	gnomad_11_66567517_T_C_11550508r3769	CTSF	Q153R	Q153
dbsnp_benign	gnomad_16_88713345_C_T_73262667r3770	CTU2	H257H	H257
dbsnp_benign	gnomad_16_88713345_C_G_73262667r3772	CTU2	H257Q	H257
dbsnp_benign	gnomad_10_16828810_C_T_201484266r3773	CUBN	G3587R	G3587
dbsnp_benign	gnomad_10_16828913_G_T_1801232r3775	CUBN	N3552K	N3552
dbsnp_benign	gnomad_10_16831397_G_A_141937843r3777	CUBN	S3461S	S3461
dbsnp_benign	gnomad_10_16831397_G_T_141937843r3778	CUBN	S3461R	S3461
dbsnp_benign	gnomad_10_16835109_C_T_145872906r3779	CUBN	V3423I	V3423
dbsnp_benign	gnomad_10_16840376_G_A_74431427r3780	CUBN	S3329L	S3329
dbsnp_benign	gnomad_10_16851333_T_C_111265129r3782	CUBN	I3189V	I3189
dbsnp_benign	gnomad_10_16851407_G_C_57163243r3784	CUBN	S3164W	S3164
dbsnp_benign	gnomad_10_16874406_G_A_117755237r3786	CUBN	I3068I	I3068
dbsnp_benign	gnomad_10_16874485_T_C_142581908r3788	CUBN	N3042S	N3042
dbsnp_benign	gnomad_10_16877035_C_T_115888073r3790	CUBN	V2990I	V2990
dbsnp_benign	gnomad_10_16906247_T_G_115449747r3792	CUBN	E2623A	E2623
dbsnp_benign	gnomad_10_16913979_A_T_117128556r3794	CUBN	D2455E	D2455
dbsnp_benign	gnomad_10_16915037_A_G_41301097r3796	CUBN	M2449T	M2449
dbsnp_benign	gnomad_10_16915037_A_C_41301097r3797	CUBN	M2449R	M2449
dbsnp_benign	gnomad_10_16925418_T_C_144360241r3799	CUBN	N2157D	N2157
dbsnp_benign	gnomad_10_16933122_C_T_143400113r3801	CUBN	R2030Q	R2030
dbsnp_benign	gnomad_10_16933122_C_G_143400113r3802	CUBN	R2030P	R2030
dbsnp_benign	gnomad_10_16939016_T_C_76789390r3804	CUBN	I1894V	I1894
dbsnp_benign	gnomad_10_16948480_G_A_191787640r3806	CUBN	S1736L	S1736
dbsnp_benign	gnomad_10_17043904_C_G_115048360r3807	CUBN	S1251T	S1251
dbsnp_benign	gnomad_10_17045075_C_T_141740096r3809	CUBN	A1202T	A1202
dbsnp_benign	gnomad_10_17045075_C_A_141740096r3810	CUBN	A1202S	A1202
dbsnp_benign	gnomad_10_17047451_C_A_146593010r3811	CUBN	A1098S	A1098
dbsnp_benign	gnomad_10_17068150_G_A_201802902r3813	CUBN	F974F	F974
dbsnp_benign	gnomad_10_17068150_G_C_201802902r3815	CUBN	F974L	F974
dbsnp_benign	gnomad_10_17068640_T_C_148869805r3816	CUBN	H919R	H919
dbsnp_benign	gnomad_10_17071457_C_T_138083522r3818	CUBN	S865N	S865
dbsnp_benign	gnomad_10_17084390_A_G_147752521r3820	CUBN	F728L	F728
dbsnp_benign	gnomad_10_17110931_C_T_57335729r3821	CUBN	A335T	A335
dbsnp_benign	gnomad_10_17111024_C_T_78201384r3822	CUBN	E304K	E304
dbsnp_benign	gnomad_X_120574553_C_T_145808703r3824	CUL4B	G22D	G22
dbsnp_benign	gnomad_X_120574592_C_T_149016283r3825	CUL4B	G9E	G9
dbsnp_benign	gnomad_6_43037871_G_A_61731584r3826	CUL7	D1638D	D1638
dbsnp_benign	gnomad_6_43046293_T_C_149360738r3827	CUL7	N868S	N868
dbsnp_benign	gnomad_6_43041026_C_T_36004037r3828	CUL7	R1232Q	R1232
dbsnp_benign	gnomad_2_136115771_T_G_56400844r3830	CXCR4	I53L	I53
dbsnp_benign	gnomad_16_88643538_C_T_114610092r3831	CYBA	E135K	E135
dbsnp_benign	gnomad_16_88643538_C_G_114610092r3833	CYBA	E135Q	E135
dbsnp_benign	gnomad_16_88647125_T_G_11547387r3834	CYBA	K60T	K60
dbsnp_benign	gnomad_16_88647125_T_C_11547387r3836	CYBA	K60R	K60
dbsnp_benign	gnomad_X_37798966_G_A_139670417r3837	CYBB	R229H	R229
dbsnp_benign	gnomad_X_37804069_G_C_141756032r3838	CYBB	G364R	G364
dbsnp_benign	gnomad_X_37805154_C_T_781891223r3839	CYBB	L434L	L434
dbsnp_benign	gnomad_X_37809656_T_A_151344452r3840	CYBB	D517E	D517
dbsnp_benign	gnomad_17_76540190_C_T_375181336r3841	PRCD	R17C	R17
dbsnp_benign	gnomad_15_74339653_T_C_57982762r3843	CYP11A1	Q364R	Q364
dbsnp_benign	gnomad_8_142875713_G_A_61752786r3844	CYP11B1	R374W	R374
dbsnp_benign	gnomad_8_142875713_G_T_61752786r3845	CYP11B1	R374R	R374
dbsnp_benign	gnomad_8_142875791_C_T_6407r3847	CYP11B1	A348T	A348
dbsnp_benign	gnomad_8_142876738_G_A_34620645r3848	CYP11B1	T248I	T248
dbsnp_benign	gnomad_8_142877064_G_C_566921201r3850	CYP11B1	T185S	T185
dbsnp_benign	gnomad_8_142879052_G_C_201137503r3852	CYP11B1	H125Q	H125
dbsnp_benign	gnomad_8_142879686_C_T_4534r3853	CYP11B1	R43Q	R43
dbsnp_benign	gnomad_8_142879710_A_G_201951316r3855	CYP11B1	V35A	V35
dbsnp_benign	gnomad_8_142912688_C_G_755139614r3856	CYP11B2	A414P	A414
dbsnp_benign	gnomad_8_142913400_C_T_373369254r3857	CYP11B2	V336M	V336
dbsnp_benign	gnomad_8_142914351_G_A_547347545r3858	CYP11B2	I289I	I289
dbsnp_benign	gnomad_8_142914351_G_C_547347545r3859	CYP11B2	I289M	I289
dbsnp_benign	gnomad_8_142914351_G_T_547347545r3860	CYP11B2	I289I	I289
dbsnp_benign	gnomad_8_142914376_T_C_4537r3861	CYP11B2	N281S	N281
dbsnp_benign	gnomad_8_142914752_T_C_752962897r3863	CYP11B2	K251R	K251
dbsnp_benign	gnomad_8_142914761_A_G_4547r3864	CYP11B2	I248T	I248
dbsnp_benign	gnomad_8_142914864_G_C_551933154r3866	CYP11B2	H214D	H214
dbsnp_benign	gnomad_8_142917102_C_T_372556807r3867	CYP11B2	A118T	A118
dbsnp_benign	gnomad_15_51210950_C_T_770120065r3868	CYP19A1	R457Q	R457
dbsnp_benign	gnomad_15_51242798_A_G_2236722r3869	CYP19A1	W39R	W39
dbsnp_benign	gnomad_2_38071026_G_C_4986888r3871	CYP1B1	A443G	A443
dbsnp_benign	gnomad_2_38071060_G_C_1056836r3873	CYP1B1	L432V	L432
dbsnp_benign	gnomad_2_38074704_C_T_57865060r3875	CYP1B1	E229K	E229
dbsnp_benign	gnomad_2_38074704_C_G_57865060r3877	CYP1B1	E229Q	E229
dbsnp_benign	gnomad_2_38075148_A_T_9282671r3878	CYP1B1	Y81N	Y81
dbsnp_benign	gnomad_6_32040069_C_T_61732108r3879	N/A	NAN/ANA	NAN/A
dbsnp_benign	gnomad_6_32040072_G_C_6472r3881	N/A	NAN/ANA	NAN/A
dbsnp_benign	gnomad_20_54169628_C_G_114579367r3883	CYP24A1	D202H	D202
dbsnp_benign	gnomad_2_218812281_C_T_59443548r3884	CYP27A1	A169V	A169
dbsnp_benign	gnomad_2_218812281_C_A_59443548r3886	CYP27A1	A169E	A169
dbsnp_benign	gnomad_2_218814752_G_T_72551323r3887	CYP27A1	A491S	A491
dbsnp_benign	gnomad_2_218814939_C_A_140842830r3888	CYP27A1	A502D	A502
dbsnp_benign	gnomad_22_42127941_G_A_16947r3890	CYP2D6	R296C	R296
dbsnp_benign	gnomad_4_107945329_T_C_148477072r3891	CYP2U1	F284L	F284
dbsnp_benign	gnomad_4_107945471_A_G_148983337r3892	CYP2U1	N331S	N331
dbsnp_benign	gnomad_4_107947400_G_T_142676629r3893	CYP2U1	R384I	R384
dbsnp_benign	gnomad_19_15525356_G_A_202066269r3894	CYP4F22	R7H	R7
dbsnp_benign	gnomad_19_15525356_G_T_202066269r3895	CYP4F22	R7L	R7
dbsnp_benign	gnomad_19_15525513_C_T_118091316r3896	CYP4F22	F59F	F59
dbsnp_benign	gnomad_4_186197566_G_A_34331648r3898	CYP4V2	S213N	S213
dbsnp_benign	gnomad_4_186201178_G_A_34745240r3900	CYP4V2	E275K	E275
dbsnp_benign	gnomad_8_64615112_C_T_59035258r3902	CYP7B1	R324H	R324
dbsnp_benign	gnomad_2_241735267_C_G_4675887r3904	D2HGDH	R15G	R15
dbsnp_benign	gnomad_2_241735388_G_A_77940364r3906	D2HGDH	R55Q	R55
dbsnp_benign	gnomad_2_241751260_G_A_1106639r3908	D2HGDH	V338I	V338
dbsnp_benign	gnomad_2_241751311_G_A_139321130r3910	D2HGDH	G355S	G355
dbsnp_benign	gnomad_2_241751314_C_T_144668507r3912	D2HGDH	H356Y	H356
dbsnp_benign	gnomad_2_241751330_C_T_1105273r3914	D2HGDH	A361V	A361
dbsnp_benign	gnomad_2_241767711_A_G_113782371r3916	D2HGDH	G436G	G436
dbsnp_benign	gnomad_1_173833463_G_A_186723843r3918	DARS2	V194I	V194
dbsnp_benign	gnomad_1_173853873_C_A_149660059r3920	DARS2	L548M	L548
dbsnp_benign	gnomad_1_100240860_A_G_145674833r3921	DBT	C26R	C26
dbsnp_benign	gnomad_1_100249784_T_C_140308307r3922	DBT	N13D	N13
dbsnp_benign	gnomad_2_171453141_T_A_3731984r3924	DCAF17	H185Q	H185
dbsnp_benign	gnomad_6_24178448_C_T_139858268r3926	DCDC2	R403H	R403
dbsnp_benign	gnomad_6_24301794_T_G_201204772r3928	DCDC2	R160R	R160
dbsnp_benign	gnomad_11_6627472_G_T_111515657r3929	DCHS1	P1856H	P1856
dbsnp_benign	gnomad_10_14908593_C_T_61757205r3931	DCLRE1C	E632K	E632
dbsnp_benign	gnomad_10_14926856_G_C_41298896r3933	DCLRE1C	S320C	S320
dbsnp_benign	gnomad_11_126338337_G_C_139170738r3935	DCPS	E192Q	E192
dbsnp_benign	gnomad_11_126338337_G_A_139170738r3936	DCPS	E192K	E192
dbsnp_benign	gnomad_2_74361537_C_T_146083590r3937	DCTN1	E1267K	E1267
dbsnp_benign	gnomad_2_74361537_C_G_146083590r3938	DCTN1	E1267Q	E1267
dbsnp_benign	gnomad_2_74361554_C_T_553822174r3939	DCTN1	R1261Q	R1261
dbsnp_benign	gnomad_2_74362108_G_C_184147813r3940	DCTN1	P1215A	P1215
dbsnp_benign	gnomad_2_74363033_T_C_72466493r3941	DCTN1	T1164A	T1164
dbsnp_benign	gnomad_2_74365125_C_T_72659383r3943	DCTN1	R1049Q	R1049
dbsnp_benign	gnomad_2_74365974_G_C_145130328r3944	DCTN1	I935M	I935
dbsnp_benign	gnomad_2_74366817_G_C_150928856r3945	DCTN1	P811R	P811
dbsnp_benign	gnomad_2_74367083_T_C_754780894r3946	DCTN1	M760V	M760
dbsnp_benign	gnomad_2_74367103_G_A_143763184r3947	DCTN1	T753M	T753
dbsnp_benign	gnomad_2_74368760_C_T_780858230r3948	DCTN1	V608M	V608
dbsnp_benign	gnomad_2_74369380_G_T_145958900r3949	DCTN1	R502S	R502
dbsnp_benign	gnomad_2_74369380_G_A_145958900r3950	DCTN1	R502C	R502
dbsnp_benign	gnomad_2_74370670_G_A_200952455r3951	DCTN1	D333D	D333
dbsnp_benign	gnomad_2_74370670_G_C_200952455r3952	DCTN1	D333E	D333
dbsnp_benign	gnomad_2_74371034_C_A_368273709r3954	DCTN1	S263I	S263
dbsnp_benign	gnomad_X_111330994_C_A_149495971r3955	DCX	A286S	A286
dbsnp_benign	gnomad_7_50463289_C_T_11575542r3956	DDC	R462Q	R462
dbsnp_benign	gnomad_7_50504057_C_A_11575377r3958	DDC	M239I	M239
dbsnp_benign	gnomad_7_50543903_C_A_11575292r3959	DDC	E61D	E61
dbsnp_benign	gnomad_14_53152918_C_G_568294049r3960	DDHD1	G61R	G61
dbsnp_benign	gnomad_8_38234399_G_T_141644282r3961	DDHD2	G76C	G76
dbsnp_benign	gnomad_8_38234400_G_A_150361106r3962	DDHD2	G76D	G76
dbsnp_benign	gnomad_8_38238144_C_T_2306899r3963	DDHD2	T186M	T186
dbsnp_benign	gnomad_8_38247755_C_T_142190071r3965	DDHD2	L390L	L390
dbsnp_benign	gnomad_8_38247755_C_A_142190071r3966	DDHD2	L390I	L390
dbsnp_benign	gnomad_8_38253711_T_A_148536791r3967	DDHD2	C683S	C683
dbsnp_benign	gnomad_1_20654241_G_A_138061134r3969	DDOST	A276V	A276
dbsnp_benign	gnomad_1_162776155_A_G_377626332r3971	DDR2	M690V	M690
dbsnp_benign	gnomad_22_31765043_A_G_144712084r3973	DEPDC5	N88D	N88
dbsnp_benign	gnomad_22_31797646_G_A_187334123r3974	DEPDC5	V272I	V272
dbsnp_benign	gnomad_22_31797646_G_T_187334123r3975	DEPDC5	V272L	V272
dbsnp_benign	gnomad_22_31809644_A_G_199749859r3976	DEPDC5	T441A	T441
dbsnp_benign	gnomad_22_31815071_C_T_202083639r3978	DEPDC5	R509C	R509
dbsnp_benign	gnomad_22_31846967_A_G_200277794r3979	DEPDC5	K1052R	K1052
dbsnp_benign	gnomad_22_31874352_G_A_201603222r3980	DEPDC5	V1215M	V1215
dbsnp_benign	gnomad_22_31874392_T_C_200653339r3981	DEPDC5	I1228T	I1228
dbsnp_benign	gnomad_22_31879529_C_T_200033252r3982	DEPDC5	A1270A	A1270
dbsnp_benign	gnomad_2_219418655_G_A_397516692r3984	DES	G65S	G65
dbsnp_benign	gnomad_2_219418885_C_G_1954375978r3985	DES	N141K	N141
dbsnp_benign	gnomad_2_219420151_G_A_144261171r3986	DES	R212Q	R212
dbsnp_benign	gnomad_2_219420154_C_T_41272699r3987	DES	A213V	A213
dbsnp_benign	gnomad_2_219420854_C_T_578191306r3989	DES	N308N	N308
dbsnp_benign	gnomad_2_219421496_G_A_776786349r3990	DES	V394M	V394
dbsnp_benign	gnomad_2_219421496_G_T_776786349r3991	DES	V394L	V394
dbsnp_benign	gnomad_2_219425727_C_T_121913002r3992	DES	I451I	I451
dbsnp_benign	gnomad_2_219425952_G_A_73991549r3994	DES	V459I	V459
dbsnp_benign	gnomad_8_144318712_T_C_55907012r3996	DGAT1	K152R	K152
dbsnp_benign	gnomad_11_46367331_C_A_147007748r3998	DGKZ	P68T	P68
dbsnp_benign	gnomad_11_46367331_C_G_147007748r3999	DGKZ	P68A	P68
dbsnp_benign	gnomad_2_73950650_A_G_74874677r4000	DGUOK	Q170R	Q170
dbsnp_benign	gnomad_11_71435711_C_T_35946774r4002	DHCR7	T364T	T364
dbsnp_benign	gnomad_11_71435816_G_A_145901607r4003	DHCR7	P329P	P329
dbsnp_benign	gnomad_11_71444088_C_T_368473756r4005	DHCR7	V76I	V76
dbsnp_benign	gnomad_11_71444928_T_A_115595829r4007	DHCR7	I9F	I9
dbsnp_benign	gnomad_5_80654908_G_C_1574197r4009	MSH3	A61P	A61
dbsnp_benign	gnomad_16_72012100_C_T_61753576r4011	DHODH	F24F	F24
dbsnp_benign	gnomad_10_12081526_C_G_34644609r4012	DHTKD1	A70G	A70
dbsnp_benign	gnomad_10_12081526_C_T_34644609r4013	DHTKD1	A70V	A70
dbsnp_benign	gnomad_10_12087640_G_T_146741810r4015	DHTKD1	A210S	A210
dbsnp_benign	gnomad_10_12091573_A_G_34716552r4017	DHTKD1	N350D	N350
dbsnp_benign	gnomad_10_12101117_A_G_147938299r4018	DHTKD1	Q611R	Q611
dbsnp_benign	gnomad_5_141573818_G_A_186370335r4020	DIAPH1	P678S	P678
dbsnp_benign	gnomad_5_141573865_C_T_200735096r4021	DIAPH1	G662D	G662
dbsnp_benign	gnomad_5_141575085_T_C_373413837r4022	DIAPH1	D508G	D508
dbsnp_benign	gnomad_5_141576268_C_T_193036129r4024	DIAPH1	E475K	E475
dbsnp_benign	gnomad_5_141587142_G_A_142480526r4025	DIAPH1	A67V	A67
dbsnp_benign	gnomad_X_96738667_G_A_20374r4027	DIAPH2	A83T	A83
dbsnp_benign	gnomad_14_95091108_T_C_768311617r4028	DICER1	E1843E	E1843
dbsnp_benign	gnomad_14_95094049_G_A_188609628r4029	DICER1	L1735L	L1735
dbsnp_benign	gnomad_14_95103968_A_G_139786661r4030	DICER1	L1143P	L1143
dbsnp_benign	gnomad_14_95104004_T_C_200651335r4032	DICER1	N1131S	N1131
dbsnp_benign	gnomad_14_95107916_C_T_149242330r4033	DICER1	A872T	A872
dbsnp_benign	gnomad_14_95115749_C_A_114947750r4035	DICER1	D609Y	D609
dbsnp_benign	gnomad_14_95124243_G_A_776143079r4037	DICER1	C443C	C443
dbsnp_benign	gnomad_14_95132567_G_C_763422772r4038	DICER1	I85M	I85
dbsnp_benign	gnomad_14_95133400_G_A_147660793r4039	DICER1	A20V	A20
dbsnp_benign	gnomad_2_232130729_T_G_184764939r4040	DIS3L2	Y238D	Y238
dbsnp_benign	gnomad_2_232130729_T_C_184764939r4042	DIS3L2	Y238H	Y238
dbsnp_benign	gnomad_X_154766367_G_A_374799227r4043	DKC1	A139T	A139
dbsnp_benign	gnomad_11_112025527_G_C_61757217r4044	DLAT	E19Q	E19
dbsnp_benign	gnomad_11_112025600_C_T_2303436r4046	DLAT	A43V	A43
dbsnp_benign	gnomad_11_112037413_G_A_116125936r4048	DLAT	E310K	E310
dbsnp_benign	gnomad_11_112037438_T_C_627441r4050	DLAT	V318A	V318
dbsnp_benign	gnomad_11_112045923_G_A_10891314r4051	DLAT	D451N	D451
dbsnp_benign	gnomad_7_107891284_G_A_75077312r4053	DLD	A12T	A12
dbsnp_benign	gnomad_19_39503021_C_G_376905666r4055	DLL3	P206A	P206
dbsnp_benign	gnomad_19_39503021_C_T_376905666r4056	DLL3	P206S	P206
dbsnp_benign	gnomad_19_39507252_G_A_199831437r4058	DLL3	R436H	R436
dbsnp_benign	gnomad_19_39507329_G_A_182454962r4060	DLL3	A462T	A462
dbsnp_benign	gnomad_19_39507333_G_T_758148689r4062	DLL3	R463L	R463
dbsnp_benign	gnomad_19_39507507_C_T_191149379r4063	DLL3	S521F	S521
dbsnp_benign	gnomad_14_50312052_C_A_35710558r4065	L2HGDH	R33S	R33
dbsnp_benign	gnomad_14_50312098_A_C_2275591r4068	L2HGDH	L18R	L18
dbsnp_benign	gnomad_X_31147495_C_T_139547504r4069	DMD	R445H	R445
dbsnp_benign	gnomad_X_31178732_G_A_202219782r4070	DMD	A319V	A319
dbsnp_benign	gnomad_X_31204086_A_G_141392048r4071	DMD	F160L	F160
dbsnp_benign	gnomad_X_31209582_C_T_771392678r4072	DMD	R92H	R92
dbsnp_benign	gnomad_X_31209651_T_C_779737146r4073	DMD	N69S	N69
dbsnp_benign	gnomad_X_31348628_C_T_143426249r4074	DMD	V571I	V571
dbsnp_benign	gnomad_X_31444591_C_T_201691420r4075	DMD	V532M	V532
dbsnp_benign	gnomad_X_31444592_G_A_772306909r4076	DMD	N531N	N531
dbsnp_benign	gnomad_X_31444592_G_C_772306909r4077	DMD	N531K	N531
dbsnp_benign	gnomad_X_31444620_C_T_750579766r4078	DMD	R522Q	R522
dbsnp_benign	gnomad_X_31478191_C_T_72466567r4079	DMD	R491H	R491
dbsnp_benign	gnomad_X_31478219_C_A_755127162r4080	DMD	A482S	A482
dbsnp_benign	gnomad_X_31478281_T_C_1800279r4081	DMD	H461R	H461
dbsnp_benign	gnomad_X_31478309_T_C_1800278r4083	DMD	N452D	N452
dbsnp_benign	gnomad_X_31478314_T_A_41305353r4085	DMD	E450V	E450
dbsnp_benign	gnomad_X_31507363_C_T_138399787r4087	DMD	D310N	D310
dbsnp_benign	gnomad_X_31507445_T_C_746514008r4088	DMD	Q282Q	Q282
dbsnp_benign	gnomad_X_31658029_G_C_144103124r4089	DMD	T203R	T203
dbsnp_benign	gnomad_X_31679500_T_C_773656507r4090	DMD	T123A	T123
dbsnp_benign	gnomad_X_31729720_C_T_151244052r4091	DMD	R64H	R64
dbsnp_benign	gnomad_X_31773981_G_A_112516305r4092	DMD	N47N	N47
dbsnp_benign	gnomad_X_31774030_T_C_147694734r4093	DMD	Q31R	Q31
dbsnp_benign	gnomad_X_31774075_T_C_757394130r4094	DMD	N16S	N16
dbsnp_benign	gnomad_X_31774105_A_G_764330616r4095	DMD	M6T	M6
dbsnp_benign	gnomad_X_31820040_C_T_373749120r4096	DMD	R1071H	R1071
dbsnp_benign	gnomad_X_31820041_G_A_139395045r4097	DMD	R1071C	R1071
dbsnp_benign	gnomad_X_31836739_T_A_202090289r4098	DMD	K1049N	K1049
dbsnp_benign	gnomad_X_31836739_T_G_202090289r4099	DMD	K1049N	K1049
dbsnp_benign	gnomad_X_31836767_G_T_185706283r4101	DMD	S1040Y	S1040
dbsnp_benign	gnomad_X_31836788_G_A_201262489r4102	DMD	P1033L	P1033
dbsnp_benign	gnomad_X_31875201_G_T_141151675r4103	DMD	P1018Q	P1018
dbsnp_benign	gnomad_X_31932110_C_G_142531761r4104	DMD	Q900H	Q900
dbsnp_benign	gnomad_X_31968382_G_A_149322279r4105	DMD	R847W	R847
dbsnp_benign	gnomad_X_31968490_G_A_1800273r4106	DMD	R811W	R811
dbsnp_benign	gnomad_X_32217032_G_A_16990169r4108	DMD	R764C	R764
dbsnp_benign	gnomad_X_32217034_C_T_142807436r4110	DMD	R763Q	R763
dbsnp_benign	gnomad_X_32287676_C_T_200494003r4112	DMD	S704N	S704
dbsnp_benign	gnomad_X_32287679_T_C_773782786r4113	DMD	Q703R	Q703
dbsnp_benign	gnomad_X_32310215_T_A_147927593r4114	DMD	Y651F	Y651
dbsnp_benign	gnomad_X_32342195_T_C_181849614r4116	DMD	M599V	M599
dbsnp_benign	gnomad_X_32343150_T_A_145266970r4117	DMD	D564V	D564
dbsnp_benign	gnomad_X_32343172_C_T_201302282r4118	DMD	A557T	A557
dbsnp_benign	gnomad_X_32343253_C_T_142441725r4119	DMD	E530K	E530
dbsnp_benign	gnomad_X_32346044_G_C_754765424r4120	DMD	Q485E	Q485
dbsnp_benign	gnomad_X_32346053_C_G_140913030r4122	DMD	E482Q	E482
dbsnp_benign	gnomad_X_32362909_C_T_757412063r4124	DMD	R391H	R391
dbsnp_benign	gnomad_X_32362910_G_A_147904018r4125	DMD	R391C	R391
dbsnp_benign	gnomad_X_32362931_G_A_34102501r4126	DMD	R384C	R384
dbsnp_benign	gnomad_X_32362932_T_A_200887855r4127	DMD	I383I	I383
dbsnp_benign	gnomad_X_32362950_C_G_72468630r4128	DMD	K377N	K377
dbsnp_benign	gnomad_X_32364688_G_C_146420425r4130	DMD	T339S	T339
dbsnp_benign	gnomad_X_32365029_A_T_16990264r4131	DMD	N328K	N328
dbsnp_benign	gnomad_X_32365032_T_C_747877998r4133	DMD	L327L	L327
dbsnp_benign	gnomad_X_32365092_A_G_764476153r4134	DMD	D307D	D307
dbsnp_benign	gnomad_X_32365137_C_T_143538389r4135	DMD	E292E	E292
dbsnp_benign	gnomad_X_32365137_C_A_143538389r4136	DMD	E292D	E292
dbsnp_benign	gnomad_X_32365168_A_T_72468634r4137	DMD	V282E	V282
dbsnp_benign	gnomad_X_32365169_C_T_776998846r4138	DMD	V282M	V282
dbsnp_benign	gnomad_X_32380611_C_T_398123965r4139	DMD	V238I	V238
dbsnp_benign	gnomad_X_32380634_C_T_755206033r4140	DMD	R230H	R230
dbsnp_benign	gnomad_X_32380671_T_C_771425504r4141	DMD	R218G	R218
dbsnp_benign	gnomad_X_32386455_T_C_72468638r4142	DMD	K166R	K166
dbsnp_benign	gnomad_X_32389646_A_T_777274879r4144	DMD	F114Y	F114
dbsnp_benign	gnomad_X_32411779_G_A_766668051r4145	DMD	D58D	D58
dbsnp_benign	gnomad_X_32411779_G_T_766668051r4146	DMD	D58E	D58
dbsnp_benign	gnomad_X_32411892_G_A_148781346r4147	DMD	L21F	L21
dbsnp_benign	gnomad_X_32438282_G_A_187617705r4148	DMD	L1340F	L1340
dbsnp_benign	gnomad_X_32438342_G_A_143184877r4149	DMD	R1320C	R1320
dbsnp_benign	gnomad_X_32438353_G_C_766977775r4150	DMD	P1316R	P1316
dbsnp_benign	gnomad_X_32438371_C_T_752767880r4151	DMD	R1310Q	R1310
dbsnp_benign	gnomad_X_32441285_C_G_760733415r4152	DMD	L1268F	L1268
dbsnp_benign	gnomad_X_32441296_G_A_151150099r4153	DMD	H1265Y	H1265
dbsnp_benign	gnomad_X_32441307_C_G_200213555r4154	DMD	W1261S	W1261
dbsnp_benign	gnomad_X_32448607_G_A_142171890r4155	DMD	A1208V	A1208
dbsnp_benign	gnomad_X_32454769_G_C_753274868r4156	DMD	L1162V	L1162
dbsnp_benign	gnomad_X_32454769_G_T_753274868r4157	DMD	L1162I	L1162
dbsnp_benign	gnomad_X_32454793_T_C_182728059r4158	DMD	K1154E	K1154
dbsnp_benign	gnomad_X_32454815_C_T_142967431r4159	DMD	E1146E	E1146
dbsnp_benign	gnomad_X_32454832_C_G_767442827r4160	DMD	V1141L	V1141
dbsnp_benign	gnomad_X_32463452_T_C_201297190r4161	DMD	H1136R	H1136
dbsnp_benign	gnomad_X_32463465_T_A_3827462r4162	DMD	T1132S	T1132
dbsnp_benign	gnomad_X_32464592_C_T_373475857r4164	DMD	Q1086Q	Q1086
dbsnp_benign	gnomad_X_32464645_C_T_398123931r4165	DMD	E1069K	E1069
dbsnp_benign	gnomad_X_32464680_T_C_190014284r4166	DMD	K1057R	K1057
dbsnp_benign	gnomad_X_32468640_G_A_144732570r4167	DMD	S1003L	S1003
dbsnp_benign	gnomad_X_32468689_C_G_72468667r4168	DMD	E987Q	E987
dbsnp_benign	gnomad_X_32472229_G_C_150959827r4169	DMD	L958V	L958
dbsnp_benign	gnomad_X_32472271_T_C_186628781r4170	DMD	M944V	M944
dbsnp_benign	gnomad_X_32472285_C_T_398123911r4171	DMD	R939H	R939
dbsnp_benign	gnomad_X_32472286_G_A_199986217r4172	DMD	R939C	R939
dbsnp_benign	gnomad_X_32472289_T_C_371648742r4173	DMD	M938V	M938
dbsnp_benign	gnomad_X_32491292_C_G_398123898r4174	DMD	Q865H	Q865
dbsnp_benign	gnomad_X_32491360_T_C_138145424r4175	DMD	T843A	T843
dbsnp_benign	gnomad_X_32491409_G_A_72468679r4176	DMD	N826N	N826
dbsnp_benign	gnomad_X_32491409_G_C_72468679r4177	DMD	N826K	N826
dbsnp_benign	gnomad_X_32491508_A_C_72468681r4178	DMD	N793K	N793
dbsnp_benign	gnomad_X_32491513_C_T_139726281r4179	DMD	V792I	V792
dbsnp_benign	gnomad_X_32518009_T_C_199588981r4180	DMD	N756S	N756
dbsnp_benign	gnomad_X_32518027_T_G_750526692r4181	DMD	D750A	D750
dbsnp_benign	gnomad_X_32518127_C_A_398123879r4182	DMD	D717Y	D717
dbsnp_benign	gnomad_X_32545184_T_A_16998350r4183	DMD	T707S	T707
dbsnp_benign	gnomad_X_32545231_G_C_202008454r4184	DMD	A691G	A691
dbsnp_benign	gnomad_X_32545247_T_A_777042810r4185	DMD	I686F	I686
dbsnp_benign	gnomad_X_32565719_C_T_748567438r4186	DMD	E651K	E651
dbsnp_benign	gnomad_X_32565760_T_C_147822019r4187	DMD	D637G	D637
dbsnp_benign	gnomad_X_32565806_T_C_72468692r4188	DMD	T622A	T622
dbsnp_benign	gnomad_X_32573600_G_A_763155705r4190	DMD	A573V	A573
dbsnp_benign	gnomad_X_32573611_T_A_150199251r4191	DMD	E569D	E569
dbsnp_benign	gnomad_X_32573629_A_T_587782936r4192	DMD	F563L	F563
dbsnp_benign	gnomad_X_32573761_C_T_191197223r4193	DMD	R555H	R555
dbsnp_benign	gnomad_X_32573783_C_T_182708940r4194	DMD	D548N	D548
dbsnp_benign	gnomad_X_32595805_A_T_61733587r4195	DMD	D510E	D510
dbsnp_benign	gnomad_X_32595846_C_G_140340626r4197	DMD	V497L	V497
dbsnp_benign	gnomad_X_32614323_G_A_758932385r4198	DMD	R480C	R480
dbsnp_benign	gnomad_X_32614448_T_C_72468699r4199	DMD	H438R	H438
dbsnp_benign	gnomad_X_32644145_C_T_189143447r4200	DMD	E432K	E432
dbsnp_benign	gnomad_X_32644211_T_A_201341211r4202	DMD	T410S	T410
dbsnp_benign	gnomad_X_32644238_T_A_34155804r4203	DMD	T401S	T401
dbsnp_benign	gnomad_X_32644279_C_T_148511512r4205	DMD	R387Q	R387
dbsnp_benign	gnomad_X_32644982_G_C_747305466r4207	DMD	D369E	D369
dbsnp_benign	gnomad_X_32645018_T_G_1800266r4208	DMD	Q357H	Q357
dbsnp_benign	gnomad_X_32645085_C_T_61733589r4209	DMD	R335H	R335
dbsnp_benign	gnomad_X_32645128_A_T_756590471r4210	DMD	S321T	S321
dbsnp_benign	gnomad_X_32697907_G_T_145064612r4211	DMD	T300N	T300
dbsnp_benign	gnomad_X_32697907_G_A_145064612r4212	DMD	T300I	T300
dbsnp_benign	gnomad_X_32697946_C_T_377587957r4214	DMD	R287Q	R287
dbsnp_benign	gnomad_X_32697946_C_A_377587957r4216	DMD	R287L	R287
dbsnp_benign	gnomad_X_32699122_T_C_745868830r4217	DMD	Y266C	Y266
dbsnp_benign	gnomad_X_32699141_A_G_1800264r4218	DMD	L260L	L260
dbsnp_benign	gnomad_X_32699247_G_C_145668843r4220	DMD	I224M	I224
dbsnp_benign	gnomad_16_84154585_C_T_368031148r4221	DNAAF1	R121C	R121
dbsnp_benign	gnomad_16_84154585_C_A_368031148r4222	DNAAF1	R121S	R121
dbsnp_benign	gnomad_16_84155693_C_T_35496754r4223	DNAAF1	H229Y	H229
dbsnp_benign	gnomad_16_84155744_G_A_151099638r4225	DNAAF1	D246N	D246
dbsnp_benign	gnomad_16_84170127_C_T_141074491r4227	DNAAF1	D433D	D433
dbsnp_benign	gnomad_16_84170131_G_A_149158199r4228	DNAAF1	D435N	D435
dbsnp_benign	gnomad_16_84170205_T_A_761136963r4230	DNAAF1	D459E	D459
dbsnp_benign	gnomad_16_84170324_C_T_112114400r4231	DNAAF1	P499L	P499
dbsnp_benign	gnomad_16_84172347_T_C_141149453r4233	DNAAF1	L539P	L539
dbsnp_benign	gnomad_16_84175984_G_A_142345677r4235	DNAAF1	D584N	D584
dbsnp_benign	gnomad_8_132572310_A_G_9297853r4237	DNAAF11	I466T	I466
dbsnp_benign	gnomad_14_49625880_T_C_80237479r4239	DNAAF2	T726A	T726
dbsnp_benign	gnomad_14_49633299_G_A_147090213r4241	DNAAF2	N617N	N617
dbsnp_benign	gnomad_14_49633566_A_T_144077436r4242	DNAAF2	N528K	N528
dbsnp_benign	gnomad_14_49633744_C_T_150737854r4243	DNAAF2	C469Y	C469
dbsnp_benign	gnomad_14_49633783_G_A_137991407r4245	DNAAF2	P456L	P456
dbsnp_benign	gnomad_14_49634422_T_G_112044935r4247	DNAAF2	E243A	E243
dbsnp_benign	gnomad_14_49634443_G_A_74050429r4249	DNAAF2	P236L	P236
dbsnp_benign	gnomad_14_49635006_G_T_116185352r4251	DNAAF2	N48K	N48
dbsnp_benign	gnomad_14_49635006_G_A_116185352r4253	DNAAF2	N48N	N48
dbsnp_benign	gnomad_19_55159969_T_C_890872r4254	DNAAF3	N365D	N365
dbsnp_benign	gnomad_19_55159969_T_G_890872r4255	DNAAF3	N365H	N365
dbsnp_benign	gnomad_19_55160687_A_G_890871r4256	DNAAF3	L334P	L334
dbsnp_benign	gnomad_19_55161102_T_C_2365725r4258	DNAAF3	E292G	E292
dbsnp_benign	gnomad_19_55161777_C_T_58824375r4260	DNAAF3	G177S	G177
dbsnp_benign	gnomad_7_741362_C_A_113374052r4262	DNAAF5	S307R	S307
dbsnp_benign	gnomad_7_756794_G_A_141828030r4264	DNAAF5	A424T	A424
dbsnp_benign	gnomad_7_763869_C_T_73258248r4265	DNAAF5	R560C	R560
dbsnp_benign	gnomad_7_763880_T_C_151227818r4266	DNAAF5	I563I	I563
dbsnp_benign	gnomad_7_785649_A_G_78491700r4267	DNAAF5	Q855R	Q855
dbsnp_benign	gnomad_3_52326302_T_C_61729450r4268	DNAH1	I190T	I190
dbsnp_benign	gnomad_3_52332352_A_G_61729402r4270	DNAH1	K415R	K415
dbsnp_benign	gnomad_3_52347849_A_G_61734653r4272	DNAH1	M661V	M661
dbsnp_benign	gnomad_3_52351976_A_G_61734643r4274	DNAH1	N915S	N915
dbsnp_benign	gnomad_3_52352599_C_T_149114984r4276	DNAH1	H973H	H973
dbsnp_benign	gnomad_3_52356773_C_T_61734640r4278	DNAH1	R1285W	R1285
dbsnp_benign	gnomad_3_52360039_G_A_61734638r4280	DNAH1	V1511M	V1511
dbsnp_benign	gnomad_3_52360327_A_G_74498533r4282	DNAH1	N1530D	N1530
dbsnp_benign	gnomad_3_52383924_A_G_61734631r4284	DNAH1	I2739V	I2739
dbsnp_benign	gnomad_3_52383975_G_A_61749019r4286	DNAH1	V2756M	V2756
dbsnp_benign	gnomad_3_52392868_C_T_419050r4288	DNAH1	I3439I	I3439
dbsnp_benign	gnomad_12_123917794_C_T_202063832r4290	DNAH10	T3620I	T3620
dbsnp_benign	gnomad_7_21543303_C_A_72655967r4292	DNAH11	R20S	R20
dbsnp_benign	gnomad_7_21588548_C_T_150966144r4294	DNAH11	P629S	P629
dbsnp_benign	gnomad_7_21600720_G_T_72657303r4296	DNAH11	E1015D	E1015
dbsnp_benign	gnomad_7_21615207_A_G_17144788r4297	DNAH11	M1316V	M1316
dbsnp_benign	gnomad_7_21620069_G_A_564202359r4299	DNAH11	E1497E	E1497
dbsnp_benign	gnomad_7_21765456_G_A_72657371r4301	DNAH11	R2990H	R2990
dbsnp_benign	gnomad_7_21789251_A_T_72657389r4303	DNAH11	D3312V	D3312
dbsnp_benign	gnomad_7_21842729_C_A_543364800r4305	DNAH11	P3626Q	P3626
dbsnp_benign	gnomad_7_21854453_A_C_114257197r4307	DNAH11	K3734Q	K3734
dbsnp_benign	gnomad_7_21864579_C_A_187814474r4309	DNAH11	F3806L	F3806
dbsnp_benign	gnomad_7_21864579_C_T_187814474r4310	DNAH11	F3806F	F3806
dbsnp_benign	gnomad_7_21892426_C_T_12537531r4311	DNAH11	T4170I	T4170
dbsnp_benign	gnomad_7_21892438_T_G_144474011r4313	DNAH11	L4174R	L4174
dbsnp_benign	gnomad_7_21892478_T_G_148429731r4315	DNAH11	D4187E	D4187
dbsnp_benign	gnomad_7_21561127_C_T_72655977r4317	DNAH11	S313S	S313
dbsnp_benign	gnomad_17_7759801_C_T_118057786r4319	DNAH2	S883L	S883
dbsnp_benign	gnomad_5_13708175_C_T_61744047r4321	DNAH5	R4429Q	R4429
dbsnp_benign	gnomad_5_13714607_T_C_115075057r4323	DNAH5	Y4308C	Y4308
dbsnp_benign	gnomad_5_13718909_G_A_3756672r4325	DNAH5	R4158W	R4158
dbsnp_benign	gnomad_5_13766136_C_T_143858741r4327	DNAH5	R3314H	R3314
dbsnp_benign	gnomad_5_13776568_G_T_147372600r4329	DNAH5	L3082I	L3082
dbsnp_benign	gnomad_5_13776662_G_A_77477793r4331	DNAH5	S3050S	S3050
dbsnp_benign	gnomad_5_13786194_C_G_77874614r4332	DNAH5	M2935I	M2935
dbsnp_benign	gnomad_5_13786242_C_G_115776799r4334	DNAH5	E2919D	E2919
dbsnp_benign	gnomad_5_13817617_C_T_74604638r4335	DNAH5	V2307I	V2307
dbsnp_benign	gnomad_5_13820484_A_C_115109673r4336	DNAH5	L2235V	L2235
dbsnp_benign	gnomad_5_13841895_G_C_148891849r4338	DNAH5	R1761G	R1761
dbsnp_benign	gnomad_5_13841895_G_T_148891849r4340	DNAH5	R1761R	R1761
dbsnp_benign	gnomad_5_13859595_G_T_369137751r4341	DNAH5	P1603T	P1603
dbsnp_benign	gnomad_5_13864620_C_T_61747551r4343	DNAH5	R1458Q	R1458
dbsnp_benign	gnomad_5_13867840_T_C_146191243r4345	DNAH5	K1329K	K1329
dbsnp_benign	gnomad_5_13871648_G_T_141168110r4347	DNAH5	Q1172K	Q1172
dbsnp_benign	gnomad_5_13876779_C_T_61747516r4349	DNAH5	V1101M	V1101
dbsnp_benign	gnomad_5_13882749_T_C_16902880r4351	DNAH5	M1081V	M1081
dbsnp_benign	gnomad_5_13882966_C_T_146828513r4353	DNAH5	V1038M	V1038
dbsnp_benign	gnomad_5_13883057_C_A_188638970r4355	DNAH5	L1007F	L1007
dbsnp_benign	gnomad_5_13900236_A_G_1445823r4358	DNAH5	D743D	D743
dbsnp_benign	gnomad_5_13901446_G_T_34076967r4359	DNAH5	Q620K	Q620
dbsnp_benign	gnomad_5_13902136_G_C_139160176r4360	DNAH5	N549K	N549
dbsnp_benign	gnomad_5_13902136_G_A_139160176r4361	DNAH5	N549N	N549
dbsnp_benign	gnomad_5_13902136_G_T_139160176r4363	DNAH5	N549K	N549
dbsnp_benign	gnomad_5_13911399_G_A_118026202r4364	DNAH5	T544I	T544
dbsnp_benign	gnomad_5_13919257_G_C_116995413r4366	DNAH5	N298K	N298
dbsnp_benign	gnomad_5_13922143_G_A_139640247r4368	DNAH5	N208N	N208
dbsnp_benign	gnomad_5_13923419_C_G_144236383r4369	DNAH5	G100A	G100
dbsnp_benign	gnomad_5_13931214_G_A_114220185r4370	DNAH5	R30W	R30
dbsnp_benign	gnomad_5_13931214_G_T_114220185r4371	DNAH5	R30R	R30
dbsnp_benign	gnomad_2_196001709_A_C_144390858r4372	DNAH7	M380R	M380
dbsnp_benign	gnomad_6_38938181_C_T_61757218r4374	DNAH8	T3707M	T3707
dbsnp_benign	gnomad_6_38951333_C_T_61748647r4376	DNAH8	D3871D	D3871
dbsnp_benign	gnomad_17_11679875_C_T_8070501r4378	DNAH9	R1158W	R1158
dbsnp_benign	gnomad_17_11679875_C_A_8070501r4379	DNAH9	R1158R	R1158
dbsnp_benign	gnomad_9_34497160_C_T_202213517r4381	DNAI1	R288W	R288
dbsnp_benign	gnomad_9_34500798_A_C_16931555r4383	DNAI1	Q326H	Q326
dbsnp_benign	gnomad_17_74281941_G_A_151176313r4385	DNAI2	V42M	V42
dbsnp_benign	gnomad_17_74285090_G_A_35985071r4387	DNAI2	E78E	E78
dbsnp_benign	gnomad_17_74289716_A_T_35636875r4389	DNAI2	D197V	D197
dbsnp_benign	gnomad_17_74301130_G_A_145798624r4391	DNAI2	A317T	A317
dbsnp_benign	gnomad_17_74312168_G_A_117932646r4393	DNAI2	D554N	D554
dbsnp_benign	gnomad_17_74312223_C_T_151241589r4395	DNAI2	P572L	P572
dbsnp_benign	gnomad_2_219282007_G_A_139406455r4397	DNAJB2	E100K	E100
dbsnp_benign	gnomad_7_157367416_C_T_149278319r4399	DNAJB6	F93F	F93
dbsnp_benign	gnomad_7_157367416_C_A_149278319r4400	DNAJB6	F93L	F93
dbsnp_benign	gnomad_7_157409963_G_A_368078459r4401	DNAJB6	R287Q	R287
dbsnp_benign	gnomad_7_157416078_T_C_147168661r4402	DNAJB6	S321P	S321
dbsnp_benign	gnomad_3_132502295_C_T_55825559r4404	DNAJC13	P1515S	P1515
dbsnp_benign	gnomad_13_95763938_G_C_59892430r4406	DNAJC3	E354Q	E354
dbsnp_benign	gnomad_1_65389615_C_T_78141380r4407	DNAJC6	L429F	L429
dbsnp_benign	gnomad_1_65389615_C_G_78141380r4408	DNAJC6	L429V	L429
dbsnp_benign	gnomad_9_128239459_C_T_141788807r4409	DNM1	I479I	I479
dbsnp_benign	gnomad_9_128248610_G_A_754501788r4410	DNM1	D645N	D645
dbsnp_benign	gnomad_9_128250826_C_G_935756107r4411	DNM1	S807C	S807
dbsnp_benign	gnomad_9_128250835_G_T_888747029r4412	DNM1	G810V	G810
dbsnp_benign	gnomad_9_128254659_C_T_199498658r4413	DNM1	S847L	S847
dbsnp_benign	gnomad_9_128246429_C_T_145318071r4414	DNM1	N569N	N569
dbsnp_benign	gnomad_19_10772481_C_T_148790687r4415	DNM2	H80Y	H80
dbsnp_benign	gnomad_19_10772559_G_A_375151459r4417	DNM2	D106N	D106
dbsnp_benign	gnomad_19_10798534_A_G_201575500r4419	DNM2	T462A	T462
dbsnp_benign	gnomad_19_10820039_G_A_35365412r4420	DNM2	K577K	K577
dbsnp_benign	gnomad_19_10823843_G_A_748286191r4421	DNM2	V613M	V613
dbsnp_benign	gnomad_19_10823843_G_T_748286191r4422	DNM2	V613L	V613
dbsnp_benign	gnomad_19_10140891_G_C_201308454r4423	DNMT1	S1122C	S1122
dbsnp_benign	gnomad_2_25244329_G_A_775908350r4424	DNMT3A	C559C	C559
dbsnp_benign	gnomad_2_25244329_G_T_775908350r4425	DNMT3A	C559NA	C559
dbsnp_benign	gnomad_20_32795493_A_G_143462810r4426	DNMT3B	Y404C	Y404
dbsnp_benign	gnomad_20_32796851_G_A_35216603r4428	DNMT3B	G453G	G453
dbsnp_benign	gnomad_20_32801336_G_A_144497819r4430	DNMT3B	K685K	K685
dbsnp_benign	gnomad_1_62504698_C_T_147103646r4431	DOCK7	G1566S	G1566
dbsnp_benign	gnomad_1_62504726_C_T_115353638r4433	DOCK7	R1556R	R1556
dbsnp_benign	gnomad_9_312065_C_T_150446322r4435	DOCK8	L214L	L214
dbsnp_benign	gnomad_9_340224_C_A_146250176r4436	DOCK8	L528M	L528
dbsnp_benign	gnomad_9_396872_A_G_151094543r4437	DOCK8	I1020V	I1020
dbsnp_benign	gnomad_9_396893_G_A_199782622r4439	DOCK8	V1027I	V1027
dbsnp_benign	gnomad_9_396893_G_C_199782622r4440	DOCK8	V1027L	V1027
dbsnp_benign	gnomad_9_399255_G_A_34627722r4441	DOCK8	S1077N	S1077
dbsnp_benign	gnomad_9_429719_T_G_7854035r4444	DOCK8	F1497L	F1497
dbsnp_benign	gnomad_2_74552556_G_C_146972503r4445	LOXL3	P27A	P27
dbsnp_benign	gnomad_4_3473439_C_T_62272670r4447	DOK7	S45L	S45
dbsnp_benign	gnomad_4_3489777_G_A_59932476r4449	DOK7	A251A	A251
dbsnp_benign	gnomad_4_3492890_G_C_79063654r4451	DOK7	A302P	A302
dbsnp_benign	gnomad_4_3492890_G_A_79063654r4452	DOK7	A302T	A302
dbsnp_benign	gnomad_4_3492905_G_A_150415034r4453	DOK7	A307T	A307
dbsnp_benign	gnomad_4_3493077_G_A_201304841r4455	DOK7	R364Q	R364
dbsnp_benign	gnomad_4_3493281_G_A_145419117r4457	DOK7	R432K	R432
dbsnp_benign	gnomad_4_3485552_C_T_575721820r4458	DOK7	F182F	F182
dbsnp_benign	gnomad_9_128946533_G_A_147416890r4459	DOLK	I257I	I257
dbsnp_benign	gnomad_9_128947738_G_A_113241875r4461	NUP188	G7R	G7
dbsnp_benign	gnomad_11_119097126_C_T_201301096r4463	N/A	NAN/ANA	NAN/A
dbsnp_benign	gnomad_9_127937463_T_C_7042788r4464	DPM2	T22A	T22
dbsnp_benign	gnomad_7_154053046_G_A_569787719r4466	DPP6	D76N	D76
dbsnp_benign	gnomad_7_154588017_A_G_117574002r4468	DPP6	H332R	H332
dbsnp_benign	gnomad_1_97078987_G_T_114096998r4470	DPYD	P1023T	P1023
dbsnp_benign	gnomad_1_97078987_G_A_114096998r4471	DPYD	P1023S	P1023
dbsnp_benign	gnomad_1_97573863_C_T_56038477r4473	DPYD	E412E	E412
dbsnp_benign	gnomad_1_97699535_T_C_2297595r4475	DPYD	M166V	M166
dbsnp_benign	gnomad_1_97305364_C_T_1801160r4477	DPYD	V732I	V732
dbsnp_benign	gnomad_8_104466904_C_T_199618701r4479	DPYS	R6Q	R6
dbsnp_benign	gnomad_2_26440481_C_T_143181834r4480	DRC1	T331I	T331
dbsnp_benign	gnomad_2_26448786_C_G_143980408r4482	DRC1	L498V	L498
dbsnp_benign	gnomad_2_26453454_G_A_1402962r4484	DRC1	E608E	E608
dbsnp_benign	gnomad_2_26453454_G_T_1402962r4485	DRC1	E608D	E608
dbsnp_benign	gnomad_3_114171968_C_T_6280r4487	DRD3	G9S	G9
dbsnp_benign	gnomad_11_640109_A_C_769762387r4488	DRD4	Q287P	Q287
dbsnp_benign	gnomad_11_640109_A_G_769762387r4490	DRD4	Q287R	Q287
dbsnp_benign	gnomad_18_31068905_G_A_142410803r4491	DSC2	R833C	R833
dbsnp_benign	gnomad_18_31071816_C_G_147742157r4493	DSC2	Q638H	Q638
dbsnp_benign	gnomad_18_31071829_C_T_200475862r4495	DSC2	R634H	R634
dbsnp_benign	gnomad_18_31074782_C_A_143040393r4497	DSC2	V597F	V597
dbsnp_benign	gnomad_18_31080266_T_C_144242114r4498	DSC2	R450R	R450
dbsnp_benign	gnomad_18_31080266_T_G_144242114r4499	DSC2	R450S	R450
dbsnp_benign	gnomad_18_31082985_T_C_368299411r4500	DSC2	T340A	T340
dbsnp_benign	gnomad_18_31101938_C_T_568391206r4501	DSC2	G12R	G12
dbsnp_benign	gnomad_18_31518248_A_G_185266383r4502	DSG2	N19D	N19
dbsnp_benign	gnomad_18_31521193_T_G_191143292r4503	DSG2	V158G	V158
dbsnp_benign	gnomad_18_31521193_T_A_191143292r4504	DSG2	V158E	V158
dbsnp_benign	gnomad_18_31531146_G_A_193922639r4505	DSG2	V392I	V392
dbsnp_benign	gnomad_18_31535292_G_A_370509593r4507	DSG2	D435N	D435
dbsnp_benign	gnomad_18_31535365_A_G_576404380r4508	DSG2	Y459C	Y459
dbsnp_benign	gnomad_18_31536321_G_A_2230235r4509	DSG2	V515I	V515
dbsnp_benign	gnomad_18_31536328_C_T_200509948r4511	DSG2	A517V	A517
dbsnp_benign	gnomad_18_31536375_G_A_199761749r4512	DSG2	V533I	V533
dbsnp_benign	gnomad_18_31538880_T_C_199681901r4514	DSG2	L594P	L594
dbsnp_benign	gnomad_18_31538880_T_A_199681901r4515	DSG2	L594Q	L594
dbsnp_benign	gnomad_18_31546272_T_G_79229040r4517	DSG2	I962M	I962
dbsnp_benign	gnomad_18_31546292_C_T_373598034r4518	DSG2	A969V	A969
dbsnp_benign	gnomad_18_31546468_G_A_150864240r4519	DSG2	G1028S	G1028
dbsnp_benign	gnomad_18_31546630_C_G_191300661r4520	DSG2	P1082A	P1082
dbsnp_benign	gnomad_18_31388961_G_A_13381457r4521	DSG4	A154T	A154
dbsnp_benign	gnomad_18_31400919_T_C_113255372r4523	DSG4	I439T	I439
dbsnp_benign	gnomad_18_31411386_A_G_61734847r4525	DSG4	T765A	T765
dbsnp_benign	gnomad_18_31413541_G_A_60800275r4527	DSG4	M1023I	M1023
dbsnp_benign	gnomad_6_7555816_A_G_188516326r4529	DSP	Q90R	Q90
dbsnp_benign	gnomad_6_7562721_G_A_200806163r4531	DSP	G223S	G223
dbsnp_benign	gnomad_6_7565494_A_T_17604693r4532	DSP	I305F	I305
dbsnp_benign	gnomad_6_7571459_A_G_34239595r4534	DSP	N593S	N593
dbsnp_benign	gnomad_6_7571858_C_T_74806300r4535	DSP	I640I	I640
dbsnp_benign	gnomad_6_7575454_C_T_142429411r4536	DSP	R866C	R866
dbsnp_benign	gnomad_6_7576386_G_A_142494121r4537	DSP	R908H	R908
dbsnp_benign	gnomad_6_7576961_C_T_368981849r4539	DSP	N932N	N932
dbsnp_benign	gnomad_6_7576980_G_A_80325569r4540	DSP	G939S	G939
dbsnp_benign	gnomad_6_7579840_C_T_535202724r4542	DSP	T1217M	T1217
dbsnp_benign	gnomad_6_7580113_G_A_184154918r4544	DSP	R1308Q	R1308
dbsnp_benign	gnomad_6_7580153_G_A_61731476r4546	DSP	Q1321Q	Q1321
dbsnp_benign	gnomad_6_7580331_A_T_77758574r4548	DSP	T1381S	T1381
dbsnp_benign	gnomad_6_7580645_G_T_113902911r4550	DSP	R1485S	R1485
dbsnp_benign	gnomad_6_7580778_G_T_141227126r4552	DSP	V1530F	V1530
dbsnp_benign	gnomad_6_7580799_C_T_28763967r4553	DSP	R1537C	R1537
dbsnp_benign	gnomad_6_7580931_A_G_186842903r4554	DSP	K1581E	K1581
dbsnp_benign	gnomad_6_7582760_A_T_78652302r4555	DSP	E1833V	E1833
dbsnp_benign	gnomad_6_7582760_A_G_78652302r4556	DSP	E1833G	E1833
dbsnp_benign	gnomad_6_7582775_G_A_377715841r4558	DSP	R1838H	R1838
dbsnp_benign	gnomad_6_7583470_G_A_41302885r4559	DSP	D2070N	D2070
dbsnp_benign	gnomad_6_7583917_G_A_397516953r4561	DSP	V2219I	V2219
dbsnp_benign	gnomad_6_7584061_A_T_181378432r4562	DSP	T2267S	T2267
dbsnp_benign	gnomad_6_7584996_C_T_28763970r4563	DSP	S2578S	S2578
dbsnp_benign	gnomad_6_7585281_C_T_144275591r4565	DSP	D2673D	D2673
dbsnp_benign	gnomad_6_7585453_T_C_201397978r4567	DSP	Y2731H	Y2731
dbsnp_benign	gnomad_6_7585562_C_A_34884895r4568	DSP	T2767N	T2767
dbsnp_benign	gnomad_6_7585562_C_G_34884895r4569	DSP	T2767S	T2767
dbsnp_benign	gnomad_6_7585562_C_T_34884895r4570	DSP	T2767I	T2767
dbsnp_benign	gnomad_6_7585717_A_C_138329459r4571	DSP	M2819L	M2819
dbsnp_benign	gnomad_6_7585867_A_G_28763971r4573	DSP	I2869V	I2869
dbsnp_benign	gnomad_6_7541927_C_G_368802003r4575	DSP	N4K	N4
dbsnp_benign	gnomad_6_7541927_C_T_368802003r4576	DSP	N4N	N4
dbsnp_benign	gnomad_6_7542003_G_A_121912998r4577	DSP	V30M	V30
dbsnp_benign	gnomad_6_7542072_T_G_397516918r4578	DSP	S53A	S53
dbsnp_benign	gnomad_6_56471122_A_G_114094997r4579	DST	D272D	D272
dbsnp_benign	gnomad_6_56471122_A_T_114094997r4581	DST	D272E	D272
dbsnp_benign	gnomad_6_56487175_G_A_199658821r4582	DST	N4586N	N4586
dbsnp_benign	gnomad_6_56501612_T_C_147983675r4583	DST	T4144A	T4144
dbsnp_benign	gnomad_6_56515629_A_T_75105686r4585	DST	C3727S	C3727
dbsnp_benign	gnomad_6_56553601_T_C_143438011r4586	DST	Q2767R	Q2767
dbsnp_benign	gnomad_6_56569914_G_T_138967674r4588	DST	P2310H	P2310
dbsnp_benign	gnomad_6_56572223_A_G_9464393r4590	DST	V2236A	V2236
dbsnp_benign	gnomad_6_56614424_C_A_76257231r4592	DST	V1453L	V1453
dbsnp_benign	gnomad_6_56615702_T_C_150191284r4594	DST	I2589V	I2589
dbsnp_benign	gnomad_6_56618028_G_A_138576576r4596	DST	N2002N	N2002
dbsnp_benign	gnomad_6_56618254_T_C_12209266r4598	DST	H1927R	H1927
dbsnp_benign	gnomad_6_56618549_G_C_79943354r4599	DST	Q1829E	Q1829
dbsnp_benign	gnomad_6_56618606_A_G_79225819r4601	DST	Y1810H	Y1810
dbsnp_benign	gnomad_6_56619745_G_A_78701610r4602	DST	A1430V	A1430
dbsnp_benign	gnomad_6_56620225_T_C_35497571r4604	DST	K1270R	K1270
dbsnp_benign	gnomad_6_56620688_G_A_6909714r4606	DST	H1116Y	H1116
dbsnp_benign	gnomad_6_56628047_A_C_35014998r4608	DST	N1319K	N1319
dbsnp_benign	gnomad_6_56629273_A_G_112640831r4610	DST	N1273N	N1273
dbsnp_benign	gnomad_6_56634196_C_T_139350480r4612	DST	S975N	S975
dbsnp_benign	gnomad_6_56635649_C_T_76795414r4614	DST	K831K	K831
dbsnp_benign	gnomad_6_56642764_G_A_75671065r4615	DST	R9C	R9
dbsnp_benign	gnomad_6_56954528_G_C_150003298r4617	DST	F20L	F20
dbsnp_benign	gnomad_1_205211450_C_T_200780796r4618	DSTYK	R29Q	R29
dbsnp_benign	gnomad_18_34815980_G_A_376519672r4620	DTNA	L225L	L225
dbsnp_benign	gnomad_18_34851850_G_C_190619495r4621	DTNA	S458T	S458
dbsnp_benign	gnomad_6_15524448_G_A_16876571r4622	DTNBP1	H297Y	H297
dbsnp_benign	gnomad_15_45100816_G_C_61730030r4624	DUOX2	P982A	P982
dbsnp_benign	gnomad_15_45100816_G_T_61730030r4626	DUOX2	P982T	P982
dbsnp_benign	gnomad_15_45105795_C_T_138353181r4627	DUOX2	A728T	A728
dbsnp_benign	gnomad_15_45106171_C_T_113400262r4629	DUOX2	R701Q	R701
dbsnp_benign	gnomad_15_45106877_G_A_373790251r4631	DUOX2	P596S	P596
dbsnp_benign	gnomad_18_49163696_G_A_145279594r4633	DYM	L518L	L518
dbsnp_benign	gnomad_18_49378567_T_C_61729806r4634	DYM	S141G	S141
dbsnp_benign	gnomad_18_49044058_G_A_201928717r4636	DYM	D669D	D669
dbsnp_benign	gnomad_14_101986673_C_T_145405293r4637	DYNC1H1	I816I	I816
dbsnp_benign	gnomad_14_101988705_T_C_114021657r4638	DYNC1H1	I907I	I907
dbsnp_benign	gnomad_14_102004635_C_T_117199211r4639	DYNC1H1	N1667N	N1667
dbsnp_benign	gnomad_14_102005097_C_T_150687712r4640	DYNC1H1	A1765V	A1765
dbsnp_benign	gnomad_14_102015282_C_T_141525226r4641	DYNC1H1	R2398C	R2398
dbsnp_benign	gnomad_14_102016062_C_T_17541158r4643	DYNC1H1	I2483I	I2483
dbsnp_benign	gnomad_14_102016062_C_G_17541158r4645	DYNC1H1	I2483M	I2483
dbsnp_benign	gnomad_14_102034084_C_A_149496322r4646	DYNC1H1	L3508I	L3508
dbsnp_benign	gnomad_14_102041574_C_G_138428684r4647	DYNC1H1	T3981R	T3981
dbsnp_benign	gnomad_14_102047991_C_T_149300055r4649	DYNC1H1	T4394M	T4394
dbsnp_benign	gnomad_14_102036621_C_T_141133453r4650	DYNC1H1	F3629F	F3629
dbsnp_benign	gnomad_14_102040294_A_C_201024297r4652	DYNC1H1	S3917R	S3917
dbsnp_benign	gnomad_11_103148531_G_A_61898615r4653	DYNC2H1	E954K	E954
dbsnp_benign	gnomad_11_103152204_A_G_201310509r4655	DYNC2H1	L1005L	L1005
dbsnp_benign	gnomad_11_103152204_A_T_201310509r4656	DYNC2H1	L1005F	L1005
dbsnp_benign	gnomad_11_103156505_A_G_17301750r4657	DYNC2H1	T1288A	T1288
dbsnp_benign	gnomad_11_103166014_C_G_72989738r4659	DYNC2H1	N1576K	N1576
dbsnp_benign	gnomad_11_103211829_A_G_17394217r4661	DYNC2H1	E2860E	E2860
dbsnp_benign	gnomad_11_103219963_G_A_199568537r4663	DYNC2H1	A2961T	A2961
dbsnp_benign	gnomad_11_103283029_G_C_116872934r4665	DYNC2H1	D3612H	D3612
dbsnp_benign	gnomad_11_103283059_C_A_117178504r4667	DYNC2H1	R3622R	R3622
dbsnp_benign	gnomad_11_103283059_C_T_117178504r4669	DYNC2H1	R3622NA	R3622
dbsnp_benign	gnomad_9_128634837_C_T_17849504r4670	DYNC2I2	G356S	G356
dbsnp_benign	gnomad_2_43813208_T_C_140374206r4671	ABCG5	M622V	M622
dbsnp_benign	gnomad_2_43819997_T_C_140899003r4673	ABCG5	I523V	I523
dbsnp_benign	gnomad_2_43820014_G_C_17031672r4675	ABCG5	T517S	T517
dbsnp_benign	gnomad_2_43822895_G_A_141016088r4676	ABCG5	D455D	D455
dbsnp_benign	gnomad_2_43822895_G_T_141016088r4677	ABCG5	D455E	D455
dbsnp_benign	gnomad_2_43824009_T_G_115590670r4679	ABCG5	N410H	N410
dbsnp_benign	gnomad_21_37506209_A_G_759183785r4681	DYRK1A	T553A	T553
dbsnp_benign	gnomad_21_37506296_C_A_200322053r4682	DYRK1A	C524NA	C524
dbsnp_benign	gnomad_21_37511914_C_T_757222616r4683	DYRK1A	R559C	R559
dbsnp_benign	gnomad_21_37512001_A_C_149948846r4684	DYRK1A	T588P	T588
dbsnp_benign	gnomad_21_37512264_A_C_756785454r4685	DYRK1A	Q675H	Q675
dbsnp_benign	gnomad_21_37512454_A_T_201958918r4686	DYRK1A	M739L	M739
dbsnp_benign	gnomad_21_37512454_A_G_201958918r4687	DYRK1A	M739V	M739
dbsnp_benign	gnomad_21_37512490_A_G_147973077r4688	DYRK1A	T751A	T751
dbsnp_benign	gnomad_21_37512490_A_T_147973077r4689	DYRK1A	T751S	T751
dbsnp_benign	gnomad_21_37490355_G_A_758888181r4690	DYRK1A	S282N	S282
dbsnp_benign	gnomad_21_37490355_G_C_758888181r4691	DYRK1A	S282T	S282
dbsnp_benign	gnomad_19_39825873_G_A_144803038r4692	DYRK1B	P578S	P578
dbsnp_benign	gnomad_2_71511847_G_A_34997054r4693	DYSF	G128E	G128
dbsnp_benign	gnomad_2_71513721_G_A_200970855r4695	DYSF	G155R	G155
dbsnp_benign	gnomad_2_71513767_C_A_34999029r4696	DYSF	A170E	A170
dbsnp_benign	gnomad_2_71513823_C_G_13407355r4698	DYSF	L189V	L189
dbsnp_benign	gnomad_2_71520900_C_T_115279465r4700	DYSF	A350V	A350
dbsnp_benign	gnomad_2_71526286_G_C_150724610r4701	DYSF	V374L	V374
dbsnp_benign	gnomad_2_71539181_C_T_34387018r4702	DYSF	I474I	I474
dbsnp_benign	gnomad_2_71551090_C_T_139495331r4704	DYSF	N524N	N524
dbsnp_benign	gnomad_2_71564154_C_T_749002214r4706	DYSF	R818W	R818
dbsnp_benign	gnomad_2_71564202_A_G_34671418r4707	DYSF	I834V	I834
dbsnp_benign	gnomad_2_71568027_A_C_35884879r4709	DYSF	D863A	D863
dbsnp_benign	gnomad_2_71574306_C_T_141536854r4710	DYSF	R1095C	R1095
dbsnp_benign	gnomad_2_71574310_G_A_59915619r4711	DYSF	R1096H	R1096
dbsnp_benign	gnomad_2_71611255_C_A_116426399r4712	DYSF	T1305K	T1305
dbsnp_benign	gnomad_2_71611314_A_G_145401010r4713	DYSF	I1325V	I1325
dbsnp_benign	gnomad_2_71611527_C_T_2303607r4715	DYSF	S1356S	S1356
dbsnp_benign	gnomad_2_71643997_C_T_544993852r4717	DYSF	F1481F	F1481
dbsnp_benign	gnomad_2_71643997_C_G_544993852r4718	DYSF	F1481L	F1481
dbsnp_benign	gnomad_2_71660585_T_C_146384562r4719	DYSF	I1607T	I1607
dbsnp_benign	gnomad_2_71669705_G_A_115013641r4721	DYSF	D1876N	D1876
dbsnp_benign	gnomad_1_21238138_C_T_141146885r4722	ECE1	S462N	S462
dbsnp_benign	gnomad_2_232481788_C_T_142492002r4724	ECEL1	D620N	D620
dbsnp_benign	gnomad_2_232484141_C_G_41265123r4726	ECEL1	E423Q	E423
dbsnp_benign	gnomad_X_70035434_G_A_142948132r4728	EDA	R334H	R334
dbsnp_benign	gnomad_X_66604439_G_A_12837393r4730	EDA2R	P112S	P112
dbsnp_benign	gnomad_1_236394504_G_A_60808129r4731	EDARADD	E20E	E20
dbsnp_benign	gnomad_1_236482309_C_T_114632254r4733	EDARADD	S103F	S103
dbsnp_benign	gnomad_13_77901095_C_T_5352r4735	EDNRB	S305N	S305
dbsnp_benign	gnomad_20_63494900_C_T_200840944r4737	EEF1A2	A176T	A176
dbsnp_benign	gnomad_6_52438493_C_T_3804506r4738	EFHC1	R159W	R159
dbsnp_benign	gnomad_6_52452743_A_T_73740379r4740	EFHC1	D210V	D210
dbsnp_benign	gnomad_6_52452775_C_T_139197513r4742	EFHC1	R221C	R221
dbsnp_benign	gnomad_6_52454150_G_A_145754721r4743	EFHC1	R260Q	R260
dbsnp_benign	gnomad_6_52454252_G_A_1570624r4744	EFHC1	R294H	R294
dbsnp_benign	gnomad_6_52465035_C_T_527295360r4746	EFHC1	R353W	R353
dbsnp_benign	gnomad_6_52465047_G_A_505760r4747	EFHC1	E357K	E357
dbsnp_benign	gnomad_4_109980901_C_T_144595306r4748	EGF	S766L	S766
dbsnp_benign	gnomad_7_55146694_C_T_17289686r4749	EGFR	D171D	D171
dbsnp_benign	gnomad_7_55154107_G_A_199796955r4750	EGFR	E282K	E282
dbsnp_benign	gnomad_7_55173110_C_T_55669340r4751	EGFR	L683L	L683
dbsnp_benign	gnomad_7_55198725_G_A_538497054r4753	EGFR	V904I	V904
dbsnp_benign	gnomad_7_55198763_C_T_41396448r4754	EGFR	D916D	D916
dbsnp_benign	gnomad_7_55201204_A_C_17290699r4756	EGFR	H988P	H988
dbsnp_benign	gnomad_7_55201256_A_G_55737335r4758	EGFR	E1005E	E1005
dbsnp_benign	gnomad_7_55181370_G_A_1050171r4759	EGFR	Q787Q	Q787
dbsnp_benign	gnomad_10_62813286_C_A_138967272r4761	EGR2	G451V	G451
dbsnp_benign	gnomad_10_62813286_C_T_138967272r4762	EGR2	G451D	G451
dbsnp_benign	gnomad_10_62814446_C_G_146631014r4763	EGR2	M64I	M64
dbsnp_benign	gnomad_3_185204613_T_A_200753408r4764	EHHADH	Q238L	Q238
dbsnp_benign	gnomad_9_137710980_G_C_777999570r4766	EHMT1	R12T	R12
dbsnp_benign	gnomad_9_137711015_G_A_373269573r4767	EHMT1	E24K	E24
dbsnp_benign	gnomad_9_137716689_C_T_143155406r4768	EHMT1	A50V	A50
dbsnp_benign	gnomad_9_137716744_T_C_3812496r4769	EHMT1	N68N	N68
dbsnp_benign	gnomad_9_137716744_T_G_3812496r4771	EHMT1	N68K	N68
dbsnp_benign	gnomad_9_137716760_C_G_531716541r4772	EHMT1	Q74E	Q74
dbsnp_benign	gnomad_9_137716856_C_G_144603232r4773	EHMT1	Q106E	Q106
dbsnp_benign	gnomad_9_137716865_G_A_199703555r4774	EHMT1	V109I	V109
dbsnp_benign	gnomad_9_137716909_C_T_770086341r4775	EHMT1	N123N	N123
dbsnp_benign	gnomad_9_137716909_C_G_770086341r4776	EHMT1	N123K	N123
dbsnp_benign	gnomad_9_137717066_C_T_34704821r4777	EHMT1	P176S	P176
dbsnp_benign	gnomad_9_137717121_C_T_35570782r4779	EHMT1	P194L	P194
dbsnp_benign	gnomad_9_137728443_G_A_144871446r4780	EHMT1	R246Q	R246
dbsnp_benign	gnomad_9_137728476_A_C_370539232r4781	EHMT1	H257P	H257
dbsnp_benign	gnomad_9_137728503_A_G_753105081r4782	EHMT1	Y266C	Y266
dbsnp_benign	gnomad_9_137743452_A_G_565065320r4783	EHMT1	K302R	K302
dbsnp_benign	gnomad_9_137743479_C_T_142727972r4784	EHMT1	T311M	T311
dbsnp_benign	gnomad_9_137744082_G_A_11137198r4785	EHMT1	A388T	A388
dbsnp_benign	gnomad_9_137744082_G_T_11137198r4787	EHMT1	A388S	A388
dbsnp_benign	gnomad_9_137757904_C_T_987954303r4789	EHMT1	A465V	A465
dbsnp_benign	gnomad_9_137757912_G_A_202097707r4790	EHMT1	A468T	A468
dbsnp_benign	gnomad_9_137757922_C_T_368319087r4791	EHMT1	T471M	T471
dbsnp_benign	gnomad_9_137776691_A_G_184814386r4792	EHMT1	N622S	N622
dbsnp_benign	gnomad_9_137798903_G_A_749645029r4793	EHMT1	V866I	V866
dbsnp_benign	gnomad_9_137800967_A_G_144085805r4794	EHMT1	I899V	I899
dbsnp_benign	gnomad_9_137813083_A_G_141891925r4795	EHMT1	N982S	N982
dbsnp_benign	gnomad_9_137813149_G_A_138283222r4796	EHMT1	S1004N	S1004
dbsnp_benign	gnomad_9_137813149_G_T_138283222r4797	EHMT1	S1004I	S1004
dbsnp_benign	gnomad_9_137813154_G_A_33999936r4798	EHMT1	V1006M	V1006
dbsnp_benign	gnomad_9_137813154_G_T_33999936r4799	EHMT1	V1006L	V1006
dbsnp_benign	gnomad_9_137813166_G_A_200237137r4800	EHMT1	V1010M	V1010
dbsnp_benign	gnomad_9_137816043_G_A_139394414r4801	EHMT1	V1119I	V1119
dbsnp_benign	gnomad_9_137817441_C_T_560251933r4803	EHMT1	A1126V	A1126
dbsnp_benign	gnomad_2_88583437_T_A_75385605r4804	EIF2AK3	I586L	I586
dbsnp_benign	gnomad_2_88613755_G_C_867529r4806	EIF2AK3	S136C	S136
dbsnp_benign	gnomad_2_88613755_G_T_867529r4807	EIF2AK3	S136Y	S136
dbsnp_benign	gnomad_2_88627121_C_T_201593811r4809	EIF2AK3	A52T	A52
dbsnp_benign	gnomad_15_39976615_C_T_201342617r4811	EIF2AK4	P674S	P674
dbsnp_benign	gnomad_15_39992205_G_C_17848491r4812	EIF2AK4	D888H	D888
dbsnp_benign	gnomad_15_40020943_G_T_55721315r4814	EIF2AK4	Q1406H	Q1406
dbsnp_benign	gnomad_12_123630473_A_G_199544322r4816	EIF2B1	V59A	V59
dbsnp_benign	gnomad_2_27364580_T_C_148810263r4818	EIF2B4	Q464Q	Q464
dbsnp_benign	gnomad_2_27367149_A_G_560532019r4820	EIF2B4	V313A	V313
dbsnp_benign	gnomad_15_44563197_T_C_76116949r4822	SPG11	K2419R	K2419
dbsnp_benign	gnomad_17_13000189_T_A_200149324r4824	ELAC2	R464W	R464
dbsnp_benign	gnomad_17_13017853_G_C_544551424r4826	ELAC2	P32R	P32
dbsnp_benign	gnomad_19_855716_C_T_200393776r4828	ELANE	N173N	N173
dbsnp_benign	gnomad_19_856014_C_T_148492780r4829	ELANE	F218F	F218
dbsnp_benign	gnomad_19_856015_G_A_17216656r4830	ELANE	V219I	V219
dbsnp_benign	gnomad_19_856106_C_T_201224216r4832	ELANE	S249F	S249
dbsnp_benign	gnomad_19_856145_C_T_17216670r4833	ELANE	P262L	P262
dbsnp_benign	gnomad_7_74041231_C_T_41350445r4834	ELN	A71V	A71
dbsnp_benign	gnomad_7_74042640_T_C_140411170r4836	ELN	F87L	F87
dbsnp_benign	gnomad_7_74042986_G_A_137953195r4837	ELN	A110T	A110
dbsnp_benign	gnomad_7_74051926_G_A_41526244r4838	ELN	V298I	V298
dbsnp_benign	gnomad_7_74056354_G_A_375116795r4839	ELN	G412R	G412
dbsnp_benign	gnomad_7_74056399_C_G_144341345r4840	ELN	P427A	P427
dbsnp_benign	gnomad_7_74065988_C_T_369804770r4842	ELN	P755S	P755
dbsnp_benign	gnomad_7_74059978_G_A_41523046r4844	ELN	V532M	V532
dbsnp_benign	gnomad_7_74060394_G_A_150248865r4845	ELN	G576D	G576
dbsnp_benign	gnomad_7_74060394_G_C_150248865r4846	ELN	G576A	G576
dbsnp_benign	gnomad_7_74060495_G_C_17855988r4847	ELN	G610R	G610
dbsnp_benign	gnomad_7_74060583_C_A_186744935r4849	ELN	T639N	T639
dbsnp_benign	gnomad_7_74063185_G_C_781963804r4851	ELN	G669R	G669
dbsnp_benign	gnomad_7_74063194_G_A_140425210r4852	ELN	G672S	G672
dbsnp_benign	gnomad_9_108903592_G_A_35455790r4854	ELP1	A574V	A574
dbsnp_benign	gnomad_9_108912436_G_T_56053149r4856	ELP1	S339R	S339
dbsnp_benign	gnomad_9_108912436_G_A_56053149r4857	ELP1	S339S	S339
dbsnp_benign	gnomad_1_19222757_G_A_141218180r4858	EMC1	N818N	N818
dbsnp_benign	gnomad_X_154380240_A_G_137977232r4860	EMD	N91S	N91
dbsnp_benign	gnomad_X_154380364_C_T_145985318r4861	EMD	H132H	H132
dbsnp_benign	gnomad_X_154380798_G_C_2070818r4862	EMD	D149H	D149
dbsnp_benign	gnomad_X_154380898_G_A_144594695r4863	EMD	G156S	G156
dbsnp_benign	gnomad_X_154380957_C_T_782367505r4864	EMD	S175S	S175
dbsnp_benign	gnomad_X_154381178_A_G_781947413r4865	EMD	E249G	E249
dbsnp_benign	gnomad_4_70642591_G_A_74511578r4866	ENAM	G389S	G389
dbsnp_benign	gnomad_9_127824342_C_G_1800956r4868	ENG	D366H	D366
dbsnp_benign	gnomad_9_127825788_C_T_548424658r4870	ENG	R199H	R199
dbsnp_benign	gnomad_9_127854342_G_A_35400405r4871	ENG	T5M	T5
dbsnp_benign	gnomad_9_127818173_C_T_142896669r4873	ENG	G545S	G545
dbsnp_benign	gnomad_6_131877099_C_G_79079368r4874	ENPP1	L611V	L611
dbsnp_benign	gnomad_6_131877099_C_T_79079368r4876	ENPP1	L611L	L611
dbsnp_benign	gnomad_6_131879936_G_A_115371819r4877	ENPP1	E668K	E668
dbsnp_benign	gnomad_6_131884939_C_T_28933977r4879	ENPP1	R774C	R774
dbsnp_benign	gnomad_6_131884955_C_A_200239821r4881	ENPP1	T779N	T779
dbsnp_benign	gnomad_6_131890390_G_C_8192683r4883	ENPP1	R886T	R886
dbsnp_benign	gnomad_10_95693676_G_A_41291570r4885	TCTN3	A75V	A75
dbsnp_benign	gnomad_10_95693689_C_A_138495428r4887	TCTN3	V71L	V71
dbsnp_benign	gnomad_10_95693689_C_T_138495428r4889	TCTN3	V71M	V71
dbsnp_benign	gnomad_3_69004435_T_A_116138787r4890	EOGT	K188I	K188
dbsnp_benign	gnomad_22_41117408_A_G_150245975r4892	EP300	S106G	S106
dbsnp_benign	gnomad_22_41127532_C_G_762647727r4893	EP300	P318A	P318
dbsnp_benign	gnomad_22_41131624_A_G_146242251r4894	EP300	S507G	S507
dbsnp_benign	gnomad_22_41146776_T_G_61756764r4896	EP300	S697R	S697
dbsnp_benign	gnomad_22_41146795_C_T_149858781r4897	EP300	P704S	P704
dbsnp_benign	gnomad_22_41147945_C_T_193026103r4898	EP300	P747L	P747
dbsnp_benign	gnomad_22_41149144_C_T_755619355r4899	EP300	A783V	A783
dbsnp_benign	gnomad_22_41149155_G_A_564786569r4900	EP300	G787S	G787
dbsnp_benign	gnomad_22_41149990_C_T_540935486r4902	EP300	P870L	P870
dbsnp_benign	gnomad_22_41150037_C_T_148308496r4903	EP300	P886S	P886
dbsnp_benign	gnomad_22_41150154_C_A_148884710r4904	EP300	P925T	P925
dbsnp_benign	gnomad_22_41160675_C_A_143660871r4905	EP300	I1208I	I1208
dbsnp_benign	gnomad_22_41160675_C_T_143660871r4906	EP300	I1208I	I1208
dbsnp_benign	gnomad_22_41172549_G_A_368320273r4907	EP300	L1501L	L1501
dbsnp_benign	gnomad_22_41176858_G_C_147676363r4909	EP300	S1716T	S1716
dbsnp_benign	gnomad_22_41177543_C_T_142885571r4910	EP300	H1944H	H1944
dbsnp_benign	gnomad_22_41178101_G_A_147973806r4911	EP300	M2130I	M2130
dbsnp_benign	gnomad_22_41178192_A_G_188035979r4912	EP300	M2161V	M2161
dbsnp_benign	gnomad_12_132025735_G_A_148749054r4913	EP400	A1649T	A1649
dbsnp_benign	gnomad_20_36209753_G_A_78442416r4915	EPB41L1	R645Q	R645
dbsnp_benign	gnomad_20_36198016_A_G_144426436r4917	EPB41L1	K548R	K548
dbsnp_benign	gnomad_15_43220737_C_T_149249456r4919	EPB42	S30N	S30
dbsnp_benign	gnomad_2_47369510_C_T_201402370r4921	EPCAM	A2V	A2
dbsnp_benign	gnomad_2_47373890_G_C_146480420r4922	EPCAM	Q89H	Q89
dbsnp_benign	gnomad_2_47375266_G_C_189732445r4923	EPCAM	R153T	R153
dbsnp_benign	gnomad_2_47379942_A_G_115283528r4925	EPCAM	I277M	I277
dbsnp_benign	gnomad_18_45870631_G_A_200926094r4927	EPG5	T2054M	T2054
dbsnp_benign	gnomad_18_45876331_C_T_34674177r4928	EPG5	R1985Q	R1985
dbsnp_benign	gnomad_18_45916543_G_A_72918350r4930	EPG5	S1093S	S1093
dbsnp_benign	gnomad_18_45922528_A_C_148777356r4932	EPG5	L971V	L971
dbsnp_benign	gnomad_18_45944031_T_C_61734402r4934	EPG5	Q589R	Q589
dbsnp_benign	gnomad_18_45951220_C_T_117817123r4936	EPG5	S424N	S424
dbsnp_benign	gnomad_18_45954602_G_A_180913079r4938	EPG5	S267L	S267
dbsnp_benign	gnomad_18_45955298_C_T_145177562r4940	EPG5	S35N	S35
dbsnp_benign	gnomad_1_16125271_C_T_139787163r4942	EPHA2	A959T	A959
dbsnp_benign	gnomad_1_16134529_C_T_61731097r4943	EPHA2	V541M	V541
dbsnp_benign	gnomad_1_16135086_G_A_55747232r4945	EPHA2	T511M	T511
dbsnp_benign	gnomad_1_16148708_C_T_150790360r4947	EPHA2	V165M	V165
dbsnp_benign	gnomad_6_145627509_C_G_141361861r4949	EPM2A	G83R	G83
dbsnp_benign	gnomad_6_145627563_A_G_142027344r4951	EPM2A	C65R	C65
dbsnp_benign	gnomad_6_145627650_C_T_199586710r4952	EPM2A	A36T	A36
dbsnp_benign	gnomad_19_11378049_G_A_142094773r4953	EPOR	P488S	P488
dbsnp_benign	gnomad_19_11382061_G_A_146235694r4955	EPOR	A99V	A99
dbsnp_benign	gnomad_17_39724861_G_A_368094521r4956	ERBB2	G815R	G815
dbsnp_benign	gnomad_2_211712052_A_C_76603692r4957	ERBB4	H374Q	H374
dbsnp_benign	gnomad_19_45352590_G_A_762985501r4959	ERCC2	F654F	F654
dbsnp_benign	gnomad_19_45352648_G_A_34517175r4960	ERCC2	A635V	A635
dbsnp_benign	gnomad_19_45364887_G_A_142936491r4961	ERCC2	A182V	A182
dbsnp_benign	gnomad_19_45368696_C_G_145947678r4963	ERCC2	E98D	E98
dbsnp_benign	gnomad_19_45368706_T_C_571718677r4964	ERCC2	E95G	E95
dbsnp_benign	gnomad_2_127261332_C_T_568193912r4965	ERCC3	E654K	E654
dbsnp_benign	gnomad_2_127286890_G_A_371396764r4966	ERCC3	D385D	D385
dbsnp_benign	gnomad_16_13934224_C_T_1799802r4967	ERCC4	P379S	P379
dbsnp_benign	gnomad_16_13947713_T_C_1800069r4969	ERCC4	I706T	I706
dbsnp_benign	gnomad_16_13948213_A_G_2020957r4970	ERCC4	I873V	I873
dbsnp_benign	gnomad_16_13948220_A_G_1800124r4972	ERCC4	E875G	E875
dbsnp_benign	gnomad_16_13922064_G_T_55761944r4974	ERCC4	V81F	V81
dbsnp_benign	gnomad_16_13922064_G_A_55761944r4975	ERCC4	V81I	V81
dbsnp_benign	gnomad_13_102875581_G_A_4150388r4977	ERCC5	G1080E	G1080
dbsnp_benign	gnomad_13_102875698_C_T_2227871r4979	ERCC5	A1119V	A1119
dbsnp_benign	gnomad_10_49461413_C_G_2229761r4980	ERCC6	V1308L	V1308
dbsnp_benign	gnomad_10_49470478_C_G_148636026r4982	ERCC6	S1161T	S1161
dbsnp_benign	gnomad_10_49470479_T_G_142094044r4983	ERCC6	S1161R	S1161
dbsnp_benign	gnomad_10_49493178_G_T_767709344r4984	ERCC6	T587K	T587
dbsnp_benign	gnomad_10_49493178_G_A_767709344r4985	ERCC6	T587M	T587
dbsnp_benign	gnomad_10_49516270_C_T_115162931r4987	ERCC6	C750Y	C750
dbsnp_benign	gnomad_10_49524093_C_T_4253047r4988	ERCC6	G446D	G446
dbsnp_benign	gnomad_10_49524271_C_T_148295935r4990	ERCC6	E387K	E387
dbsnp_benign	gnomad_10_49524272_G_C_141391984r4991	ERCC6	D386E	D386
dbsnp_benign	gnomad_10_49524272_G_A_141391984r4993	ERCC6	D386D	D386
dbsnp_benign	gnomad_9_95881201_C_G_146075543r4994	ERCC6L2	Q127E	Q127
dbsnp_benign	gnomad_5_60945315_G_A_158921r4997	NDUFAF2	K20K	K20
dbsnp_benign	gnomad_19_42248868_G_A_139842507r4998	ERF	A415V	A415
dbsnp_benign	gnomad_19_42248920_C_T_111793182r5000	ERF	G398S	G398
dbsnp_benign	gnomad_6_169755348_C_T_137971039r5002	ERMARD	H81Y	H81
dbsnp_benign	gnomad_6_169776025_C_G_144908519r5004	ERMARD	R494G	R494
dbsnp_benign	gnomad_6_169776025_C_T_144908519r5005	ERMARD	R494C	R494
dbsnp_benign	gnomad_8_27776455_C_G_201989984r5006	ESCO2	C49W	C49
dbsnp_benign	gnomad_8_27776691_G_A_557813179r5007	ESCO2	G128E	G128
dbsnp_benign	gnomad_8_27776814_G_A_1052492r5008	ESCO2	R169Q	R169
dbsnp_benign	gnomad_8_27777072_T_C_141631911r5009	ESCO2	F255S	F255
dbsnp_benign	gnomad_8_27787947_A_C_57479434r5011	ESCO2	Q359P	Q359
dbsnp_benign	gnomad_8_27787965_G_A_144288263r5013	ESCO2	R365K	R365
dbsnp_benign	gnomad_6_152122618_G_A_144206837r5014	SYNE1	R8738C	R8738
dbsnp_benign	gnomad_14_76498393_G_A_146351534r5015	ESRRB	V434I	V434
dbsnp_benign	gnomad_15_76287855_T_C_199673198r5016	ETFA	I148V	I148
dbsnp_benign	gnomad_19_51353215_G_A_147353781r5017	ETFB	R98C	R98
dbsnp_benign	gnomad_19_51354520_T_G_143144671r5019	ETFB	E40A	E40
dbsnp_benign	gnomad_19_43508797_G_A_139119694r5021	ETHE1	I191I	I191
dbsnp_benign	gnomad_19_43508797_G_C_139119694r5023	ETHE1	I191M	I191
dbsnp_benign	gnomad_19_43527117_C_A_116440799r5024	ETHE1	A21S	A21
dbsnp_benign	gnomad_12_11869456_G_A_142603082r5026	ETV6	V166M	V166
dbsnp_benign	gnomad_4_5719357_A_G_41269547r5028	EVC	D95G	D95
dbsnp_benign	gnomad_4_5731509_C_G_146729456r5030	EVC	P157A	P157
dbsnp_benign	gnomad_4_5745336_G_A_115275195r5032	EVC	D312N	D312
dbsnp_benign	gnomad_4_5753050_G_A_373718642r5034	EVC	R438Q	R438
dbsnp_benign	gnomad_4_5756327_G_A_143971158r5035	EVC	V510I	V510
dbsnp_benign	gnomad_4_5798767_G_A_2279252r5037	EVC	R760Q	R760
dbsnp_benign	gnomad_4_5568533_C_T_201460514r5039	EVC2	L1156L	L1156
dbsnp_benign	gnomad_4_5568588_G_A_182298453r5040	EVC2	T1138M	T1138
dbsnp_benign	gnomad_4_5568590_G_A_144532809r5042	EVC2	A1137A	A1137
dbsnp_benign	gnomad_4_5568626_T_C_116076068r5043	EVC2	A1125A	A1125
dbsnp_benign	gnomad_4_5576374_G_C_73074138r5044	EVC2	S1046R	S1046
dbsnp_benign	gnomad_4_5618536_G_A_140951974r5046	EVC2	A883V	A883
dbsnp_benign	gnomad_4_5618563_C_T_114764023r5048	EVC2	R874Q	R874
dbsnp_benign	gnomad_4_5628563_C_T_186197620r5050	EVC2	E628K	E628
dbsnp_benign	gnomad_4_5628715_A_G_113869406r5052	EVC2	M577T	M577
dbsnp_benign	gnomad_4_5665607_C_A_150367317r5054	EVC2	A305S	A305
dbsnp_benign	gnomad_4_5665616_A_T_138728350r5055	EVC2	F302I	F302
dbsnp_benign	gnomad_4_5681266_G_A_144730069r5056	EVC2	N288N	N288
dbsnp_benign	gnomad_4_5708392_G_T_544397395r5057	EVC2	P41H	P41
dbsnp_benign	gnomad_17_31318487_T_C_144778786r5058	EVI2A	Q176R	Q176
dbsnp_benign	gnomad_1_241885378_G_A_4150001r5059	EXO1	G759E	G759
dbsnp_benign	gnomad_11_44108232_A_T_111589746r5061	EXT2	M174L	M174
dbsnp_benign	gnomad_11_44108232_A_C_111589746r5062	EXT2	M174L	M174
dbsnp_benign	gnomad_8_71215629_G_A_139717960r5064	EYA1	S487L	S487
dbsnp_benign	gnomad_8_71216776_C_T_121909199r5066	EYA1	G426S	G426
dbsnp_benign	gnomad_8_71216979_G_A_372488542r5067	EYA1	N395N	N395
dbsnp_benign	gnomad_8_71271834_C_T_148647933r5068	EYA1	R297Q	R297
dbsnp_benign	gnomad_8_71271859_C_A_201504674r5069	EYA1	D289Y	D289
dbsnp_benign	gnomad_8_71321749_C_T_747476629r5070	EYA1	G135S	G135
dbsnp_benign	gnomad_8_71354785_C_G_561111097r5071	EYA1	E41Q	E41
dbsnp_benign	gnomad_8_71354785_C_T_561111097r5073	EYA1	E41K	E41
dbsnp_benign	gnomad_8_71356504_G_T_760164698r5074	EYA1	T14K	T14
dbsnp_benign	gnomad_8_71199418_G_A_763080811r5075	EYA1	H567H	H567
dbsnp_benign	gnomad_8_71199418_G_T_763080811r5076	EYA1	H567Q	H567
dbsnp_benign	gnomad_6_133446649_C_T_35562371r5077	EYA4	L35L	L35
dbsnp_benign	gnomad_6_133446649_C_G_35562371r5078	EYA4	L35V	L35
dbsnp_benign	gnomad_6_133468627_C_T_41286200r5080	EYA4	T289M	T289
dbsnp_benign	gnomad_6_133468686_A_G_556335059r5081	EYA4	T309A	T309
dbsnp_benign	gnomad_6_133241370_C_T_112196731r5082	N/A	NAN/ANA	NAN/A
dbsnp_benign	gnomad_6_133241459_T_C_375432060r5084	N/A	NAN/ANA	NAN/A
dbsnp_benign	gnomad_6_133241489_C_G_117602794r5086	N/A	NAN/ANA	NAN/A
dbsnp_benign	gnomad_6_133241489_C_T_117602794r5087	N/A	NAN/ANA	NAN/A
dbsnp_benign	gnomad_6_133241571_C_G_112173873r5089	N/A	NAN/ANA	NAN/A
dbsnp_benign	gnomad_6_133241571_C_T_112173873r5090	N/A	NAN/ANA	NAN/A
dbsnp_benign	gnomad_6_64081975_T_C_141603172r5091	EYS	N2151S	N2151
dbsnp_benign	gnomad_6_64388791_T_C_115066356r5093	EYS	T1993A	T1993
dbsnp_benign	gnomad_6_64590357_C_G_199689193r5095	EYS	W1837S	W1837
dbsnp_benign	gnomad_6_64591774_T_C_16895519r5097	EYS	K1365E	K1365
dbsnp_benign	gnomad_6_64626200_A_T_150951106r5099	EYS	N1163K	N1163
dbsnp_benign	gnomad_6_64902220_C_T_77020971r5100	EYS	R913R	R913
dbsnp_benign	gnomad_6_65295901_C_A_144430026r5102	EYS	R662M	R662
dbsnp_benign	gnomad_6_65344041_T_G_61753611r5104	EYS	K532N	K532
dbsnp_benign	gnomad_6_65402517_T_A_144935927r5106	EYS	N382I	N382
dbsnp_benign	gnomad_6_65490679_C_T_78079047r5107	EYS	Q259Q	Q259
dbsnp_benign	gnomad_6_65495077_C_T_112609906r5109	EYS	V112I	V112
dbsnp_benign	gnomad_6_65495077_C_G_112609906r5110	EYS	V112L	V112
dbsnp_benign	gnomad_6_65495320_C_T_572189652r5112	EYS	E31K	E31
dbsnp_benign	gnomad_6_63984432_C_T_74848648r5113	EYS	V2336I	V2336
dbsnp_benign	gnomad_6_158769904_C_T_112461897r5115	EZR	E377E	E377
dbsnp_benign	gnomad_4_186276366_A_G_5969r5117	F11	Q244R	Q244
dbsnp_benign	gnomad_4_186280373_G_T_5967r5119	F11	C339F	C339
dbsnp_benign	gnomad_5_177403526_G_A_115119084r5121	F12	R448C	R448
dbsnp_benign	gnomad_5_177405165_G_C_35515200r5122	F12	L140V	L140
dbsnp_benign	gnomad_1_197050728_A_C_6000r5123	F13B	D569E	D569
dbsnp_benign	gnomad_11_46723453_C_T_5896r5125	F2	T165M	T165
dbsnp_benign	gnomad_1_169514323_T_C_6027r5127	F5	D2222G	D2222
dbsnp_benign	gnomad_1_169515529_A_G_9332701r5129	F5	M2148T	M2148
dbsnp_benign	gnomad_1_169527956_C_A_182566496r5131	F5	G1853V	G1853
dbsnp_benign	gnomad_1_169528054_C_T_6026r5133	F5	M1820I	M1820
dbsnp_benign	gnomad_1_169529737_T_C_6030r5135	F5	M1764V	M1764
dbsnp_benign	gnomad_1_169529782_G_C_6034r5137	F5	L1749V	L1749
dbsnp_benign	gnomad_1_169540880_G_A_9332608r5139	F5	P1404S	P1404
dbsnp_benign	gnomad_1_169540901_G_A_13306334r5141	F5	L1397F	L1397
dbsnp_benign	gnomad_1_169541110_T_C_1800595r5143	F5	H1327R	H1327
dbsnp_benign	gnomad_1_169541110_T_G_1800595r5145	F5	H1327P	H1327
dbsnp_benign	gnomad_1_169541237_G_T_1046712r5146	F5	L1285I	L1285
dbsnp_benign	gnomad_1_169542317_T_C_6032r5148	F5	K925E	K925
dbsnp_benign	gnomad_1_169542347_T_A_9332695r5150	F5	T915S	T915
dbsnp_benign	gnomad_1_169542496_T_C_4525r5152	F5	H865R	H865
dbsnp_benign	gnomad_1_169542517_T_C_4524r5154	F5	K858R	K858
dbsnp_benign	gnomad_1_169542640_T_G_6018r5156	F5	N817T	N817
dbsnp_benign	gnomad_1_169542665_G_A_6031r5158	F5	P809S	P809
dbsnp_benign	gnomad_1_169542855_A_G_6017r5160	F5	N745N	N745
dbsnp_benign	gnomad_1_169549874_C_T_6020r5162	F5	R513K	R513
dbsnp_benign	gnomad_1_169552615_A_G_6033r5164	F5	M413T	M413
dbsnp_benign	gnomad_1_169572275_C_G_6019r5166	F5	D107H	D107
dbsnp_benign	gnomad_1_169586344_C_T_9332485r5168	F5	G15S	G15
dbsnp_benign	gnomad_X_139530771_C_T_766259893r5169	F9	R3C	R3
dbsnp_benign	gnomad_X_139530771_C_A_766259893r5170	F9	R3S	R3
dbsnp_benign	gnomad_X_139530772_G_A_148060786r5171	F9	R3H	R3
dbsnp_benign	gnomad_X_139530783_A_T_150190385r5172	F9	I7F	I7
dbsnp_benign	gnomad_X_139537035_C_T_745353370r5173	F9	N38N	N38
dbsnp_benign	gnomad_X_139537035_C_A_745353370r5174	F9	N38K	N38
dbsnp_benign	gnomad_X_139551064_C_T_762986355r5175	F9	P175S	P175
dbsnp_benign	gnomad_X_139551199_T_A_777361659r5176	F9	S220T	S220
dbsnp_benign	gnomad_X_139561592_C_T_1801202r5177	F9	H303Y	H303
dbsnp_benign	gnomad_X_139561652_G_A_150351950r5178	F9	E323K	E323
dbsnp_benign	gnomad_16_74714222_T_G_200545714r5180	FA2H	T363P	T363
dbsnp_benign	gnomad_16_74716539_C_T_138244546r5182	FA2H	V283I	V283
dbsnp_benign	gnomad_16_74740048_C_T_147632811r5183	FA2H	R113Q	R113
dbsnp_benign	gnomad_15_80158159_G_T_151264725r5185	FAH	V61F	V61
dbsnp_benign	gnomad_15_80175048_C_T_377480457r5187	FAH	D290D	D290
dbsnp_benign	gnomad_2_61838624_C_T_6545910r5188	FAM161A	L555L	L555
dbsnp_benign	gnomad_7_256004_T_A_148276213r5190	FAM20C	S410T	S410
dbsnp_benign	gnomad_7_256004_T_C_148276213r5191	FAM20C	S410P	S410
dbsnp_benign	gnomad_15_30929290_C_T_80120912r5193	FAN1	P894S	P894
dbsnp_benign	gnomad_16_89745047_C_T_372706571r5195	FANCA	V1180M	V1180
dbsnp_benign	gnomad_16_89748742_C_T_536839082r5196	FANCA	V1089I	V1089
dbsnp_benign	gnomad_16_89767168_G_C_17233141r5197	FANCA	S858R	S858
dbsnp_benign	gnomad_16_89795980_A_G_75501942r5199	FANCA	I311T	I311
dbsnp_benign	gnomad_16_89803296_T_C_17225943r5201	FANCA	D252G	D252
dbsnp_benign	gnomad_16_89805388_G_A_144917960r5203	FANCA	P201S	P201
dbsnp_benign	gnomad_16_89808348_G_A_17232246r5205	FANCA	A181V	A181
dbsnp_benign	gnomad_16_89816592_G_C_76275444r5207	FANCA	N8K	N8
dbsnp_benign	gnomad_16_89739264_C_T_17227396r5209	FANCA	A1346T	A1346
dbsnp_benign	gnomad_X_14843670_G_A_201436396r5211	FANCB	T826M	T826
dbsnp_benign	gnomad_X_14843695_T_C_143131218r5212	FANCB	R818G	R818
dbsnp_benign	gnomad_X_14844672_C_T_145110602r5213	FANCB	G666S	G666
dbsnp_benign	gnomad_X_14845014_A_G_142959373r5215	FANCB	F590S	F590
dbsnp_benign	gnomad_X_14857919_A_T_199909156r5216	FANCB	F380L	F380
dbsnp_benign	gnomad_9_95249215_G_A_1800361r5217	FANCC	S26F	S26
dbsnp_benign	gnomad_9_95111288_G_A_112446681r5219	FANCC	R463C	R463
dbsnp_benign	gnomad_9_95125109_C_T_201407189r5221	FANCC	A325T	A325
dbsnp_benign	gnomad_9_95135373_G_A_55719336r5222	FANCC	I272I	I272
dbsnp_benign	gnomad_9_95149977_G_C_140781259r5224	FANCC	P211R	P211
dbsnp_benign	gnomad_9_95150025_T_A_1800365r5225	FANCC	D195V	D195
dbsnp_benign	gnomad_9_95107205_T_C_1800368r5227	FANCC	Q465R	Q465
dbsnp_benign	gnomad_9_95172077_C_T_1800362r5228	FANCC	G139E	G139
dbsnp_benign	gnomad_3_10043144_G_A_35625434r5230	FANCD2	R328Q	R328
dbsnp_benign	gnomad_3_10047974_C_G_34557223r5232	FANCD2	L446V	L446
dbsnp_benign	gnomad_3_10048005_T_G_35782247r5233	FANCD2	L456R	L456
dbsnp_benign	gnomad_3_10052475_A_G_145522204r5235	FANCD2	N545S	N545
dbsnp_benign	gnomad_3_10063832_A_C_36070315r5237	FANCD2	Q623P	Q623
dbsnp_benign	gnomad_3_10067307_G_A_55980657r5239	FANCD2	K828K	K828
dbsnp_benign	gnomad_3_10073349_G_T_35495399r5241	FANCD2	G901V	G901
dbsnp_benign	gnomad_3_10078098_A_G_145953386r5243	FANCD2	Q959Q	Q959
dbsnp_benign	gnomad_3_10087244_C_T_147675860r5244	FANCD2	A1149V	A1149
dbsnp_benign	gnomad_3_10098930_C_A_78896323r5246	FANCD2	P1466T	P1466
dbsnp_benign	gnomad_6_35455764_G_T_45600543r5247	FANCE	R89L	R89
dbsnp_benign	gnomad_6_35455764_G_C_45600543r5249	FANCE	R89P	R89
dbsnp_benign	gnomad_6_35459754_T_C_142903218r5250	FANCE	M437T	M437
dbsnp_benign	gnomad_6_35466306_G_A_115195341r5251	FANCE	R524R	R524
dbsnp_benign	gnomad_11_22624852_G_A_45451294r5253	FANCF	P320L	P320
dbsnp_benign	gnomad_11_22625254_G_A_113910234r5255	FANCF	A186V	A186
dbsnp_benign	gnomad_11_22625438_C_T_61752920r5257	FANCF	D125N	D125
dbsnp_benign	gnomad_11_22625612_T_G_146647469r5259	FANCF	R67R	R67
dbsnp_benign	gnomad_9_35075025_C_T_17885240r5261	FANCG	R513Q	R513
dbsnp_benign	gnomad_9_35075972_G_A_4986939r5262	FANCG	S378L	S378
dbsnp_benign	gnomad_9_35076520_G_A_4986940r5264	FANCG	P330S	P330
dbsnp_benign	gnomad_9_35076758_G_A_2237857r5265	FANCG	T297I	T297
dbsnp_benign	gnomad_9_35077270_G_A_61757385r5267	FANCG	R214C	R214
dbsnp_benign	gnomad_15_89276809_T_C_79080874r5269	FANCI	I404T	I404
dbsnp_benign	gnomad_15_89281825_A_G_144908351r5271	FANCI	M525V	M525
dbsnp_benign	gnomad_15_89285210_C_T_117125761r5272	FANCI	L605F	L605
dbsnp_benign	gnomad_15_89291615_A_C_118138806r5273	FANCI	L631F	L631
dbsnp_benign	gnomad_15_89292706_A_G_139814895r5275	FANCI	I671V	I671
dbsnp_benign	gnomad_15_89295062_A_C_118031800r5277	FANCI	E868D	E868
dbsnp_benign	gnomad_15_89300328_A_C_79685648r5279	FANCI	R944S	R944
dbsnp_benign	gnomad_2_58163454_A_C_139801716r5281	FANCL	F252C	F252
dbsnp_benign	gnomad_2_58165745_T_C_149731356r5283	FANCL	T224A	T224
dbsnp_benign	gnomad_2_58232097_G_A_55849827r5285	FANCL	L38F	L38
dbsnp_benign	gnomad_14_45137087_C_T_77374493r5286	FANCM	T176I	T176
dbsnp_benign	gnomad_14_45151518_C_T_151071546r5288	FANCM	P347L	P347
dbsnp_benign	gnomad_14_45167125_A_G_61753893r5289	FANCM	N655S	N655
dbsnp_benign	gnomad_14_45175794_G_T_77532752r5291	FANCM	G1014C	G1014
dbsnp_benign	gnomad_14_45176512_A_G_45604036r5293	FANCM	N1253S	N1253
dbsnp_benign	gnomad_14_45176617_A_G_116519044r5295	FANCM	N1288S	N1288
dbsnp_benign	gnomad_14_45185264_A_C_113986680r5297	FANCM	E1521D	E1521
dbsnp_benign	gnomad_14_45188953_G_A_138151018r5299	FANCM	R1644Q	R1644
dbsnp_benign	gnomad_14_45189246_A_G_143662421r5301	FANCM	I1742V	I1742
dbsnp_benign	gnomad_14_45196487_C_T_79343837r5303	FANCM	H1886Y	H1886
dbsnp_benign	gnomad_6_5404666_C_T_116567033r5305	FARS2	T246M	T246
dbsnp_benign	gnomad_10_89003101_T_C_9333296r5307	FAS	L35L	L35
dbsnp_benign	gnomad_10_89008919_C_T_3218614r5309	FAS	T122I	T122
dbsnp_benign	gnomad_17_82089118_C_T_12946178r5310	FASN	E719K	E719
dbsnp_benign	gnomad_17_82091278_C_A_149982597r5311	FASN	G479V	G479
dbsnp_benign	gnomad_2_206771993_G_A_34709212r5312	FASTKD2	D364N	D364
dbsnp_benign	gnomad_2_206772253_A_G_79652942r5314	FASTKD2	N396S	N396
dbsnp_benign	gnomad_2_206786740_G_T_145043229r5316	FASTKD2	V479L	V479
dbsnp_benign	gnomad_4_186618051_C_T_138948513r5318	FAT1	M2845I	M2845
dbsnp_benign	gnomad_5_151563500_G_T_138913417r5320	FAT2	N1133K	N1133
dbsnp_benign	gnomad_4_125487508_A_G_114234553r5321	FAT4	D2568G	D2568
dbsnp_benign	gnomad_22_45577061_G_T_143377110r5322	FBLN1	R642L	R642
dbsnp_benign	gnomad_14_91870380_C_T_148660796r5324	FBLN5	T397T	T397
dbsnp_benign	gnomad_15_48411221_G_A_138574576r5325	FBN1	I2795I	I2795
dbsnp_benign	gnomad_15_48411243_G_A_143007898r5326	FBN1	T2788M	T2788
dbsnp_benign	gnomad_15_48411296_G_A_112189340r5328	FBN1	H2770H	H2770
dbsnp_benign	gnomad_15_48411374_C_T_376119827r5329	FBN1	Q2744Q	Q2744
dbsnp_benign	gnomad_15_48412610_T_G_370096856r5330	FBN1	K2729Q	K2729
dbsnp_benign	gnomad_15_48412724_C_T_145105768r5331	FBN1	G2691S	G2691
dbsnp_benign	gnomad_15_48415741_T_C_143677764r5332	FBN1	I2616V	I2616
dbsnp_benign	gnomad_15_48422006_C_T_756295016r5333	FBN1	G2506S	G2506
dbsnp_benign	gnomad_15_48427699_C_T_140537304r5334	FBN1	V2358I	V2358
dbsnp_benign	gnomad_15_48428356_G_C_363831r5335	FBN1	D2329E	D2329
dbsnp_benign	gnomad_15_48430710_G_A_363835r5337	FBN1	P2278S	P2278
dbsnp_benign	gnomad_15_48432905_C_T_112084407r5339	FBN1	V2234M	V2234
dbsnp_benign	gnomad_15_48432905_C_G_112084407r5340	FBN1	V2234L	V2234
dbsnp_benign	gnomad_15_48434634_G_A_369058466r5341	FBN1	C2192C	C2192
dbsnp_benign	gnomad_15_48441811_C_A_113577372r5342	FBN1	A2025S	A2025
dbsnp_benign	gnomad_15_48472581_C_T_377338217r5343	FBN1	V1436M	V1436
dbsnp_benign	gnomad_15_48472617_G_C_201273753r5345	FBN1	P1424A	P1424
dbsnp_benign	gnomad_15_48481723_G_A_774851476r5346	FBN1	T1299M	T1299
dbsnp_benign	gnomad_15_48481729_T_C_200342067r5347	FBN1	E1297G	E1297
dbsnp_benign	gnomad_15_48483916_T_A_568625812r5349	FBN1	N1247I	N1247
dbsnp_benign	gnomad_15_48487093_C_T_370121450r5350	FBN1	D1191N	D1191
dbsnp_benign	gnomad_15_48487353_G_A_2228241r5351	FBN1	P1141L	P1141
dbsnp_benign	gnomad_15_48488487_T_C_375996640r5353	FBN1	N1030S	N1030
dbsnp_benign	gnomad_15_48489856_A_G_200381100r5354	FBN1	F1026S	F1026
dbsnp_benign	gnomad_15_48489977_C_T_112287730r5355	FBN1	A986T	A986
dbsnp_benign	gnomad_15_48489999_G_C_138438849r5357	FBN1	D978E	D978
dbsnp_benign	gnomad_15_48489999_G_A_138438849r5358	FBN1	D978D	D978
dbsnp_benign	gnomad_15_48492562_G_C_557798071r5359	FBN1	P918R	P918
dbsnp_benign	gnomad_15_48505101_G_A_150421653r5360	FBN1	C628C	C628
dbsnp_benign	gnomad_15_48644691_C_T_25397r5361	FBN1	A27T	A27
dbsnp_benign	gnomad_15_48644732_A_C_773614956r5363	FBN1	F13C	F13
dbsnp_benign	gnomad_15_48526132_A_G_12324002r5364	FBN1	I329T	I329
dbsnp_benign	gnomad_15_48526216_C_A_142888621r5366	FBN1	G301V	G301
dbsnp_benign	gnomad_15_48526216_C_T_142888621r5367	FBN1	G301E	G301
dbsnp_benign	gnomad_5_128259520_C_A_557212203r5368	FBN2	D2892Y	D2892
dbsnp_benign	gnomad_5_128261753_C_G_76756898r5370	FBN2	E2783Q	E2783
dbsnp_benign	gnomad_5_128261768_T_G_371715068r5372	FBN2	K2778Q	K2778
dbsnp_benign	gnomad_5_128263535_G_T_142755118r5373	FBN2	H2694Q	H2694
dbsnp_benign	gnomad_5_128274588_G_C_373970388r5374	FBN2	Q2564E	Q2564
dbsnp_benign	gnomad_5_128278684_C_A_34600572r5376	FBN2	Q2432H	Q2432
dbsnp_benign	gnomad_5_128278799_A_G_28763926r5378	FBN2	I2394T	I2394
dbsnp_benign	gnomad_5_128286782_G_T_17608368r5379	FBN2	I2316I	I2316
dbsnp_benign	gnomad_5_128286782_G_A_17608368r5381	FBN2	I2316I	I2316
dbsnp_benign	gnomad_5_128287347_T_A_115223340r5382	FBN2	I2281F	I2281
dbsnp_benign	gnomad_5_128289213_T_A_149071226r5384	FBN2	N2184I	N2184
dbsnp_benign	gnomad_5_128312722_G_A_147040906r5386	FBN2	I1597I	I1597
dbsnp_benign	gnomad_5_128330620_C_T_143462011r5387	FBN2	R1433H	R1433
dbsnp_benign	gnomad_5_128332928_G_A_34201226r5388	FBN2	N1402N	N1402
dbsnp_benign	gnomad_5_128332993_G_T_78727187r5390	FBN2	H1381N	H1381
dbsnp_benign	gnomad_5_128335535_T_C_139052603r5392	FBN2	Q1256R	Q1256
dbsnp_benign	gnomad_5_128338115_G_A_142323824r5393	FBN2	D1160D	D1160
dbsnp_benign	gnomad_5_128339054_G_A_78484531r5394	FBN2	D1117D	D1117
dbsnp_benign	gnomad_5_128345408_C_A_28763945r5395	FBN2	A1056S	A1056
dbsnp_benign	gnomad_5_128366419_C_T_145259927r5397	FBN2	G754S	G754
dbsnp_benign	gnomad_5_128374681_C_T_548605398r5398	FBN2	R681H	R681
dbsnp_benign	gnomad_5_128392078_A_T_528255772r5399	FBN2	S515T	S515
dbsnp_benign	gnomad_5_128408695_T_C_149992874r5400	FBN2	T353A	T353
dbsnp_benign	gnomad_5_128408712_C_T_112428886r5401	FBN2	R347H	R347
dbsnp_benign	gnomad_5_128464772_G_C_774323549r5403	FBN2	P260A	P260
dbsnp_benign	gnomad_9_94603533_T_A_145771944r5404	FBP1	M289L	M289
dbsnp_benign	gnomad_6_98899334_T_C_151258576r5405	FBXL4	Q417Q	Q417
dbsnp_benign	gnomad_8_144359851_T_C_74445699r5406	SLC52A2	V120A	V120
dbsnp_benign	gnomad_5_148427635_C_T_116266000r5408	FBXO38	P781S	P781
dbsnp_benign	gnomad_5_148438459_C_T_144172824r5410	FBXO38	P995P	P995
dbsnp_benign	gnomad_1_149791405_T_C_1050208r5411	FCGR1A	I338T	I338
dbsnp_benign	gnomad_19_17764424_C_G_145154295r5412	FCHO1	L57V	L57
dbsnp_benign	gnomad_19_17764424_C_T_145154295r5413	FCHO1	L57L	L57
dbsnp_benign	gnomad_1_27370868_C_G_56405086r5414	FCN3	E166D	E166
dbsnp_benign	gnomad_18_57566531_C_T_200650502r5416	FECH	E172K	E172
dbsnp_benign	gnomad_4_154586063_T_C_2070031r5418	FGA	T456A	T456
dbsnp_benign	gnomad_4_154586230_G_A_184635235r5419	FGA	S400F	S400
dbsnp_benign	gnomad_X_54471400_C_T_145644275r5421	FGD1	R132Q	R132
dbsnp_benign	gnomad_12_32582241_C_T_200732890r5422	FGD4	T125M	T125
dbsnp_benign	gnomad_12_32582241_C_G_200732890r5424	FGD4	T125R	T125
dbsnp_benign	gnomad_12_32598560_G_A_528790143r5425	FGD4	V222I	V222
dbsnp_benign	gnomad_12_32601319_G_A_34555341r5426	FGD4	S244S	S244
dbsnp_benign	gnomad_12_32625729_C_T_144693221r5428	FGD4	P571S	P571
dbsnp_benign	gnomad_12_32625729_C_A_144693221r5429	FGD4	P571T	P571
dbsnp_benign	gnomad_5_44305002_T_G_147715509r5431	FGF10	H207P	H207
dbsnp_benign	gnomad_5_44388586_C_T_145373611r5432	FGF10	V33I	V33
dbsnp_benign	gnomad_13_101868760_T_C_34073982r5434	FGF14	I125V	I125
dbsnp_benign	gnomad_13_101916522_C_A_141304687r5435	FGF14	G42C	G42
dbsnp_benign	gnomad_13_101916523_G_A_372705140r5437	FGF14	N41N	N41
dbsnp_benign	gnomad_13_101916523_G_C_372705140r5438	FGF14	N41K	N41
dbsnp_benign	gnomad_12_4370516_G_A_13312793r5439	FGF23	P195S	P195
dbsnp_benign	gnomad_8_38413633_G_A_17182463r5441	FGFR1	R822C	R822
dbsnp_benign	gnomad_8_38413698_G_A_377620009r5442	FGFR1	P800L	P800
dbsnp_benign	gnomad_8_38413783_G_A_56234888r5443	FGFR1	P772S	P772
dbsnp_benign	gnomad_8_38413783_G_T_56234888r5445	FGFR1	P772T	P772
dbsnp_benign	gnomad_8_38413932_A_G_201490643r5446	FGFR1	L760L	L760
dbsnp_benign	gnomad_8_38414868_G_A_746123129r5447	FGFR1	L630L	L630
dbsnp_benign	gnomad_8_38418272_C_T_375796487r5448	FGFR1	E462E	E462
dbsnp_benign	gnomad_8_38418290_C_A_200776757r5449	FGFR1	M456I	M456
dbsnp_benign	gnomad_8_38424658_C_T_747978107r5450	FGFR1	A263T	A263
dbsnp_benign	gnomad_8_38429720_G_A_140382957r5451	FGFR1	S107L	S107
dbsnp_benign	gnomad_8_38429736_C_T_55642501r5453	FGFR1	V102I	V102
dbsnp_benign	gnomad_8_38429766_C_T_755828990r5454	FGFR1	V92M	V92
dbsnp_benign	gnomad_8_38457381_C_G_17175750r5455	FGFR1	R22S	R22
dbsnp_benign	gnomad_10_121479907_C_T_764959117r5456	FGFR2	E806K	E806
dbsnp_benign	gnomad_10_121485400_G_A_55637244r5457	FGFR2	N730N	N730
dbsnp_benign	gnomad_10_121496607_C_T_56335660r5459	FGFR2	E596E	E596
dbsnp_benign	gnomad_10_121515191_T_C_772986332r5460	FGFR2	K405E	K405
dbsnp_benign	gnomad_10_121517414_C_T_199757302r5461	FGFR2	R330Q	R330
dbsnp_benign	gnomad_10_121520039_G_A_55745510r5462	FGFR2	H293H	H293
dbsnp_benign	gnomad_10_121565644_G_A_56226109r5463	FGFR2	S57L	S57
dbsnp_benign	gnomad_4_1801902_C_T_199614237r5465	FGFR3	S269S	S269
dbsnp_benign	gnomad_4_1804902_C_T_61735104r5466	FGFR3	P449S	P449
dbsnp_benign	gnomad_4_1025223_C_T_4647932r5468	FGFRL1	P464L	P464
dbsnp_benign	gnomad_4_154609725_C_T_6063r5470	FGG	G191R	G191
dbsnp_benign	gnomad_1_241508686_C_T_11545656r5471	FH	D219N	D219
dbsnp_benign	gnomad_1_241508686_C_A_11545656r5472	FH	D219Y	D219
dbsnp_benign	gnomad_1_241519670_G_A_201887750r5473	FH	P18L	P18
dbsnp_benign	gnomad_X_136206498_G_A_140149764r5475	FHL1	K22K	K22
dbsnp_benign	gnomad_X_136207142_C_T_150911744r5476	FHL1	R95W	R95
dbsnp_benign	gnomad_X_136209920_C_T_141231353r5477	FHL1	T313M	T313
dbsnp_benign	gnomad_2_105386408_C_A_74575749r5478	FHL2	A37S	A37
dbsnp_benign	gnomad_2_105386408_C_T_74575749r5479	FHL2	A37T	A37
dbsnp_benign	gnomad_2_105386432_C_T_56284940r5480	FHL2	V29M	V29
dbsnp_benign	gnomad_6_109716452_A_G_145337669r5481	FIG4	Y58C	Y58
dbsnp_benign	gnomad_6_109716452_A_C_145337669r5482	FIG4	Y58S	Y58
dbsnp_benign	gnomad_6_109735292_G_A_529048339r5483	FIG4	G214R	G214
dbsnp_benign	gnomad_6_109738336_A_G_565096937r5485	FIG4	I220V	I220
dbsnp_benign	gnomad_6_109741476_A_G_61729092r5486	FIG4	T270A	T270
dbsnp_benign	gnomad_6_109743725_A_T_2295837r5487	FIG4	M364L	M364
dbsnp_benign	gnomad_17_41821800_G_A_76022961r5489	FKBP10	E516K	E516
dbsnp_benign	gnomad_7_30026475_G_C_112905680r5491	FKBP14	L12V	L12
dbsnp_benign	gnomad_14_45136061_G_A_145745979r5493	FANCM	Q10Q	Q10
dbsnp_benign	gnomad_14_45136202_G_C_142007602r5494	FANCM	L57F	L57
dbsnp_benign	gnomad_19_46755877_C_A_148206382r5495	FKRP	R143S	R143
dbsnp_benign	gnomad_19_46755877_C_T_148206382r5497	FKRP	R143C	R143
dbsnp_benign	gnomad_19_46756627_G_A_140679502r5498	FKRP	V393I	V393
dbsnp_benign	gnomad_19_46756627_G_C_140679502r5499	FKRP	V393L	V393
dbsnp_benign	gnomad_19_46756627_G_T_140679502r5500	FKRP	V393L	V393
dbsnp_benign	gnomad_9_105601146_G_A_146951171r5501	FKTN	R56H	R56
dbsnp_benign	gnomad_9_105604218_G_A_34006675r5503	FKTN	G125S	G125
dbsnp_benign	gnomad_9_105607839_C_T_116105846r5505	FKTN	T223I	T223
dbsnp_benign	gnomad_9_105635214_A_G_41313301r5507	FKTN	N446D	N446
dbsnp_benign	gnomad_17_17215000_T_C_199643834r5509	FLCN	K508R	K508
dbsnp_benign	gnomad_17_17215203_G_C_151312899r5510	FLCN	P472A	P472
dbsnp_benign	gnomad_17_17215285_G_A_141283741r5512	FLCN	A444A	A444
dbsnp_benign	gnomad_17_17221521_A_T_116643153r5513	FLCN	L296Q	L296
dbsnp_benign	gnomad_17_17227892_G_A_150712346r5515	FLCN	C82C	C82
dbsnp_benign	gnomad_17_17228004_G_A_556510460r5517	FLCN	A45V	A45
dbsnp_benign	gnomad_17_17228004_G_C_556510460r5518	FLCN	A45G	A45
dbsnp_benign	gnomad_17_17228004_G_T_556510460r5519	FLCN	A45E	A45
dbsnp_benign	gnomad_1_152303961_A_G_150010190r5520	FLG	I3642T	I3642
dbsnp_benign	gnomad_1_152304624_C_T_139262132r5522	FLG	S3421N	S3421
dbsnp_benign	gnomad_1_152306226_T_G_143280202r5524	FLG	Q2887P	Q2887
dbsnp_benign	gnomad_1_152308083_T_C_150122015r5526	FLG	H2268R	H2268
dbsnp_benign	gnomad_1_152308282_C_T_146891517r5528	FLG	G2202S	G2202
dbsnp_benign	gnomad_1_152308456_G_A_78771632r5530	FLG	P2144S	P2144
dbsnp_benign	gnomad_1_152308813_C_T_144517370r5532	FLG	G2025R	G2025
dbsnp_benign	gnomad_1_152309047_A_C_80059102r5534	FLG	W1947G	W1947
dbsnp_benign	gnomad_1_152309047_A_T_80059102r5535	FLG	W1947R	W1947
dbsnp_benign	gnomad_1_152309047_A_G_80059102r5536	FLG	W1947R	W1947
dbsnp_benign	gnomad_1_152309058_A_T_113544881r5537	FLG	L1943H	L1943
dbsnp_benign	gnomad_1_152309058_A_C_113544881r5539	FLG	L1943R	L1943
dbsnp_benign	gnomad_1_152309531_G_C_72477394r5540	FLG	S1785R	S1785
dbsnp_benign	gnomad_1_152310646_C_T_145962910r5542	FLG	G1414R	G1414
dbsnp_benign	gnomad_1_152311548_C_T_140923774r5544	FLG	R1113H	R1113
dbsnp_benign	gnomad_1_152311548_C_A_140923774r5545	FLG	R1113L	R1113
dbsnp_benign	gnomad_1_152312002_A_G_199888588r5547	FLG	W962R	W962
dbsnp_benign	gnomad_1_152313392_C_G_13376095r5549	FLG	E498D	E498
dbsnp_benign	gnomad_X_154348890_C_T_369717556r5550	FLNA	E2635K	E2635
dbsnp_benign	gnomad_X_154349751_G_A_782557713r5551	FLNA	R2484C	R2484
dbsnp_benign	gnomad_X_154350097_G_A_200198847r5552	FLNA	P2423S	P2423
dbsnp_benign	gnomad_X_154350143_G_A_782129907r5553	FLNA	N2407N	N2407
dbsnp_benign	gnomad_X_154351921_G_A_782651736r5554	FLNA	D2290D	D2290
dbsnp_benign	gnomad_X_154351944_T_G_373037983r5555	FLNA	I2283L	I2283
dbsnp_benign	gnomad_X_154353317_G_A_782160183r5556	FLNA	R2001W	R2001
dbsnp_benign	gnomad_X_154353341_G_A_371616686r5557	FLNA	R1993W	R1993
dbsnp_benign	gnomad_X_154353346_G_A_187029309r5558	FLNA	S1991L	S1991
dbsnp_benign	gnomad_X_154353651_G_A_781929535r5560	FLNA	S1921S	S1921
dbsnp_benign	gnomad_X_154353651_G_C_781929535r5561	FLNA	S1921R	S1921
dbsnp_benign	gnomad_X_154354926_C_T_781993685r5562	FLNA	G1706S	G1706
dbsnp_benign	gnomad_X_154358464_C_T_782537273r5563	FLNA	D1527N	D1527
dbsnp_benign	gnomad_X_154358537_G_A_200857989r5564	FLNA	N1502N	N1502
dbsnp_benign	gnomad_X_154359007_T_C_200130356r5565	FLNA	Q1484R	Q1484
dbsnp_benign	gnomad_X_154359317_G_A_782426283r5566	FLNA	S1411L	S1411
dbsnp_benign	gnomad_X_154359631_T_C_200615848r5567	FLNA	D1332G	D1332
dbsnp_benign	gnomad_X_154359834_C_T_782265007r5568	FLNA	V1293I	V1293
dbsnp_benign	gnomad_X_154359839_G_A_137853319r5569	FLNA	P1291L	P1291
dbsnp_benign	gnomad_X_154360374_C_T_201908251r5571	FLNA	A1141T	A1141
dbsnp_benign	gnomad_X_154361451_G_C_200150148r5572	FLNA	P1022A	P1022
dbsnp_benign	gnomad_X_154361480_G_A_17091204r5573	FLNA	S1012L	S1012
dbsnp_benign	gnomad_X_154361769_C_T_201656372r5575	FLNA	V949I	V949
dbsnp_benign	gnomad_X_154361771_T_C_372718245r5576	FLNA	N948S	N948
dbsnp_benign	gnomad_X_154361775_C_T_782239678r5577	FLNA	V947I	V947
dbsnp_benign	gnomad_X_154362080_C_T_199911951r5578	FLNA	V909I	V909
dbsnp_benign	gnomad_X_154362289_T_C_200679107r5579	FLNA	H870R	H870
dbsnp_benign	gnomad_X_154362534_G_A_200053635r5580	FLNA	P817S	P817
dbsnp_benign	gnomad_X_154362755_G_T_202109957r5581	FLNA	N770K	N770
dbsnp_benign	gnomad_X_154362755_G_A_202109957r5582	FLNA	N770N	N770
dbsnp_benign	gnomad_X_154364648_G_A_111516546r5583	FLNA	R634C	R634
dbsnp_benign	gnomad_X_154364648_G_C_111516546r5584	FLNA	R634G	R634
dbsnp_benign	gnomad_X_154365248_G_A_202029322r5585	FLNA	R527C	R527
dbsnp_benign	gnomad_X_154366126_G_A_782673341r5586	FLNA	R443C	R443
dbsnp_benign	gnomad_X_154366143_C_T_782320818r5587	FLNA	R437Q	R437
dbsnp_benign	gnomad_X_154366162_C_G_781915319r5588	FLNA	E431Q	E431
dbsnp_benign	gnomad_X_154366597_C_T_782007408r5589	FLNA	V344I	V344
dbsnp_benign	gnomad_X_154366761_C_T_781889196r5590	FLNA	V320M	V320
dbsnp_benign	gnomad_3_58097874_C_T_111996979r5591	FLNB	D348D	D348
dbsnp_benign	gnomad_3_58098841_C_T_572259451r5593	FLNB	H426H	H426
dbsnp_benign	gnomad_3_58104009_G_A_201544295r5595	FLNB	A512T	A512
dbsnp_benign	gnomad_3_58106851_C_T_62621999r5596	FLNB	T640M	T640
dbsnp_benign	gnomad_3_58110068_C_T_146159035r5598	FLNB	D794D	D794
dbsnp_benign	gnomad_3_58110068_C_G_146159035r5599	FLNB	D794E	D794
dbsnp_benign	gnomad_3_58123129_G_A_9813235r5600	FLNB	V1055M	V1055
dbsnp_benign	gnomad_3_58124392_G_C_111330368r5602	FLNB	G1262A	G1262
dbsnp_benign	gnomad_3_58148262_G_A_146685642r5603	FLNB	D1929N	D1929
dbsnp_benign	gnomad_3_58148778_A_G_62621996r5604	FLNB	K2006R	K2006
dbsnp_benign	gnomad_3_58154798_C_T_140786324r5606	FLNB	F2214F	F2214
dbsnp_benign	gnomad_3_58154836_C_G_138327769r5607	FLNB	S2227C	S2227
dbsnp_benign	gnomad_3_58154911_A_T_200567066r5609	FLNB	Y2252F	Y2252
dbsnp_benign	gnomad_3_58159621_T_C_116826041r5610	FLNB	I2319T	I2319
dbsnp_benign	gnomad_3_58163231_G_A_115747856r5612	FLNB	V2367I	V2367
dbsnp_benign	gnomad_3_58163315_G_A_142023538r5614	FLNB	E2395K	E2395
dbsnp_benign	gnomad_7_128830659_T_C_544875797r5615	FLNC	S8P	S8
dbsnp_benign	gnomad_7_128841332_T_G_576402053r5616	FLNC	L659R	L659
dbsnp_benign	gnomad_7_128842234_G_A_192725607r5617	FLNC	A709T	A709
dbsnp_benign	gnomad_7_128842289_G_A_200618242r5618	FLNC	R727H	R727
dbsnp_benign	gnomad_7_128842796_G_A_778594252r5620	FLNC	D798N	D798
dbsnp_benign	gnomad_7_128842796_G_T_778594252r5621	FLNC	D798Y	D798
dbsnp_benign	gnomad_7_128842905_C_T_75133741r5622	FLNC	T834M	T834
dbsnp_benign	gnomad_7_128842911_C_A_199652368r5624	FLNC	P836Q	P836
dbsnp_benign	gnomad_7_128844074_T_C_184454068r5626	FLNC	D1000D	D1000
dbsnp_benign	gnomad_7_128846011_C_G_778997084r5628	FLNC	T1271S	T1271
dbsnp_benign	gnomad_7_128848969_G_A_371385321r5629	FLNC	K1638K	K1638
dbsnp_benign	gnomad_7_128850452_C_T_377214486r5630	FLNC	I1789I	I1789
dbsnp_benign	gnomad_7_128851336_A_G_184018403r5631	FLNC	I1882V	I1882
dbsnp_benign	gnomad_7_128852998_G_A_201333104r5632	FLNC	V2059M	V2059
dbsnp_benign	gnomad_7_128854501_C_T_375139827r5633	FLNC	S2272S	S2272
dbsnp_benign	gnomad_7_128854676_G_A_191288058r5635	FLNC	V2331M	V2331
dbsnp_benign	gnomad_7_128854868_G_A_201672146r5637	FLNC	R2364H	R2364
dbsnp_benign	gnomad_7_128858348_T_C_200502811r5639	FLNC	M2668T	M2668
dbsnp_benign	gnomad_7_128858466_T_C_28437296r5640	FLNC	I2707I	I2707
dbsnp_benign	gnomad_11_64118160_A_C_4379854r5643	N/A	NAN/ANA	NAN/A
dbsnp_benign	gnomad_5_180603313_C_A_307821r5644	FLT4	R1324L	R1324
dbsnp_benign	gnomad_5_180603313_C_T_307821r5646	FLT4	R1324Q	R1324
dbsnp_benign	gnomad_5_180603313_C_G_307821r5647	FLT4	R1324P	R1324
dbsnp_benign	gnomad_5_180603322_C_T_79620092r5648	FLT4	R1321Q	R1321
dbsnp_benign	gnomad_5_180603376_C_G_146806202r5650	FLT4	G1303A	G1303
dbsnp_benign	gnomad_15_32964244_G_A_199592529r5652	FMN1	P1001S	P1001
dbsnp_benign	gnomad_1_240093002_G_A_556876873r5653	FMN2	G298D	G298
dbsnp_benign	gnomad_1_171114009_T_C_2066530r5654	FMO3	V277A	V277
dbsnp_benign	gnomad_X_147932701_A_G_139029212r5656	FMR1	K273R	K273
dbsnp_benign	gnomad_X_147948802_C_T_45540244r5658	FMR1	D619D	D619
dbsnp_benign	gnomad_2_215406328_C_T_141400341r5659	FN1	G966R	G966
dbsnp_benign	gnomad_20_22582352_G_A_200459003r5660	FOXA2	A291V	A291
dbsnp_benign	gnomad_20_22582944_C_G_201350646r5661	FOXA2	A94P	A94
dbsnp_benign	gnomad_1_47416331_G_A_765169217r5662	FOXE3	D6N	D6
dbsnp_benign	gnomad_1_47416331_G_C_765169217r5664	FOXE3	D6H	D6
dbsnp_benign	gnomad_1_47416473_C_T_534479543r5665	FOXE3	P53L	P53
dbsnp_benign	gnomad_1_47416902_G_C_281865461r5667	FOXE3	G196A	G196
dbsnp_benign	gnomad_1_47417213_A_G_552420470r5669	FOXE3	S300G	S300
dbsnp_benign	gnomad_1_47417244_G_A_571095192r5670	FOXE3	G310D	G310
dbsnp_benign	gnomad_14_28767460_C_T_762634382r5672	FOXG1	P61S	P61
dbsnp_benign	gnomad_14_28767485_C_A_727503933r5673	FOXG1	P69Q	P69
dbsnp_benign	gnomad_14_28767488_A_C_587783633r5674	FOXG1	Q70P	Q70
dbsnp_benign	gnomad_14_28767535_C_A_398124202r5675	FOXG1	Q86K	Q86
dbsnp_benign	gnomad_14_28767605_C_T_398124203r5676	FOXG1	P109L	P109
dbsnp_benign	gnomad_14_28767655_G_A_796052455r5677	FOXG1	G126S	G126
dbsnp_benign	gnomad_14_28767734_G_C_796052460r5678	FOXG1	G152A	G152
dbsnp_benign	gnomad_14_28767782_G_C_148157138r5679	FOXG1	G168A	G168
dbsnp_benign	gnomad_8_144474975_G_T_371301968r5680	FOXH1	R121R	R121
dbsnp_benign	gnomad_17_28534996_G_A_115771646r5681	FOXN1	P475P	P475
dbsnp_benign	gnomad_3_70966017_C_T_202173892r5683	FOXP1	A588T	A588
dbsnp_benign	gnomad_3_70970749_T_C_140161845r5685	FOXP1	N570S	N570
dbsnp_benign	gnomad_3_71046963_G_C_146606219r5686	FOXP1	P215A	P215
dbsnp_benign	gnomad_7_114654017_C_T_139649711r5687	FOXP2	A425V	A425
dbsnp_benign	gnomad_7_114664276_G_A_182138317r5688	FOXP2	A615T	A615
dbsnp_benign	gnomad_X_49253925_G_T_781881326r5689	FOXP3	T320K	T320
dbsnp_benign	gnomad_4_78430406_C_T_6813102r5690	FRAS1	P1653L	P1653
dbsnp_benign	gnomad_4_78450177_C_T_183398121r5692	FRAS1	H2101Y	H2101
dbsnp_benign	gnomad_4_78451838_T_C_76345011r5693	FRAS1	V2177A	V2177
dbsnp_benign	gnomad_4_78481846_C_A_376788346r5694	FRAS1	S2829Y	S2829
dbsnp_benign	gnomad_4_78488954_C_T_114854941r5696	FRAS1	S2944S	S2944
dbsnp_benign	gnomad_4_78499901_G_A_149692526r5697	FRAS1	R3099Q	R3099
dbsnp_benign	gnomad_4_78507550_C_T_150680111r5699	FRAS1	T3149M	T3149
dbsnp_benign	gnomad_4_78521576_A_G_144715071r5701	FRAS1	I3532V	I3532
dbsnp_benign	gnomad_4_78540690_A_G_145035489r5702	FRAS1	I3869V	I3869
dbsnp_benign	gnomad_4_78540809_T_C_151307846r5704	FRAS1	S3908S	S3908
dbsnp_benign	gnomad_4_78540992_C_G_140492803r5706	FRAS1	H3969Q	H3969
dbsnp_benign	gnomad_9_14740210_T_C_373107801r5708	FREM1	V2093V	V2093
dbsnp_benign	gnomad_9_14759894_G_T_138267253r5709	FREM1	L1738M	L1738
dbsnp_benign	gnomad_9_14775935_C_T_115421185r5711	FREM1	D1571N	D1571
dbsnp_benign	gnomad_9_14842562_G_A_200642807r5712	FREM1	R498W	R498
dbsnp_benign	gnomad_13_38689477_G_A_115446826r5714	FREM2	M711I	M711
dbsnp_benign	gnomad_13_38689524_G_A_201714905r5715	FREM2	R727H	R727
dbsnp_benign	gnomad_13_38691663_C_A_79048205r5716	FREM2	T1440K	T1440
dbsnp_benign	gnomad_13_38692482_A_G_778728471r5718	FREM2	D1713G	D1713
dbsnp_benign	gnomad_13_38692482_A_T_778728471r5719	FREM2	D1713V	D1713
dbsnp_benign	gnomad_13_38878873_G_A_116099212r5720	FREM2	V2968I	V2968
dbsnp_benign	gnomad_13_38880348_A_G_115149211r5722	FREM2	N3024S	N3024
dbsnp_benign	gnomad_13_38880543_A_G_76949956r5724	FREM2	H3089R	H3089
dbsnp_benign	gnomad_13_38880614_A_G_202106776r5726	FREM2	T3113A	T3113
dbsnp_benign	gnomad_X_12614847_G_A_139449383r5727	FRMPD4	A130T	A130
dbsnp_benign	gnomad_X_12717058_A_G_144170600r5729	FRMPD4	N867D	N867
dbsnp_benign	gnomad_X_12718205_G_A_143423231r5731	FRMPD4	E1127K	E1127
dbsnp_benign	gnomad_9_109167006_G_T_573029562r5732	FRRS1L	R45S	R45
dbsnp_benign	gnomad_17_81528580_G_A_137853900r5733	FSCN2	V17I	V17
dbsnp_benign	gnomad_2_48982977_G_A_75552966r5734	FSHR	S201S	S201
dbsnp_benign	gnomad_2_48982977_G_C_75552966r5735	FSHR	S201R	S201
dbsnp_benign	gnomad_2_49154394_C_A_115030945r5737	FSHR	L8F	L8
dbsnp_benign	gnomad_11_61965469_T_C_186448909r5738	FTH1	K54R	K54
dbsnp_benign	gnomad_19_48965836_G_A_201241191r5740	FTL	E57K	E57
dbsnp_benign	gnomad_1_23848661_G_A_114490852r5741	FUCA1	T383I	T383
dbsnp_benign	gnomad_1_23865613_C_G_143691289r5743	FUCA1	L134F	L134
dbsnp_benign	gnomad_16_31184277_G_A_61732970r5744	FUS	S135N	S135
dbsnp_benign	gnomad_9_69046398_G_A_141858334r5746	FXN	R60H	R60
dbsnp_benign	gnomad_9_69072755_A_G_74621026r5747	FXN	D209G	D209
dbsnp_benign	gnomad_11_117822469_C_T_149878562r5749	FXYD2	V26I	V26
dbsnp_benign	gnomad_11_117822715_C_T_146614981r5750	FXYD2	G10S	G10
dbsnp_benign	gnomad_3_45962243_C_T_41289620r5751	FYCO1	R1140Q	R1140
dbsnp_benign	gnomad_3_45967040_C_T_34266136r5753	FYCO1	R765H	R765
dbsnp_benign	gnomad_3_45967328_C_T_141155944r5754	FYCO1	S669N	S669
dbsnp_benign	gnomad_3_45967349_G_A_150785981r5756	FYCO1	S662F	S662
dbsnp_benign	gnomad_3_45968271_G_A_35937665r5758	FYCO1	R355W	R355
dbsnp_benign	gnomad_11_86954881_G_A_80358282r5760	FZD4	H69Y	H69
dbsnp_benign	gnomad_11_86951167_C_T_201256460r5762	FZD4	G530E	G530
dbsnp_benign	gnomad_17_44075421_C_T_34406052r5763	G6PC3	T216I	T216
dbsnp_benign	gnomad_X_154534463_G_A_200111236r5765	G6PD	F173F	F173
dbsnp_benign	gnomad_X_154534463_G_C_200111236r5766	G6PD	F173L	F173
dbsnp_benign	gnomad_X_154535277_T_C_1050829r5767	G6PD	N126D	N126
dbsnp_benign	gnomad_17_80104954_G_A_138034915r5769	GAA	G123E	G123
dbsnp_benign	gnomad_17_80105878_C_G_113085339r5771	GAA	L226V	L226
dbsnp_benign	gnomad_17_80108787_C_G_528369909r5773	GAA	Q429E	Q429
dbsnp_benign	gnomad_17_80118674_G_C_377286472r5775	GAA	V890L	V890
dbsnp_benign	gnomad_17_80118674_G_A_377286472r5777	GAA	V890I	V890
dbsnp_benign	gnomad_17_80099686_G_A_61740509r5778	CCDC40	V1114M	V1114
dbsnp_benign	gnomad_17_80099695_G_A_145595957r5780	CCDC40	E1117K	E1117
dbsnp_benign	gnomad_9_98293870_C_T_79773606r5782	GABBR2	D859N	D859
dbsnp_benign	gnomad_9_98303335_G_A_138346207r5784	GABBR2	T773M	T773
dbsnp_benign	gnomad_9_98311178_T_C_565513030r5785	GABBR2	I641V	I641
dbsnp_benign	gnomad_5_161897130_C_A_80337021r5786	GABRA1	P360H	P360
dbsnp_benign	gnomad_5_161897130_C_T_80337021r5787	GABRA1	P360L	P360
dbsnp_benign	gnomad_5_161897401_A_G_142385746r5788	GABRA1	K450K	K450
dbsnp_benign	gnomad_5_161850821_G_T_796052487r5790	GABRA1	S4I	S4
dbsnp_benign	gnomad_5_161850821_G_A_796052487r5791	GABRA1	S4N	S4
dbsnp_benign	gnomad_5_161850837_C_A_113886269r5792	GABRA1	D9E	D9
dbsnp_benign	gnomad_5_161294271_C_T_61735410r5794	GABRB2	S450N	S450
dbsnp_benign	gnomad_5_161294398_T_G_200591388r5795	GABRB2	T408P	T408
dbsnp_benign	gnomad_5_161326441_C_T_202183786r5796	GABRB2	R373Q	R373
dbsnp_benign	gnomad_5_161546635_T_A_967225542r5797	GABRB2	R3S	R3
dbsnp_benign	gnomad_15_26547946_G_C_76962261r5798	GABRB3	H423Q	H423
dbsnp_benign	gnomad_1_2028260_G_A_41307846r5799	GABRD	R220H	R220
dbsnp_benign	gnomad_14_87941441_G_A_115018138r5801	GALC	F596F	F596
dbsnp_benign	gnomad_16_88835336_G_T_61742258r5803	GALNS	R259R	R259
dbsnp_benign	gnomad_9_98826929_C_T_59362219r5805	GALNT12	P240L	P240
dbsnp_benign	gnomad_9_98831947_G_A_145236923r5807	GALNT12	D303N	D303
dbsnp_benign	gnomad_2_165759508_C_T_143647583r5808	GALNT3	V301I	V301
dbsnp_benign	gnomad_9_34648421_C_T_2070075r5809	GALT	L218L	L218
dbsnp_benign	gnomad_9_34648421_C_G_2070075r5810	GALT	L218V	L218
dbsnp_benign	gnomad_9_34649445_A_G_2070074r5812	GALT	N314D	N314
dbsnp_benign	gnomad_19_1397444_G_A_17851582r5814	GAMT	T209M	T209
dbsnp_benign	gnomad_19_1397489_A_G_147739199r5816	GAMT	V194A	V194
dbsnp_benign	gnomad_19_1397489_A_C_147739199r5817	GAMT	V194G	V194
dbsnp_benign	gnomad_19_1399841_G_A_144630886r5818	GAMT	D93D	D93
dbsnp_benign	gnomad_19_1401398_A_G_200833152r5819	GAMT	Y27H	Y27
dbsnp_benign	gnomad_11_62628776_C_T_199956781r5820	GANAB	V725I	V725
dbsnp_benign	gnomad_11_62630493_C_T_150463377r5821	GANAB	V467I	V467
dbsnp_benign	gnomad_7_30598826_A_G_200294578r5822	GARS1	K85E	K85
dbsnp_benign	gnomad_7_30598875_G_A_200887429r5823	GARS1	R101H	R101
dbsnp_benign	gnomad_7_30601193_G_A_376772628r5824	GARS1	V188I	V188
dbsnp_benign	gnomad_7_30603537_G_A_373326652r5825	GARS1	E234K	E234
dbsnp_benign	gnomad_7_30609613_C_T_765478968r5826	GARS1	A255V	A255
dbsnp_benign	gnomad_7_30609613_C_A_765478968r5827	GARS1	A255E	A255
dbsnp_benign	gnomad_7_30609615_G_C_201399681r5828	GARS1	D256H	D256
dbsnp_benign	gnomad_7_30609652_C_T_2230310r5829	GARS1	T268I	T268
dbsnp_benign	gnomad_7_30615964_A_G_192443850r5831	GARS1	N367S	N367
dbsnp_benign	gnomad_7_30631490_G_A_369894731r5832	GARS1	V618I	V618
dbsnp_benign	gnomad_16_90037308_G_A_117053233r5833	GAS8	R278H	R278
dbsnp_benign	gnomad_16_90031453_G_T_884928r5835	GAS8	R82L	R82
dbsnp_benign	gnomad_16_90031453_G_A_884928r5836	GAS8	R82Q	R82
dbsnp_benign	gnomad_16_90040394_G_A_61734730r5837	GAS8	R369H	R369
dbsnp_benign	gnomad_X_48791222_C_T_372131208r5838	GATA1	P38L	P38
dbsnp_benign	gnomad_X_48791272_G_A_150572851r5839	GATA1	A55T	A55
dbsnp_benign	gnomad_3_128485888_C_T_191501191r5840	GATA2	G237D	G237
dbsnp_benign	gnomad_10_8073867_C_T_138679257r5842	GATA3	N392N	N392
dbsnp_benign	gnomad_10_8073874_G_A_200935603r5843	GATA3	A395T	A395
dbsnp_benign	gnomad_8_11756974_C_T_115372595r5844	GATA4	A346V	A346
dbsnp_benign	gnomad_8_11757001_C_G_200167770r5845	GATA4	T355S	T355
dbsnp_benign	gnomad_8_11758326_C_A_200319078r5846	GATA4	P394T	P394
dbsnp_benign	gnomad_8_11758326_C_T_200319078r5848	GATA4	P394S	P394
dbsnp_benign	gnomad_8_11758366_C_A_115099192r5849	GATA4	P407Q	P407
dbsnp_benign	gnomad_20_62475514_T_C_113068438r5851	GATA5	Q3R	Q3
dbsnp_benign	gnomad_18_22171187_G_C_116262672r5853	GATA6	G15R	G15
dbsnp_benign	gnomad_18_22171677_C_T_387906815r5855	GATA6	A178V	A178
dbsnp_benign	gnomad_18_22171995_C_G_185325359r5857	GATA6	A284G	A284
dbsnp_benign	gnomad_15_45369403_G_A_148564534r5859	GATM	T136M	T136
dbsnp_benign	gnomad_15_45369480_T_A_1288775r5861	GATM	Q110H	Q110
dbsnp_benign	gnomad_15_45369480_T_G_1288775r5862	GATM	Q110H	Q110
dbsnp_benign	gnomad_1_155236376_C_T_2230288r5863	GBA1	E365K	E365
dbsnp_benign	gnomad_9_35740618_G_A_34353044r5864	GBA2	T346M	T346
dbsnp_benign	gnomad_3_81499127_G_A_202158511r5866	GBE1	R679C	R679
dbsnp_benign	gnomad_3_81591139_A_C_36099971r5868	GBE1	S378R	S378
dbsnp_benign	gnomad_3_81642934_C_T_28763902r5869	GBE1	G280D	G280
dbsnp_benign	gnomad_3_81648907_C_T_201166587r5871	GBE1	A214T	A214
dbsnp_benign	gnomad_3_81648907_C_A_201166587r5872	GBE1	A214S	A214
dbsnp_benign	gnomad_3_81761400_G_T_35196441r5873	GBE1	P40T	P40
dbsnp_benign	gnomad_3_81761400_G_C_35196441r5875	GBE1	P40A	P40
dbsnp_benign	gnomad_14_54902596_G_A_41298432r5876	GCH1	P23L	P23
dbsnp_benign	gnomad_6_10874456_T_C_61734278r5878	GCM2	M354V	M354
dbsnp_benign	gnomad_6_10874573_T_C_114070356r5880	GCM2	N315D	N315
dbsnp_benign	gnomad_6_10874909_C_T_7744163r5882	GCM2	G203S	G203
dbsnp_benign	gnomad_6_10877315_C_G_11963184r5884	GCM2	K56N	K56
dbsnp_benign	gnomad_6_10877326_C_T_11963186r5885	GCM2	D53N	D53
dbsnp_benign	gnomad_19_18870253_G_C_370986101r5886	GDF1	L19V	L19
dbsnp_benign	gnomad_20_35434415_G_C_140895068r5887	GDF5	R334G	R334
dbsnp_benign	gnomad_20_35434415_G_A_140895068r5888	GDF5	R334W	R334
dbsnp_benign	gnomad_20_35434462_C_G_201590447r5889	GDF5	R318P	R318
dbsnp_benign	gnomad_20_35434462_C_T_201590447r5891	GDF5	R318Q	R318
dbsnp_benign	gnomad_20_35434763_T_G_116467702r5892	GDF5	R218R	R218
dbsnp_benign	gnomad_8_96145061_G_C_765928590r5893	GDF6	F290L	F290
dbsnp_benign	gnomad_8_96145061_G_A_765928590r5894	GDF6	F290F	F290
dbsnp_benign	gnomad_8_96145185_G_T_121909352r5895	GDF6	A249E	A249
dbsnp_benign	gnomad_8_96160337_T_C_140579014r5896	GDF6	Q119R	Q119
dbsnp_benign	gnomad_8_96160443_C_T_148321868r5898	GDF6	E84K	E84
dbsnp_benign	gnomad_8_96160581_C_G_139075817r5899	GDF6	G38R	G38
dbsnp_benign	gnomad_5_37815839_C_T_76466003r5900	GDNF	D150N	D150
dbsnp_benign	gnomad_2_17781831_T_G_57936182r5902	GEN1	S873R	S873
dbsnp_benign	gnomad_17_44915145_G_T_115282391r5904	GFAP	D114E	D114
dbsnp_benign	gnomad_17_44915174_G_A_139838162r5906	GFAP	R105W	R105
dbsnp_benign	gnomad_17_44915174_G_T_139838162r5908	GFAP	R105R	R105
dbsnp_benign	gnomad_17_44902715_G_A_200474997r5909	CCDC103	E209E	E209
dbsnp_benign	gnomad_1_92476100_G_A_143708376r5910	GFI1	L400F	L400
dbsnp_benign	gnomad_5_74725973_A_G_34845453r5912	GFM2	I627T	I627
dbsnp_benign	gnomad_5_74730268_C_T_143461990r5913	GFM2	R573H	R573
dbsnp_benign	gnomad_5_74738534_C_G_147925896r5914	GFM2	Q396H	Q396
dbsnp_benign	gnomad_5_74738534_C_T_147925896r5915	GFM2	Q396Q	Q396
dbsnp_benign	gnomad_17_63918770_T_C_2001345r5916	GH1	T3A	T3
dbsnp_benign	gnomad_17_63917810_C_T_5388r5918	GH1	V136I	V136
dbsnp_benign	gnomad_17_63917853_A_T_137882374r5920	GH1	S121R	S121
dbsnp_benign	gnomad_17_63917853_A_G_137882374r5921	GH1	S121S	S121
dbsnp_benign	gnomad_17_63917853_A_C_137882374r5922	GH1	S121R	S121
dbsnp_benign	gnomad_17_63918365_A_T_61735357r5923	GH1	F51Y	F51
dbsnp_benign	gnomad_17_63918401_G_A_151263636r5925	GH1	A39V	A39
dbsnp_benign	gnomad_5_42718990_C_A_6183r5927	GHR	P495T	P495
dbsnp_benign	gnomad_7_30969870_C_T_144372265r5929	GHRHR	A91V	A91
dbsnp_benign	gnomad_6_121447553_G_A_148384161r5931	GJA1	V236I	V236
dbsnp_benign	gnomad_6_121447605_C_T_17653265r5932	GJA1	A253V	A253
dbsnp_benign	gnomad_6_121447974_G_A_104893965r5934	GJA1	R376Q	R376
dbsnp_benign	gnomad_13_20142891_C_T_149933083r5935	GJA3	R133Q	R133
dbsnp_benign	gnomad_1_147908613_A_G_138140155r5937	GJA8	N220D	N220
dbsnp_benign	gnomad_1_147908696_T_G_80358202r5938	GJA8	I247M	I247
dbsnp_benign	gnomad_1_147908848_A_G_142376567r5939	GJA8	N298S	N298
dbsnp_benign	gnomad_1_147909057_G_C_587673409r5940	GJA8	E368Q	E368
dbsnp_benign	gnomad_1_147909057_G_A_587673409r5942	GJA8	E368K	E368
dbsnp_benign	gnomad_X_71223989_C_T_756000896r5943	GJB1	H94H	H94
dbsnp_benign	gnomad_X_71224214_C_T_373334326r5944	GJB1	D169D	D169
dbsnp_benign	gnomad_X_71224395_C_T_587781246r5945	GJB1	R230C	R230
dbsnp_benign	gnomad_X_71224411_T_G_104894825r5946	GJB1	F235C	F235
dbsnp_benign	gnomad_13_20189072_G_A_763068053r5948	GJB2	N170N	N170
dbsnp_benign	gnomad_13_20189170_T_C_397516876r5949	GJB2	S138G	S138
dbsnp_benign	gnomad_13_20189333_G_C_111033218r5950	GJB2	F83L	F83
dbsnp_benign	gnomad_1_34785102_G_A_199689484r5951	GJB3	A114T	A114
dbsnp_benign	gnomad_1_34785291_T_G_80297119r5952	GJB3	Y177D	Y177
dbsnp_benign	gnomad_1_34785342_G_A_117385606r5954	GJB3	A194T	A194
dbsnp_benign	gnomad_13_20222886_A_T_111033338r5956	GJB6	S199T	S199
dbsnp_benign	gnomad_13_20223005_T_C_35277762r5958	GJB6	N159S	N159
dbsnp_benign	gnomad_13_20223123_C_T_193292569r5959	GJB6	D120N	D120
dbsnp_benign	gnomad_13_20223142_A_T_143766955r5961	GJB6	N113K	N113
dbsnp_benign	gnomad_1_228157866_C_T_75469429r5962	GJC2	I36I	I36
dbsnp_benign	gnomad_1_228158705_C_T_760502262r5964	GJC2	P316L	P316
dbsnp_benign	gnomad_1_228158705_C_G_760502262r5966	GJC2	P316R	P316
dbsnp_benign	gnomad_X_101407896_A_G_150547672r5967	GLA	L3P	L3
dbsnp_benign	gnomad_X_101398432_C_A_28935490r5968	GLA	D313Y	D313
dbsnp_benign	gnomad_3_33014196_T_C_73826339r5969	GLB1	S401G	S401
dbsnp_benign	gnomad_3_33014213_C_T_147332381r5971	GLB1	G395D	G395
dbsnp_benign	gnomad_3_33018485_T_C_202237232r5972	GLB1	N306S	N306
dbsnp_benign	gnomad_3_33018489_G_A_34421970r5973	GLB1	L305F	L305
dbsnp_benign	gnomad_3_33018489_G_C_34421970r5975	GLB1	L305V	L305
dbsnp_benign	gnomad_3_33068891_G_A_35289681r5976	GLB1	R79W	R79
dbsnp_benign	gnomad_9_6589267_T_G_201890453r5978	GLDC	E503A	E503
dbsnp_benign	gnomad_9_6645278_G_A_148373517r5980	GLDC	D74D	D74
dbsnp_benign	gnomad_9_6645448_C_A_535143891r5981	GLDC	G18C	G18
dbsnp_benign	gnomad_9_128525240_C_T_749236753r5983	GLE1	R316W	R316
dbsnp_benign	gnomad_2_120955382_G_A_542892514r5984	GLI2	G199S	G199
dbsnp_benign	gnomad_2_120955394_G_A_147044066r5985	GLI2	A203T	A203
dbsnp_benign	gnomad_2_120984646_C_T_142775128r5986	GLI2	T620M	T620
dbsnp_benign	gnomad_2_120986480_G_A_149091975r5988	GLI2	R720H	R720
dbsnp_benign	gnomad_2_120988622_C_G_572826436r5990	GLI2	T903S	T903
dbsnp_benign	gnomad_2_120989263_G_T_147580961r5991	GLI2	V1117L	V1117
dbsnp_benign	gnomad_2_120989504_G_A_114823319r5992	GLI2	G1197D	G1197
dbsnp_benign	gnomad_2_120990247_C_T_146207623r5993	GLI2	L1445F	L1445
dbsnp_benign	gnomad_2_120990472_G_A_114814747r5995	GLI2	D1520N	D1520
dbsnp_benign	gnomad_2_120990542_G_A_138987487r5997	GLI2	R1543H	R1543
dbsnp_benign	gnomad_2_120990577_T_C_144372453r5998	GLI2	S1555P	S1555
dbsnp_benign	gnomad_7_41965138_A_C_199875457r6000	GLI3	M1312R	M1312
dbsnp_benign	gnomad_7_41965442_C_T_757059523r6002	GLI3	G1211R	G1211
dbsnp_benign	gnomad_7_41965865_T_A_150907867r6004	GLI3	T1070S	T1070
dbsnp_benign	gnomad_7_41966072_C_T_202182779r6005	GLI3	G1001S	G1001
dbsnp_benign	gnomad_7_41966438_C_T_137939155r6006	GLI3	A879T	A879
dbsnp_benign	gnomad_7_41967721_G_A_139672999r6008	GLI3	P769L	P769
dbsnp_benign	gnomad_7_41967848_C_T_121917710r6009	GLI3	G727R	G727
dbsnp_benign	gnomad_7_42023468_G_A_539144173r6011	GLI3	H499H	H499
dbsnp_benign	gnomad_7_42026234_C_T_201070431r6012	GLI3	V403I	V403
dbsnp_benign	gnomad_7_42148252_C_T_146458902r6013	GLI3	R114K	R114
dbsnp_benign	gnomad_7_42148382_C_T_143843875r6015	GLI3	V71I	V71
dbsnp_benign	gnomad_16_4332350_C_A_34543395r6016	GLIS2	R24R	R24
dbsnp_benign	gnomad_16_4336959_C_T_140544340r6017	GLIS2	P337L	P337
dbsnp_benign	gnomad_16_4337208_C_T_75495782r6019	GLIS2	P420L	P420
dbsnp_benign	gnomad_9_4118278_G_C_374943049r6021	GLIS3	H245Q	H245
dbsnp_benign	gnomad_9_4118388_G_A_143056249r6023	GLIS3	P209S	P209
dbsnp_benign	gnomad_9_4118393_G_T_146131512r6024	GLIS3	P207Q	P207
dbsnp_benign	gnomad_9_4118585_G_T_148572278r6026	GLIS3	S143Y	S143
dbsnp_benign	gnomad_1_92291432_C_T_144577963r6027	GLMN	D91N	D91
dbsnp_benign	gnomad_1_92297425_A_C_142032681r6029	GLMN	I48M	I48
dbsnp_benign	gnomad_5_151822682_G_A_773707878r6030	GLRA1	H455H	H455
dbsnp_benign	gnomad_5_151822809_C_T_199561280r6031	GLRA1	R413Q	R413
dbsnp_benign	gnomad_5_151822915_C_T_116474260r6032	GLRA1	G378S	G378
dbsnp_benign	gnomad_5_151859812_C_T_561848502r6034	GLRA1	R150Q	R150
dbsnp_benign	gnomad_5_151859871_G_A_112970419r6035	GLRA1	N130N	N130
dbsnp_benign	gnomad_5_151924527_C_G_74542605r6037	GLRA1	R8P	R8
dbsnp_benign	gnomad_5_151924527_C_T_74542605r6039	GLRA1	R8Q	R8
dbsnp_benign	gnomad_10_87094666_C_T_552066337r6040	GLUD1	G35E	G35
dbsnp_benign	gnomad_2_219501527_C_T_34873891r6042	GMPPA	P64S	P64
dbsnp_benign	gnomad_3_49722641_G_A_147672249r6043	GMPPB	N172N	N172
dbsnp_benign	gnomad_3_49722641_G_C_147672249r6044	GMPPB	N172K	N172
dbsnp_benign	gnomad_3_49722998_G_C_34345884r6045	GMPPB	H126D	H126
dbsnp_benign	gnomad_16_56276055_G_A_559674838r6047	GNAO1	G96S	G96
dbsnp_benign	gnomad_16_56334760_G_A_375960435r6048	GNAO1	A166T	A166
dbsnp_benign	gnomad_16_56336824_C_T_546569747r6049	GNAO1	S229S	S229
dbsnp_benign	gnomad_20_58853765_A_G_61749695r6050	GNAS	D167G	D167
dbsnp_benign	gnomad_20_58853892_G_A_74934823r6051	GNAS	K209K	K209
dbsnp_benign	gnomad_20_58854392_C_T_61749697r6053	GNAS	P376L	P376
dbsnp_benign	gnomad_20_58854641_C_G_148033592r6055	GNAS	P459R	P459
dbsnp_benign	gnomad_20_58854789_C_T_111796234r6057	GNAS	A508A	A508
dbsnp_benign	gnomad_3_50191763_G_A_201006405r6058	GNAT1	R13K	R13
dbsnp_benign	gnomad_3_50191808_G_A_149936603r6059	GNAT1	R28Q	R28
dbsnp_benign	gnomad_3_50193356_G_A_201849628r6060	GNAT1	V81I	V81
dbsnp_benign	gnomad_1_109610479_G_A_146945932r6061	GNAT2	I49I	I49
dbsnp_benign	gnomad_3_179401278_C_T_61750380r6063	GNB4	V320I	V320
dbsnp_benign	gnomad_3_179413443_G_A_144385061r6065	GNB4	T223M	T223
dbsnp_benign	gnomad_9_36227262_T_C_35638832r6066	GNE	I423V	I423
dbsnp_benign	gnomad_12_101760082_G_A_34083392r6067	GNPTAB	T1066M	T1066
dbsnp_benign	gnomad_12_101764252_A_G_139215843r6069	GNPTAB	L889L	L889
dbsnp_benign	gnomad_12_101764306_C_T_56212569r6071	GNPTAB	G871S	G871
dbsnp_benign	gnomad_12_101764986_G_A_76889468r6073	GNPTAB	T644I	T644
dbsnp_benign	gnomad_12_101765167_G_T_201829728r6075	GNPTAB	P584T	P584
dbsnp_benign	gnomad_12_101770477_T_G_7958709r6076	GNPTAB	I348L	I348
dbsnp_benign	gnomad_12_101796743_C_T_117566084r6078	GNPTAB	R46Q	R46
dbsnp_benign	gnomad_12_101790033_G_A_540190619r6079	GNPTAB	D76D	D76
dbsnp_benign	gnomad_16_1361902_C_T_145313679r6080	GNPTG	N88N	N88
dbsnp_benign	gnomad_16_1362244_T_G_147109185r6081	GNPTG	H150Q	H150
dbsnp_benign	gnomad_16_1362244_T_C_147109185r6082	GNPTG	H150H	H150
dbsnp_benign	gnomad_16_1362273_C_T_374470431r6083	GNPTG	A160V	A160
dbsnp_benign	gnomad_16_1362273_C_A_374470431r6084	GNPTG	A160E	A160
dbsnp_benign	gnomad_12_64716802_C_T_61743822r6085	GNS	R533H	R533
dbsnp_benign	gnomad_12_64729001_G_T_755021062r6087	GNS	D385E	D385
dbsnp_benign	gnomad_15_84240590_T_C_62028127r6088	GOLGA6L4	D412D	D412
dbsnp_benign	gnomad_17_46931115_C_T_755662176r6090	GOSR2	I37I	I37
dbsnp_benign	gnomad_17_46932076_C_A_199930484r6091	GOSR2	D71E	D71
dbsnp_benign	gnomad_17_46932076_C_G_199930484r6092	GOSR2	D71E	D71
dbsnp_benign	gnomad_X_133536236_G_A_375606908r6093	GPC3	P544L	P544
dbsnp_benign	gnomad_X_133596587_T_C_200265913r6094	GPC3	M476V	M476
dbsnp_benign	gnomad_X_133753519_T_C_78696048r6096	GPC3	Q332R	Q332
dbsnp_benign	gnomad_X_133753625_T_C_148951753r6097	GPC3	R297G	R297
dbsnp_benign	gnomad_X_133753638_A_G_61754633r6099	GPC3	I292I	I292
dbsnp_benign	gnomad_X_133753670_T_C_151082475r6100	GPC3	M282V	M282
dbsnp_benign	gnomad_X_133753688_C_T_141100113r6101	GPC3	G276S	G276
dbsnp_benign	gnomad_X_133753838_T_C_145141525r6102	GPC3	T226A	T226
dbsnp_benign	gnomad_X_133753866_C_G_752516966r6103	GPC3	M216I	M216
dbsnp_benign	gnomad_X_133754029_T_C_780431445r6104	GPC3	N162S	N162
dbsnp_benign	gnomad_X_133754149_G_A_779679730r6105	GPC3	A122V	A122
dbsnp_benign	gnomad_X_133754155_C_T_148021273r6106	GPC3	R120H	R120
dbsnp_benign	gnomad_X_133754156_G_A_587778392r6107	GPC3	R120C	R120
dbsnp_benign	gnomad_3_32140231_A_G_72552293r6108	GPD1L	I124V	I124
dbsnp_benign	gnomad_14_66508553_C_G_150226537r6110	GPHN	T9S	T9
dbsnp_benign	gnomad_14_66681169_G_T_117256383r6112	GPHN	V43L	V43
dbsnp_benign	gnomad_14_67143410_T_C_41285476r6114	GPHN	D566D	D566
dbsnp_benign	gnomad_14_67727014_G_A_17852293r6115	RDH12	R161Q	R161
dbsnp_benign	gnomad_19_34377871_T_C_8191371r6117	GPI	I208T	I208
dbsnp_benign	gnomad_6_24495014_G_T_569456241r6119	ALDH5A1	W6C	W6
dbsnp_benign	gnomad_7_23260029_C_T_17147995r6120	GPNMB	N197N	N197
dbsnp_benign	gnomad_X_9746132_G_A_61733440r6122	GPR143	H190H	H190
dbsnp_benign	gnomad_X_9759416_T_C_62635032r6124	GPR143	Q124R	Q124
dbsnp_benign	gnomad_1_168136258_T_A_73030230r6125	GPR161	S47C	S47
dbsnp_benign	gnomad_17_38327594_C_T_200936863r6127	GPR179	G1992D	G1992
dbsnp_benign	gnomad_17_38328006_G_C_79954845r6129	GPR179	L1855V	L1855
dbsnp_benign	gnomad_17_38328681_C_G_149998444r6131	GPR179	E1630Q	E1630
dbsnp_benign	gnomad_17_38328860_G_A_187512697r6133	GPR179	T1570M	T1570
dbsnp_benign	gnomad_17_38329263_G_A_147966258r6135	GPR179	R1436W	R1436
dbsnp_benign	gnomad_17_38329722_G_A_150125328r6136	GPR179	P1283S	P1283
dbsnp_benign	gnomad_17_38330115_A_G_149252987r6137	GPR179	S1152P	S1152
dbsnp_benign	gnomad_17_38330965_C_G_201214109r6139	GPR179	E868D	E868
dbsnp_benign	gnomad_17_38331529_G_A_111770829r6141	GPR179	D680D	D680
dbsnp_benign	gnomad_17_38343136_A_C_74871223r6143	GPR179	D218E	D218
dbsnp_benign	gnomad_17_38343716_G_T_111677298r6145	GPR179	A25D	A25
dbsnp_benign	gnomad_17_38343729_C_G_150616884r6147	GPR179	V21L	V21
dbsnp_benign	gnomad_1_108918719_C_T_35089879r6149	GPSM2	T457M	T457
dbsnp_benign	gnomad_15_32730793_C_G_111262341r6151	GREM1	P35A	P35
dbsnp_benign	gnomad_9_37429747_G_A_12002324r6153	GRHPR	R170Q	R170
dbsnp_benign	gnomad_9_37429747_G_C_12002324r6155	GRHPR	R170P	R170
dbsnp_benign	gnomad_9_37429750_G_A_200106110r6156	GRHPR	R171H	R171
dbsnp_benign	gnomad_9_37432117_C_T_202120724r6158	GRHPR	L282F	L282
dbsnp_benign	gnomad_9_37436757_C_T_142356700r6159	GRHPR	P321L	P321
dbsnp_benign	gnomad_X_123185881_T_C_145583732r6161	GRIA3	F53F	F53
dbsnp_benign	gnomad_X_123403094_G_A_138817389r6162	GRIA3	R394Q	R394
dbsnp_benign	gnomad_4_93626293_G_A_150846341r6163	GRID2	V740I	V740
dbsnp_benign	gnomad_9_137145839_C_T_199720207r6165	GRIN1	D169D	D169
dbsnp_benign	gnomad_9_137149052_C_T_201592328r6166	GRIN1	T205M	T205
dbsnp_benign	gnomad_9_137161189_C_T_200225692r6167	GRIN1	P444L	P444
dbsnp_benign	gnomad_9_137161289_C_A_587780348r6168	GRIN1	P447H	P447
dbsnp_benign	gnomad_16_9763237_T_C_77029288r6169	GRIN2A	N1436S	N1436
dbsnp_benign	gnomad_16_9763360_G_A_199696775r6171	GRIN2A	A1395V	A1395
dbsnp_benign	gnomad_16_9764076_T_A_778180100r6172	GRIN2A	E1156D	E1156
dbsnp_benign	gnomad_16_9764316_G_T_61758995r6173	GRIN2A	N1076K	N1076
dbsnp_benign	gnomad_16_9764645_C_G_61731465r6174	GRIN2A	V967L	V967
dbsnp_benign	gnomad_16_9764661_G_A_77705198r6176	GRIN2A	N961N	N961
dbsnp_benign	gnomad_16_9764784_T_C_80138441r6177	GRIN2A	R920R	R920
dbsnp_benign	gnomad_16_9764908_T_C_183029507r6178	GRIN2A	K879R	K879
dbsnp_benign	gnomad_16_9841079_C_T_145956175r6179	GRIN2A	V452M	V452
dbsnp_benign	gnomad_16_9938304_T_C_61731464r6180	GRIN2A	K221R	K221
dbsnp_benign	gnomad_16_9938544_G_A_78631453r6182	GRIN2A	T141M	T141
dbsnp_benign	gnomad_16_9938544_G_T_78631453r6183	GRIN2A	T141K	T141
dbsnp_benign	gnomad_16_9798308_G_T_748291723r6184	GRIN2A	I775I	I775
dbsnp_benign	gnomad_12_13562998_C_A_140744818r6185	GRIN2B	A1414S	A1414
dbsnp_benign	gnomad_12_13563003_G_T_1314346300r6186	GRIN2B	A1412E	A1412
dbsnp_benign	gnomad_12_13563003_G_C_1314346300r6187	GRIN2B	A1412G	A1412
dbsnp_benign	gnomad_12_13563420_G_T_531747728r6188	GRIN2B	T1273K	T1273
dbsnp_benign	gnomad_12_13563441_G_A_201947553r6189	GRIN2B	P1266L	P1266
dbsnp_benign	gnomad_12_13563442_G_A_199935748r6190	GRIN2B	P1266S	P1266
dbsnp_benign	gnomad_12_13563849_C_T_148625092r6191	GRIN2B	R1130Q	R1130
dbsnp_benign	gnomad_12_13563849_C_A_148625092r6192	GRIN2B	R1130L	R1130
dbsnp_benign	gnomad_12_13564162_C_T_201963596r6193	GRIN2B	G1026S	G1026
dbsnp_benign	gnomad_12_13753515_G_A_138098032r6194	GRIN2B	A271V	A271
dbsnp_benign	gnomad_12_13866019_C_T_150070901r6196	GRIN2B	V64M	V64
dbsnp_benign	gnomad_12_13866069_T_C_199526748r6197	GRIN2B	E47G	E47
dbsnp_benign	gnomad_12_13866148_C_T_79046967r6198	GRIN2B	V21M	V21
dbsnp_benign	gnomad_12_13866157_C_T_201094029r6199	GRIN2B	V18I	V18
dbsnp_benign	gnomad_12_13616636_A_C_199671864r6200	GRIN2B	S383A	S383
dbsnp_benign	gnomad_12_13616636_A_T_199671864r6201	GRIN2B	S383T	S383
dbsnp_benign	gnomad_12_66379295_C_T_145115262r6202	GRIP1	R869Q	R869
dbsnp_benign	gnomad_12_66420771_G_C_200955760r6203	GRIP1	P596R	P596
dbsnp_benign	gnomad_6_146399224_C_A_41305288r6204	GRM1	P729T	P729
dbsnp_benign	gnomad_6_146399690_G_A_362936r6206	GRM1	G884E	G884
dbsnp_benign	gnomad_6_146433996_G_A_2941r6208	GRM1	V929I	V929
dbsnp_benign	gnomad_6_146434372_G_A_145764886r6210	GRM1	G1054D	G1054
dbsnp_benign	gnomad_5_178986522_G_A_62638210r6211	GRM6	R578C	R578
dbsnp_benign	gnomad_5_178988982_G_A_5019554r6213	GRM6	T436I	T436
dbsnp_benign	gnomad_17_44349263_C_T_63750742r6215	GRN	D33D	D33
dbsnp_benign	gnomad_17_44349540_C_G_143560849r6216	GRN	P85A	P85
dbsnp_benign	gnomad_17_44350271_C_G_149180605r6217	GRN	F131L	F131
dbsnp_benign	gnomad_17_44350271_C_T_149180605r6218	GRN	F131F	F131
dbsnp_benign	gnomad_17_44350718_C_T_368995988r6219	GRN	P209L	P209
dbsnp_benign	gnomad_17_44351586_G_A_63750541r6220	GRN	A324T	A324
dbsnp_benign	gnomad_17_44352088_G_A_63751100r6221	GRN	R418Q	R418
dbsnp_benign	gnomad_17_44352133_G_A_114248177r6222	GRN	R433Q	R433
dbsnp_benign	gnomad_17_44352758_A_T_768223928r6224	GRN	D581V	D581
dbsnp_benign	gnomad_X_16124195_G_A_147393092r6225	GRPR	S81N	S81
dbsnp_benign	gnomad_7_24717364_G_A_183361282r6226	GSDME	T196M	T196
dbsnp_benign	gnomad_7_24719102_A_G_876306r6227	GSDME	M174T	M174
dbsnp_benign	gnomad_9_121302046_C_G_149415778r6228	GSN	F76L	F76
dbsnp_benign	gnomad_9_121302046_C_T_149415778r6229	GSN	F76F	F76
dbsnp_benign	gnomad_9_121302941_C_T_79630438r6231	GSN	A127V	A127
dbsnp_benign	gnomad_9_121318859_C_T_147583697r6233	GSN	D441D	D441
dbsnp_benign	gnomad_9_121321301_G_A_140042418r6234	GSN	V460M	V460
dbsnp_benign	gnomad_9_121321364_C_T_116185403r6235	GSN	R481C	R481
dbsnp_benign	gnomad_9_121329281_C_T_144434647r6237	GSN	T695M	T695
dbsnp_benign	gnomad_8_30684172_T_C_75673983r6238	GSR	I357V	I357
dbsnp_benign	gnomad_20_34932027_G_A_75863437r6240	GSS	P314L	P314
dbsnp_benign	gnomad_19_17341244_C_G_149578279r6241	GTPBP3	P392R	P392
dbsnp_benign	gnomad_6_42173622_C_T_116114043r6242	GUCA1A	N3N	N3
dbsnp_benign	gnomad_6_42179364_C_T_34925828r6244	GUCA1A	D189D	D189
dbsnp_benign	gnomad_6_42188686_C_T_137853903r6246	GUCA1B	V85M	V85
dbsnp_benign	gnomad_12_14676909_G_A_148946391r6248	GUCY2C	T298M	T298
dbsnp_benign	gnomad_17_8012594_C_T_34598902r6249	GUCY2D	P701S	P701
dbsnp_benign	gnomad_19_48970606_G_T_146698792r6251	GYS1	I583I	I583
dbsnp_benign	gnomad_19_48970606_G_A_146698792r6252	GYS1	I583I	I583
dbsnp_benign	gnomad_19_48970606_G_C_146698792r6253	GYS1	I583M	I583
dbsnp_benign	gnomad_19_48970958_C_T_561646250r6254	GYS1	E539K	E539
dbsnp_benign	gnomad_19_48970958_C_G_561646250r6256	GYS1	E539Q	E539
dbsnp_benign	gnomad_12_21559148_G_A_139882761r6257	GYS2	N417N	N417
dbsnp_benign	gnomad_12_21580365_C_T_34225615r6258	GYS2	A94T	A94
dbsnp_benign	gnomad_12_21537061_C_T_142656537r6260	GYS2	D669N	D669
dbsnp_benign	gnomad_10_113580684_C_T_140350069r6262	HABP2	S277L	S277
dbsnp_benign	gnomad_10_113581984_G_A_138864377r6263	HABP2	G316E	G316
dbsnp_benign	gnomad_10_113588287_G_A_7080536r6264	HABP2	G534E	G534
dbsnp_benign	gnomad_4_108014444_T_G_61735992r6266	HADH	F92C	F92
dbsnp_benign	gnomad_2_26209793_G_T_2229420r6268	HADHA	Q358K	Q358
dbsnp_benign	gnomad_2_26192329_G_A_142348718r6270	HADHA	L661L	L661
dbsnp_benign	gnomad_16_725161_G_A_200531006r6271	N/A	NAN/ANA	NAN/A
dbsnp_benign	gnomad_16_725239_C_T_200747487r6272	CCDC78	G164S	G164
dbsnp_benign	gnomad_19_35284999_G_A_104894696r6273	HAMP	G71D	G71
dbsnp_benign	gnomad_5_154477762_C_A_201302313r6274	HAND1	G83W	G83
dbsnp_benign	gnomad_5_140677037_G_T_146835587r6275	HARS1	D301E	D301
dbsnp_benign	gnomad_5_140677037_G_A_146835587r6276	HARS1	D301D	D301
dbsnp_benign	gnomad_5_140674692_G_A_147372931r6277	HARS1	T482M	T482
dbsnp_benign	gnomad_5_140674692_G_C_147372931r6278	HARS1	T482R	T482
dbsnp_benign	gnomad_5_140675067_G_C_34790864r6280	HARS1	L421V	L421
dbsnp_benign	gnomad_5_140697314_G_C_61736946r6282	HARS2	G369R	G369
dbsnp_benign	gnomad_11_5225610_G_A_36020563r6283	HBB	H144H	H144
dbsnp_benign	gnomad_11_5225632_C_T_33949486r6285	HBB	G137D	G137
dbsnp_benign	gnomad_11_5225679_T_G_34726542r6286	HBB	K121N	K121
dbsnp_benign	gnomad_11_5226630_T_G_35553496r6287	HBB	T88P	T88
dbsnp_benign	gnomad_11_5226722_C_T_34439278r6288	HBB	G57D	G57
dbsnp_benign	gnomad_11_5227002_T_A_334r6289	HBB	E7V	E7
dbsnp_benign	gnomad_11_5227002_T_G_334r6290	HBB	E7A	E7
dbsnp_benign	gnomad_X_153951692_T_C_782384589r6292	HCFC1	N1759S	N1759
dbsnp_benign	gnomad_X_153952760_C_T_368279501r6293	HCFC1	V1566M	V1566
dbsnp_benign	gnomad_X_153953662_G_A_199798029r6294	HCFC1	T1481M	T1481
dbsnp_benign	gnomad_X_153954605_G_A_189548179r6296	HCFC1	S1265L	S1265
dbsnp_benign	gnomad_X_153954642_G_A_199554411r6298	HCFC1	R1253C	R1253
dbsnp_benign	gnomad_X_153955109_T_G_201404751r6299	HCFC1	N1097T	N1097
dbsnp_benign	gnomad_X_153955425_C_T_200997332r6300	HCFC1	A992T	A992
dbsnp_benign	gnomad_X_153956670_C_T_190023981r6301	HCFC1	A864T	A864
dbsnp_benign	gnomad_X_153964247_G_A_183246703r6302	HCFC1	T127M	T127
dbsnp_benign	gnomad_5_45261959_G_A_761866949r6303	HCN1	P879S	P879
dbsnp_benign	gnomad_5_45261959_G_T_761866949r6304	HCN1	P879T	P879
dbsnp_benign	gnomad_5_45262367_G_C_560701504r6305	HCN1	P743A	P743
dbsnp_benign	gnomad_5_45695835_G_A_370113959r6306	HCN1	P87S	P87
dbsnp_benign	gnomad_5_45695835_G_T_370113959r6307	HCN1	P87T	P87
dbsnp_benign	gnomad_5_45695935_G_C_10066808r6308	HCN1	H53Q	H53
dbsnp_benign	gnomad_5_45695935_G_A_10066808r6309	HCN1	H53H	H53
dbsnp_benign	gnomad_5_45695954_C_A_544994462r6310	HCN1	G47V	G47
dbsnp_benign	gnomad_5_45695970_G_A_56164833r6311	HCN1	P42S	P42
dbsnp_benign	gnomad_15_73322506_C_T_147181577r6312	HCN4	R1196H	R1196
dbsnp_benign	gnomad_15_73322516_C_G_200507617r6314	HCN4	E1193Q	E1193
dbsnp_benign	gnomad_15_73322743_G_A_140402087r6315	HCN4	P1117L	P1117
dbsnp_benign	gnomad_15_73323083_G_A_201418838r6317	HCN4	P1004S	P1004
dbsnp_benign	gnomad_15_73323248_G_A_755614529r6318	HCN4	R949W	R949
dbsnp_benign	gnomad_15_73323392_C_T_201742383r6320	HCN4	A901T	A901
dbsnp_benign	gnomad_15_73323392_C_G_201742383r6321	HCN4	A901P	A901
dbsnp_benign	gnomad_15_73323436_G_A_200575377r6322	HCN4	A886V	A886
dbsnp_benign	gnomad_15_73323818_C_T_62641689r6324	HCN4	V759I	V759
dbsnp_benign	gnomad_15_73325332_C_G_138714806r6326	HCN4	S568T	S568
dbsnp_benign	gnomad_15_73343504_C_T_151004999r6327	HCN4	D364N	D364
dbsnp_benign	gnomad_15_73343504_C_G_151004999r6328	HCN4	D364H	D364
dbsnp_benign	gnomad_15_73367687_G_A_201375192r6329	HCN4	A195V	A195
dbsnp_benign	gnomad_15_73368164_C_T_143090627r6330	HCN4	G36E	G36
dbsnp_benign	gnomad_2_239090026_C_T_61754648r6332	HDAC4	A786T	A786
dbsnp_benign	gnomad_X_48823185_T_C_143030911r6333	HDAC6	I929T	I929
dbsnp_benign	gnomad_X_72572742_G_C_147689487r6334	HDAC8	P7R	P7
dbsnp_benign	gnomad_X_72572742_G_T_147689487r6335	HDAC8	P7Q	P7
dbsnp_benign	gnomad_2_196329613_T_C_114024560r6336	HECW2	N178S	N178
dbsnp_benign	gnomad_10_94562691_G_A_148139900r6337	HELLS	G112S	G112
dbsnp_benign	gnomad_15_28257189_T_C_150930758r6338	HERC2	M797V	M797
dbsnp_benign	gnomad_3_57198476_T_C_9878928r6340	HESX1	N125S	N125
dbsnp_benign	gnomad_3_57199829_G_A_115448575r6342	HESX1	D30D	D30
dbsnp_benign	gnomad_15_72356650_C_T_186468379r6343	HEXA	G85D	G85
dbsnp_benign	gnomad_5_74721131_G_A_121907984r6344	HEXB	A543T	A543
dbsnp_benign	gnomad_3_120650848_A_G_149165166r6345	HGD	C120C	C120
dbsnp_benign	gnomad_3_120650848_A_C_149165166r6346	HGD	C120W	C120
dbsnp_benign	gnomad_7_81729735_C_T_5745687r6347	HGF	E304K	E304
dbsnp_benign	gnomad_7_81758726_T_C_5745635r6349	HGF	E111E	E111
dbsnp_benign	gnomad_8_43197696_A_C_73569592r6351	HGSNAT	K240Q	K240
dbsnp_benign	gnomad_8_43197919_G_C_148632988r6353	HGSNAT	G282R	G282
dbsnp_benign	gnomad_8_43199504_G_A_112029032r6355	HGSNAT	A332T	A332
dbsnp_benign	gnomad_5_131159498_G_A_139624223r6357	HINT1	H110H	H110
dbsnp_benign	gnomad_6_142771534_C_A_534200523r6358	HIVEP2	V1069L	V1069
dbsnp_benign	gnomad_1_146018429_G_C_7540883r6360	HJV	A310G	A310
dbsnp_benign	gnomad_21_36756630_C_T_150665851r6361	HLCS	V641M	V641
dbsnp_benign	gnomad_21_36936972_G_A_112176097r6363	HLCS	T158M	T158
dbsnp_benign	gnomad_21_36937159_C_T_61732502r6365	HLCS	V96I	V96
dbsnp_benign	gnomad_21_36937319_C_A_61732504r6367	HLCS	E42D	E42
dbsnp_benign	gnomad_11_119088681_C_T_138776835r6369	HMBS	S45L	S45
dbsnp_benign	gnomad_11_119093272_G_A_144949995r6370	HMBS	D359N	D359
dbsnp_benign	gnomad_1_185965867_G_A_34692227r6371	HMCN1	E722K	E722
dbsnp_benign	gnomad_1_185995004_C_T_146418772r6373	HMCN1	T1232M	T1232
dbsnp_benign	gnomad_1_186007238_A_G_41317471r6375	HMCN1	N1529S	N1529
dbsnp_benign	gnomad_1_186016118_A_T_141581919r6377	HMCN1	I1690I	I1690
dbsnp_benign	gnomad_1_186016118_A_G_141581919r6379	HMCN1	I1690M	I1690
dbsnp_benign	gnomad_1_186038858_C_T_140559544r6380	HMCN1	L1961F	L1961
dbsnp_benign	gnomad_1_186038899_G_C_147974906r6382	HMCN1	Q1974H	Q1974
dbsnp_benign	gnomad_1_186082892_G_A_74967568r6384	HMCN1	G2939S	G2939
dbsnp_benign	gnomad_1_186117578_A_G_114270813r6386	HMCN1	I3935V	I3935
dbsnp_benign	gnomad_1_186125640_C_T_147851396r6388	HMCN1	T4179M	T4179
dbsnp_benign	gnomad_1_186145459_G_A_147296385r6389	HMCN1	G4775R	G4775
dbsnp_benign	gnomad_1_186152863_A_T_114364265r6390	HMCN1	T5004S	T5004
dbsnp_benign	gnomad_1_186152864_C_T_114629728r6392	HMCN1	T5004I	T5004
dbsnp_benign	gnomad_1_23814244_T_C_192833530r6393	HMGCL	Q148R	Q148
dbsnp_benign	gnomad_1_119755490_G_C_151328418r6395	HMGCS2	S375C	S375
dbsnp_benign	gnomad_12_120978993_C_T_202180554r6398	HNF1A	D75D	D75
dbsnp_benign	gnomad_12_120994321_C_G_151256267r6399	HNF1A	P291A	P291
dbsnp_benign	gnomad_12_120994321_C_T_151256267r6400	HNF1A	P291S	P291
dbsnp_benign	gnomad_12_120997610_C_T_147366495r6401	HNF1A	S482S	S482
dbsnp_benign	gnomad_12_120999581_C_A_141304623r6402	HNF1A	S581R	S581
dbsnp_benign	gnomad_17_37687350_C_T_200421746r6403	HNF1B	R435H	R435
dbsnp_benign	gnomad_17_37733706_A_G_779375959r6404	HNF1B	D220D	D220
dbsnp_benign	gnomad_17_37744812_C_A_139107479r6405	HNF1B	V25L	V25
dbsnp_benign	gnomad_20_44413724_C_T_1800961r6407	HNF4A	T139I	T139
dbsnp_benign	gnomad_20_44414519_G_A_142204928r6409	HNF4A	V169I	V169
dbsnp_benign	gnomad_20_44429549_C_T_150776703r6410	HNF4A	P437S	P437
dbsnp_benign	gnomad_1_244858186_G_T_373039242r6413	HNRNPU	A440D	A440
dbsnp_benign	gnomad_1_244858751_T_G_767181341r6414	HNRNPU	N403T	N403
dbsnp_benign	gnomad_1_244863801_C_T_139561508r6415	HNRNPU	Q169Q	Q169
dbsnp_benign	gnomad_10_97598847_G_A_754634699r6416	HOGA1	R95H	R95
dbsnp_benign	gnomad_7_27095347_T_G_17500494r6417	HOXA1	E189A	E189
dbsnp_benign	gnomad_7_27095477_G_T_45571645r6418	HOXA1	H146N	H146
dbsnp_benign	gnomad_17_48728027_G_A_143945091r6420	HOXB13	N189N	N189
dbsnp_benign	gnomad_12_121839998_G_C_137852868r6421	HPD	I296M	I296
dbsnp_benign	gnomad_12_121849706_C_T_74820788r6423	HPD	D128N	D128
dbsnp_benign	gnomad_12_121849707_C_T_149081239r6425	HPD	M127I	M127
dbsnp_benign	gnomad_10_98427250_G_C_201808262r6426	HPS1	L318V	L318
dbsnp_benign	gnomad_10_98429811_C_T_11592273r6428	HPS1	G283R	G283
dbsnp_benign	gnomad_10_98429811_C_A_11592273r6429	HPS1	G283W	G283
dbsnp_benign	gnomad_10_98430661_G_A_539822608r6431	HPS1	A226A	A226
dbsnp_benign	gnomad_10_98434012_G_A_142893758r6432	HPS1	R160W	R160
dbsnp_benign	gnomad_10_98443161_C_T_116143727r6433	HPS1	R27Q	R27
dbsnp_benign	gnomad_10_98443214_C_G_7914192r6434	HPS1	E9D	E9
dbsnp_benign	gnomad_10_98431242_G_A_1801286r6436	HPS1	A186V	A186
dbsnp_benign	gnomad_3_149129881_A_G_199663930r6438	HPS3	Q53R	Q53
dbsnp_benign	gnomad_22_26453281_G_A_138189133r6440	HPS4	S693S	S693
dbsnp_benign	gnomad_22_26465548_G_A_77597168r6442	HPS4	A237V	A237
dbsnp_benign	gnomad_22_26466236_C_T_3747132r6443	HPS4	P232P	P232
dbsnp_benign	gnomad_11_18282050_G_A_75482179r6445	HPS5	R1077W	R1077
dbsnp_benign	gnomad_11_18291982_C_T_143204089r6447	HPS5	E634K	E634
dbsnp_benign	gnomad_11_18296807_C_T_143784823r6449	HPS5	G501R	G501
dbsnp_benign	gnomad_10_102066106_G_C_200584437r6451	HPS6	G211A	G211
dbsnp_benign	gnomad_8_22116337_G_C_201030061r6453	HR	P1157R	P1157
dbsnp_benign	gnomad_8_22123705_C_T_117197822r6455	HR	R620Q	R620
dbsnp_benign	gnomad_8_22125334_G_A_76294724r6457	HR	A576V	A576
dbsnp_benign	gnomad_11_532686_G_A_397517144r6458	HRAS	P174S	P174
dbsnp_benign	gnomad_11_533525_T_C_397517140r6460	HRAS	E126E	E126
dbsnp_benign	gnomad_11_533534_G_A_200945755r6461	HRAS	R123R	R123
dbsnp_benign	gnomad_11_533540_A_G_146440188r6462	HRAS	A121A	A121
dbsnp_benign	gnomad_2_128268277_C_G_61732021r6463	HS6ST1	S374T	S374
dbsnp_benign	gnomad_2_128268277_C_T_61732021r6464	HS6ST1	S374N	S374
dbsnp_benign	gnomad_2_128268653_G_T_3958533r6465	HS6ST1	R249S	R249
dbsnp_benign	gnomad_9_96235528_C_T_2066479r6467	HSD17B3	G289S	G289
dbsnp_benign	gnomad_5_119496549_C_G_1143650r6469	HSD17B4	T292S	T292
dbsnp_benign	gnomad_5_119515014_G_A_28943591r6471	HSD17B4	A491T	A491
dbsnp_benign	gnomad_5_119525278_T_A_184492796r6473	HSD17B4	S522R	S522
dbsnp_benign	gnomad_7_76302721_G_A_77586767r6474	HSPB1	E3E	E3
dbsnp_benign	gnomad_7_76302890_C_T_61751217r6476	HSPB1	P60S	P60
dbsnp_benign	gnomad_12_119179545_G_T_55826713r6477	HSPB8	R78M	R78
dbsnp_benign	gnomad_12_119193766_G_A_148514935r6478	HSPB8	E167K	E167
dbsnp_benign	gnomad_1_21829548_C_T_116630187r6480	HSPG2	A3943T	A3943
dbsnp_benign	gnomad_1_21831710_C_T_114223739r6482	HSPG2	S3765N	S3765
dbsnp_benign	gnomad_1_21833291_G_A_149159881r6484	HSPG2	T3691I	T3691
dbsnp_benign	gnomad_1_21834697_C_T_115616224r6485	HSPG2	V3568I	V3568
dbsnp_benign	gnomad_1_21834811_G_A_2270699r6487	HSPG2	R3530W	R3530
dbsnp_benign	gnomad_1_21834901_C_T_143543800r6488	HSPG2	V3500M	V3500
dbsnp_benign	gnomad_1_21836877_C_T_142939330r6490	HSPG2	R3427Q	R3427
dbsnp_benign	gnomad_1_21836909_G_A_41310390r6492	HSPG2	S3416S	S3416
dbsnp_benign	gnomad_1_21846242_C_T_146305109r6494	HSPG2	R2777Q	R2777
dbsnp_benign	gnomad_1_21847474_G_A_142458572r6496	HSPG2	R2682W	R2682
dbsnp_benign	gnomad_1_21848946_G_A_62642518r6498	HSPG2	T2511I	T2511
dbsnp_benign	gnomad_1_21859857_G_A_138980184r6500	HSPG2	S1720S	S1720
dbsnp_benign	gnomad_1_21873961_G_T_113652076r6502	HSPG2	A1236E	A1236
dbsnp_benign	gnomad_1_21875639_C_T_2501264r6504	HSPG2	A1098T	A1098
dbsnp_benign	gnomad_1_21875639_C_A_2501264r6505	HSPG2	A1098S	A1098
dbsnp_benign	gnomad_1_21875662_C_T_78889849r6507	HSPG2	R1090Q	R1090
dbsnp_benign	gnomad_1_21875990_G_A_62642528r6509	HSPG2	P1019L	P1019
dbsnp_benign	gnomad_1_21879003_G_A_141901178r6511	HSPG2	A821V	A821
dbsnp_benign	gnomad_1_21884633_C_T_139719757r6513	HSPG2	A517T	A517
dbsnp_benign	gnomad_1_21885448_G_T_75467696r6514	HSPG2	T361N	T361
dbsnp_benign	gnomad_10_122461711_C_T_369149111r6516	HTRA1	A20V	A20
dbsnp_benign	gnomad_X_53549197_T_C_201752906r6518	HUWE1	N3266S	N3266
dbsnp_benign	gnomad_X_53600199_T_C_145758265r6519	HUWE1	T1028A	T1028
dbsnp_benign	gnomad_3_50302191_C_T_116482870r6520	HYAL1	G256R	G256
dbsnp_benign	gnomad_1_228175422_T_C_61745091r6522	IBA57	I327T	I327
dbsnp_benign	gnomad_15_90084321_G_A_118053940r6523	IDH2	T435M	T435
dbsnp_benign	gnomad_15_90087472_C_T_118101777r6525	IDH2	R261H	R261
dbsnp_benign	gnomad_20_2658516_T_C_8296r6527	IDH3B	N386S	N386
dbsnp_benign	gnomad_X_149486946_C_T_376725292r6529	IDS	A387T	A387
dbsnp_benign	gnomad_X_149490363_G_A_782488487r6530	IDS	D319D	D319
dbsnp_benign	gnomad_X_149490363_G_T_782488487r6531	IDS	D319E	D319
dbsnp_benign	gnomad_X_149490383_G_A_201048643r6532	IDS	R313C	R313
dbsnp_benign	gnomad_X_149490436_T_C_113993953r6534	IDS	K295R	K295
dbsnp_benign	gnomad_X_149490439_C_T_782445506r6535	IDS	R294Q	R294
dbsnp_benign	gnomad_X_149496374_G_A_782286857r6536	IDS	P284L	P284
dbsnp_benign	gnomad_X_149496444_G_C_141720810r6537	IDS	P261A	P261
dbsnp_benign	gnomad_X_149496471_C_T_146458524r6538	IDS	D252N	D252
dbsnp_benign	gnomad_X_149496498_G_A_143474305r6539	IDS	P243S	P243
dbsnp_benign	gnomad_X_149498148_C_T_200784263r6540	IDS	V223I	V223
dbsnp_benign	gnomad_X_149500991_A_T_149210251r6541	IDS	F155L	F155
dbsnp_benign	gnomad_X_149501011_A_C_146846763r6543	IDS	S149A	S149
dbsnp_benign	gnomad_X_149504163_A_G_782290556r6544	IDS	F78F	F78
dbsnp_benign	gnomad_X_149504271_G_A_146963087r6545	IDS	I42I	I42
dbsnp_benign	gnomad_X_149504271_G_C_146963087r6546	IDS	I42M	I42
dbsnp_benign	gnomad_X_149505097_C_T_373389352r6547	IDS	G14D	G14
dbsnp_benign	gnomad_4_1000658_G_A_148946496r6548	IDUA	G116R	G116
dbsnp_benign	gnomad_4_1001798_C_T_74385837r6550	IDUA	L237F	L237
dbsnp_benign	gnomad_4_1002154_T_A_76722191r6552	IDUA	V322E	V322
dbsnp_benign	gnomad_4_1003402_C_G_199722340r6554	IDUA	P528A	P528
dbsnp_benign	gnomad_4_987885_G_A_58037052r6556	IDUA	A79T	A79
dbsnp_benign	gnomad_4_988937_C_T_142262555r6558	SLC26A1	G668R	G668
dbsnp_benign	gnomad_4_989896_A_G_148386572r6560	SLC26A1	L348P	L348
dbsnp_benign	gnomad_2_162268127_T_C_35667974r6561	IFIH1	I923V	I923
dbsnp_benign	gnomad_2_162276886_G_A_72650663r6562	IFIH1	T702I	T702
dbsnp_benign	gnomad_2_162276922_A_G_189782013r6564	IFIH1	L690P	L690
dbsnp_benign	gnomad_2_162277580_C_A_35744605r6565	IFIH1	E627NA	E627
dbsnp_benign	gnomad_2_162288184_T_C_72650664r6567	IFIH1	K349R	K349
dbsnp_benign	gnomad_11_299457_C_A_568880098r6569	IFITM5	A12S	A12
dbsnp_benign	gnomad_6_137198497_T_G_17175350r6570	IFNGR1	H335P	H335
dbsnp_benign	gnomad_6_137204340_C_T_137854904r6572	IFNGR1	G180R	G180
dbsnp_benign	gnomad_6_137206982_C_T_17175322r6574	IFNGR1	V61I	V61
dbsnp_benign	gnomad_21_33426937_A_C_121913208r6575	IFNGR2	I156L	I156
dbsnp_benign	gnomad_21_33427015_A_G_17878711r6577	IFNGR2	K182E	K182
dbsnp_benign	gnomad_3_129461276_A_G_138793724r6579	IFT122	Q107Q	Q107
dbsnp_benign	gnomad_3_129476323_G_T_117517364r6581	IFT122	K275N	K275
dbsnp_benign	gnomad_3_129476757_G_A_150550701r6583	IFT122	S368N	S368
dbsnp_benign	gnomad_3_129488348_A_C_144397126r6585	IFT122	E648A	E648
dbsnp_benign	gnomad_3_129495459_G_A_61740161r6587	IFT122	R687Q	R687
dbsnp_benign	gnomad_3_129515578_A_G_143490747r6589	IFT122	I1082V	I1082
dbsnp_benign	gnomad_16_1511014_C_T_34813273r6590	IFT140	R1440H	R1440
dbsnp_benign	gnomad_16_1526072_G_A_576060920r6591	IFT140	D861D	D861
dbsnp_benign	gnomad_16_1566231_C_T_35301526r6592	IFT140	V611I	V611
dbsnp_benign	gnomad_16_1584384_C_T_34762152r6595	IFT140	V398I	V398
dbsnp_benign	gnomad_16_1587999_C_G_4786350r6597	IFT140	R279P	R279
dbsnp_benign	gnomad_2_27454083_C_G_7580439r6599	IFT172	V1204L	V1204
dbsnp_benign	gnomad_2_27454631_C_A_148624326r6600	IFT172	R1134L	R1134
dbsnp_benign	gnomad_2_27459800_C_A_149748534r6602	IFT172	V851L	V851
dbsnp_benign	gnomad_2_27445431_C_T_149117098r6603	IFT172	V1645I	V1645
dbsnp_benign	gnomad_3_160282495_T_C_554335278r6604	IFT80	E500G	E500
dbsnp_benign	gnomad_3_160319780_T_C_146065418r6605	IFT80	T313A	T313
dbsnp_benign	gnomad_12_110136793_A_C_146627387r6606	IFT81	Q238H	Q238
dbsnp_benign	gnomad_X_70134651_G_A_143163513r6607	IGBP1	R106Q	R106
dbsnp_benign	gnomad_X_70146758_T_C_61755732r6609	IGBP1	I203T	I203
dbsnp_benign	gnomad_15_98924602_C_T_56400113r6611	IGF1R	N900N	N900
dbsnp_benign	gnomad_11_68906133_C_G_117061430r6613	IGHMBP2	Q51E	Q51
dbsnp_benign	gnomad_11_68906205_G_A_2228206r6614	IGHMBP2	A75T	A75
dbsnp_benign	gnomad_11_68908232_C_T_181657861r6615	IGHMBP2	T115M	T115
dbsnp_benign	gnomad_11_68929315_C_T_35193202r6617	IGHMBP2	A398V	A398
dbsnp_benign	gnomad_11_68933357_G_A_116012780r6618	IGHMBP2	A432T	A432
dbsnp_benign	gnomad_11_68936775_C_T_149185954r6620	IGHMBP2	H765H	H765
dbsnp_benign	gnomad_11_68936775_C_G_149185954r6621	IGHMBP2	H765Q	H765
dbsnp_benign	gnomad_11_68939621_A_G_141873613r6623	IGHMBP2	N958D	N958
dbsnp_benign	gnomad_X_131278044_C_G_146715796r6624	IGSF1	G711A	G711
dbsnp_benign	gnomad_X_131285348_C_G_201255931r6626	IGSF1	E166D	E166
dbsnp_benign	gnomad_8_42320833_G_T_143855451r6627	IKBKB	T559T	T559
dbsnp_benign	gnomad_8_42321909_A_C_151057347r6628	IKBKB	R568R	R568
dbsnp_benign	gnomad_8_42326011_G_A_78448523r6630	IKBKB	M676I	M676
dbsnp_benign	gnomad_11_117988389_G_T_150140303r6632	IL10RA	E25D	E25
dbsnp_benign	gnomad_11_117988450_A_G_112317511r6633	IL10RA	T46A	T46
dbsnp_benign	gnomad_11_117999163_C_T_2229114r6635	IL10RA	S420L	S420
dbsnp_benign	gnomad_19_18072285_C_T_117511121r6637	IL12RB1	R283Q	R283
dbsnp_benign	gnomad_19_18075808_T_C_11575934r6639	IL12RB1	Q214R	Q214
dbsnp_benign	gnomad_19_18077598_C_T_11575926r6641	IL12RB1	R156H	R156
dbsnp_benign	gnomad_22_17103564_G_A_141467790r6643	IL17RA	R278H	R278
dbsnp_benign	gnomad_22_17109038_G_A_28376631r6645	IL17RA	E607K	E607
dbsnp_benign	gnomad_3_9924243_G_C_115505677r6647	IL17RC	Q329H	Q329
dbsnp_benign	gnomad_3_9928347_A_C_279549r6649	IL17RC	Q378P	Q378
dbsnp_benign	gnomad_X_29917469_T_G_150439009r6650	IL1RAPL1	S262A	S262
dbsnp_benign	gnomad_2_113131076_T_C_140088036r6651	IL1RN	H79H	H79
dbsnp_benign	gnomad_16_27446045_G_A_52822694r6652	IL21R	R275Q	R275
dbsnp_benign	gnomad_X_71110633_C_T_17875899r6654	IL2RG	E109K	E109
dbsnp_benign	gnomad_5_35876337_A_G_115316501r6656	IL7R	T411A	T411
dbsnp_benign	gnomad_3_121993444_G_T_35597690r6657	ILDR1	S435R	S435
dbsnp_benign	gnomad_7_128394482_G_A_201803921r6659	IMPDH1	I523I	I523
dbsnp_benign	gnomad_3_101229574_G_A_111784356r6661	IMPG2	P1147S	P1147
dbsnp_benign	gnomad_3_101244423_A_G_35648234r6663	IMPG2	D636D	D636
dbsnp_benign	gnomad_14_104701402_G_A_201383094r6665	INF2	A13T	A13
dbsnp_benign	gnomad_14_104707316_C_T_146529868r6666	INF2	P350L	P350
dbsnp_benign	gnomad_14_104707411_A_G_201077878r6668	INF2	S382G	S382
dbsnp_benign	gnomad_14_104707627_C_T_545495465r6669	INF2	L454F	L454
dbsnp_benign	gnomad_14_104707639_C_T_760986113r6670	INF2	P458S	P458
dbsnp_benign	gnomad_14_104707715_C_T_753188664r6672	INF2	S483F	S483
dbsnp_benign	gnomad_14_104707766_C_T_561201601r6673	INF2	P500L	P500
dbsnp_benign	gnomad_14_104709309_C_T_138577569r6674	INF2	R660W	R660
dbsnp_benign	gnomad_14_104712452_C_T_201534539r6675	INF2	R837C	R837
dbsnp_benign	gnomad_14_104714296_G_A_200369827r6676	INF2	R1045Q	R1045
dbsnp_benign	gnomad_14_104714383_G_A_201445955r6678	INF2	R1074K	R1074
dbsnp_benign	gnomad_14_104714725_C_T_201715539r6679	INF2	S1188F	S1188
dbsnp_benign	gnomad_14_104718809_C_T_199912466r6680	INF2	P1237S	P1237
dbsnp_benign	gnomad_2_219575194_G_A_12720062r6681	INHA	A257T	A257
dbsnp_benign	gnomad_2_219570382_C_T_200780633r6683	OBSL1	R284H	R284
dbsnp_benign	gnomad_9_136429735_C_T_148539728r6685	INPP5E	E625E	E625
dbsnp_benign	gnomad_9_136438817_G_C_36064831r6686	INPP5E	I201M	I201
dbsnp_benign	gnomad_9_136438848_G_C_61734181r6688	INPP5E	P191R	P191
dbsnp_benign	gnomad_11_2160842_C_T_765512575r6689	INS	G44R	G44
dbsnp_benign	gnomad_11_2160905_C_T_13306444r6690	INS	A23T	A23
dbsnp_benign	gnomad_19_7125507_C_T_1799816r6691	INSR	V1012M	V1012
dbsnp_benign	gnomad_19_7126626_G_T_150114699r6693	INSR	L991I	L991
dbsnp_benign	gnomad_19_7142970_C_G_78433961r6694	INSR	R796S	R796
dbsnp_benign	gnomad_1_156860950_C_T_201472270r6695	NTRK1	R6W	R6
dbsnp_benign	gnomad_9_100240169_C_T_2491097r6697	INVS	S242L	S242
dbsnp_benign	gnomad_9_100240184_A_G_41312220r6699	INVS	N247S	N247
dbsnp_benign	gnomad_9_100246622_G_A_116438342r6700	INVS	V305I	V305
dbsnp_benign	gnomad_9_100292373_A_G_116222916r6702	INVS	R706G	R706
dbsnp_benign	gnomad_9_100296933_C_T_139768159r6704	INVS	H935Y	H935
dbsnp_benign	gnomad_3_121772575_T_A_139468837r6705	IQCB1	N517Y	N517
dbsnp_benign	gnomad_X_53234664_C_T_957057964r6706	IQSEC2	R1341K	R1341
dbsnp_benign	gnomad_X_53235145_G_A_782101524r6707	IQSEC2	P1181S	P1181
dbsnp_benign	gnomad_X_53236409_G_A_782697291r6708	IQSEC2	R1122C	R1122
dbsnp_benign	gnomad_X_53236417_G_A_782558010r6709	IQSEC2	T1119M	T1119
dbsnp_benign	gnomad_X_53243390_T_C_781808414r6710	IQSEC2	N944S	N944
dbsnp_benign	gnomad_X_53243405_C_T_782727618r6711	IQSEC2	R939H	R939
dbsnp_benign	gnomad_X_53250928_G_C_782469479r6712	IQSEC2	P550A	P550
dbsnp_benign	gnomad_X_53250951_C_A_782420335r6713	IQSEC2	R542L	R542
dbsnp_benign	gnomad_X_53250951_C_T_782420335r6714	IQSEC2	R542Q	R542
dbsnp_benign	gnomad_X_53250984_C_G_149027201r6715	IQSEC2	R531P	R531
dbsnp_benign	gnomad_X_53320546_C_G_782357394r6716	IQSEC2	G193A	G193
dbsnp_benign	gnomad_X_53320781_C_A_781984542r6717	IQSEC2	G115C	G115
dbsnp_benign	gnomad_X_53320936_T_C_782051125r6718	IQSEC2	E63G	E63
dbsnp_benign	gnomad_1_1014217_C_T_61766284r6719	ISG15	D79D	D79
dbsnp_benign	gnomad_5_53042153_G_A_143262642r6721	ITGA2	R76Q	R76
dbsnp_benign	gnomad_5_53062921_A_C_199808499r6722	ITGA2	I532L	I532
dbsnp_benign	gnomad_5_53075259_A_G_2287870r6724	ITGA2	N927S	N927
dbsnp_benign	gnomad_5_53083349_A_T_150997093r6726	ITGA2	T1052S	T1052
dbsnp_benign	gnomad_17_44375704_G_T_149468422r6728	ITGA2B	L872M	L872
dbsnp_benign	gnomad_2_172491072_G_A_61737182r6730	ITGA6	D949N	D949
dbsnp_benign	gnomad_12_55692951_G_A_140030984r6732	ITGA7	R957W	R957
dbsnp_benign	gnomad_12_55693152_T_C_113651939r6734	ITGA7	I945V	I945
dbsnp_benign	gnomad_12_55694507_T_C_148641361r6736	ITGA7	I809V	I809
dbsnp_benign	gnomad_12_55697027_G_A_61733050r6737	ITGA7	R581W	R581
dbsnp_benign	gnomad_12_55712110_G_A_11171663r6738	ITGA7	T13I	T13
dbsnp_benign	gnomad_21_44907014_C_T_141799330r6740	ITGB2	D68N	D68
dbsnp_benign	gnomad_17_47300524_G_A_70940817r6742	ITGB3	E654K	E654
dbsnp_benign	gnomad_17_75728402_C_T_75092172r6744	ITGB4	S165S	S165
dbsnp_benign	gnomad_17_75737439_A_G_56119997r6745	ITGB4	K703R	K703
dbsnp_benign	gnomad_5_157222945_G_A_17054374r6746	ITK	R193Q	R193
dbsnp_benign	gnomad_5_157248975_G_A_56005928r6748	ITK	V587I	V587
dbsnp_benign	gnomad_20_3213196_C_A_1127354r6750	ITPA	P32T	P32
dbsnp_benign	gnomad_20_3214028_A_G_150904363r6752	ITPA	N78S	N78
dbsnp_benign	gnomad_20_3215295_A_G_34982958r6753	ITPA	E93G	E93
dbsnp_benign	gnomad_3_4521072_C_T_370939479r6755	ITPR1	N47N	N47
dbsnp_benign	gnomad_3_4683761_A_G_61751570r6756	ITPR1	D1154G	D1154
dbsnp_benign	gnomad_3_4699826_C_T_188558398r6758	ITPR1	T1474I	T1474
dbsnp_benign	gnomad_15_40407720_C_T_143807229r6759	IVD	L80L	L80
dbsnp_benign	gnomad_20_10639634_G_A_775363555r6761	JAG1	P1174L	P1174
dbsnp_benign	gnomad_20_10639826_T_G_150811951r6762	JAG1	N1110T	N1110
dbsnp_benign	gnomad_20_10640814_T_G_146006022r6763	JAG1	R1056S	R1056
dbsnp_benign	gnomad_20_10641566_C_T_145895196r6764	JAG1	R937Q	R937
dbsnp_benign	gnomad_20_10641853_G_C_35761929r6766	JAG1	P871R	P871
dbsnp_benign	gnomad_20_10644878_G_A_202063628r6768	JAG1	P777S	P777
dbsnp_benign	gnomad_20_10644976_C_T_147809756r6769	JAG1	R744Q	R744
dbsnp_benign	gnomad_20_10647018_G_A_764290237r6770	JAG1	H602H	H602
dbsnp_benign	gnomad_20_10647018_G_C_764290237r6771	JAG1	H602Q	H602
dbsnp_benign	gnomad_20_10647069_G_A_142808131r6772	JAG1	N585N	N585
dbsnp_benign	gnomad_20_10648025_G_A_201785359r6773	JAG1	P552L	P552
dbsnp_benign	gnomad_20_10648072_G_A_200648453r6774	JAG1	N536N	N536
dbsnp_benign	gnomad_20_10648679_G_A_149366993r6775	JAG1	A480V	A480
dbsnp_benign	gnomad_20_10658636_C_T_199674138r6777	JAG1	V176I	V176
dbsnp_benign	gnomad_20_10672955_C_A_183974372r6779	JAG1	V45L	V45
dbsnp_benign	gnomad_3_9890723_A_G_143438463r6781	JAGN1	M1V	M1
dbsnp_benign	gnomad_9_5126443_T_A_62637626r6783	JAK2	D1096E	D1096
dbsnp_benign	gnomad_9_5126715_A_G_142269166r6785	JAK2	N1108S	N1108
dbsnp_benign	gnomad_19_17834887_C_T_3213409r6787	JAK3	V722I	V722
dbsnp_benign	gnomad_19_17841400_G_A_55802448r6789	JAK3	H377H	H377
dbsnp_benign	gnomad_20_44116251_C_T_765754956r6791	JPH2	R475H	R475
dbsnp_benign	gnomad_20_44160150_G_A_767328866r6792	JPH2	R213W	R213
dbsnp_benign	gnomad_20_44160215_G_C_554853074r6793	JPH2	P191R	P191
dbsnp_benign	gnomad_20_44160225_G_A_574746149r6795	JPH2	P188S	P188
dbsnp_benign	gnomad_17_41756202_T_C_138366708r6797	JUP	I687V	I687
dbsnp_benign	gnomad_17_41757519_C_T_143043662r6798	JUP	V648I	V648
dbsnp_benign	gnomad_17_41757751_C_A_200327969r6800	JUP	V603L	V603
dbsnp_benign	gnomad_17_41757751_C_T_200327969r6801	JUP	V603M	V603
dbsnp_benign	gnomad_17_41763308_C_T_199826380r6802	JUP	S391N	S391
dbsnp_benign	gnomad_17_41763308_C_G_199826380r6803	JUP	S391T	S391
dbsnp_benign	gnomad_17_41769461_C_T_41283425r6804	JUP	R142H	R142
dbsnp_benign	gnomad_17_46031558_G_A_370112084r6806	KANSL1	A1079V	A1079
dbsnp_benign	gnomad_17_46031624_T_C_201083879r6807	KANSL1	Q1057R	Q1057
dbsnp_benign	gnomad_17_46031648_T_C_771796347r6808	KANSL1	E1049G	E1049
dbsnp_benign	gnomad_17_46032084_G_A_145863194r6809	KANSL1	T1018I	T1018
dbsnp_benign	gnomad_17_46033162_C_T_776547113r6810	KANSL1	A919T	A919
dbsnp_benign	gnomad_17_46033409_A_C_139615350r6811	KANSL1	N906K	N906
dbsnp_benign	gnomad_17_46038665_A_G_201526313r6812	KANSL1	M805T	M805
dbsnp_benign	gnomad_17_46039189_C_G_200103894r6813	KANSL1	D744H	D744
dbsnp_benign	gnomad_17_46039711_T_C_1036089094r6814	KANSL1	T732A	T732
dbsnp_benign	gnomad_17_46039795_A_G_202231419r6815	KANSL1	S704P	S704
dbsnp_benign	gnomad_17_46050698_G_A_141298741r6816	KANSL1	R619W	R619
dbsnp_benign	gnomad_17_46066554_C_T_202150313r6817	KANSL1	V611I	V611
dbsnp_benign	gnomad_17_46066647_C_T_117412152r6818	KANSL1	V580I	V580
dbsnp_benign	gnomad_17_46066731_G_T_144337302r6819	KANSL1	L552I	L552
dbsnp_benign	gnomad_17_46067627_G_C_144838667r6820	KANSL1	P525R	P525
dbsnp_benign	gnomad_17_46067627_G_T_144838667r6821	KANSL1	P525H	P525
dbsnp_benign	gnomad_17_46171020_G_A_142696045r6822	KANSL1	S375L	S375
dbsnp_benign	gnomad_17_46171038_T_C_139564524r6823	KANSL1	N369S	N369
dbsnp_benign	gnomad_17_46171144_T_C_112150341r6824	KANSL1	N334D	N334
dbsnp_benign	gnomad_17_46171417_G_T_142096969r6825	KANSL1	Q243K	Q243
dbsnp_benign	gnomad_17_46171425_G_A_767565501r6826	KANSL1	P240L	P240
dbsnp_benign	gnomad_17_46171438_A_G_747832991r6827	KANSL1	S236P	S236
dbsnp_benign	gnomad_17_46171456_T_C_34756740r6828	KANSL1	N230D	N230
dbsnp_benign	gnomad_17_46171464_C_T_150345690r6829	KANSL1	S227N	S227
dbsnp_benign	gnomad_17_46171509_T_C_141110759r6830	KANSL1	H212R	H212
dbsnp_benign	gnomad_17_46171524_T_C_144882998r6831	KANSL1	N207S	N207
dbsnp_benign	gnomad_17_46171537_C_G_138175526r6832	KANSL1	G203R	G203
dbsnp_benign	gnomad_17_46171537_C_T_138175526r6833	KANSL1	G203R	G203
dbsnp_benign	gnomad_17_46171573_C_A_149566146r6834	KANSL1	G191C	G191
dbsnp_benign	gnomad_17_46171667_C_A_188294801r6835	KANSL1	K159N	K159
dbsnp_benign	gnomad_17_46171848_T_C_754727332r6836	KANSL1	Q99R	Q99
dbsnp_benign	gnomad_8_41940871_T_C_560767148r6837	KAT6A	I1004V	I1004
dbsnp_benign	gnomad_8_41941017_G_C_761588463r6838	KAT6A	P955R	P955
dbsnp_benign	gnomad_8_41942856_T_G_201345009r6839	KAT6A	E791D	E791
dbsnp_benign	gnomad_8_41977186_A_C_111806051r6840	KAT6A	D395E	D395
dbsnp_benign	gnomad_10_74843164_C_T_374549966r6841	KAT6B	R103C	R103
dbsnp_benign	gnomad_10_74972603_T_C_182392778r6842	KAT6B	I342T	I342
dbsnp_benign	gnomad_10_74975704_T_C_766318986r6843	KAT6B	I456T	I456
dbsnp_benign	gnomad_10_74975805_C_T_141930257r6844	KAT6B	P490S	P490
dbsnp_benign	gnomad_10_74976000_G_A_146395020r6845	KAT6B	G555R	G555
dbsnp_benign	gnomad_10_75025001_G_A_149295701r6847	KAT6B	R1139K	R1139
dbsnp_benign	gnomad_10_75028781_G_T_150339818r6848	KAT6B	L1319F	L1319
dbsnp_benign	gnomad_10_75028860_G_T_542036896r6849	KAT6B	D1346Y	D1346
dbsnp_benign	gnomad_10_75029035_G_A_563033366r6851	KAT6B	R1404H	R1404
dbsnp_benign	gnomad_10_75029136_G_A_377275320r6852	KAT6B	E1438K	E1438
dbsnp_benign	gnomad_10_75029214_G_A_143733161r6853	KAT6B	V1464M	V1464
dbsnp_benign	gnomad_10_75029435_C_T_371945178r6854	KAT6B	I1537I	I1537
dbsnp_benign	gnomad_10_75029457_G_A_145158232r6855	KAT6B	V1545I	V1545
dbsnp_benign	gnomad_10_75030573_A_G_199662367r6856	KAT6B	I1917V	I1917
dbsnp_benign	gnomad_10_75021190_A_G_749648834r6857	KAT6B	R976G	R976
dbsnp_benign	gnomad_10_75021190_A_C_749648834r6858	KAT6B	R976R	R976
dbsnp_benign	gnomad_12_4912705_C_G_150849316r6859	KCNA1	R443G	R443
dbsnp_benign	gnomad_12_5044898_G_A_12720442r6860	KCNA5	A251T	A251
dbsnp_benign	gnomad_12_5045066_C_T_17215409r6862	KCNA5	P307S	P307
dbsnp_benign	gnomad_20_49373311_G_A_750157634r6863	KCNB1	A750V	A750
dbsnp_benign	gnomad_20_49373353_C_T_151175979r6864	KCNB1	R736Q	R736
dbsnp_benign	gnomad_20_49373455_G_T_144379782r6865	KCNB1	A702E	A702
dbsnp_benign	gnomad_20_49373455_G_A_144379782r6866	KCNB1	A702V	A702
dbsnp_benign	gnomad_20_49373563_G_A_201212125r6867	KCNB1	P666L	P666
dbsnp_benign	gnomad_20_49373699_C_A_201960228r6868	KCNB1	A621S	A621
dbsnp_benign	gnomad_20_49373855_C_G_376490656r6869	KCNB1	V569L	V569
dbsnp_benign	gnomad_20_49373855_C_T_376490656r6870	KCNB1	V569I	V569
dbsnp_benign	gnomad_20_49373905_G_A_370974891r6871	KCNB1	A552V	A552
dbsnp_benign	gnomad_20_49374172_A_G_145421532r6872	KCNB1	I463T	I463
dbsnp_benign	gnomad_20_49374193_C_T_761082551r6873	KCNB1	R456Q	R456
dbsnp_benign	gnomad_11_17771777_G_T_200873319r6874	KCNC1	R228L	R228
dbsnp_benign	gnomad_11_17771777_G_A_200873319r6875	KCNC1	R228H	R228
dbsnp_benign	gnomad_11_17771777_G_C_200873319r6876	KCNC1	R228P	R228
dbsnp_benign	gnomad_11_17779610_G_T_372580647r6877	KCNC1	E66D	E66
dbsnp_benign	gnomad_1_111777219_T_C_145890206r6878	KCND3	M525V	M525
dbsnp_benign	gnomad_1_111780707_C_T_200532657r6879	KCND3	E452K	E452
dbsnp_benign	gnomad_21_34449382_C_T_1805128r6880	KCNE1	D85N	D85
dbsnp_benign	gnomad_21_34449496_C_T_199473353r6882	KCNE1	V47I	V47
dbsnp_benign	gnomad_21_34370500_A_G_2234916r6883	KCNE2	T8A	T8
dbsnp_benign	gnomad_21_34370503_C_G_16991652r6884	KCNE2	Q9E	Q9
dbsnp_benign	gnomad_21_34370507_C_T_199473648r6886	KCNE2	T10M	T10
dbsnp_benign	gnomad_11_74457316_C_T_17215437r6887	KCNE3	R83H	R83
dbsnp_benign	gnomad_7_150947340_C_A_36210421r6888	KCNH2	R1047L	R1047
dbsnp_benign	gnomad_7_150947347_G_A_199473025r6890	KCNH2	L1045F	L1045
dbsnp_benign	gnomad_7_150947369_G_A_200799870r6891	KCNH2	D1037D	D1037
dbsnp_benign	gnomad_7_150947667_C_T_75005975r6893	KCNH2	P968P	P968
dbsnp_benign	gnomad_7_150947671_G_A_199473016r6894	KCNH2	P967L	P967
dbsnp_benign	gnomad_7_150948519_C_T_41314354r6895	KCNH2	G873S	G873
dbsnp_benign	gnomad_7_150950013_G_T_536958259r6897	N/A	NAN/ANA	NAN/A
dbsnp_benign	gnomad_7_150950013_G_A_536958259r6898	N/A	NAN/ANA	NAN/A
dbsnp_benign	gnomad_7_150950152_G_A_201873431r6899	N/A	NAN/ANA	NAN/A
dbsnp_benign	gnomad_7_150951506_G_A_41307295r6900	KCNH2	N629N	N629
dbsnp_benign	gnomad_7_150951713_G_A_372725107r6901	KCNH2	I560I	I560
dbsnp_benign	gnomad_7_150951713_G_C_372725107r6903	KCNH2	I560M	I560
dbsnp_benign	gnomad_7_150952515_G_A_740952r6904	KCNH2	I489I	I489
dbsnp_benign	gnomad_7_150952833_G_A_201995634r6906	KCNH2	D383D	D383
dbsnp_benign	gnomad_7_150958354_G_A_41314417r6907	KCNH2	S207S	S207
dbsnp_benign	gnomad_7_150958433_C_T_41308954r6909	KCNH2	R181Q	R181
dbsnp_benign	gnomad_14_62981081_T_C_754761406r6911	KCNH5	I245V	I245
dbsnp_benign	gnomad_11_128839723_G_A_117535913r6912	KCNJ1	T193M	T193
dbsnp_benign	gnomad_11_128840045_T_C_41302407r6913	KCNJ1	T86A	T86
dbsnp_benign	gnomad_1_160041721_C_T_3795339r6915	KCNJ10	R271H	R271
dbsnp_benign	gnomad_1_160041722_G_A_1130183r6917	KCNJ10	R271C	R271
dbsnp_benign	gnomad_11_17386938_G_C_41282930r6919	KCNJ11	S385C	S385
dbsnp_benign	gnomad_11_17387058_G_A_114215135r6921	KCNJ11	T345M	T345
dbsnp_benign	gnomad_11_17387083_C_T_5215r6923	KCNJ11	V337I	V337
dbsnp_benign	gnomad_11_17387508_C_T_5217r6924	KCNJ11	R195H	R195
dbsnp_benign	gnomad_11_17387783_G_A_376773562r6925	KCNJ11	S103S	S103
dbsnp_benign	gnomad_11_17387783_G_T_376773562r6926	KCNJ11	S103R	S103
dbsnp_benign	gnomad_11_17388025_T_G_5219r6928	KCNJ11	K23Q	K23
dbsnp_benign	gnomad_11_17388025_T_C_5219r6929	KCNJ11	K23E	K23
dbsnp_benign	gnomad_11_17388064_C_T_587783667r6930	KCNJ11	E10K	E10
dbsnp_benign	gnomad_17_70175654_C_T_767844416r6931	KCNJ2	D205D	D205
dbsnp_benign	gnomad_11_128911394_C_T_115012103r6932	KCNJ5	R41C	R41
dbsnp_benign	gnomad_11_128912011_G_A_372736753r6934	KCNJ5	E246E	E246
dbsnp_benign	gnomad_11_128912011_G_C_372736753r6935	KCNJ5	E246D	E246
dbsnp_benign	gnomad_11_128912011_G_T_372736753r6936	KCNJ5	E246D	E246
dbsnp_benign	gnomad_11_128912110_G_A_149861510r6937	KCNJ5	E279E	E279
dbsnp_benign	gnomad_12_21765733_G_A_72554071r6938	KCNJ8	S422L	S422
dbsnp_benign	gnomad_10_77637609_T_C_77602559r6940	KCNMA1	S12G	S12
dbsnp_benign	gnomad_11_2570633_C_T_146981549r6942	KCNQ1	I161I	I161
dbsnp_benign	gnomad_11_2570633_C_G_146981549r6943	KCNQ1	I161M	I161
dbsnp_benign	gnomad_11_2572885_A_G_199472728r6944	KCNQ1	I274V	I274
dbsnp_benign	gnomad_11_2572923_C_T_760047145r6945	KCNQ1	D286D	D286
dbsnp_benign	gnomad_11_2587620_G_T_12720457r6946	KCNQ1	K393N	K393
dbsnp_benign	gnomad_11_2587663_C_G_28730756r6947	KCNQ1	P408A	P408
dbsnp_benign	gnomad_11_2588804_C_G_12720449r6948	KCNQ1	P448R	P448
dbsnp_benign	gnomad_11_2588804_C_T_12720449r6950	KCNQ1	P448L	P448
dbsnp_benign	gnomad_11_2777026_G_A_750409379r6951	KCNQ1	V576I	V576
dbsnp_benign	gnomad_11_2847898_C_T_12720454r6952	KCNQ1	C642C	C642
dbsnp_benign	gnomad_11_2847899_G_A_1800172r6953	KCNQ1	G643S	G643
dbsnp_benign	gnomad_11_2847914_G_A_34150427r6955	KCNQ1	V648I	V648
dbsnp_benign	gnomad_20_63406650_C_A_587780369r6957	KCNQ2	R871S	R871
dbsnp_benign	gnomad_20_63406699_G_A_12481082r6958	KCNQ2	S855L	S855
dbsnp_benign	gnomad_20_63406997_C_T_200909197r6959	KCNQ2	G756S	G756
dbsnp_benign	gnomad_20_63408468_G_A_199644682r6960	KCNQ2	A611V	A611
dbsnp_benign	gnomad_20_63414174_C_G_117067974r6961	KCNQ2	E515D	E515
dbsnp_benign	gnomad_20_63414174_C_A_117067974r6962	KCNQ2	E515D	E515
dbsnp_benign	gnomad_20_63415080_C_T_146492238r6964	KCNQ2	V450M	V450
dbsnp_benign	gnomad_20_63419650_G_A_748120886r6965	KCNQ2	P424S	P424
dbsnp_benign	gnomad_20_63419667_C_A_201750561r6966	KCNQ2	G418V	G418
dbsnp_benign	gnomad_20_63442448_G_A_770187706r6968	KCNQ2	N258N	N258
dbsnp_benign	gnomad_20_63444779_G_A_116087798r6969	KCNQ2	N190N	N190
dbsnp_benign	gnomad_20_63472336_G_A_749554385r6970	KCNQ2	A43V	A43
dbsnp_benign	gnomad_20_63413433_G_T_548507063r6971	KCNQ2	P130T	P130
dbsnp_benign	gnomad_20_63413509_G_A_144909985r6972	KCNQ2	I568I	I568
dbsnp_benign	gnomad_20_63413524_G_A_35450031r6973	KCNQ2	D563D	D563
dbsnp_benign	gnomad_8_132129419_T_C_118192254r6974	KCNQ3	N821S	N821
dbsnp_benign	gnomad_8_132129575_G_T_114095081r6975	KCNQ3	P769H	P769
dbsnp_benign	gnomad_8_132129810_C_T_747379988r6977	KCNQ3	G691S	G691
dbsnp_benign	gnomad_8_132129887_G_A_147173555r6978	KCNQ3	S665L	S665
dbsnp_benign	gnomad_8_132129923_T_C_554833870r6979	KCNQ3	Q653R	Q653
dbsnp_benign	gnomad_8_132129923_T_G_554833870r6981	KCNQ3	Q653P	Q653
dbsnp_benign	gnomad_8_132134369_G_A_74582884r6982	KCNQ3	P574S	P574
dbsnp_benign	gnomad_6_72622211_G_A_191331629r6983	KCNQ5	G8R	G8
dbsnp_benign	gnomad_6_73195399_T_A_117938048r6984	KCNQ5	H928Q	H928
dbsnp_benign	gnomad_6_73195399_T_G_117938048r6986	KCNQ5	H928Q	H928
dbsnp_benign	gnomad_9_135714617_G_C_148808978r6987	KCNT1	G51R	G51
dbsnp_benign	gnomad_9_135750176_G_A_56008253r6988	KCNT1	S92S	S92
dbsnp_benign	gnomad_9_135768666_C_T_539139475r6989	KCNT1	T446M	T446
dbsnp_benign	gnomad_9_135770306_A_G_200173000r6990	KCNT1	Q524R	Q524
dbsnp_benign	gnomad_9_135778444_A_G_149804567r6991	KCNT1	E829G	E829
dbsnp_benign	gnomad_9_135778822_G_A_151272083r6992	KCNT1	R891Q	R891
dbsnp_benign	gnomad_9_135784592_A_G_143780942r6993	KCNT1	T982A	T982
dbsnp_benign	gnomad_9_135786258_G_T_200250181r6994	KCNT1	G1054V	G1054
dbsnp_benign	gnomad_9_135786275_G_A_201156458r6995	KCNT1	G1060R	G1060
dbsnp_benign	gnomad_9_135786314_C_T_200642629r6996	KCNT1	P1073S	P1073
dbsnp_benign	gnomad_9_135786456_G_A_368339692r6998	KCNT1	R1120H	R1120
dbsnp_benign	gnomad_9_135792059_C_T_140628824r7000	KCNT1	D1197D	D1197
dbsnp_benign	gnomad_9_135792138_A_G_74533482r7001	KCNT1	T1224A	T1224
dbsnp_benign	gnomad_9_135792142_G_A_776538404r7002	KCNT1	R1225H	R1225
dbsnp_benign	gnomad_9_135792147_G_A_138109494r7003	KCNT1	E1227K	E1227
dbsnp_benign	gnomad_9_135702317_G_C_146292575r7004	KCNT1	G20A	G20
dbsnp_benign	gnomad_9_2717797_G_A_76776637r7006	KCNV2	E20K	E20
dbsnp_benign	gnomad_9_2718128_C_T_541196988r7008	KCNV2	T130I	T130
dbsnp_benign	gnomad_9_2718384_G_C_201327014r7009	KCNV2	K215N	K215
dbsnp_benign	gnomad_9_2718659_T_G_201074293r7011	KCNV2	M307R	M307
dbsnp_benign	gnomad_9_2718802_T_C_75645675r7013	KCNV2	F355L	F355
dbsnp_benign	gnomad_9_2729696_A_G_77811928r7014	KCNV2	N536S	N536
dbsnp_benign	gnomad_22_37061545_G_A_146127576r7015	KCTD17	V169I	V169
dbsnp_benign	gnomad_X_53193013_C_T_139569882r7017	KDM5C	R1546Q	R1546
dbsnp_benign	gnomad_X_53215862_C_T_782163332r7018	KDM5C	S299N	S299
dbsnp_benign	gnomad_X_53217264_C_T_201805773r7019	KDM5C	R179H	R179
dbsnp_benign	gnomad_X_44873639_G_A_6529r7020	KDM6A	A30T	A30
dbsnp_benign	gnomad_X_45063645_C_T_141353229r7022	KDM6A	T584M	T584
dbsnp_benign	gnomad_X_45069832_C_A_2230018r7023	KDM6A	T726K	T726
dbsnp_benign	gnomad_17_7847826_G_A_749173767r7025	KDM6B	R513H	R513
dbsnp_benign	gnomad_17_7847826_G_C_749173767r7026	KDM6B	R513P	R513
dbsnp_benign	gnomad_17_7847826_G_T_749173767r7028	KDM6B	R513L	R513
dbsnp_benign	gnomad_14_58444066_G_A_193056942r7029	KIAA0586	R218K	R218
dbsnp_benign	gnomad_14_58450591_A_T_144456198r7030	KIAA0586	E310V	E310
dbsnp_benign	gnomad_14_58450714_A_T_59248588r7031	KIAA0586	E351V	E351
dbsnp_benign	gnomad_14_58457835_C_T_61745119r7033	KIAA0586	T465I	T465
dbsnp_benign	gnomad_14_58457966_T_A_61742715r7035	KIAA0586	L509I	L509
dbsnp_benign	gnomad_14_58474707_C_T_139493302r7037	KIAA0586	P897L	P897
dbsnp_benign	gnomad_14_58487145_A_C_140565291r7039	KIAA0586	K1080Q	K1080
dbsnp_benign	gnomad_14_58488812_T_C_190271845r7041	KIAA0586	L1225S	L1225
dbsnp_benign	gnomad_14_58547914_G_A_61745066r7043	KIAA0586	S1528S	S1528
dbsnp_benign	gnomad_14_58428364_G_T_186659284r7045	KIAA0586	V19F	V19
dbsnp_benign	gnomad_X_119087355_A_G_200015496r7047	KIAA1210	L1292P	L1292
dbsnp_benign	gnomad_7_138871328_G_T_138395431r7048	KIAA1549	H1460Q	H1460
dbsnp_benign	gnomad_7_138871328_G_A_138395431r7049	KIAA1549	H1460H	H1460
dbsnp_benign	gnomad_10_92632569_C_A_112145870r7051	KIF11	H526Q	H526
dbsnp_benign	gnomad_1_200601912_G_A_145353826r7052	KIF14	N712N	N712
dbsnp_benign	gnomad_2_240719906_C_T_191428830r7053	KIF1A	R1529Q	R1529
dbsnp_benign	gnomad_2_240744032_A_G_35698242r7055	KIF1A	I1064T	I1064
dbsnp_benign	gnomad_2_240745853_G_A_143037290r7056	KIF1A	P986S	P986
dbsnp_benign	gnomad_2_240745853_G_T_143037290r7058	KIF1A	P986T	P986
dbsnp_benign	gnomad_2_240746156_C_T_183359489r7059	KIF1A	V928M	V928
dbsnp_benign	gnomad_1_10304202_A_G_148481786r7060	KIF1B	E1006G	E1006
dbsnp_benign	gnomad_1_10321744_T_C_551543997r7061	KIF1B	W749R	W749
dbsnp_benign	gnomad_1_10343234_C_T_141224290r7062	KIF1B	P1212L	P1212
dbsnp_benign	gnomad_1_10365564_C_T_765541693r7063	KIF1B	S1556S	S1556
dbsnp_benign	gnomad_1_10374336_G_A_373439616r7064	KIF1B	R1656Q	R1656
dbsnp_benign	gnomad_1_10374389_G_A_143669846r7065	KIF1B	E1674K	E1674
dbsnp_benign	gnomad_17_5022186_C_T_138935423r7067	KIF1C	T702I	T702
dbsnp_benign	gnomad_17_5023888_G_A_185185243r7069	KIF1C	A1017T	A1017
dbsnp_benign	gnomad_12_39357413_C_G_78616703r7071	KIF21A	G414R	G414
dbsnp_benign	gnomad_16_29802885_G_A_145879411r7072	KIF22	R466Q	R466
dbsnp_benign	gnomad_16_29804916_G_A_146561986r7073	KIF22	D594N	D594
dbsnp_benign	gnomad_12_57563461_G_A_773336059r7076	KIF5A	R51H	R51
dbsnp_benign	gnomad_12_57576834_G_A_140281678r7077	KIF5A	E758K	E758
dbsnp_benign	gnomad_12_57581917_C_T_113247976r7078	KIF5A	P986L	P986
dbsnp_benign	gnomad_15_89629547_G_C_142032413r7080	KIF7	H1115Q	H1115
dbsnp_benign	gnomad_15_89642262_C_G_116823950r7082	KIF7	E779Q	E779
dbsnp_benign	gnomad_15_89642262_C_T_116823950r7083	KIF7	E779K	E779
dbsnp_benign	gnomad_15_89645130_G_C_565633539r7084	KIF7	Q692E	Q692
dbsnp_benign	gnomad_15_89645130_G_T_565633539r7085	KIF7	Q692K	Q692
dbsnp_benign	gnomad_15_89645920_G_A_115857753r7086	KIF7	P632L	P632
dbsnp_benign	gnomad_15_89645930_C_T_149814240r7088	KIF7	E629K	E629
dbsnp_benign	gnomad_15_89648269_C_T_527804875r7090	KIF7	A477T	A477
dbsnp_benign	gnomad_15_89649187_C_A_529571444r7092	KIF7	R237L	R237
dbsnp_benign	gnomad_15_89652935_A_C_62021460r7093	KIF7	L40R	L40
dbsnp_benign	gnomad_11_126521402_T_G_12269776r7095	KIRREL3	R116R	R116
dbsnp_benign	gnomad_1_204190633_G_C_201073751r7097	KISS1	H90D	H90
dbsnp_benign	gnomad_1_204190633_G_T_201073751r7099	KISS1	H90N	H90
dbsnp_benign	gnomad_4_54695695_C_T_201872586r7100	KIT	T84M	T84
dbsnp_benign	gnomad_4_54703877_A_G_202052259r7101	KIT	T304A	T304
dbsnp_benign	gnomad_4_54709428_G_A_73137716r7102	KIT	V374I	V374
dbsnp_benign	gnomad_4_54709507_A_G_72549294r7103	KIT	N400S	N400
dbsnp_benign	gnomad_4_54727298_A_C_3822214r7105	KIT	M541L	M541
dbsnp_benign	gnomad_4_54733102_C_T_55789615r7107	KIT	I798I	I798
dbsnp_benign	gnomad_20_21161882_C_G_4815025r7110	KIZ	H139Q	H139
dbsnp_benign	gnomad_20_21161882_C_T_4815025r7111	KIZ	H139H	H139
dbsnp_benign	gnomad_13_33061375_G_A_114752661r7112	KL	G766S	G766
dbsnp_benign	gnomad_13_33061375_G_T_114752661r7113	KL	G766C	G766
dbsnp_benign	gnomad_13_33061611_G_A_149775738r7114	KL	Q844Q	Q844
dbsnp_benign	gnomad_13_33017035_C_T_200063460r7115	KL	R199C	R199
dbsnp_benign	gnomad_13_33017035_C_A_200063460r7116	KL	R199S	R199
dbsnp_benign	gnomad_2_10046193_G_A_150096859r7117	KLF11	R29Q	R29
dbsnp_benign	gnomad_2_10046292_A_G_35927125r7119	KLF11	Q62R	Q62
dbsnp_benign	gnomad_2_10047747_A_G_145933214r7121	KLF11	D137G	D137
dbsnp_benign	gnomad_2_10047996_C_T_34336420r7123	KLF11	T220M	T220
dbsnp_benign	gnomad_2_10048119_C_T_148123124r7125	KLF11	P261L	P261
dbsnp_benign	gnomad_2_10048542_G_A_34762805r7127	KLF11	R402Q	R402
dbsnp_benign	gnomad_5_137658196_G_A_138650966r7128	KLHL3	L280L	L280
dbsnp_benign	gnomad_3_42685895_G_C_202061995r7130	KLHL40	E93Q	E93
dbsnp_benign	gnomad_2_169510297_A_G_144844327r7131	KLHL41	Q173Q	Q173
dbsnp_benign	gnomad_2_169510430_G_A_147527225r7132	KLHL41	V218M	V218
dbsnp_benign	gnomad_4_186209195_G_A_72646291r7134	CYP4V2	R443Q	R443
dbsnp_benign	gnomad_11_118502539_T_A_371772102r7136	KMT2A	M2213K	M2213
dbsnp_benign	gnomad_11_118506582_C_T_555310772r7137	KMT2A	R3561W	R3561
dbsnp_benign	gnomad_7_152265049_G_T_146238849r7139	KMT2C	C391NA	C391
dbsnp_benign	gnomad_7_152265083_C_A_138908625r7141	KMT2C	R380L	R380
dbsnp_benign	gnomad_12_49024934_C_T_201481646r7143	KMT2D	R5266H	R5266
dbsnp_benign	gnomad_12_49026947_G_A_201855029r7145	KMT2D	R5007W	R5007
dbsnp_benign	gnomad_12_49029110_G_A_200979074r7146	KMT2D	D4734D	D4734
dbsnp_benign	gnomad_12_49029232_C_G_587778483r7147	KMT2D	E4694Q	E4694
dbsnp_benign	gnomad_12_49030920_G_A_201119371r7148	KMT2D	S4548S	S4548
dbsnp_benign	gnomad_12_49031602_G_T_200789125r7150	KMT2D	T4368N	T4368
dbsnp_benign	gnomad_12_49031704_G_A_183702050r7151	KMT2D	A4334V	A4334
dbsnp_benign	gnomad_12_49031761_T_C_758018148r7152	KMT2D	Q4315R	Q4315
dbsnp_benign	gnomad_12_49031816_A_G_370243498r7153	KMT2D	S4297P	S4297
dbsnp_benign	gnomad_12_49032819_T_C_180784366r7154	KMT2D	Q3962Q	Q3962
dbsnp_benign	gnomad_12_49032879_T_C_112586166r7155	KMT2D	Q3942Q	Q3942
dbsnp_benign	gnomad_12_49032911_G_C_958331584r7157	KMT2D	Q3932E	Q3932
dbsnp_benign	gnomad_12_49033325_G_A_113997424r7158	KMT2D	P3794S	P3794
dbsnp_benign	gnomad_12_49033427_C_T_373071174r7159	KMT2D	G3760S	G3760
dbsnp_benign	gnomad_12_49033564_C_T_186696516r7160	KMT2D	R3714K	R3714
dbsnp_benign	gnomad_12_49033712_G_C_112170602r7162	KMT2D	P3665A	P3665
dbsnp_benign	gnomad_12_49034448_G_A_376980951r7164	KMT2D	P3490L	P3490
dbsnp_benign	gnomad_12_49037164_T_C_75937132r7166	KMT2D	M3398V	M3398
dbsnp_benign	gnomad_12_49037164_T_G_75937132r7168	KMT2D	M3398L	M3398
dbsnp_benign	gnomad_12_49037591_A_G_146213252r7169	KMT2D	H3255H	H3255
dbsnp_benign	gnomad_12_49038013_G_A_587778471r7171	KMT2D	L3115F	L3115
dbsnp_benign	gnomad_12_49038060_C_T_778257510r7172	KMT2D	R3099H	R3099
dbsnp_benign	gnomad_12_49038582_G_A_199547661r7173	KMT2D	A2925V	A2925
dbsnp_benign	gnomad_12_49039759_C_T_762567167r7175	KMT2D	G2671S	G2671
dbsnp_benign	gnomad_12_49039816_T_G_147706410r7176	KMT2D	M2652L	M2652
dbsnp_benign	gnomad_12_49040065_C_T_201507971r7177	KMT2D	G2569S	G2569
dbsnp_benign	gnomad_12_49040271_G_A_369604891r7179	KMT2D	A2500V	A2500
dbsnp_benign	gnomad_12_49040403_C_T_370115365r7180	KMT2D	R2456H	R2456
dbsnp_benign	gnomad_12_49040661_C_T_373234419r7181	KMT2D	R2370H	R2370
dbsnp_benign	gnomad_12_49040710_G_A_369458206r7182	KMT2D	P2354S	P2354
dbsnp_benign	gnomad_12_49040934_C_T_200578414r7183	KMT2D	G2279E	G2279
dbsnp_benign	gnomad_12_49041037_G_C_201931833r7184	KMT2D	L2245V	L2245
dbsnp_benign	gnomad_12_49041127_A_T_200080744r7185	KMT2D	S2215T	S2215
dbsnp_benign	gnomad_12_49041141_G_A_201190869r7187	KMT2D	P2210L	P2210
dbsnp_benign	gnomad_12_49042607_T_C_372271746r7188	KMT2D	M1941V	M1941
dbsnp_benign	gnomad_12_49046318_T_C_200943206r7189	KMT2D	I1509V	I1509
dbsnp_benign	gnomad_12_49048038_C_A_202217665r7190	KMT2D	R1388L	R1388
dbsnp_benign	gnomad_12_49049769_G_A_373373098r7191	KMT2D	C1273C	C1273
dbsnp_benign	gnomad_12_49049851_G_A_112921115r7192	KMT2D	T1246M	T1246
dbsnp_benign	gnomad_12_49049970_G_A_200624640r7193	KMT2D	N1206N	N1206
dbsnp_benign	gnomad_12_49050180_C_A_372234918r7194	KMT2D	E1136D	E1136
dbsnp_benign	gnomad_12_49050180_C_T_372234918r7195	KMT2D	E1136E	E1136
dbsnp_benign	gnomad_12_49051137_G_A_370492566r7196	KMT2D	S849L	S849
dbsnp_benign	gnomad_12_49051177_G_T_200192746r7197	KMT2D	Q836K	Q836
dbsnp_benign	gnomad_12_49051477_G_A_552543556r7198	KMT2D	P736S	P736
dbsnp_benign	gnomad_12_49051527_G_A_185660524r7199	KMT2D	P719L	P719
dbsnp_benign	gnomad_12_49051722_G_T_747101567r7201	KMT2D	S654Y	S654
dbsnp_benign	gnomad_12_49052287_G_A_201512665r7202	KMT2D	R466C	R466
dbsnp_benign	gnomad_12_49052702_G_T_202013880r7203	KMT2D	P374T	P374
dbsnp_benign	gnomad_12_49053302_T_C_375915416r7204	KMT2D	K287E	K287
dbsnp_benign	gnomad_12_49053633_G_C_201994402r7205	KMT2D	R228G	R228
dbsnp_benign	gnomad_12_49054025_G_A_373972024r7206	KMT2D	T209I	T209
dbsnp_benign	gnomad_12_49054680_C_T_55865069r7207	KMT2D	R83Q	R83
dbsnp_benign	gnomad_15_40610292_T_C_79413475r7209	KNL1	M82T	M82
dbsnp_benign	gnomad_15_40620991_A_G_76371152r7211	KNL1	I269V	I269
dbsnp_benign	gnomad_15_40621393_A_G_144726295r7213	KNL1	I403V	I403
dbsnp_benign	gnomad_15_40621757_T_A_59648663r7214	KNL1	I524N	I524
dbsnp_benign	gnomad_15_40622633_C_G_33931006r7216	KNL1	T816S	T816
dbsnp_benign	gnomad_15_40624434_T_A_141726041r7218	KNL1	D1416E	D1416
dbsnp_benign	gnomad_15_40624603_A_G_16970911r7220	KNL1	T1473A	T1473
dbsnp_benign	gnomad_15_40625195_A_G_76098847r7222	KNL1	K1670R	K1670
dbsnp_benign	gnomad_15_40608876_C_T_201818761r7224	KNL1	N55N	N55
dbsnp_benign	gnomad_19_47479917_G_C_201474471r7226	KPTN	L245V	L245
dbsnp_benign	gnomad_19_47480376_C_G_182019900r7227	KPTN	G211R	G211
dbsnp_benign	gnomad_12_25209843_A_G_1137282r7229	KRAS	D60D	D60
dbsnp_benign	gnomad_12_25227260_T_C_370920665r7231	KRAS	K88K	K88
dbsnp_benign	gnomad_12_25245295_G_A_113623140r7233	KRAS	D30D	D30
dbsnp_benign	gnomad_7_92226609_G_A_182763805r7234	KRIT1	L355F	L355
dbsnp_benign	gnomad_7_92237720_C_A_147568834r7235	KRIT1	G101V	G101
dbsnp_benign	gnomad_12_52675216_T_C_140098565r7236	KRT1	T638A	T638
dbsnp_benign	gnomad_12_52680236_C_T_34787940r7237	KRT1	R38H	R38
dbsnp_benign	gnomad_17_41503712_G_C_148102980r7238	KRT13	T170S	T170
dbsnp_benign	gnomad_17_41586633_C_T_142137272r7239	KRT14	G68S	G68
dbsnp_benign	gnomad_12_52650372_T_C_144222539r7240	KRT2	N256S	N256
dbsnp_benign	gnomad_12_52807672_G_A_200484321r7241	KRT4	R440C	R440
dbsnp_benign	gnomad_12_52811892_T_C_199768158r7243	KRT4	N183S	N183
dbsnp_benign	gnomad_12_52487848_C_A_62617088r7244	KRT6A	V523F	V523
dbsnp_benign	gnomad_12_52904795_T_C_59536457r7246	KRT8	I63V	I63
dbsnp_benign	gnomad_12_52904798_C_A_11554495r7248	KRT8	G62C	G62
dbsnp_benign	gnomad_12_52949441_C_T_1397020078r7249	KRT18	R90C	R90
dbsnp_benign	gnomad_12_52949447_G_C_1434610693r7251	KRT18	A92P	A92
dbsnp_benign	gnomad_12_52949447_G_T_1434610693r7253	KRT18	A92S	A92
dbsnp_benign	gnomad_12_52949473_C_G_796361379r7254	KRT18	S100R	S100
dbsnp_benign	gnomad_17_41571453_G_T_114438618r7256	KRT9	D180E	D180
dbsnp_benign	gnomad_X_153862727_G_A_370546591r7258	L1CAM	A1237V	A1237
dbsnp_benign	gnomad_X_153865088_G_C_35902890r7259	L1CAM	L958V	L958
dbsnp_benign	gnomad_X_153865391_C_T_142603269r7260	L1CAM	R886Q	R886
dbsnp_benign	gnomad_X_153865465_G_C_185418119r7261	L1CAM	H861Q	H861
dbsnp_benign	gnomad_X_153867388_G_A_782568205r7262	L1CAM	P702L	P702
dbsnp_benign	gnomad_X_153867500_G_C_199592861r7263	L1CAM	L665V	L665
dbsnp_benign	gnomad_X_153868067_C_G_199888009r7264	L1CAM	G587R	G587
dbsnp_benign	gnomad_X_153868067_C_T_199888009r7265	L1CAM	G587S	G587
dbsnp_benign	gnomad_X_153870835_T_G_201204893r7266	L1CAM	R217R	R217
dbsnp_benign	gnomad_14_50302089_T_C_59390116r7267	L2HGDH	L112L	L112
dbsnp_benign	gnomad_6_128883319_C_T_145310035r7268	LAMA2	P25L	P25
dbsnp_benign	gnomad_6_129177802_C_G_111695726r7270	LAMA2	A468G	A468
dbsnp_benign	gnomad_6_129190228_T_C_2306220r7272	LAMA2	C497C	C497
dbsnp_benign	gnomad_6_129190323_G_A_370691060r7274	LAMA2	S529N	S529
dbsnp_benign	gnomad_6_129250127_G_A_36044314r7276	LAMA2	G600R	G600
dbsnp_benign	gnomad_6_129267114_G_T_192317605r7278	LAMA2	W739C	W739
dbsnp_benign	gnomad_6_129280072_C_T_117422805r7280	LAMA2	T821M	T821
dbsnp_benign	gnomad_6_129280086_C_T_118147866r7281	LAMA2	R826W	R826
dbsnp_benign	gnomad_6_129312982_A_G_35065563r7283	LAMA2	N1099S	N1099
dbsnp_benign	gnomad_6_129314655_G_A_2306942r7285	LAMA2	V1138M	V1138
dbsnp_benign	gnomad_6_129315585_A_G_368240215r7287	LAMA2	D1222G	D1222
dbsnp_benign	gnomad_6_129342380_G_A_148905630r7289	LAMA2	R1450Q	R1450
dbsnp_benign	gnomad_6_129366251_G_A_117781224r7291	LAMA2	G1584S	G1584
dbsnp_benign	gnomad_6_129391493_G_C_567613582r7293	LAMA2	V1692L	V1692
dbsnp_benign	gnomad_6_129391540_C_T_151199929r7294	LAMA2	D1707D	D1707
dbsnp_benign	gnomad_6_129401308_C_A_56173620r7295	LAMA2	R1844S	R1844
dbsnp_benign	gnomad_6_129402449_C_T_573779258r7297	LAMA2	H1896H	H1896
dbsnp_benign	gnomad_6_129454230_G_A_147857398r7298	LAMA2	V2217I	V2217
dbsnp_benign	gnomad_6_129456415_C_T_56209257r7299	LAMA2	T2263M	T2263
dbsnp_benign	gnomad_6_129473344_A_T_34367843r7301	LAMA2	R2477S	R2477
dbsnp_benign	gnomad_6_129503261_A_G_73599293r7303	LAMA2	N2843S	N2843
dbsnp_benign	gnomad_6_129507540_C_T_143026295r7305	LAMA2	P2919S	P2919
dbsnp_benign	gnomad_18_23845027_C_A_17202961r7306	LAMA3	P1208T	P1208
dbsnp_benign	gnomad_18_23907636_C_G_138591939r7308	LAMA3	L2269V	L2269
dbsnp_benign	gnomad_18_23931070_C_A_1154232r7309	LAMA3	N2815K	N2815
dbsnp_benign	gnomad_18_23950076_C_T_150956802r7311	LAMA3	R3187C	R3187
dbsnp_benign	gnomad_6_112109459_A_G_144482486r7312	LAMA4	I1817T	I1817
dbsnp_benign	gnomad_6_112191713_C_T_139146419r7313	LAMA4	R214H	R214
dbsnp_benign	gnomad_6_112207070_C_A_529185662r7315	LAMA4	A125S	A125
dbsnp_benign	gnomad_6_112254066_C_T_150662822r7316	LAMA4	D29N	D29
dbsnp_benign	gnomad_6_112117868_G_C_397516733r7317	LAMA4	L1618V	L1618
dbsnp_benign	gnomad_6_112117868_G_A_397516733r7318	LAMA4	L1618F	L1618
dbsnp_benign	gnomad_6_112119286_C_A_369887291r7319	LAMA4	S1564I	S1564
dbsnp_benign	gnomad_6_112120302_T_C_12110554r7321	LAMA4	N1549S	N1549
dbsnp_benign	gnomad_6_112139227_C_T_373650093r7323	LAMA4	V1059M	V1059
dbsnp_benign	gnomad_6_112139808_C_A_183262122r7325	LAMA4	L1018F	L1018
dbsnp_benign	gnomad_6_112154908_C_A_397516720r7327	LAMA4	D667Y	D667
dbsnp_benign	gnomad_6_112154919_A_G_538726706r7328	LAMA4	I663T	I663
dbsnp_benign	gnomad_20_62309371_C_T_138468519r7330	LAMA5	G3685R	G3685
dbsnp_benign	gnomad_3_49123193_C_T_146522641r7332	LAMB2	R1388Q	R1388
dbsnp_benign	gnomad_3_49124739_G_A_368506627r7333	LAMB2	P1024L	P1024
dbsnp_benign	gnomad_3_49125304_G_A_527639885r7334	LAMB2	T890I	T890
dbsnp_benign	gnomad_3_49126421_C_G_28364667r7335	LAMB2	G699R	G699
dbsnp_benign	gnomad_3_49132349_G_A_79448908r7336	LAMB2	N102N	N102
dbsnp_benign	gnomad_3_49132394_C_T_149408554r7338	LAMB2	K87K	K87
dbsnp_benign	gnomad_3_49132394_C_G_149408554r7339	LAMB2	K87N	K87
dbsnp_benign	gnomad_3_49132639_G_T_202057459r7340	LAMB2	A34D	A34
dbsnp_benign	gnomad_3_49121330_C_T_74951356r7342	LAMB2	A1765T	A1765
dbsnp_benign	gnomad_3_49121757_C_A_199580679r7344	LAMB2	G1676V	G1676
dbsnp_benign	gnomad_3_49121758_C_T_200747448r7345	LAMB2	G1676R	G1676
dbsnp_benign	gnomad_1_209618638_G_A_61753424r7346	LAMB3	T908I	T908
dbsnp_benign	gnomad_1_209627429_G_A_61734494r7348	LAMB3	P480L	P480
dbsnp_benign	gnomad_1_209637948_T_C_55824996r7350	LAMB3	D111G	D111
dbsnp_benign	gnomad_1_209622996_G_A_59260335r7352	LAMB3	R848W	R848
dbsnp_benign	gnomad_7_108109223_C_G_149874137r7353	LAMB4	R117T	R117
dbsnp_benign	gnomad_1_183222189_C_A_2296306r7355	LAMC2	D247E	D247
dbsnp_benign	gnomad_1_183236573_G_C_144908769r7357	LAMC2	R857P	R857
dbsnp_benign	gnomad_1_183236573_G_A_144908769r7358	LAMC2	R857Q	R857
dbsnp_benign	gnomad_9_131026428_C_T_145775274r7359	LAMC3	R173W	R173
dbsnp_benign	gnomad_9_131052491_A_G_10901333r7361	LAMC3	E544G	E544
dbsnp_benign	gnomad_9_131061184_C_G_3739510r7364	LAMC3	R770G	R770
dbsnp_benign	gnomad_9_131061184_C_T_3739510r7365	LAMC3	R770W	R770
dbsnp_benign	gnomad_9_131072789_C_T_113259170r7366	LAMC3	S1124F	S1124
dbsnp_benign	gnomad_X_120431414_A_G_139633545r7368	LAMP2	V381A	V381
dbsnp_benign	gnomad_X_120446372_C_T_200934351r7369	LAMP2	R266H	R266
dbsnp_benign	gnomad_X_120446414_A_C_141541387r7370	LAMP2	I252S	I252
dbsnp_benign	gnomad_X_120447996_T_A_138991195r7371	LAMP2	T196S	T196
dbsnp_benign	gnomad_X_120455415_G_A_147369153r7372	LAMP2	S113S	S113
dbsnp_benign	gnomad_X_120455455_G_A_397516741r7373	LAMP2	A100V	A100
dbsnp_benign	gnomad_X_120456677_G_A_752321157r7374	LAMP2	R53C	R53
dbsnp_benign	gnomad_22_33277139_C_T_1046166r7375	LARGE1	R665H	R665
dbsnp_benign	gnomad_22_33283303_C_A_576967464r7376	LARGE1	M592I	M592
dbsnp_benign	gnomad_22_33650524_C_G_398124184r7378	LARGE1	S84T	S84
dbsnp_benign	gnomad_22_33650612_T_C_34642406r7380	LARGE1	T55A	T55
dbsnp_benign	gnomad_4_112644679_G_A_79383654r7382	LARP7	E4K	E4
dbsnp_benign	gnomad_4_112647203_G_C_141178932r7384	LARP7	E217D	E217
dbsnp_benign	gnomad_4_112647286_A_G_61602805r7386	LARP7	N245S	N245
dbsnp_benign	gnomad_4_112647388_G_A_62317770r7388	LARP7	R279Q	R279
dbsnp_benign	gnomad_1_225412639_T_C_2230422r7390	LBR	Y300C	Y300
dbsnp_benign	gnomad_6_79513594_T_C_181890907r7392	LCA5	N113S	N113
dbsnp_benign	gnomad_16_67942417_A_T_4986970r7394	LCAT	S232T	S232
dbsnp_benign	gnomad_16_67942948_C_T_35673026r7396	LCAT	V114M	V114
dbsnp_benign	gnomad_2_135788340_G_T_114828879r7397	LCT	P1923Q	P1923
dbsnp_benign	gnomad_2_135800696_C_T_35891837r7399	LCT	V1593M	V1593
dbsnp_benign	gnomad_2_135809633_T_C_115690016r7401	LCT	D905G	D905
dbsnp_benign	gnomad_2_135836716_C_T_114525655r7403	LCT	A152T	A152
dbsnp_benign	gnomad_2_135836716_C_G_114525655r7404	LCT	A152P	A152
dbsnp_benign	gnomad_2_135836852_G_A_34307240r7406	LCT	D106D	D106
dbsnp_benign	gnomad_2_135836852_G_T_34307240r7408	LCT	D106E	D106
dbsnp_benign	gnomad_10_86679436_G_A_3740343r7409	LDB3	V55I	V55
dbsnp_benign	gnomad_10_86680138_C_T_45592139r7411	LDB3	P101L	P101
dbsnp_benign	gnomad_10_86681466_G_A_35507268r7413	LDB3	V118M	V118
dbsnp_benign	gnomad_10_86681580_G_A_200596619r7414	LDB3	A156T	A156
dbsnp_benign	gnomad_10_86681607_C_T_45610637r7415	LDB3	R165W	R165
dbsnp_benign	gnomad_10_86691958_A_G_34423165r7416	LDB3	K251R	K251
dbsnp_benign	gnomad_10_86692542_C_T_397517227r7418	LDB3	D289D	D289
dbsnp_benign	gnomad_10_86692566_G_A_374336814r7419	LDB3	R297R	R297
dbsnp_benign	gnomad_10_86716413_T_C_868594949r7421	LDB3	S440P	S440
dbsnp_benign	gnomad_10_86716555_G_A_146265188r7423	LDB3	R487H	R487
dbsnp_benign	gnomad_10_86716630_A_C_138951890r7424	LDB3	Q512P	Q512
dbsnp_benign	gnomad_10_86716767_A_G_372331627r7425	LDB3	I558V	I558
dbsnp_benign	gnomad_11_18403709_G_C_34305721r7426	LDHA	G203A	G203
dbsnp_benign	gnomad_19_11100263_C_T_373144619r7428	LDLR	D36D	D36
dbsnp_benign	gnomad_19_11102764_C_T_372845091r7429	LDLR	N97N	N97
dbsnp_benign	gnomad_19_11105284_C_T_762139262r7430	LDLR	F126F	F126
dbsnp_benign	gnomad_19_11105323_C_T_537484504r7432	LDLR	D139D	D139
dbsnp_benign	gnomad_19_11105587_C_G_121908028r7434	LDLR	D227E	D227
dbsnp_benign	gnomad_19_11105587_C_T_121908028r7435	LDLR	D227D	D227
dbsnp_benign	gnomad_19_11110767_C_T_13306515r7436	LDLR	C352C	C352
dbsnp_benign	gnomad_19_11120109_A_T_768509914r7438	LDLR	T621T	T621
dbsnp_benign	gnomad_19_11120166_C_T_5926r7439	LDLR	N640N	N640
dbsnp_benign	gnomad_19_11089606_G_A_147509697r7441	LDLR	G20R	G20
dbsnp_benign	gnomad_19_11113414_C_T_5933r7443	LDLR	I441I	I441
dbsnp_benign	gnomad_19_11113427_C_T_375651668r7444	LDLR	L446L	L446
dbsnp_benign	gnomad_19_11113427_C_A_375651668r7445	LDLR	L446M	L446
dbsnp_benign	gnomad_19_11113607_C_T_368610522r7446	LDLR	D477D	D477
dbsnp_benign	gnomad_19_11113607_C_G_368610522r7447	LDLR	D477E	D477
dbsnp_benign	gnomad_1_25563697_C_T_114583297r7448	LDLRAP1	T218I	T218
dbsnp_benign	gnomad_1_225937685_G_A_2295418r7450	LEFTY2	P286L	P286
dbsnp_benign	gnomad_1_225940972_C_T_115510690r7452	LEFTY2	V57M	V57
dbsnp_benign	gnomad_12_65170801_C_T_139346096r7454	LEMD3	S402F	S402
dbsnp_benign	gnomad_12_65170801_C_G_139346096r7455	LEMD3	S402C	S402
dbsnp_benign	gnomad_7_128254539_G_A_17151919r7456	LEP	V94M	V94
dbsnp_benign	gnomad_1_65610269_G_C_1805094r7458	LEPR	K656N	K656
dbsnp_benign	gnomad_1_65636536_A_T_145651189r7460	LEPR	S1007C	S1007
dbsnp_benign	gnomad_10_93792896_T_G_1111820r7463	LGI1	F219L	F219
dbsnp_benign	gnomad_10_93793229_A_C_146425212r7464	LGI1	I239I	I239
dbsnp_benign	gnomad_10_93797600_A_G_756891254r7465	LGI1	I491V	I491
dbsnp_benign	gnomad_10_93758145_A_G_202204627r7466	LGI1	M1V	M1
dbsnp_benign	gnomad_2_48688128_C_T_146785679r7468	LHCGR	E557K	E557
dbsnp_benign	gnomad_2_48688437_C_T_114320052r7469	LHCGR	V454I	V454
dbsnp_benign	gnomad_2_48688787_A_G_61996314r7470	LHCGR	L337S	L337
dbsnp_benign	gnomad_2_48725722_A_T_140691492r7471	LHCGR	Y113N	Y113
dbsnp_benign	gnomad_1_180248298_C_T_147491286r7472	LHX4	C30C	C30
dbsnp_benign	gnomad_4_39463613_C_A_201574806r7473	LIAS	P134Q	P134
dbsnp_benign	gnomad_5_38493680_G_A_3729744r7474	LIFR	S664L	S664
dbsnp_benign	gnomad_17_34986110_C_T_3744356r7475	LIG3	R224W	R224
dbsnp_benign	gnomad_13_108211243_G_A_1805388r7477	LIG4	T9I	T9
dbsnp_benign	gnomad_13_108211261_G_A_1805389r7479	LIG4	A3V	A3
dbsnp_benign	gnomad_2_127643047_G_A_145123078r7481	LIMS2	R129C	R129
dbsnp_benign	gnomad_15_100569393_C_T_74039425r7483	LINS1	G707R	G707
dbsnp_benign	gnomad_15_100572003_G_A_141962847r7485	LINS1	L429L	L429
dbsnp_benign	gnomad_15_100574155_G_A_145145735r7487	LINS1	R240W	R240
dbsnp_benign	gnomad_10_89223750_T_G_145037134r7489	LIPA	I252I	I252
dbsnp_benign	gnomad_15_58548502_C_T_142741286r7491	LIPC	H327H	H327
dbsnp_benign	gnomad_19_42410516_G_A_138983180r7492	LIPE	R404C	R404
dbsnp_benign	gnomad_19_42426870_C_T_145456377r7494	LIPE	A94T	A94
dbsnp_benign	gnomad_19_42408077_C_T_147012229r7496	LIPE	D519N	D519
dbsnp_benign	gnomad_1_156114969_C_T_11549668r7498	LMNA	S17S	S17
dbsnp_benign	gnomad_1_156134461_T_G_752087253r7500	LMNA	V191G	V191
dbsnp_benign	gnomad_1_156135912_G_A_778421025r7502	LMNA	K316K	K316
dbsnp_benign	gnomad_1_156136113_G_A_267607603r7503	LMNA	E383E	E383
dbsnp_benign	gnomad_1_156136380_G_A_368542816r7504	LMNA	V442M	V442
dbsnp_benign	gnomad_1_156136414_G_A_267607598r7505	LMNA	R453Q	R453
dbsnp_benign	gnomad_1_156137757_G_A_200917748r7506	LMNA	R571H	R571
dbsnp_benign	gnomad_1_156137757_G_C_200917748r7507	LMNA	R571P	R571
dbsnp_benign	gnomad_1_156138700_C_T_117939448r7508	LMNA	F637F	F637
dbsnp_benign	gnomad_1_156138719_C_T_142000963r7510	LMNA	R644C	R644
dbsnp_benign	gnomad_19_2431620_C_A_139812127r7511	LMNB2	M583I	M583
dbsnp_benign	gnomad_19_2435052_G_A_150969746r7512	LMNB2	D268D	D268
dbsnp_benign	gnomad_19_2435152_C_T_121912497r7513	LMNB2	R235Q	R235
dbsnp_benign	gnomad_3_69109099_G_A_17005363r7515	LMOD3	A560V	A560
dbsnp_benign	gnomad_3_69118862_C_T_116440123r7517	LMOD3	R498Q	R498
dbsnp_benign	gnomad_3_69119042_T_A_6810145r7519	LMOD3	K438M	K438
dbsnp_benign	gnomad_3_69119098_C_G_75713718r7521	LMOD3	M419I	M419
dbsnp_benign	gnomad_3_69119129_T_C_116257053r7523	LMOD3	Q409R	Q409
dbsnp_benign	gnomad_3_69119929_T_C_111848977r7525	LMOD3	E142E	E142
dbsnp_benign	gnomad_3_69119929_T_G_111848977r7526	LMOD3	E142D	E142
dbsnp_benign	gnomad_3_69122134_G_T_80113271r7528	LMOD3	L85M	L85
dbsnp_benign	gnomad_3_69122135_C_T_78574883r7530	LMOD3	M84I	M84
dbsnp_benign	gnomad_9_126690890_C_T_540034621r7532	LMX1B	F127F	F127
dbsnp_benign	gnomad_9_126690941_C_T_375657880r7533	LMX1B	C144C	C144
dbsnp_benign	gnomad_9_126693210_G_A_754095270r7535	LMX1B	G210R	G210
dbsnp_benign	gnomad_9_126693840_G_A_150656317r7536	LMX1B	G305D	G305
dbsnp_benign	gnomad_19_5705830_C_T_139554429r7538	LONP1	V437I	V437
dbsnp_benign	gnomad_18_46524520_C_T_140042576r7539	LOXHD1	V1402I	V1402
dbsnp_benign	gnomad_18_46534399_G_A_7244681r7541	LOXHD1	T1177M	T1177
dbsnp_benign	gnomad_18_46534399_G_C_7244681r7542	LOXHD1	T1177R	T1177
dbsnp_benign	gnomad_18_46577783_C_A_35088381r7544	LOXHD1	G632C	G632
dbsnp_benign	gnomad_18_46577783_C_T_35088381r7545	LOXHD1	G632S	G632
dbsnp_benign	gnomad_18_46579731_C_T_140437150r7547	LOXHD1	D570N	D570
dbsnp_benign	gnomad_6_160547936_G_A_41264848r7549	LPA	D1719D	D1719
dbsnp_benign	gnomad_2_11791929_A_G_148499322r7551	LPIN1	I541V	I541
dbsnp_benign	gnomad_18_2925286_G_A_150806357r7553	LPIN2	P626S	P626
dbsnp_benign	gnomad_18_2926781_A_G_150022314r7555	LPIN2	S579P	S579
dbsnp_benign	gnomad_18_2937849_G_C_375422942r7556	LPIN2	S337R	S337
dbsnp_benign	gnomad_18_2937849_G_A_375422942r7557	LPIN2	S337S	S337
dbsnp_benign	gnomad_8_19948197_G_A_1801177r7558	LPL	D36N	D36
dbsnp_benign	gnomad_8_19948197_G_C_1801177r7559	LPL	D36H	D36
dbsnp_benign	gnomad_8_19948197_G_T_1801177r7561	LPL	D36Y	D36
dbsnp_benign	gnomad_8_19955863_C_T_118204082r7562	LPL	C266C	C266
dbsnp_benign	gnomad_8_19955863_C_G_118204082r7563	LPL	C266W	C266
dbsnp_benign	gnomad_4_154744400_T_A_75368761r7564	LRAT	F25Y	F25
dbsnp_benign	gnomad_4_154744668_G_A_17031981r7566	LRAT	E114E	E114
dbsnp_benign	gnomad_4_150599064_G_A_35879351r7568	LRBA	R1997C	R1997
dbsnp_benign	gnomad_4_150850869_T_C_118037378r7570	LRBA	I1287V	I1287
dbsnp_benign	gnomad_4_150872751_T_C_72719663r7572	LRBA	I724V	I724
dbsnp_benign	gnomad_4_109851718_C_G_79039619r7574	LRIT3	R111G	R111
dbsnp_benign	gnomad_4_109851892_C_A_61745483r7576	LRIT3	P169T	P169
dbsnp_benign	gnomad_4_109851952_C_T_75301950r7578	LRIT3	L189F	L189
dbsnp_benign	gnomad_4_109870191_C_T_116570736r7580	LRIT3	T481M	T481
dbsnp_benign	gnomad_2_169132617_A_G_142245618r7582	LRP2	V4562A	V4562
dbsnp_benign	gnomad_2_169139560_C_T_41268685r7583	LRP2	G4417D	G4417
dbsnp_benign	gnomad_2_169173996_C_T_142549310r7585	LRP2	R3646H	R3646
dbsnp_benign	gnomad_2_169174129_C_T_144081819r7587	LRP2	A3602T	A3602
dbsnp_benign	gnomad_2_169182251_C_T_3213760r7589	LRP2	R3305H	R3305
dbsnp_benign	gnomad_2_169191972_C_T_149148763r7591	LRP2	R2964R	R2964
dbsnp_benign	gnomad_2_169201852_G_A_545645633r7593	LRP2	P2743L	P2743
dbsnp_benign	gnomad_2_169241197_T_G_17848149r7595	LRP2	D1279A	D1279
dbsnp_benign	gnomad_2_169243501_G_A_150552608r7597	LRP2	P1151L	P1151
dbsnp_benign	gnomad_2_169244812_T_C_144906000r7599	LRP2	H1104R	H1104
dbsnp_benign	gnomad_2_169246773_T_C_143028579r7600	LRP2	N1041S	N1041
dbsnp_benign	gnomad_2_169282877_A_C_111704488r7601	LRP2	D389E	D389
dbsnp_benign	gnomad_2_169290992_C_G_34693334r7603	LRP2	G259R	G259
dbsnp_benign	gnomad_11_46875564_G_T_61746928r7605	LRP4	R1273R	R1273
dbsnp_benign	gnomad_11_46894628_T_G_72897663r7607	LRP4	N501H	N501
dbsnp_benign	gnomad_11_46894635_G_A_61749083r7609	LRP4	N498N	N498
dbsnp_benign	gnomad_11_46895950_G_A_118009068r7610	LRP4	R373W	R373
dbsnp_benign	gnomad_11_46895950_G_C_118009068r7611	LRP4	R373G	R373
dbsnp_benign	gnomad_11_46896261_C_T_61744209r7613	LRP4	G333R	G333
dbsnp_benign	gnomad_11_46896317_A_G_7926667r7615	LRP4	L314S	L314
dbsnp_benign	gnomad_11_46864526_A_T_117936904r7617	LRP4	L1722H	L1722
dbsnp_benign	gnomad_11_68406721_G_A_4988321r7619	LRP5	V667M	V667
dbsnp_benign	gnomad_11_68413714_C_T_143204891r7621	LRP5	D843D	D843
dbsnp_benign	gnomad_11_68426018_G_A_724159825r7623	LRP5	Q1156Q	Q1156
dbsnp_benign	gnomad_11_68448836_C_T_1421178463r7624	LRP5	P1538P	P1538
dbsnp_benign	gnomad_11_68312730_C_A_771718186r7625	LRP5	P6T	P6
dbsnp_benign	gnomad_2_43889784_C_T_147302249r7627	LRPPRC	A1360T	A1360
dbsnp_benign	gnomad_2_43925937_C_A_775312269r7629	LRPPRC	A921S	A921
dbsnp_benign	gnomad_2_43974237_T_C_4953042r7630	LRPPRC	Q356Q	Q356
dbsnp_benign	gnomad_12_69610318_A_G_146361892r7632	LRRC10	L174P	L174
dbsnp_benign	gnomad_12_40232380_A_C_201439315r7633	LRRK2	H115P	H115
dbsnp_benign	gnomad_12_40232383_A_G_144883021r7634	LRRK2	Q116R	Q116
dbsnp_benign	gnomad_12_40249854_C_T_17490713r7636	LRRK2	N289N	N289
dbsnp_benign	gnomad_12_40293552_A_C_148113070r7638	LRRK2	E899D	E899
dbsnp_benign	gnomad_9_127462314_A_G_150292099r7639	LRSAM1	I157V	I157
dbsnp_benign	gnomad_9_127479900_A_G_56380300r7640	LRSAM1	Q322R	Q322
dbsnp_benign	gnomad_11_72095011_G_C_149637884r7642	LRRC51	G118R	G118
dbsnp_benign	gnomad_14_74502845_C_A_147223742r7643	LTBP2	G1660W	G1660
dbsnp_benign	gnomad_14_74502845_C_T_147223742r7644	LTBP2	G1660R	G1660
dbsnp_benign	gnomad_14_74505066_C_T_116914994r7645	LTBP2	R1429Q	R1429
dbsnp_benign	gnomad_14_74528691_G_A_74758312r7647	LTBP2	F720F	F720
dbsnp_benign	gnomad_14_74611835_C_A_934996r7648	LTBP2	R37M	R37
dbsnp_benign	gnomad_14_74551197_C_A_137854857r7650	LTBP2	S518I	S518
dbsnp_benign	gnomad_19_40597342_G_A_184935788r7652	LTBP4	Q36Q	Q36
dbsnp_benign	gnomad_12_6374831_T_C_150809388r7654	SCNN1A	K8E	K8
dbsnp_benign	gnomad_1_235759371_T_G_147756847r7656	LYST	E2161A	E2161
dbsnp_benign	gnomad_1_235759561_C_T_146091043r7657	LYST	A2098T	A2098
dbsnp_benign	gnomad_1_235777232_C_G_35413645r7658	LYST	G1764A	G1764
dbsnp_benign	gnomad_1_235777232_C_T_35413645r7660	LYST	G1764D	G1764
dbsnp_benign	gnomad_1_235800337_T_G_74641549r7661	LYST	D1330A	D1330
dbsnp_benign	gnomad_1_235805777_C_A_143223086r7663	LYST	S1120I	S1120
dbsnp_benign	gnomad_1_235805777_C_T_143223086r7664	LYST	S1120N	S1120
dbsnp_benign	gnomad_22_20993947_C_T_752985853r7665	LZTR1	H459H	H459
dbsnp_benign	gnomad_22_20993947_C_G_752985853r7666	LZTR1	H459Q	H459
dbsnp_benign	gnomad_22_20994665_G_A_139368531r7667	LZTR1	D575N	D575
dbsnp_benign	gnomad_16_79599188_C_T_561314990r7668	MAF	A239T	A239
dbsnp_benign	gnomad_16_79211685_C_T_201088847r7670	WWOX	N378N	N378
dbsnp_benign	gnomad_16_79211692_C_T_200461412r7671	WWOX	R381C	R381
dbsnp_benign	gnomad_16_79211692_C_G_200461412r7673	WWOX	R381G	R381
dbsnp_benign	gnomad_16_79211779_G_T_76204496r7674	WWOX	G410C	G410
dbsnp_benign	gnomad_15_23644603_A_G_576711188r7676	MAGEL2	V1047A	V1047
dbsnp_benign	gnomad_15_23645453_C_T_201984254r7677	MAGEL2	A764T	A764
dbsnp_benign	gnomad_7_78160254_G_A_148005928r7678	MAGI2	N872N	N872
dbsnp_benign	gnomad_7_78160254_G_T_148005928r7680	MAGI2	N872K	N872
dbsnp_benign	gnomad_X_77895424_C_T_374235131r7681	MAGT1	G28E	G28
dbsnp_benign	gnomad_X_77895440_C_T_182757967r7682	MAGT1	V23I	V23
dbsnp_benign	gnomad_6_10775367_G_A_567083r7683	MAK	P520S	P520
dbsnp_benign	gnomad_X_150512085_C_T_147056898r7685	MAMLD1	T695I	T695
dbsnp_benign	gnomad_9_137088943_G_A_75442795r7686	MAN1B1	V135I	V135
dbsnp_benign	gnomad_9_137096373_C_T_73569515r7688	MAN1B1	P201L	P201
dbsnp_benign	gnomad_9_137106299_G_A_75639549r7690	MAN1B1	G477R	G477
dbsnp_benign	gnomad_9_137099759_G_A_114057640r7693	MAN1B1	R265H	R265
dbsnp_benign	gnomad_9_137087175_A_T_968733r7695	MAN1B1	N59I	N59
dbsnp_benign	gnomad_9_137087175_A_G_968733r7696	MAN1B1	N59S	N59
dbsnp_benign	gnomad_9_137087182_C_T_202182837r7697	MAN1B1	D61D	D61
dbsnp_benign	gnomad_19_12649959_C_T_61234887r7699	MAN2B1	G741R	G741
dbsnp_benign	gnomad_19_12658296_C_T_112829030r7701	MAN2B1	Q386Q	Q386
dbsnp_benign	gnomad_19_12661351_G_A_1054487r7702	MAN2B1	T312I	T312
dbsnp_benign	gnomad_4_102634852_G_C_116340501r7704	MANBA	P784R	P784
dbsnp_benign	gnomad_15_66435123_G_A_773928828r7706	MAP2K1	K59K	K59
dbsnp_benign	gnomad_15_66481822_C_T_138466751r7707	MAP2K1	S212S	S212
dbsnp_benign	gnomad_15_66481834_C_T_148968935r7708	MAP2K1	I216I	I216
dbsnp_benign	gnomad_15_66485144_C_T_144080051r7709	MAP2K1	A283V	A283
dbsnp_benign	gnomad_19_4090603_C_T_533247725r7710	MAP2K2	V400M	V400
dbsnp_benign	gnomad_19_4097282_G_A_143275018r7711	MAP2K2	N327N	N327
dbsnp_benign	gnomad_19_4099307_G_C_201726622r7712	MAP2K2	D271E	D271
dbsnp_benign	gnomad_19_4099307_G_A_201726622r7713	MAP2K2	D271D	D271
dbsnp_benign	gnomad_19_4117431_G_T_200918323r7714	MAP2K2	I97I	I97
dbsnp_benign	gnomad_19_4117431_G_C_200918323r7715	MAP2K2	I97M	I97
dbsnp_benign	gnomad_5_56815967_G_C_557606535r7716	MAP3K1	D132H	D132
dbsnp_benign	gnomad_5_56859791_A_G_55694258r7718	MAP3K1	Q237R	Q237
dbsnp_benign	gnomad_5_56859845_A_G_56069227r7720	MAP3K1	N255S	N255
dbsnp_benign	gnomad_5_56882016_C_G_45556841r7722	MAP3K1	S939C	S939
dbsnp_benign	gnomad_17_45983441_G_A_76375268r7724	MAPT	G213R	G213
dbsnp_benign	gnomad_17_46010385_G_A_116733906r7726	MAPT	V617I	V617
dbsnp_benign	gnomad_17_46010385_G_T_116733906r7727	MAPT	V617F	V617
dbsnp_benign	gnomad_12_57498433_C_T_139661803r7728	MARS1	R301C	R301
dbsnp_benign	gnomad_12_57515034_G_A_113808165r7729	MARS1	R727Q	R727
dbsnp_benign	gnomad_12_57490342_G_A_141671963r7731	MARS1	S209N	S209
dbsnp_benign	gnomad_3_187236319_C_T_73068950r7733	MASP1	V518I	V518
dbsnp_benign	gnomad_3_187241507_C_T_28945068r7734	MASP1	G426E	G426
dbsnp_benign	gnomad_3_187285998_C_T_77189011r7735	MASP1	V22M	V22
dbsnp_benign	gnomad_1_11045485_C_T_41307788r7737	MASP2	C156Y	C156
dbsnp_benign	gnomad_1_11027215_T_G_144471433r7739	MASP2	Q577H	Q577
dbsnp_benign	gnomad_1_11027630_C_T_12085877r7741	MASP2	R439H	R439
dbsnp_benign	gnomad_10_27171079_A_T_34635408r7743	MASTL	H707L	H707
dbsnp_benign	gnomad_10_27171079_A_G_34635408r7744	MASTL	H707R	H707
dbsnp_benign	gnomad_10_27186516_G_A_138288481r7745	MASTL	V874I	V874
dbsnp_benign	gnomad_3_129436571_A_G_2307298r7746	MBD4	I358T	I358
dbsnp_benign	gnomad_2_148468542_G_A_149278000r7748	MBD5	R200Q	R200
dbsnp_benign	gnomad_2_148468635_T_C_199530726r7750	MBD5	I231T	I231
dbsnp_benign	gnomad_2_148468739_A_G_568826753r7751	MBD5	I266V	I266
dbsnp_benign	gnomad_2_148469478_C_T_201695275r7752	MBD5	S512F	S512
dbsnp_benign	gnomad_2_148470070_T_C_763873615r7753	MBD5	S709S	S709
dbsnp_benign	gnomad_2_148470105_C_T_138639760r7754	MBD5	P721L	P721
dbsnp_benign	gnomad_2_148470197_A_G_147455836r7756	MBD5	I752V	I752
dbsnp_benign	gnomad_2_148470218_G_A_377604964r7757	MBD5	V759M	V759
dbsnp_benign	gnomad_2_148470257_A_C_200151142r7758	MBD5	N772H	N772
dbsnp_benign	gnomad_2_148470342_G_A_201668347r7759	MBD5	G800D	G800
dbsnp_benign	gnomad_2_148470342_G_C_201668347r7760	MBD5	G800A	G800
dbsnp_benign	gnomad_2_148483196_G_A_116207524r7761	MBD5	V869I	V869
dbsnp_benign	gnomad_2_148485874_A_C_761395486r7762	MBD5	Q993P	Q993
dbsnp_benign	gnomad_2_148485874_A_G_761395486r7763	MBD5	Q993R	Q993
dbsnp_benign	gnomad_2_148485940_A_G_143028540r7764	MBD5	Q1015R	Q1015
dbsnp_benign	gnomad_2_148489425_A_T_774513612r7765	MBD5	I1032L	I1032
dbsnp_benign	gnomad_2_148489474_C_T_145475623r7766	MBD5	T1048I	T1048
dbsnp_benign	gnomad_2_148489551_G_A_150972614r7767	MBD5	G1074S	G1074
dbsnp_benign	gnomad_2_148489641_A_G_115940994r7768	MBD5	I1104V	I1104
dbsnp_benign	gnomad_2_148489716_T_C_200395037r7769	MBD5	S1129P	S1129
dbsnp_benign	gnomad_2_148489821_G_A_534413662r7770	MBD5	A1164T	A1164
dbsnp_benign	gnomad_2_148489821_G_T_534413662r7771	MBD5	A1164S	A1164
dbsnp_benign	gnomad_2_148489831_C_T_1057522316r7772	MBD5	P1167L	P1167
dbsnp_benign	gnomad_2_148489926_G_A_201334086r7773	MBD5	G1199R	G1199
dbsnp_benign	gnomad_2_148490227_G_A_35934694r7775	MBD5	R1299Q	R1299
dbsnp_benign	gnomad_2_148502425_C_T_147291009r7776	MBD5	T1431I	T1431
dbsnp_benign	gnomad_10_52771466_C_T_1800451r7777	MBL2	G57E	G57
dbsnp_benign	gnomad_X_21878668_C_T_200298161r7779	MBTPS2	H413Y	H413
dbsnp_benign	gnomad_16_89919542_C_T_34158934r7780	MC1R	T95M	T95
dbsnp_benign	gnomad_16_89919773_G_T_376670171r7782	MC1R	S172I	S172
dbsnp_benign	gnomad_16_89917970_C_T_3212355r7784	N/A	NAN/ANA	NAN/A
dbsnp_benign	gnomad_16_89920138_G_C_1805009r7786	MC1R	D294H	D294
dbsnp_benign	gnomad_16_89920138_G_A_1805009r7788	MC1R	D294N	D294
dbsnp_benign	gnomad_18_60371599_T_G_52820871r7789	MC4R	I251L	I251
dbsnp_benign	gnomad_18_60371744_G_T_138281308r7790	MC4R	F202L	F202
dbsnp_benign	gnomad_3_183034058_C_T_34749281r7791	MCCC1	S538S	S538
dbsnp_benign	gnomad_22_40680966_G_A_11914085r7793	MCHR1	G34R	G34
dbsnp_benign	gnomad_19_7527954_C_A_113261161r7795	MCOLN1	S257R	S257
dbsnp_benign	gnomad_8_6414832_A_G_61749465r7797	MCPH1	D61G	D61
dbsnp_benign	gnomad_8_6442133_T_C_75741316r7799	MCPH1	I216T	I216
dbsnp_benign	gnomad_8_6444936_T_C_556803400r7801	MCPH1	L405P	L405
dbsnp_benign	gnomad_8_6445073_G_A_202004426r7802	MCPH1	E451K	E451
dbsnp_benign	gnomad_2_63588204_G_T_141340867r7803	WDPCP	P23Q	P23
dbsnp_benign	gnomad_X_154030377_C_G_267608370r7805	MECP2	R484T	R484
dbsnp_benign	gnomad_X_154030387_C_T_193922678r7806	MECP2	V481M	V481
dbsnp_benign	gnomad_X_154030395_C_T_145790362r7807	MECP2	R478Q	R478
dbsnp_benign	gnomad_X_154030489_C_T_267608626r7808	MECP2	A447T	A447
dbsnp_benign	gnomad_X_154030501_C_T_193922677r7809	MECP2	A443T	A443
dbsnp_benign	gnomad_X_154030513_C_T_61753973r7810	MECP2	A439T	A439
dbsnp_benign	gnomad_X_154030546_C_T_61753971r7811	MECP2	G428S	G428
dbsnp_benign	gnomad_X_154030594_C_T_61753966r7812	MECP2	V412I	V412
dbsnp_benign	gnomad_X_154030594_C_A_61753966r7813	MECP2	V412F	V412
dbsnp_benign	gnomad_X_154030623_G_A_61753014r7814	MECP2	P402L	P402
dbsnp_benign	gnomad_X_154030623_G_T_61753014r7815	MECP2	P402H	P402
dbsnp_benign	gnomad_X_154030624_G_T_150146088r7816	MECP2	P402T	P402
dbsnp_benign	gnomad_X_154030632_G_A_62915962r7817	MECP2	P399L	P399
dbsnp_benign	gnomad_X_154030639_C_T_56268439r7818	MECP2	E397K	E397
dbsnp_benign	gnomad_X_154030666_G_A_61753000r7819	MECP2	P388S	P388
dbsnp_benign	gnomad_X_154030666_G_C_61753000r7820	MECP2	P388A	P388
dbsnp_benign	gnomad_X_154030668_G_A_63390262r7821	MECP2	P387L	P387
dbsnp_benign	gnomad_X_154030693_G_A_782050077r7822	MECP2	P379S	P379
dbsnp_benign	gnomad_X_154030695_G_C_201314910r7823	MECP2	A378G	A378
dbsnp_benign	gnomad_X_154030695_G_A_201314910r7824	MECP2	A378V	A378
dbsnp_benign	gnomad_X_154030744_G_C_782171742r7825	MECP2	P362A	P362
dbsnp_benign	gnomad_X_154030744_G_A_782171742r7826	MECP2	P362S	P362
dbsnp_benign	gnomad_X_154030747_G_C_61752373r7827	MECP2	P361A	P361
dbsnp_benign	gnomad_X_154030756_C_T_147017239r7828	MECP2	A358T	A358
dbsnp_benign	gnomad_X_154030767_C_A_61748387r7829	MECP2	R354L	R354
dbsnp_benign	gnomad_X_154030798_G_A_61752361r7830	MECP2	R344W	R344
dbsnp_benign	gnomad_X_154030896_G_A_61751445r7831	MECP2	T311M	T311
dbsnp_benign	gnomad_X_154030947_C_T_61751366r7832	MECP2	R294Q	R294
dbsnp_benign	gnomad_X_154030949_G_C_587783140r7833	MECP2	I293M	I293
dbsnp_benign	gnomad_X_154030966_C_T_782455664r7834	MECP2	V288M	V288
dbsnp_benign	gnomad_X_154030996_C_T_782086416r7836	MECP2	A278T	A278
dbsnp_benign	gnomad_X_154031013_G_A_61750243r7837	MECP2	P272L	P272
dbsnp_benign	gnomad_X_154031142_G_A_61749739r7839	MECP2	S229L	S229
dbsnp_benign	gnomad_X_154031195_C_G_61749731r7840	MECP2	R211S	R211
dbsnp_benign	gnomad_X_154031220_G_A_61749720r7841	MECP2	T203M	T203
dbsnp_benign	gnomad_X_154031223_G_A_587783138r7842	MECP2	A202V	A202
dbsnp_benign	gnomad_X_154031223_G_C_587783138r7843	MECP2	A202G	A202
dbsnp_benign	gnomad_X_154031238_G_A_61749714r7844	MECP2	T197M	T197
dbsnp_benign	gnomad_X_154031301_G_C_61749701r7845	MECP2	P176R	P176
dbsnp_benign	gnomad_X_154031301_G_T_61749701r7846	MECP2	P176H	P176
dbsnp_benign	gnomad_X_154031313_G_A_267608491r7847	MECP2	P172L	P172
dbsnp_benign	gnomad_X_154031402_G_A_61748397r7848	MECP2	F142F	F142
dbsnp_benign	gnomad_X_154032339_T_C_61754444r7849	MECP2	K82R	K82
dbsnp_benign	gnomad_X_154032448_C_T_587783134r7850	MECP2	V46M	V46
dbsnp_benign	gnomad_X_71119456_C_T_770411750r7851	MED12	N61N	N61
dbsnp_benign	gnomad_X_71121649_G_C_377403264r7852	MED12	V312L	V312
dbsnp_benign	gnomad_X_71121746_C_A_773615925r7853	MED12	T344N	T344
dbsnp_benign	gnomad_X_71121754_A_G_752300879r7854	MED12	S347G	S347
dbsnp_benign	gnomad_X_71131617_A_G_202009066r7855	MED12	N1372S	N1372
dbsnp_benign	gnomad_X_71136522_T_C_201843482r7856	MED12	L1756P	L1756
dbsnp_benign	gnomad_X_71137228_A_G_587778438r7857	MED12	M1865V	M1865
dbsnp_benign	gnomad_X_71137346_C_T_200663107r7858	MED12	A1904V	A1904
dbsnp_benign	gnomad_X_71137618_G_A_781638379r7859	MED12	G1937S	G1937
dbsnp_benign	gnomad_X_71140687_A_G_372606012r7860	MED12	M2033V	M2033
dbsnp_benign	gnomad_12_115972166_C_T_554093251r7861	MED13L	M1934I	M1934
dbsnp_benign	gnomad_12_115983219_G_C_150339628r7863	MED13L	T1618S	T1618
dbsnp_benign	gnomad_12_115983375_G_A_113890513r7864	MED13L	S1566L	S1566
dbsnp_benign	gnomad_12_115983381_G_A_112709561r7865	MED13L	P1564L	P1564
dbsnp_benign	gnomad_12_115984252_G_T_146112707r7866	MED13L	P1487T	P1487
dbsnp_benign	gnomad_12_115991442_T_C_147863200r7867	MED13L	K1171R	K1171
dbsnp_benign	gnomad_12_116005987_C_T_749407155r7869	MED13L	R784Q	R784
dbsnp_benign	gnomad_12_116008443_T_A_775442091r7870	MED13L	D657V	D657
dbsnp_benign	gnomad_12_116008503_C_T_146499452r7871	MED13L	R637H	R637
dbsnp_benign	gnomad_12_116008536_G_A_186297695r7872	MED13L	P626L	P626
dbsnp_benign	gnomad_12_116008849_T_C_201414612r7873	MED13L	S522G	S522
dbsnp_benign	gnomad_12_116015160_T_C_376059806r7874	MED13L	H375R	H375
dbsnp_benign	gnomad_12_116019355_G_A_537593859r7875	MED13L	P293L	P293
dbsnp_benign	gnomad_16_3243324_G_A_11466047r7876	MEFV	F721F	F721
dbsnp_benign	gnomad_16_3243880_A_G_11466045r7878	MEFV	I591T	I591
dbsnp_benign	gnomad_16_3243888_C_T_1231122r7880	MEFV	P588P	P588
dbsnp_benign	gnomad_16_3243888_C_G_1231122r7882	MEFV	P588P	P588
dbsnp_benign	gnomad_16_3243896_C_T_79662406r7883	MEFV	R433H	R433
dbsnp_benign	gnomad_16_3254483_C_T_200766991r7885	MEFV	E195E	E195
dbsnp_benign	gnomad_16_3254483_C_G_200766991r7886	MEFV	E195D	E195
dbsnp_benign	gnomad_16_3254483_C_A_200766991r7887	MEFV	E195D	E195
dbsnp_benign	gnomad_16_3254771_G_A_104895175r7888	MEFV	N99N	N99
dbsnp_benign	gnomad_16_3256491_C_A_11466016r7889	MEFV	V33L	V33
dbsnp_benign	gnomad_19_42356932_G_A_141153248r7891	MEGF8	R1594H	R1594
dbsnp_benign	gnomad_19_42358931_G_C_149787596r7892	MEGF8	E1774Q	E1774
dbsnp_benign	gnomad_19_42370749_G_A_112167630r7893	MEGF8	V2352M	V2352
dbsnp_benign	gnomad_19_42376663_G_A_11881304r7895	MEGF8	R2809K	R2809
dbsnp_benign	gnomad_19_42376704_A_G_537269414r7896	MEGF8	S2823G	S2823
dbsnp_benign	gnomad_11_64806278_G_T_371364206r7898	MEN1	A340R	A340
dbsnp_benign	gnomad_11_64808033_C_T_607969r7899	MEN1	A176Q	A176
dbsnp_benign	gnomad_2_111898795_A_T_35898499r7901	MERTK	R20S	R20
dbsnp_benign	gnomad_2_111965277_G_A_7588635r7903	MERTK	A282T	A282
dbsnp_benign	gnomad_2_112028457_C_T_2230516r7905	MERTK	R865W	R865
dbsnp_benign	gnomad_2_112028715_G_A_148261231r7906	MERTK	A951T	A951
dbsnp_benign	gnomad_15_89776424_G_A_548112443r7907	MESP2	G23S	G23
dbsnp_benign	gnomad_15_89777265_T_C_185706635r7908	MESP2	L303P	L303
dbsnp_benign	gnomad_7_116699194_T_C_201315884r7910	MET	V37A	V37
dbsnp_benign	gnomad_7_116699588_G_T_55985569r7911	MET	E168D	E168
dbsnp_benign	gnomad_7_116699588_G_C_55985569r7912	MET	E168D	E168
dbsnp_benign	gnomad_7_116699691_T_A_200861145r7914	MET	S203T	S203
dbsnp_benign	gnomad_7_116699882_G_A_185301166r7915	MET	R266R	R266
dbsnp_benign	gnomad_7_116700051_A_G_201467281r7916	MET	S323G	S323
dbsnp_benign	gnomad_7_116700215_C_T_28444388r7917	MET	I377I	I377
dbsnp_benign	gnomad_7_116755368_G_A_199771406r7919	MET	S572N	S572
dbsnp_benign	gnomad_7_116757506_C_T_45520237r7920	MET	H644H	H644
dbsnp_benign	gnomad_7_116769719_C_T_748950533r7921	MET	H886H	H886
dbsnp_benign	gnomad_7_116769723_C_T_115574135r7922	MET	H888Y	H888
dbsnp_benign	gnomad_7_116769776_C_T_45572835r7924	MET	S905S	S905
dbsnp_benign	gnomad_7_116774906_C_T_369148519r7926	MET	N1018N	N1018
dbsnp_benign	gnomad_7_116774917_G_A_45612435r7927	MET	R1022Q	R1022
dbsnp_benign	gnomad_7_116774917_G_T_45612435r7928	MET	R1022L	R1022
dbsnp_benign	gnomad_7_116778862_C_T_774334135r7929	MET	L1143L	L1143
dbsnp_benign	gnomad_7_116778957_T_C_146651797r7930	MET	H1174H	H1174
dbsnp_benign	gnomad_7_116796026_G_A_752669237r7932	MET	V1359I	V1359
dbsnp_benign	gnomad_7_116796038_G_A_45578433r7933	MET	A1363T	A1363
dbsnp_benign	gnomad_7_116796056_T_C_45575438r7934	MET	L1369L	L1369
dbsnp_benign	gnomad_1_11989327_C_T_61733200r7936	MFN2	S53S	S53
dbsnp_benign	gnomad_1_11999035_C_T_137960129r7938	MFN2	N252N	N252
dbsnp_benign	gnomad_1_12004835_G_A_138382758r7939	MFN2	R468H	R468
dbsnp_benign	gnomad_1_12005744_G_A_376598131r7940	MFN2	R510Q	R510
dbsnp_benign	gnomad_11_119339722_C_T_148291350r7941	C1QTNF5	R114Q	R114
dbsnp_benign	gnomad_11_119342609_C_A_145881139r7942	MFRP	L458F	L458
dbsnp_benign	gnomad_11_119342609_C_G_145881139r7944	MFRP	L458F	L458
dbsnp_benign	gnomad_11_119344876_C_T_61736238r7945	MFRP	R257H	R257
dbsnp_benign	gnomad_11_119345432_C_A_150902999r7947	MFRP	G210V	G210
dbsnp_benign	gnomad_11_119345794_C_T_3814762r7950	MFRP	V136M	V136
dbsnp_benign	gnomad_11_119345845_T_C_4639950r7952	MFRP	I119V	I119
dbsnp_benign	gnomad_11_119346122_G_A_138913508r7954	MFRP	F65F	F65
dbsnp_benign	gnomad_11_119346157_G_C_139436396r7956	MFRP	R54G	R54
dbsnp_benign	gnomad_1_39969508_C_T_138442381r7958	MFSD2A	D524D	D524
dbsnp_benign	gnomad_1_39969508_C_G_138442381r7959	MFSD2A	D524E	D524
dbsnp_benign	gnomad_4_127939961_C_T_28544073r7960	MFSD8	G197D	G197
dbsnp_benign	gnomad_4_127939961_C_A_28544073r7961	MFSD8	G197V	G197
dbsnp_benign	gnomad_4_127957589_T_A_145529594r7963	MFSD8	E22D	E22
dbsnp_benign	gnomad_14_49621367_G_T_140584714r7965	MGAT2	K33N	K33
dbsnp_benign	gnomad_12_14882244_A_G_186013880r7967	MGP	N69N	N69
dbsnp_benign	gnomad_12_14883027_T_G_145210821r7969	MGP	N39H	N39
dbsnp_benign	gnomad_X_10567246_C_T_202142461r7970	MID1	R101H	R101
dbsnp_benign	gnomad_3_69964849_A_G_137904015r7971	MITF	E394E	E394
dbsnp_benign	gnomad_3_69964889_C_G_199992377r7972	MITF	P408A	P408
dbsnp_benign	gnomad_3_69964947_T_C_2055006r7973	MITF	V427A	V427
dbsnp_benign	gnomad_3_69965063_G_A_150995386r7974	MITF	E466K	E466
dbsnp_benign	gnomad_3_69965240_A_G_142263283r7975	MITF	T525A	T525
dbsnp_benign	gnomad_20_10405407_C_T_149051148r7976	MKKS	R518H	R518
dbsnp_benign	gnomad_20_10405498_C_T_61734546r7977	MKKS	A488T	A488
dbsnp_benign	gnomad_20_10408774_T_C_137853909r7979	MKKS	I339V	I339
dbsnp_benign	gnomad_20_10412791_C_A_74315394r7981	MKKS	A242S	A242
dbsnp_benign	gnomad_20_10413499_C_T_150920905r7982	MKKS	A6T	A6
dbsnp_benign	gnomad_17_58206088_C_G_11548967r7984	MKS1	L557L	L557
dbsnp_benign	gnomad_17_58206088_C_T_11548967r7986	MKS1	L557L	L557
dbsnp_benign	gnomad_17_58206520_G_A_769442220r7987	MKS1	R479C	R479
dbsnp_benign	gnomad_17_58207104_C_T_201619500r7988	MKS1	R463Q	R463
dbsnp_benign	gnomad_17_58216714_G_C_142813109r7990	MKS1	D71E	D71
dbsnp_benign	gnomad_17_58216714_G_A_142813109r7991	MKS1	D71D	D71
dbsnp_benign	gnomad_22_50074302_C_T_11568178r7992	MLC1	V210I	V210
dbsnp_benign	gnomad_22_50076894_C_T_537457768r7994	MLC1	A182T	A182
dbsnp_benign	gnomad_3_37001024_A_G_41295282r7995	MLH1	S93G	S93
dbsnp_benign	gnomad_3_37007004_G_C_28930073r7996	MLH1	D132H	D132
dbsnp_benign	gnomad_3_37008834_C_T_4647256r7997	MLH1	N158N	N158
dbsnp_benign	gnomad_3_37008847_A_C_748500860r7999	MLH1	R163R	R163
dbsnp_benign	gnomad_3_37008847_A_G_748500860r8000	MLH1	R163G	R163
dbsnp_benign	gnomad_3_37012059_G_A_2308317r8001	MLH1	V213M	V213
dbsnp_benign	gnomad_3_37012071_C_T_4986984r8003	MLH1	R217C	R217
dbsnp_benign	gnomad_3_37014516_G_A_863224341r8004	MLH1	K254K	K254
dbsnp_benign	gnomad_3_37017518_A_G_63750650r8005	MLH1	E268G	E268
dbsnp_benign	gnomad_3_37017560_C_G_63750360r8007	MLH1	A282G	A282
dbsnp_benign	gnomad_3_37017560_C_T_63750360r8008	MLH1	A282V	A282
dbsnp_benign	gnomad_3_37020379_C_T_146777069r8009	MLH1	H318H	H318
dbsnp_benign	gnomad_3_37020402_T_C_63751049r8010	MLH1	V326A	V326
dbsnp_benign	gnomad_3_37025638_C_A_201541505r8011	MLH1	T347N	T347
dbsnp_benign	gnomad_3_37025672_G_A_587780533r8012	MLH1	E358E	E358
dbsnp_benign	gnomad_3_37025764_G_A_63750361r8013	MLH1	R389Q	R389
dbsnp_benign	gnomad_3_37025815_G_A_41294980r8015	MLH1	S406N	S406
dbsnp_benign	gnomad_3_37025867_G_A_373076967r8016	MLH1	R423R	R423
dbsnp_benign	gnomad_3_37025919_G_A_63750365r8017	MLH1	A441T	A441
dbsnp_benign	gnomad_3_37025957_G_C_756099600r8018	MLH1	K453N	K453
dbsnp_benign	gnomad_3_37025957_G_A_756099600r8019	MLH1	K453K	K453
dbsnp_benign	gnomad_3_37028826_T_C_587778916r8020	MLH1	D484D	D484
dbsnp_benign	gnomad_3_37040217_C_T_752241564r8021	MLH1	F530F	F530
dbsnp_benign	gnomad_3_37047520_A_G_63751612r8022	MLH1	E578G	E578
dbsnp_benign	gnomad_3_37047529_C_T_63751684r8023	MLH1	P581L	P581
dbsnp_benign	gnomad_3_37047595_C_G_63750876r8024	MLH1	P603R	P603
dbsnp_benign	gnomad_3_37047639_A_G_35001569r8026	MLH1	K618E	K618
dbsnp_benign	gnomad_3_37047640_A_C_63750449r8028	MLH1	K618T	K618
dbsnp_benign	gnomad_3_37048583_A_G_55907433r8029	MLH1	I655V	I655
dbsnp_benign	gnomad_3_37048988_T_C_587779957r8031	MLH1	S692P	S692
dbsnp_benign	gnomad_3_37049015_C_A_63750114r8032	MLH1	Q701K	Q701
dbsnp_benign	gnomad_3_37050534_C_T_2020873r8034	MLH1	H718Y	H718
dbsnp_benign	gnomad_3_37050617_C_T_864622677r8036	MLH1	N745N	N745
dbsnp_benign	gnomad_3_37050634_A_G_140195825r8037	MLH1	K751R	K751
dbsnp_benign	gnomad_3_36993571_T_A_748406142r8038	MLH1	I8I	I8
dbsnp_benign	gnomad_3_36993612_G_C_41295280r8039	MLH1	G22A	G22
dbsnp_benign	gnomad_14_75046760_A_G_17782839r8041	MLH3	S966P	S966
dbsnp_benign	gnomad_14_75048398_C_T_28756982r8043	MLH3	V420I	V420
dbsnp_benign	gnomad_14_75048965_T_G_28756981r8045	MLH3	K231Q	K231
dbsnp_benign	gnomad_14_75049648_T_C_114829239r8047	MLH3	K3R	K3
dbsnp_benign	gnomad_2_237518580_G_A_3751108r8049	MLPH	D163N	D163
dbsnp_benign	gnomad_16_83899175_A_G_138107830r8051	MLYCD	R11G	R11
dbsnp_benign	gnomad_16_83899350_C_T_200579941r8053	MLYCD	A69V	A69
dbsnp_benign	gnomad_12_109559116_G_A_146687452r8054	MMAB	N208N	N208
dbsnp_benign	gnomad_12_109568772_A_G_62000414r8055	MMAB	I96I	I96
dbsnp_benign	gnomad_1_45508824_G_A_200276195r8057	MMACHC	R153Q	R153
dbsnp_benign	gnomad_1_45509165_C_T_34258482r8059	MMACHC	R267W	R267
dbsnp_benign	gnomad_2_149576442_C_T_114276563r8061	MMADHC	R158Q	R158
dbsnp_benign	gnomad_2_149582194_T_G_61750442r8063	MMADHC	K29N	K29
dbsnp_benign	gnomad_11_102944310_G_A_142064825r8065	MMP13	R458C	R458
dbsnp_benign	gnomad_11_102947933_T_C_17860568r8066	MMP13	D390G	D390
dbsnp_benign	gnomad_11_102949108_G_A_185832993r8068	MMP13	T323M	T323
dbsnp_benign	gnomad_11_102954497_C_T_181426884r8069	MMP13	D158N	D158
dbsnp_benign	gnomad_11_102955683_G_A_2276093r8071	MMP13	A8V	A8
dbsnp_benign	gnomad_16_55484131_G_A_147947052r8072	MMP2	E166K	E166
dbsnp_benign	gnomad_11_102611863_C_T_17099014r8074	MMP20	D139N	D139
dbsnp_benign	gnomad_20_46008985_C_T_1805088r8075	MMP9	A20V	A20
dbsnp_benign	gnomad_20_46008996_C_T_144023823r8077	MMP9	R24C	R24
dbsnp_benign	gnomad_6_49435589_G_A_137958217r8079	MMUT	A664V	A664
dbsnp_benign	gnomad_6_49456101_G_A_547709692r8080	MMUT	T297I	T297
dbsnp_benign	gnomad_6_49457983_C_T_142068898r8082	MMUT	R154H	R154
dbsnp_benign	gnomad_6_39909922_G_A_148579886r8084	MOCS1	R339W	R339
dbsnp_benign	gnomad_6_39912909_C_T_140243105r8085	MOCS1	E285K	E285
dbsnp_benign	gnomad_5_53102175_T_C_2233213r8086	MOCS2	T50A	T50
dbsnp_benign	gnomad_5_53102219_T_C_73094933r8088	MOCS2	D35G	D35
dbsnp_benign	gnomad_2_74461951_C_T_142032474r8089	MOGS	R613Q	R613
dbsnp_benign	gnomad_2_74462544_G_C_34838944r8091	MOGS	I415M	I415
dbsnp_benign	gnomad_2_74462544_G_A_34838944r8093	MOGS	I415I	I415
dbsnp_benign	gnomad_2_74462908_G_A_184209905r8094	MOGS	P294L	P294
dbsnp_benign	gnomad_2_74465163_G_C_369653963r8095	MOGS	R29G	R29
dbsnp_benign	gnomad_16_77199473_C_G_112674196r8097	SYCE1L	L8V	L8
dbsnp_benign	gnomad_9_13219604_C_G_34911705r8099	MPDZ	L347F	L347
dbsnp_benign	gnomad_1_43338136_G_T_17292650r8100	MPL	K39N	K39
dbsnp_benign	gnomad_1_43338669_G_A_12731981r8102	MPL	V114M	V114
dbsnp_benign	gnomad_1_43340495_G_A_149265851r8104	MPL	R321Q	R321
dbsnp_benign	gnomad_1_43346584_A_G_190983971r8106	MPL	T374A	T374
dbsnp_benign	gnomad_2_27313016_A_G_575558175r8108	MPV17	V55A	V55
dbsnp_benign	gnomad_1_161305824_C_T_774701563r8109	MPZ	G267S	G267
dbsnp_benign	gnomad_1_161307415_G_A_530923760r8110	MPZ	P26L	P26
dbsnp_benign	gnomad_21_32306681_G_A_75858661r8111	MRAP	V50M	V50
dbsnp_benign	gnomad_11_94445879_C_G_145415033r8113	MRE11	E600Q	E600
dbsnp_benign	gnomad_11_94447222_T_C_576878377r8115	MRE11	R594G	R594
dbsnp_benign	gnomad_11_94459428_C_T_104895016r8116	MRE11	E494K	E494
dbsnp_benign	gnomad_11_94459433_G_T_61749249r8117	MRE11	A492D	A492
dbsnp_benign	gnomad_11_94470486_G_C_115244417r8119	MRE11	S334R	S334
dbsnp_benign	gnomad_11_94478853_G_A_3218740r8121	MRE11	D142D	D142
dbsnp_benign	gnomad_11_94490865_C_T_116679717r8122	MRE11	D41N	D41
dbsnp_benign	gnomad_11_94490949_A_T_149101834r8124	MRE11	F13I	F13
dbsnp_benign	gnomad_10_73251925_G_T_116157972r8125	MRPS16	H38N	H38
dbsnp_benign	gnomad_4_83462582_C_T_13125836r8126	ABRAXAS1	D373N	D373
dbsnp_benign	gnomad_4_83462657_C_T_12642536r8128	ABRAXAS1	A348T	A348
dbsnp_benign	gnomad_4_83462782_A_G_138986552r8130	ABRAXAS1	V306A	V306
dbsnp_benign	gnomad_22_40418745_C_T_72655385r8132	MRTFA	A565T	A565
dbsnp_benign	gnomad_2_47403214_C_T_17217716r8134	MSH2	T8M	T8
dbsnp_benign	gnomad_2_47403258_T_C_372619120r8136	MSH2	F23L	F23
dbsnp_benign	gnomad_2_47408506_G_A_41295286r8137	MSH2	R106K	R106
dbsnp_benign	gnomad_2_47408528_G_A_35898375r8138	MSH2	K113K	K113
dbsnp_benign	gnomad_2_47410126_C_T_61756462r8140	MSH2	D133D	D133
dbsnp_benign	gnomad_2_47410162_T_G_63750124r8141	MSH2	I145M	I145
dbsnp_benign	gnomad_2_47410226_G_C_63750255r8142	MSH2	D167H	D167
dbsnp_benign	gnomad_2_47410232_A_G_63750716r8143	MSH2	I169V	I169
dbsnp_benign	gnomad_2_47410321_A_G_369685768r8144	MSH2	E198E	E198
dbsnp_benign	gnomad_2_47410369_A_G_768931909r8145	MSH2	R214R	R214
dbsnp_benign	gnomad_2_47414291_C_T_34136999r8146	MSH2	A272V	A272
dbsnp_benign	gnomad_2_47416297_G_T_202026056r8147	MSH2	G315V	G315
dbsnp_benign	gnomad_2_47416318_G_A_4987188r8148	MSH2	G322D	G322
dbsnp_benign	gnomad_2_47416325_G_A_63750505r8150	MSH2	Q324Q	Q324
dbsnp_benign	gnomad_2_47429782_A_C_781061998r8151	MSH2	R373R	R373
dbsnp_benign	gnomad_2_47429796_A_G_181852377r8152	MSH2	Q377Q	Q377
dbsnp_benign	gnomad_2_47429833_C_T_17224367r8153	MSH2	L390F	L390
dbsnp_benign	gnomad_2_47429920_C_A_63750006r8155	MSH2	Q419K	Q419
dbsnp_benign	gnomad_2_47429940_A_G_63751650r8156	MSH2	E425E	E425
dbsnp_benign	gnomad_2_47463132_A_G_267607960r8157	MSH2	L496L	L496
dbsnp_benign	gnomad_2_47470965_C_T_587778525r8158	MSH2	S554S	S554
dbsnp_benign	gnomad_2_47470969_T_C_61756466r8159	MSH2	L556L	L556
dbsnp_benign	gnomad_2_47470983_T_C_200056411r8161	MSH2	N560N	N560
dbsnp_benign	gnomad_2_47470993_A_G_55778204r8162	MSH2	T564A	T564
dbsnp_benign	gnomad_2_47475052_A_G_41295288r8163	MSH2	N596S	N596
dbsnp_benign	gnomad_2_47475228_G_A_549467183r8164	MSH2	V655I	V655
dbsnp_benign	gnomad_2_47476481_G_A_373226409r8165	MSH2	C707Y	C707
dbsnp_benign	gnomad_2_47476515_A_G_63750810r8166	MSH2	Q718Q	Q718
dbsnp_benign	gnomad_2_47476566_C_T_533553381r8167	MSH2	I735I	I735
dbsnp_benign	gnomad_2_47476566_C_A_533553381r8168	MSH2	I735I	I735
dbsnp_benign	gnomad_2_47478309_T_C_527725593r8169	MSH2	L750L	L750
dbsnp_benign	gnomad_2_47478486_G_A_202145681r8171	MSH2	E809K	E809
dbsnp_benign	gnomad_2_47480737_G_A_63750757r8172	MSH2	A834T	A834
dbsnp_benign	gnomad_5_80728964_G_A_34058399r8173	MSH3	E523K	E523
dbsnp_benign	gnomad_2_47783292_C_A_63750664r8175	MSH6	A20D	A20
dbsnp_benign	gnomad_2_47783292_C_T_63750664r8176	MSH6	A20V	A20
dbsnp_benign	gnomad_2_47783411_T_C_35819209r8177	MSH6	L60L	L60
dbsnp_benign	gnomad_2_47791032_G_A_774303198r8178	MSH6	E122E	E122
dbsnp_benign	gnomad_2_47791032_G_C_774303198r8179	MSH6	E122D	E122
dbsnp_benign	gnomad_2_47791097_G_T_3211299r8180	MSH6	S144I	S144
dbsnp_benign	gnomad_2_47798646_A_C_41557217r8181	MSH6	E221D	E221
dbsnp_benign	gnomad_2_47798967_C_T_138143769r8182	MSH6	S328S	S328
dbsnp_benign	gnomad_2_47799032_C_T_587782331r8183	MSH6	A350V	A350
dbsnp_benign	gnomad_2_47799136_A_C_781652274r8184	MSH6	R385R	R385
dbsnp_benign	gnomad_2_47799147_C_T_55708305r8185	MSH6	H388H	H388
dbsnp_benign	gnomad_2_47799386_G_A_41295268r8187	MSH6	R468H	R468
dbsnp_benign	gnomad_2_47799491_C_G_63750897r8188	MSH6	S503C	S503
dbsnp_benign	gnomad_2_47799509_T_C_63751005r8189	MSH6	V509A	V509
dbsnp_benign	gnomad_2_47799679_G_A_63749973r8190	MSH6	G566R	G566
dbsnp_benign	gnomad_2_47799792_G_A_876660790r8191	MSH6	K603K	K603
dbsnp_benign	gnomad_2_47799900_G_A_368059229r8192	MSH6	E639E	E639
dbsnp_benign	gnomad_2_47799996_G_A_765289515r8193	MSH6	L671L	L671
dbsnp_benign	gnomad_2_47800086_A_G_764244124r8194	MSH6	L701L	L701
dbsnp_benign	gnomad_2_47800255_C_T_56371757r8195	MSH6	L758L	L758
dbsnp_benign	gnomad_2_47800500_C_T_902748383r8197	MSH6	D839D	D839
dbsnp_benign	gnomad_2_47800616_T_C_2020912r8198	MSH6	V878A	V878
dbsnp_benign	gnomad_2_47800908_C_T_139026662r8200	MSH6	N975N	N975
dbsnp_benign	gnomad_2_47801134_G_A_576269342r8201	MSH6	V1051I	V1051
dbsnp_benign	gnomad_2_47801143_A_T_267608075r8202	MSH6	I1054F	I1054
dbsnp_benign	gnomad_2_47803464_C_T_142254875r8203	MSH6	P1073S	P1073
dbsnp_benign	gnomad_2_47803492_C_T_191109849r8205	MSH6	P1082L	P1082
dbsnp_benign	gnomad_2_47803511_C_T_35621414r8206	MSH6	F1088F	F1088
dbsnp_benign	gnomad_2_47803512_T_C_34490141r8207	MSH6	L1089L	L1089
dbsnp_benign	gnomad_2_47804959_A_T_63750252r8209	MSH6	E1163V	E1163
dbsnp_benign	gnomad_2_47806561_G_A_34625968r8211	MSH6	R1304K	R1304
dbsnp_benign	gnomad_2_47806630_A_G_780187989r8213	MSH6	N1327S	N1327
dbsnp_benign	gnomad_2_190060135_A_G_143242500r8214	MSTN	I225T	I225
dbsnp_benign	gnomad_2_190060319_C_T_35781413r8215	MSTN	E164K	E164
dbsnp_benign	gnomad_2_190060423_A_C_142195885r8217	MSTN	M129R	M129
dbsnp_benign	gnomad_5_174724974_G_C_760574628r8219	MSX2	K105N	K105
dbsnp_benign	gnomad_MT_7158_A_G_878887002r8220	MT-CO1	I419V	I419
dbsnp_benign	gnomad_MT_8519_G_A_878853091r8222	MT-ATP8	E52K	E52
dbsnp_benign	gnomad_MT_8527_A_G_878853003r8223	MT-ATP6	M1V	M1
dbsnp_benign	gnomad_MT_8557_G_A_386829040r8224	MT-ATP6	A11T	A11
dbsnp_benign	gnomad_MT_8616_G_T_41427749r8226	MT-ATP6	L30F	L30
dbsnp_benign	gnomad_MT_8616_G_A_41427749r8227	MT-ATP6	L30L	L30
dbsnp_benign	gnomad_MT_8803_A_T_878853020r8228	MT-ATP6	T93S	T93
dbsnp_benign	gnomad_MT_8842_A_C_386829052r8229	MT-ATP6	I106L	I106
dbsnp_benign	gnomad_MT_8932_C_T_878853013r8230	MT-ATP6	P136S	P136
dbsnp_benign	gnomad_MT_9007_A_G_1603221973r8232	MT-ATP6	T161A	T161
dbsnp_benign	gnomad_MT_4219_G_A_878853008r8233	MT-ND1	V305I	V305
dbsnp_benign	gnomad_MT_4924_G_A_386828956r8235	MT-ND2	S152N	S152
dbsnp_benign	gnomad_MT_5319_A_G_28456039r8237	MT-ND2	T284A	T284
dbsnp_benign	gnomad_MT_5331_C_A_200778062r8239	MT-ND2	L288I	L288
dbsnp_benign	gnomad_MT_9861_T_C_878853060r8240	MT-CO3	F219L	F219
dbsnp_benign	gnomad_MT_9966_G_A_200809063r8242	MT-CO3	V254I	V254
dbsnp_benign	gnomad_MT_10084_T_C_41487950r8244	MT-ND3	I9T	I9
dbsnp_benign	gnomad_MT_10192_C_T_1556423776r8246	MT-ND3	S45F	S45
dbsnp_benign	gnomad_MT_10321_T_C_193302928r8248	MT-ND3	V88A	V88
dbsnp_benign	gnomad_MT_10398_A_G_2853826r8250	MT-ND3	T114A	T114
dbsnp_benign	gnomad_MT_13681_A_G_386829187r8253	MT-ND5	T449A	T449
dbsnp_benign	gnomad_MT_13762_T_G_879154715r8255	MT-ND5	S476A	S476
dbsnp_benign	gnomad_MT_13768_T_C_1556424325r8257	MT-ND5	F478L	F478
dbsnp_benign	gnomad_MT_13879_T_C_879087566r8258	MT-ND5	S515P	S515
dbsnp_benign	gnomad_MT_14000_T_A_28359185r8260	MT-ND5	L555Q	L555
dbsnp_benign	gnomad_MT_14000_T_C_28359185r8261	MT-ND5	L555P	L555
dbsnp_benign	gnomad_MT_14002_A_G_386829198r8262	MT-ND5	T556A	T556
dbsnp_benign	gnomad_MT_14142_C_G_1603224552r8264	MT-ND5	I602M	I602
dbsnp_benign	gnomad_MT_14280_A_T_1603224649r8265	MT-ND6	S132T	S132
dbsnp_benign	gnomad_MT_14280_A_G_1603224649r8267	MT-ND6	S132P	S132
dbsnp_benign	gnomad_MT_14393_A_G_878853104r8268	MT-ND6	V94A	V94
dbsnp_benign	gnomad_MT_14577_T_C_386829219r8269	MT-ND6	I33V	I33
dbsnp_benign	gnomad_MT_14577_T_G_386829219r8270	MT-ND6	I33L	I33
dbsnp_benign	gnomad_MT_14750_A_G_1603224853r8271	MT-CYB	T2A	T2
dbsnp_benign	gnomad_MT_15071_T_C_199999794r8272	MT-CYB	Y109H	Y109
dbsnp_benign	gnomad_MT_15497_G_A_199951903r8273	MT-CYB	G251S	G251
dbsnp_benign	gnomad_MT_15777_G_A_879182710r8275	MT-CYB	S344N	S344
dbsnp_benign	gnomad_MT_15813_T_C_1603225521r8277	MT-CYB	V356A	V356
dbsnp_benign	gnomad_MT_15860_A_G_201023973r8278	MT-CYB	I372V	I372
dbsnp_benign	gnomad_MT_3308_T_C_28358582r8279	MT-ND1	M1T	M1
dbsnp_benign	gnomad_MT_3535_T_C_1603219004r8281	MT-ND1	L77L	L77
dbsnp_benign	gnomad_MT_3796_A_G_28357970r8282	MT-ND1	T164A	T164
dbsnp_benign	gnomad_MT_12346_C_T_200279497r8283	MT-ND5	H4Y	H4
dbsnp_benign	gnomad_14_64425752_G_A_34181110r8285	MTHFD1	R293H	R293
dbsnp_benign	gnomad_14_64449470_C_T_17857382r8286	MTHFD1	L769F	L769
dbsnp_benign	gnomad_1_11790692_C_T_45572531r8288	MTHFR	T653T	T653
dbsnp_benign	gnomad_1_11792354_C_A_45449298r8290	MTHFR	R519L	R519
dbsnp_benign	gnomad_1_11792354_C_T_45449298r8291	MTHFR	R519H	R519
dbsnp_benign	gnomad_1_11792355_G_A_45496998r8293	MTHFR	R519C	R519
dbsnp_benign	gnomad_1_11794441_C_T_45571736r8295	MTHFR	G422R	G422
dbsnp_benign	gnomad_1_11795259_G_A_141769179r8296	MTHFR	N290N	N290
dbsnp_benign	gnomad_1_11795259_G_C_141769179r8297	MTHFR	N290K	N290
dbsnp_benign	gnomad_1_11796278_G_A_34279942r8298	MTHFR	F236F	F236
dbsnp_benign	gnomad_1_11796278_G_T_34279942r8299	MTHFR	F236L	F236
dbsnp_benign	gnomad_1_11796321_G_A_1801133r8300	MTHFR	A222V	A222
dbsnp_benign	gnomad_X_150619117_C_T_140642341r8302	MTM1	A141V	A141
dbsnp_benign	gnomad_X_150660471_C_T_782137551r8303	MTM1	A485V	A485
dbsnp_benign	gnomad_3_9684904_C_T_183134138r8304	MTMR14	T356M	T356
dbsnp_benign	gnomad_11_95835360_C_T_371925152r8306	MTMR2	R621Q	R621
dbsnp_benign	gnomad_11_95835367_A_G_116750638r8307	MTMR2	S619P	S619
dbsnp_benign	gnomad_11_95836284_T_C_558018r8309	MTMR2	N545S	N545
dbsnp_benign	gnomad_6_73462030_G_C_201279883r8311	MTO1	G59A	G59
dbsnp_benign	gnomad_6_73479828_A_G_145043138r8312	MTO1	T308A	T308
dbsnp_benign	gnomad_6_73480048_A_G_144075994r8313	MTO1	M351V	M351
dbsnp_benign	gnomad_6_73497764_A_G_147990749r8315	MTO1	Q620Q	Q620
dbsnp_benign	gnomad_1_11247854_A_T_778914291r8317	MTOR	C361S	C361
dbsnp_benign	gnomad_1_236795503_C_G_111840642r8318	N/A	NAN/ANA	NAN/A
dbsnp_benign	gnomad_1_236803548_G_A_12749581r8320	MTR	R52Q	R52
dbsnp_benign	gnomad_1_236838569_G_A_2229275r8322	MTR	M495I	M495
dbsnp_benign	gnomad_1_236891204_C_T_116836001r8323	MTR	R1027W	R1027
dbsnp_benign	gnomad_1_236895535_A_G_149476106r8324	MTR	I1195V	I1195
dbsnp_benign	gnomad_12_123253718_G_A_78651634r8325	MTRFR	R15Q	R15
dbsnp_benign	gnomad_12_123256839_G_A_573747271r8327	MTRFR	Q103Q	Q103
dbsnp_benign	gnomad_5_7878005_A_C_556611332r8328	MTRR	R155R	R155
dbsnp_benign	gnomad_5_7878005_A_G_556611332r8329	MTRR	R155G	R155
dbsnp_benign	gnomad_5_7889274_C_T_144781389r8330	MTRR	L442L	L442
dbsnp_benign	gnomad_5_7892824_A_G_41283145r8331	MTRR	T490A	T490
dbsnp_benign	gnomad_5_7897114_G_A_114259126r8332	MTRR	V607I	V607
dbsnp_benign	gnomad_4_99581979_C_G_141736123r8334	MTTP	R46G	R46
dbsnp_benign	gnomad_4_99581979_C_T_141736123r8336	MTTP	R46W	R46
dbsnp_benign	gnomad_4_99583418_G_C_2306986r8337	MTTP	E98D	E98
dbsnp_benign	gnomad_4_99589739_A_G_563558722r8339	MTTP	T164A	T164
dbsnp_benign	gnomad_4_99589746_A_G_3792683r8340	MTTP	N166S	N166
dbsnp_benign	gnomad_4_99591762_C_G_17599091r8342	MTTP	Q244E	Q244
dbsnp_benign	gnomad_4_99594865_C_G_2306985r8345	MTTP	H297Q	H297
dbsnp_benign	gnomad_4_99611445_G_A_113337987r8346	MTTP	G661S	G661
dbsnp_benign	gnomad_11_1234256_C_A_190624357r8348	MUC5B	T810N	T810
dbsnp_benign	gnomad_11_1255202_G_T_55893724r8350	MUC5B	V5276L	V5276
dbsnp_benign	gnomad_11_1255202_G_C_55893724r8352	MUC5B	V5276L	V5276
dbsnp_benign	gnomad_9_110687230_G_A_55786136r8353	MUSK	G107E	G107
dbsnp_benign	gnomad_9_110695442_T_C_55980069r8355	MUSK	I133T	I133
dbsnp_benign	gnomad_9_110697338_T_C_202045225r8356	MUSK	I167T	I167
dbsnp_benign	gnomad_9_110800951_G_A_34115159r8358	MUSK	R858H	R858
dbsnp_benign	gnomad_1_45331211_T_G_1570363119r8360	MUTYH	T480P	T480
dbsnp_benign	gnomad_1_45331485_G_T_144079536r8361	MUTYH	L417M	L417
dbsnp_benign	gnomad_1_45331833_C_G_3219489r8362	MUTYH	Q335H	Q335
dbsnp_benign	gnomad_1_45333301_G_A_730881836r8365	MUTYH	D121D	D121
dbsnp_benign	gnomad_1_45334495_G_A_79777494r8366	MUTYH	P18L	P18
dbsnp_benign	gnomad_12_109576074_G_A_7957619r8368	MVK	S52N	S52
dbsnp_benign	gnomad_12_109579813_G_A_76914224r8370	MVK	V80I	V80
dbsnp_benign	gnomad_12_109591252_C_A_34975996r8372	MVK	I260I	I260
dbsnp_benign	gnomad_12_109591252_C_T_34975996r8374	MVK	I260I	I260
dbsnp_benign	gnomad_12_109596542_G_A_104895380r8375	MVK	D386N	D386
dbsnp_benign	gnomad_12_109571660_G_A_115802744r8377	MMAB	T62M	T62
dbsnp_benign	gnomad_12_109573424_G_T_10774774r8379	MMAB	R19R	R19
dbsnp_benign	gnomad_12_101685607_C_T_73390504r8381	MYBPC1	S1166F	S1166
dbsnp_benign	gnomad_12_101651324_C_A_139605474r8383	MYBPC1	P461Q	P461
dbsnp_benign	gnomad_11_47332099_G_A_370338674r8384	MYBPC3	R1263W	R1263
dbsnp_benign	gnomad_11_47332658_C_T_199669878r8385	MYBPC3	E1179K	E1179
dbsnp_benign	gnomad_11_47332891_C_T_187705120r8386	MYBPC3	R1138H	R1138
dbsnp_benign	gnomad_11_47332912_A_G_370890951r8387	MYBPC3	I1131T	I1131
dbsnp_benign	gnomad_11_47332942_C_T_397516018r8388	MYBPC3	R1121H	R1121
dbsnp_benign	gnomad_11_47333198_G_A_397516016r8389	MYBPC3	T1109I	T1109
dbsnp_benign	gnomad_11_47333198_G_C_397516016r8390	MYBPC3	T1109S	T1109
dbsnp_benign	gnomad_11_47333641_G_A_61729664r8392	MYBPC3	R1036C	R1036
dbsnp_benign	gnomad_11_47333743_G_A_3729799r8393	MYBPC3	R1002W	R1002
dbsnp_benign	gnomad_11_47333924_G_C_11570112r8395	MYBPC3	Q998E	Q998
dbsnp_benign	gnomad_11_47335077_G_C_193922380r8397	MYBPC3	T957S	T957
dbsnp_benign	gnomad_11_47335077_G_A_193922380r8398	MYBPC3	T957I	T957
dbsnp_benign	gnomad_11_47336000_C_T_190765116r8399	MYBPC3	E872K	E872
dbsnp_benign	gnomad_11_47337495_G_A_3729952r8400	MYBPC3	A833V	A833
dbsnp_benign	gnomad_11_47341172_G_A_193922378r8402	MYBPC3	F621F	F621
dbsnp_benign	gnomad_11_47341180_C_T_200352299r8403	MYBPC3	E619K	E619
dbsnp_benign	gnomad_11_47341222_C_T_376736293r8404	MYBPC3	D605N	D605
dbsnp_benign	gnomad_11_47341995_C_T_199728019r8405	MYBPC3	G596R	G596
dbsnp_benign	gnomad_11_47342060_C_T_397515922r8406	MYBPC3	R574Q	R574
dbsnp_benign	gnomad_11_47342061_G_T_61897383r8407	MYBPC3	R574R	R574
dbsnp_benign	gnomad_11_47342638_C_T_11570082r8408	MYBPC3	A522T	A522
dbsnp_benign	gnomad_11_47342683_C_T_35736435r8410	MYBPC3	G507R	G507
dbsnp_benign	gnomad_11_47342735_G_A_35690719r8412	MYBPC3	D489D	D489
dbsnp_benign	gnomad_11_47343571_G_A_11570076r8413	MYBPC3	R382W	R382
dbsnp_benign	gnomad_11_47346320_C_T_34580776r8415	MYBPC3	R326Q	R326
dbsnp_benign	gnomad_11_47348512_A_G_532498780r8417	MYBPC3	D228D	D228
dbsnp_benign	gnomad_11_47348512_A_C_532498780r8418	MYBPC3	D228E	D228
dbsnp_benign	gnomad_11_47349782_C_T_201098973r8419	MYBPC3	A216T	A216
dbsnp_benign	gnomad_11_47349863_C_T_11570052r8421	MYBPC3	V189I	V189
dbsnp_benign	gnomad_11_47349898_C_T_201012766r8423	MYBPC3	R177H	R177
dbsnp_benign	gnomad_11_47350041_G_A_193068692r8424	MYBPC3	R160W	R160
dbsnp_benign	gnomad_11_47350079_G_A_730880615r8425	MYBPC3	P147L	P147
dbsnp_benign	gnomad_11_47351449_C_T_776834755r8426	MYBPC3	V28M	V28
dbsnp_benign	gnomad_12_80707988_C_A_138296448r8427	MYF6	A90D	A90
dbsnp_benign	gnomad_16_15727037_G_A_111940956r8428	MYH11	D1223D	D1223
dbsnp_benign	gnomad_16_15727037_G_T_111940956r8429	MYH11	D1223E	D1223
dbsnp_benign	gnomad_16_15732611_C_T_112657320r8430	MYH11	A1202T	A1202
dbsnp_benign	gnomad_16_15735403_C_T_746943696r8431	MYH11	D1157N	D1157
dbsnp_benign	gnomad_16_15735563_G_A_370854451r8432	MYH11	I1103I	I1103
dbsnp_benign	gnomad_16_15735563_G_T_370854451r8433	MYH11	I1103I	I1103
dbsnp_benign	gnomad_16_15740087_G_A_137988790r8434	MYH11	I987I	I987
dbsnp_benign	gnomad_16_15741764_G_A_35035518r8435	MYH11	S883L	S883
dbsnp_benign	gnomad_16_15750147_G_A_150924100r8436	MYH11	H683H	H683
dbsnp_benign	gnomad_16_15771688_T_C_185661462r8437	MYH11	N305S	N305
dbsnp_benign	gnomad_16_15823313_G_A_569925780r8439	MYH11	H148H	H148
dbsnp_benign	gnomad_16_15837962_G_A_113363750r8440	MYH11	N97N	N97
dbsnp_benign	gnomad_16_15838196_G_A_148464745r8442	MYH11	N19N	N19
dbsnp_benign	gnomad_16_15704114_G_A_149529195r8443	MYH11	N1932N	N1932
dbsnp_benign	gnomad_16_15704114_G_T_149529195r8444	MYH11	N1932K	N1932
dbsnp_benign	gnomad_16_15708830_G_T_111588143r8446	MYH11	P1940Q	P1940
dbsnp_benign	gnomad_16_15708830_G_C_111588143r8447	MYH11	P1940R	P1940
dbsnp_benign	gnomad_16_15715192_C_T_146228576r8449	MYH11	R1862H	R1862
dbsnp_benign	gnomad_16_15717265_C_T_375230260r8450	MYH11	Q1793Q	Q1793
dbsnp_benign	gnomad_16_15724286_C_T_112467954r8451	MYH11	A1414T	A1414
dbsnp_benign	gnomad_16_15724323_G_A_760611400r8452	MYH11	I1401I	I1401
dbsnp_benign	gnomad_16_15724790_G_C_150033906r8453	MYH11	Q1325E	Q1325
dbsnp_benign	gnomad_16_15724902_G_T_141159831r8454	MYH11	L1317I	L1317
dbsnp_benign	gnomad_16_15724923_C_T_7196804r8456	MYH11	V1310M	V1310
dbsnp_benign	gnomad_16_15724985_A_G_16967510r8457	MYH11	V1289A	V1289
dbsnp_benign	gnomad_19_50210759_G_A_199910006r8459	MYH14	G132S	G132
dbsnp_benign	gnomad_19_50223085_C_T_200818171r8460	MYH14	R189C	R189
dbsnp_benign	gnomad_19_50223085_C_G_200818171r8461	MYH14	R189G	R189
dbsnp_benign	gnomad_19_50244260_C_T_150806988r8462	MYH14	S370L	S370
dbsnp_benign	gnomad_19_50280098_G_A_202225655r8463	MYH14	S1324N	S1324
dbsnp_benign	gnomad_19_50280098_G_C_202225655r8465	MYH14	S1324T	S1324
dbsnp_benign	gnomad_19_50291004_G_C_199915414r8466	MYH14	G1654R	G1654
dbsnp_benign	gnomad_19_50307053_C_T_200485394r8467	MYH14	R1854C	R1854
dbsnp_benign	gnomad_17_10525806_G_A_187438258r8468	MYH2	L1420F	L1420
dbsnp_benign	gnomad_17_10635457_G_A_140218185r8469	MYH3	A1361V	A1361
dbsnp_benign	gnomad_17_10635772_G_A_35230241r8470	MYH3	T1313I	T1313
dbsnp_benign	gnomad_17_10637934_G_A_140074626r8472	MYH3	A1244V	A1244
dbsnp_benign	gnomad_17_10638263_G_T_373367650r8473	MYH3	A1170E	A1170
dbsnp_benign	gnomad_17_10638263_G_A_373367650r8474	MYH3	A1170V	A1170
dbsnp_benign	gnomad_17_10638293_G_A_145080512r8475	MYH3	T1160M	T1160
dbsnp_benign	gnomad_17_10638327_C_G_145785711r8476	MYH3	E1149Q	E1149
dbsnp_benign	gnomad_17_10638363_G_A_12941197r8477	MYH3	R1137C	R1137
dbsnp_benign	gnomad_17_10638383_C_T_184919169r8479	MYH3	R1130H	R1130
dbsnp_benign	gnomad_17_10639155_C_T_142002449r8480	MYH3	R1046Q	R1046
dbsnp_benign	gnomad_17_10642602_T_C_200780612r8482	MYH3	K568R	K568
dbsnp_benign	gnomad_17_10642841_G_T_146873206r8483	MYH3	I522I	I522
dbsnp_benign	gnomad_17_10642996_A_G_115742228r8485	MYH3	Y471H	Y471
dbsnp_benign	gnomad_17_10651605_C_T_191837780r8487	MYH3	E138K	E138
dbsnp_benign	gnomad_17_10654899_G_C_143973840r8489	MYH3	Q56E	Q56
dbsnp_benign	gnomad_17_10630355_C_T_138194008r8490	MYH3	R1797H	R1797
dbsnp_benign	gnomad_17_10630414_G_A_200111154r8491	MYH3	S1777S	S1777
dbsnp_benign	gnomad_17_10631899_T_C_140180067r8492	MYH3	T1692A	T1692
dbsnp_benign	gnomad_17_10632522_G_A_34165480r8493	MYH3	A1637V	A1637
dbsnp_benign	gnomad_17_10634088_T_C_537656234r8494	MYH3	K1484R	K1484
dbsnp_benign	gnomad_14_23384597_G_T_144571463r8496	MYH6	Q1804K	Q1804
dbsnp_benign	gnomad_14_23385951_G_T_140651265r8498	MYH6	R1714R	R1714
dbsnp_benign	gnomad_14_23386368_G_A_149460065r8499	MYH6	R1636C	R1636
dbsnp_benign	gnomad_14_23393704_C_A_144907522r8501	MYH6	A964S	A964
dbsnp_benign	gnomad_14_23393787_G_A_199838024r8502	MYH6	A936V	A936
dbsnp_benign	gnomad_14_23393788_C_A_141704264r8504	MYH6	A936S	A936
dbsnp_benign	gnomad_14_23393788_C_T_141704264r8505	MYH6	A936T	A936
dbsnp_benign	gnomad_14_23394139_G_A_201193346r8506	MYH6	R872C	R872
dbsnp_benign	gnomad_14_23397060_C_T_148915045r8507	MYH6	V691I	V691
dbsnp_benign	gnomad_14_23398856_T_G_142992009r8508	MYH6	D588A	D588
dbsnp_benign	gnomad_14_23402473_C_T_148962966r8509	MYH6	G378S	G378
dbsnp_benign	gnomad_14_23402474_G_C_61742472r8510	MYH6	D377E	D377
dbsnp_benign	gnomad_14_23402474_G_A_61742472r8511	MYH6	D377D	D377
dbsnp_benign	gnomad_14_23404731_C_T_142027794r8512	MYH6	D208N	D208
dbsnp_benign	gnomad_14_23407154_G_T_573489857r8513	MYH6	L24I	L24
dbsnp_benign	gnomad_14_23388898_G_A_145611185r8514	MYH6	T1379M	T1379
dbsnp_benign	gnomad_14_23421008_C_A_45478699r8515	MYH7	D1096Y	D1096
dbsnp_benign	gnomad_14_23423701_A_G_145532615r8516	MYH7	M982T	M982
dbsnp_benign	gnomad_14_23424060_G_A_36211716r8518	MYH7	N923N	N923
dbsnp_benign	gnomad_14_23424102_G_T_377722048r8520	MYH7	I909I	I909
dbsnp_benign	gnomad_14_23424137_G_A_727504407r8521	MYH7	L898L	L898
dbsnp_benign	gnomad_14_23425371_G_A_2069544r8522	MYH7	D778D	D778
dbsnp_benign	gnomad_14_23428967_G_A_45508293r8523	MYH7	F465F	F465
dbsnp_benign	gnomad_14_23429040_G_A_121913653r8524	MYH7	T441M	T441
dbsnp_benign	gnomad_14_23429061_C_T_786205356r8525	MYH7	R434K	R434
dbsnp_benign	gnomad_14_23429785_G_A_2231126r8526	MYH7	D376D	D376
dbsnp_benign	gnomad_14_23429785_G_T_2231126r8528	MYH7	D376E	D376
dbsnp_benign	gnomad_14_23429911_G_A_34803781r8529	MYH7	N334N	N334
dbsnp_benign	gnomad_14_23431603_G_A_202141819r8531	MYH7	N238N	N238
dbsnp_benign	gnomad_14_23432791_T_A_201012865r8532	MYH7	Y117F	Y117
dbsnp_benign	gnomad_14_23433189_G_A_200493975r8533	MYH7	N80N	N80
dbsnp_benign	gnomad_14_23433656_G_A_186964570r8534	MYH7	A26V	A26
dbsnp_benign	gnomad_14_23413824_G_T_146796870r8536	MYH7	R1909R	R1909
dbsnp_benign	gnomad_14_23415160_G_A_777053791r8537	MYH7	D1798D	D1798
dbsnp_benign	gnomad_14_23415160_G_C_777053791r8538	MYH7	D1798E	D1798
dbsnp_benign	gnomad_14_23415773_G_C_779978846r8539	MYH7	I1671M	I1671
dbsnp_benign	gnomad_14_23416048_C_T_141122361r8540	MYH7	A1637T	A1637
dbsnp_benign	gnomad_14_23416085_C_T_766561921r8541	MYH7	E1624E	E1624
dbsnp_benign	gnomad_14_23416241_G_A_7140196r8542	MYH7	I1572I	I1572
dbsnp_benign	gnomad_14_23416241_G_T_7140196r8544	MYH7	I1572I	I1572
dbsnp_benign	gnomad_14_23417200_G_C_3729823r8545	MYH7	S1491C	S1491
dbsnp_benign	gnomad_14_23417295_C_A_201307101r8546	MYH7	K1459N	K1459
dbsnp_benign	gnomad_14_23418398_G_T_141764279r8547	MYH7	N1327K	N1327
dbsnp_benign	gnomad_14_23418398_G_A_141764279r8548	MYH7	N1327N	N1327
dbsnp_benign	gnomad_14_23419535_C_G_200000290r8549	MYH7	Q1267H	Q1267
dbsnp_benign	gnomad_14_23419559_G_A_149103761r8550	MYH7	H1259H	H1259
dbsnp_benign	gnomad_14_23419566_T_C_574005462r8551	MYH7	N1257S	N1257
dbsnp_benign	gnomad_14_23419881_G_A_370750044r8552	MYH7	D1230D	D1230
dbsnp_benign	gnomad_14_23419950_G_A_529700838r8553	MYH7	I1207I	I1207
dbsnp_benign	gnomad_17_10392597_T_G_111567318r8555	MYH8	E1838A	E1838
dbsnp_benign	gnomad_17_10392944_G_C_141215006r8557	MYH8	R1784G	R1784
dbsnp_benign	gnomad_17_10392944_G_T_141215006r8558	MYH8	R1784R	R1784
dbsnp_benign	gnomad_17_10396582_G_A_73977155r8559	MYH8	T1500M	T1500
dbsnp_benign	gnomad_17_10399648_G_A_34953692r8560	MYH8	R1253C	R1253
dbsnp_benign	gnomad_17_10400439_A_G_35962914r8562	MYH8	M1229T	M1229
dbsnp_benign	gnomad_17_10406714_A_T_115483891r8564	MYH8	I716N	I716
dbsnp_benign	gnomad_17_10409361_A_T_151091483r8566	MYH8	N605K	N605
dbsnp_benign	gnomad_17_10409445_C_G_75160168r8568	MYH8	E577D	E577
dbsnp_benign	gnomad_17_10419016_C_G_146732664r8569	MYH8	R75S	R75
dbsnp_benign	gnomad_22_36282733_C_T_140588099r8570	MYH9	G1940R	G1940
dbsnp_benign	gnomad_22_36285872_C_T_148109368r8571	MYH9	G1715S	G1715
dbsnp_benign	gnomad_22_36289246_G_A_139134727r8572	MYH9	R1466W	R1466
dbsnp_benign	gnomad_22_36294232_C_T_542791128r8574	MYH9	V1233M	V1233
dbsnp_benign	gnomad_22_36295670_C_T_137924205r8575	MYH9	R1107Q	R1107
dbsnp_benign	gnomad_22_36300231_C_T_151036570r8576	MYH9	A958T	A958
dbsnp_benign	gnomad_22_36301054_T_G_200328859r8577	MYH9	M879L	M879
dbsnp_benign	gnomad_22_36301054_T_C_200328859r8578	MYH9	M879V	M879
dbsnp_benign	gnomad_22_36316655_G_A_138436678r8580	MYH9	I414I	I414
dbsnp_benign	gnomad_22_36349101_G_A_147122501r8582	MYH9	L46F	L46
dbsnp_benign	gnomad_22_36349205_T_C_201415443r8584	MYH9	Y11C	Y11
dbsnp_benign	gnomad_22_36349230_G_C_56200894r8585	MYH9	Q3E	Q3
dbsnp_benign	gnomad_22_36286753_T_C_138158369r8586	MYH9	K1676E	K1676
dbsnp_benign	gnomad_22_36286827_A_G_142094977r8587	MYH9	M1651T	M1651
dbsnp_benign	gnomad_22_36288770_C_T_143269195r8589	MYH9	R1576Q	R1576
dbsnp_benign	gnomad_22_36288770_C_A_143269195r8590	MYH9	R1576L	R1576
dbsnp_benign	gnomad_12_110919160_C_T_104894363r8591	MYL2	A13T	A13
dbsnp_benign	gnomad_3_123640324_C_T_111901174r8592	MYLK	R1600R	R1600
dbsnp_benign	gnomad_3_123664192_C_T_149530842r8594	MYLK	A1300T	A1300
dbsnp_benign	gnomad_3_123725986_C_T_199988497r8595	MYLK	V537I	V537
dbsnp_benign	gnomad_3_123732896_T_C_77323602r8596	MYLK	R506G	R506
dbsnp_benign	gnomad_3_123733085_G_A_35156360r8598	MYLK	P443S	P443
dbsnp_benign	gnomad_3_123733085_G_T_35156360r8599	MYLK	P443T	P443
dbsnp_benign	gnomad_3_123733989_G_A_35912339r8601	MYLK	P336L	P336
dbsnp_benign	gnomad_3_123737421_G_A_149407805r8602	MYLK	N237N	N237
dbsnp_benign	gnomad_3_123739006_G_C_111256888r8603	MYLK	P160R	P160
dbsnp_benign	gnomad_3_123739976_C_A_140148380r8605	MYLK	Q133H	Q133
dbsnp_benign	gnomad_3_123739993_C_T_147840022r8607	MYLK	A128T	A128
dbsnp_benign	gnomad_20_31819584_G_A_117502839r8609	MYLK2	A2T	A2
dbsnp_benign	gnomad_20_31820246_C_A_138130914r8611	MYLK2	A58D	A58
dbsnp_benign	gnomad_20_31820339_G_A_115398036r8613	MYLK2	G89D	G89
dbsnp_benign	gnomad_20_31820357_C_A_121908108r8614	MYLK2	A95E	A95
dbsnp_benign	gnomad_20_31821473_G_A_145656924r8616	MYLK2	E170K	E170
dbsnp_benign	gnomad_20_31833784_C_T_146497334r8617	MYLK2	A593V	A593
dbsnp_benign	gnomad_3_123700226_T_C_113491038r8618	MYLK	H1081R	H1081
dbsnp_benign	gnomad_3_123700879_C_T_536506601r8620	MYLK	E863E	E863
dbsnp_benign	gnomad_3_123700935_G_A_3732485r8621	MYLK	R845C	R845
dbsnp_benign	gnomad_3_123708737_C_T_142835596r8623	MYLK	A701T	A701
dbsnp_benign	gnomad_3_123708815_C_T_147008323r8625	MYLK	G675R	G675
dbsnp_benign	gnomad_3_123708847_T_C_200273207r8627	MYLK	Q664R	Q664
dbsnp_benign	gnomad_3_123708870_C_A_138172035r8628	MYLK	W656C	W656
dbsnp_benign	gnomad_3_123649037_C_T_41366751r8629	MYLK	R1450Q	R1450
dbsnp_benign	gnomad_3_123657427_A_C_9844788r8631	MYLK	D1329E	D1329
dbsnp_benign	gnomad_17_18122213_A_G_76468019r8632	MYO15A	Q1138R	Q1138
dbsnp_benign	gnomad_17_18124531_G_A_146754758r8634	MYO15A	G1220R	G1220
dbsnp_benign	gnomad_17_18124531_G_C_146754758r8635	MYO15A	G1220R	G1220
dbsnp_benign	gnomad_17_18119509_G_A_201737186r8637	MYO15A	D237N	D237
dbsnp_benign	gnomad_12_57048275_C_G_141658242r8638	MYO1A	E17Q	E17
dbsnp_benign	gnomad_15_59205423_G_C_140447165r8639	MYO1E	I531M	I531
dbsnp_benign	gnomad_10_26173853_G_A_75801377r8641	MYO3A	E1197K	E1197
dbsnp_benign	gnomad_18_49902703_C_T_199782770r8643	MYO5B	R901Q	R901
dbsnp_benign	gnomad_18_49906490_C_G_61737448r8644	MYO5B	K781N	K781
dbsnp_benign	gnomad_18_49980469_C_T_189027956r8646	MYO5B	R344H	R344
dbsnp_benign	gnomad_18_50040286_C_A_138743872r8647	MYO5B	R56L	R56
dbsnp_benign	gnomad_18_50040286_C_T_138743872r8648	MYO5B	R56H	R56
dbsnp_benign	gnomad_18_49841392_G_C_186428920r8649	MYO5B	H1558Q	H1558
dbsnp_benign	gnomad_18_49843371_G_A_139632666r8651	MYO5B	S1494L	S1494
dbsnp_benign	gnomad_6_75832925_G_A_201507590r8653	MYO6	E159K	E159
dbsnp_benign	gnomad_6_75848478_C_T_145564837r8654	MYO6	A342V	A342
dbsnp_benign	gnomad_6_75855180_T_C_61732664r8656	MYO6	Y374H	Y374
dbsnp_benign	gnomad_6_75855204_G_A_111530469r8658	MYO6	D382N	D382
dbsnp_benign	gnomad_11_77156908_C_T_540197003r8659	MYO7A	F213F	F213
dbsnp_benign	gnomad_11_77174855_G_A_35641839r8660	MYO7A	V679I	V679
dbsnp_benign	gnomad_11_77177597_G_A_36090425r8662	MYO7A	D746N	D746
dbsnp_benign	gnomad_11_77179814_G_A_148343670r8664	MYO7A	R816H	R816
dbsnp_benign	gnomad_11_77197517_G_A_397516309r8665	MYO7A	V1454I	V1454
dbsnp_benign	gnomad_11_77199555_C_T_111033183r8666	MYO7A	S1530L	S1530
dbsnp_benign	gnomad_11_77199663_C_T_41298747r8668	MYO7A	T1566M	T1566
dbsnp_benign	gnomad_11_77199723_A_G_201251963r8670	MYO7A	N1586S	N1586
dbsnp_benign	gnomad_11_77199771_G_A_139889944r8672	MYO7A	R1602Q	R1602
dbsnp_benign	gnomad_11_77202412_A_G_77625410r8674	MYO7A	Y1719C	Y1719
dbsnp_benign	gnomad_11_77203118_C_A_111033287r8676	MYO7A	R1743R	R1743
dbsnp_benign	gnomad_11_77203118_C_T_111033287r8677	MYO7A	R1743W	R1743
dbsnp_benign	gnomad_11_77205579_C_T_111033504r8679	MYO7A	L1866L	L1866
dbsnp_benign	gnomad_11_77205579_C_A_111033504r8680	MYO7A	L1866L	L1866
dbsnp_benign	gnomad_11_77205600_G_A_45450893r8682	MYO7A	R1873R	R1873
dbsnp_benign	gnomad_11_77208439_G_A_142293185r8684	MYO7A	V1956I	V1956
dbsnp_benign	gnomad_11_77211314_G_A_200313391r8685	MYO7A	V2072I	V2072
dbsnp_benign	gnomad_11_77211314_G_T_200313391r8686	MYO7A	V2072F	V2072
dbsnp_benign	gnomad_11_77211972_G_A_3819170r8687	N/A	NAN/ANA	NAN/A
dbsnp_benign	gnomad_11_77213021_G_A_1132036r8689	MYO7A	D2142N	D2142
dbsnp_benign	gnomad_11_77214688_G_A_111033231r8691	MYO7A	G2214S	G2214
dbsnp_benign	gnomad_1_171636247_T_C_56314834r8693	MYOC	K398R	K398
dbsnp_benign	gnomad_1_171638703_G_C_2234927r8694	MYOC	D208E	D208
dbsnp_benign	gnomad_1_171652385_C_T_2234926r8696	MYOC	R76K	R76
dbsnp_benign	gnomad_1_171652468_C_A_74315339r8698	MYOC	Q48H	Q48
dbsnp_benign	gnomad_1_171652476_G_A_74315337r8700	MYOC	R46NA	R46
dbsnp_benign	gnomad_1_171652578_C_G_199752860r8701	MYOC	G12R	G12
dbsnp_benign	gnomad_18_3102477_T_C_200480164r8702	MYOM1	N1191S	N1191
dbsnp_benign	gnomad_18_3102510_T_C_188319622r8703	MYOM1	D1180G	D1180
dbsnp_benign	gnomad_18_3102510_T_G_188319622r8705	MYOM1	D1180A	D1180
dbsnp_benign	gnomad_18_3135694_T_A_188677538r8706	MYOM1	T688S	T688
dbsnp_benign	gnomad_18_3188780_C_T_139422575r8708	MYOM1	E247K	E247
dbsnp_benign	gnomad_5_137870800_A_G_34717730r8710	MYOT	Q50R	Q50
dbsnp_benign	gnomad_5_137870871_C_A_6890689r8712	MYOT	Q74K	Q74
dbsnp_benign	gnomad_5_137870871_C_G_6890689r8713	MYOT	Q74E	Q74
dbsnp_benign	gnomad_5_137870974_A_C_142416150r8714	MYOT	N108T	N108
dbsnp_benign	gnomad_5_137870994_G_A_114194130r8715	MYOT	A115T	A115
dbsnp_benign	gnomad_5_137870994_G_T_114194130r8716	MYOT	A115S	A115
dbsnp_benign	gnomad_5_137877521_G_A_150293853r8717	MYOT	R63H	R63
dbsnp_benign	gnomad_5_137877605_G_A_151094883r8719	MYOT	G91D	G91
dbsnp_benign	gnomad_5_137877618_G_A_375308029r8720	MYOT	S95S	S95
dbsnp_benign	gnomad_4_119136564_G_A_145688699r8722	MYOZ2	Q13Q	Q13
dbsnp_benign	gnomad_4_119164322_T_C_143345726r8723	MYOZ2	L163S	L163
dbsnp_benign	gnomad_4_119186143_A_G_140126678r8724	MYOZ2	I246M	I246
dbsnp_benign	gnomad_4_119151040_A_C_149125238r8725	MYOZ2	N82T	N82
dbsnp_benign	gnomad_10_68166483_G_A_150911078r8727	MYPN	R597H	R597
dbsnp_benign	gnomad_10_68166586_G_A_145440469r8729	MYPN	R631R	R631
dbsnp_benign	gnomad_10_68166592_C_T_147500426r8731	MYPN	N633N	N633
dbsnp_benign	gnomad_10_68166637_G_C_151017803r8732	MYPN	E648D	E648
dbsnp_benign	gnomad_10_68166637_G_A_151017803r8733	MYPN	E648E	E648
dbsnp_benign	gnomad_10_68174501_C_G_3814182r8734	MYPN	S803R	S803
dbsnp_benign	gnomad_10_68174501_C_A_3814182r8736	MYPN	S803R	S803
dbsnp_benign	gnomad_10_68199417_C_T_71534278r8737	MYPN	P1112L	P1112
dbsnp_benign	gnomad_10_68199417_C_G_71534278r8739	MYPN	P1112R	P1112
dbsnp_benign	gnomad_10_68199563_C_A_138313730r8740	MYPN	L1161I	L1161
dbsnp_benign	gnomad_10_68206830_C_T_146280945r8742	MYPN	D1240D	D1240
dbsnp_benign	gnomad_10_68210338_T_A_147659164r8743	MYPN	S1282R	S1282
dbsnp_benign	gnomad_2_15179038_C_G_145372749r8744	NBAS	D2264H	D2264
dbsnp_benign	gnomad_2_15179038_C_T_145372749r8745	NBAS	D2264N	D2264
dbsnp_benign	gnomad_2_15287121_C_A_145318018r8747	NBAS	R1697L	R1697
dbsnp_benign	gnomad_2_15287121_C_T_145318018r8748	NBAS	R1697H	R1697
dbsnp_benign	gnomad_2_15467734_G_A_558233705r8749	NBAS	P650S	P650
dbsnp_benign	gnomad_2_15467734_G_C_558233705r8751	NBAS	P650A	P650
dbsnp_benign	gnomad_2_15467734_G_T_558233705r8752	NBAS	P650T	P650
dbsnp_benign	gnomad_3_46996475_G_A_116104760r8753	NBEAL2	A786T	A786
dbsnp_benign	gnomad_8_89947856_C_T_115321485r8755	NBN	E628K	E628
dbsnp_benign	gnomad_8_89953399_C_T_72550742r8757	NBN	E564K	E564
dbsnp_benign	gnomad_11_134157939_G_A_116394634r8758	NCAPD3	T1388M	T1388
dbsnp_benign	gnomad_11_134157939_G_T_116394634r8760	NCAPD3	T1388K	T1388
dbsnp_benign	gnomad_11_134194113_C_T_73603039r8761	NCAPD3	G576D	G576
dbsnp_benign	gnomad_7_74782983_A_G_782555266r8763	NCF1	N166D	N166
dbsnp_benign	gnomad_1_183560204_G_A_55761650r8765	NCF2	P454S	P454
dbsnp_benign	gnomad_1_183567223_G_A_13306581r8767	NCF2	T279M	T279
dbsnp_benign	gnomad_22_36865055_C_A_112306225r8769	NCF4	T85N	T85
dbsnp_benign	gnomad_22_36871659_G_A_150103256r8771	NCF4	V160M	V160
dbsnp_benign	gnomad_20_34740518_C_T_146290271r8773	NCOA6	S1913N	S1913
dbsnp_benign	gnomad_20_34740518_C_G_146290271r8774	NCOA6	S1913T	S1913
dbsnp_benign	gnomad_19_54938078_C_T_77072552r8776	NLRP7	V699I	V699
dbsnp_benign	gnomad_8_133259226_T_G_2233328r8778	NDRG1	M111L	M111
dbsnp_benign	gnomad_8_133264553_T_C_2233319r8780	NDRG1	M67V	M67
dbsnp_benign	gnomad_2_240007349_T_C_13848r8782	NDUFA10	Q257Q	Q257
dbsnp_benign	gnomad_2_240011654_C_T_35462421r8784	NDUFA10	E238K	E238
dbsnp_benign	gnomad_2_240022222_T_C_35715497r8786	NDUFA10	N65S	N65
dbsnp_benign	gnomad_X_119872005_G_C_1801316r8789	NDUFA1	G32R	G32
dbsnp_benign	gnomad_22_42086248_G_A_113437301r8790	NDUFA6	H108Y	H108
dbsnp_benign	gnomad_12_4682285_C_T_34076756r8792	NDUFA9	P294L	P294
dbsnp_benign	gnomad_15_41387487_G_C_12900702r8794	NDUFAF1	A314G	A314
dbsnp_benign	gnomad_15_41387573_G_A_145122315r8796	NDUFAF1	T285T	T285
dbsnp_benign	gnomad_15_41396502_T_C_34979001r8797	NDUFAF1	I186M	I186
dbsnp_benign	gnomad_15_41396534_C_T_35227875r8799	NDUFAF1	E176K	E176
dbsnp_benign	gnomad_15_41396968_C_A_3204853r8801	NDUFAF1	R31L	R31
dbsnp_benign	gnomad_15_41396968_C_T_3204853r8803	NDUFAF1	R31H	R31
dbsnp_benign	gnomad_15_41397034_C_T_1899r8804	NDUFAF1	R9H	R9
dbsnp_benign	gnomad_5_61152896_G_A_9885480r8806	NDUFAF2	G151S	G151
dbsnp_benign	gnomad_6_96891202_A_G_6684r8808	NDUFAF4	L144L	L144
dbsnp_benign	gnomad_6_96891212_C_G_11402r8810	NDUFAF4	Q140H	Q140
dbsnp_benign	gnomad_6_96897691_G_A_139675421r8811	NDUFAF4	N37N	N37
dbsnp_benign	gnomad_6_96897691_G_T_139675421r8812	NDUFAF4	N37K	N37
dbsnp_benign	gnomad_20_13794911_A_G_148341631r8814	NDUFAF5	N150S	N150
dbsnp_benign	gnomad_20_13794912_T_C_146324749r8816	NDUFAF5	N150N	N150
dbsnp_benign	gnomad_8_95052195_G_A_61743028r8817	NDUFAF6	V280I	V280
dbsnp_benign	gnomad_2_206138586_G_C_78042826r8819	NDUFS1	L431V	L431
dbsnp_benign	gnomad_2_206147029_A_G_148544177r8820	NDUFS1	M204T	M204
dbsnp_benign	gnomad_1_161212418_C_G_11576415r8821	NDUFS2	P352A	P352
dbsnp_benign	gnomad_5_53560672_G_C_185711494r8823	NDUFS4	V4L	V4
dbsnp_benign	gnomad_5_1801484_C_T_1014264454r8825	NDUFS6	L23L	L23
dbsnp_benign	gnomad_19_1388539_C_T_1142530r8826	NDUFS7	P23L	P23
dbsnp_benign	gnomad_19_1388856_C_G_11551666r8828	NDUFS7	A49G	A49
dbsnp_benign	gnomad_11_67609473_C_T_139824241r8829	NDUFV1	N116N	N116
dbsnp_benign	gnomad_2_151560611_T_C_189912759r8830	NEB	Q4731R	Q4731
dbsnp_benign	gnomad_2_151579405_C_T_201111610r8833	NEB	R5546H	R5546
dbsnp_benign	gnomad_2_151579592_C_T_536508687r8834	NEB	A5484T	A5484
dbsnp_benign	gnomad_2_151582622_A_G_796103760r8836	NEB	L5341L	L5341
dbsnp_benign	gnomad_2_151591368_A_T_776187492r8840	NEB	S4972T	S4972
dbsnp_benign	gnomad_2_151600509_T_C_876657542r8842	NEB	H4574R	H4574
dbsnp_benign	gnomad_2_151600696_C_T_886038435r8843	NEB	A4512T	A4512
dbsnp_benign	gnomad_2_151606686_C_T_12998234r8844	NEB	A4223T	A4223
dbsnp_benign	gnomad_2_151617397_C_G_149025191r8846	NEB	M3473I	M3473
dbsnp_benign	gnomad_2_151627801_C_T_75639119r8848	NEB	G3046S	G3046
dbsnp_benign	gnomad_2_151650297_C_T_61730780r8849	NEB	R2437Q	R2437
dbsnp_benign	gnomad_2_151655360_A_C_78733601r8851	NEB	I2239M	I2239
dbsnp_benign	gnomad_2_151665346_A_C_202113159r8853	NEB	L1742R	L1742
dbsnp_benign	gnomad_2_151671122_C_G_34800215r8854	NEB	E1469D	E1469
dbsnp_benign	gnomad_2_151675365_A_G_182725059r8856	NEB	D1267D	D1267
dbsnp_benign	gnomad_2_151687453_A_G_143123053r8857	NEB	L868P	L868
dbsnp_benign	gnomad_2_151490508_C_T_376897146r8859	NEB	Q6531Q	Q6531
dbsnp_benign	gnomad_2_151498243_C_G_373742185r8860	N/A	NAN/ANA	NAN/A
dbsnp_benign	gnomad_2_151499356_G_A_189655274r8862	NEB	P8019L	P8019
dbsnp_benign	gnomad_2_151506970_G_A_34368668r8864	NEB	T6131I	T6131
dbsnp_benign	gnomad_2_151508075_G_A_41270201r8866	NEB	S6093L	S6093
dbsnp_benign	gnomad_2_151527007_C_T_35625617r8868	NEB	D5585N	D5585
dbsnp_benign	gnomad_2_151527483_C_T_200945025r8870	NEB	D5579N	D5579
dbsnp_benign	gnomad_2_151531823_C_T_16830171r8871	NEB	R5463H	R5463
dbsnp_benign	gnomad_2_151531823_C_G_16830171r8872	NEB	R5463P	R5463
dbsnp_benign	gnomad_10_20812805_T_C_143930021r8873	NEBL	I828V	I828
dbsnp_benign	gnomad_10_20819425_G_A_146218038r8874	NEBL	A685V	A685
dbsnp_benign	gnomad_10_20889912_T_C_71578975r8875	NEBL	K64R	K64
dbsnp_benign	gnomad_10_20889923_C_G_41277374r8877	NEBL	K60N	K60
dbsnp_benign	gnomad_10_20850403_G_T_146198369r8878	NEBL	Q370K	Q370
dbsnp_benign	gnomad_18_58329105_C_G_200330105r8879	NEDD4L	S264W	S264
dbsnp_benign	gnomad_18_58329105_C_T_200330105r8880	NEDD4L	S264L	S264
dbsnp_benign	gnomad_18_58389150_C_T_141136641r8881	NEDD4L	N871N	N871
dbsnp_benign	gnomad_8_24952832_T_C_377121179r8882	NEFL	Q537R	Q537
dbsnp_benign	gnomad_8_24955877_G_C_62636522r8884	NEFL	I213M	I213
dbsnp_benign	gnomad_8_24955932_G_A_185200977r8886	NEFL	A195V	A195
dbsnp_benign	gnomad_8_24955934_T_G_532240912r8888	NEFL	E194D	E194
dbsnp_benign	gnomad_8_24956289_A_G_58907919r8889	NEFL	V76A	V76
dbsnp_benign	gnomad_8_24953563_C_T_57153321r8890	NEFL	D468N	D468
dbsnp_benign	gnomad_4_169438116_G_C_6828134r8892	NEK1	Q883E	Q883
dbsnp_benign	gnomad_4_169477323_A_C_34324114r8894	NEK1	N717K	N717
dbsnp_benign	gnomad_4_169555938_G_C_369081861r8896	NEK1	P475R	P475
dbsnp_benign	gnomad_4_169555974_G_A_34540355r8897	NEK1	A463V	A463
dbsnp_benign	gnomad_X_74740804_T_C_143365662r8899	NEXMIF	I1251M	I1251
dbsnp_benign	gnomad_X_74740920_C_T_757442837r8900	NEXMIF	G1213S	G1213
dbsnp_benign	gnomad_X_74741888_G_A_377201508r8901	NEXMIF	P890L	P890
dbsnp_benign	gnomad_X_74742459_C_G_141776597r8902	NEXMIF	V700L	V700
dbsnp_benign	gnomad_X_74743361_T_C_776363168r8903	NEXMIF	D399G	D399
dbsnp_benign	gnomad_X_74744406_G_T_145018752r8904	NEXMIF	P51T	P51
dbsnp_benign	gnomad_1_77917694_C_T_371431782r8906	NEXN	D52D	D52
dbsnp_benign	gnomad_1_77926436_T_C_372065024r8907	NEXN	I171T	I171
dbsnp_benign	gnomad_1_77926863_C_T_146245480r8908	NEXN	R279C	R279
dbsnp_benign	gnomad_1_77926884_C_T_199917913r8909	NEXN	R286W	R286
dbsnp_benign	gnomad_1_77929344_C_G_200753280r8910	NEXN	T298R	T298
dbsnp_benign	gnomad_1_77929400_A_C_559464457r8911	NEXN	M317L	M317
dbsnp_benign	gnomad_1_77935993_G_A_775204901r8912	NEXN	R474R	R474
dbsnp_benign	gnomad_1_77942167_A_G_201390657r8913	NEXN	M540V	M540
dbsnp_benign	gnomad_1_77942586_C_T_182998780r8914	NEXN	D595D	D595
dbsnp_benign	gnomad_17_31163237_C_T_7207410r8915	NF1	L114L	L114
dbsnp_benign	gnomad_17_31163251_C_T_768777585r8916	NF1	C118C	C118
dbsnp_benign	gnomad_17_31163275_A_G_786201914r8917	NF1	E126E	E126
dbsnp_benign	gnomad_17_31169939_T_A_112306990r8918	NF1	D176E	D176
dbsnp_benign	gnomad_17_31182623_G_A_138840528r8920	NF1	Q282Q	Q282
dbsnp_benign	gnomad_17_31223532_T_C_142712751r8922	NF1	L604L	L604
dbsnp_benign	gnomad_17_31229168_C_T_2230852r8923	NF1	C851C	C851
dbsnp_benign	gnomad_17_31229905_A_G_557875547r8924	NF1	N974S	N974
dbsnp_benign	gnomad_17_31232853_C_T_147955381r8925	NF1	N1156N	N1156
dbsnp_benign	gnomad_17_31325835_A_G_150309802r8926	NF1	Q1617Q	Q1617
dbsnp_benign	gnomad_17_31326019_A_G_147327414r8927	NF1	I1679V	I1679
dbsnp_benign	gnomad_17_31326219_G_A_17887014r8929	NF1	K1745K	K1745
dbsnp_benign	gnomad_17_31330443_G_A_141077224r8931	NF1	E1919E	E1919
dbsnp_benign	gnomad_17_31334908_G_A_144808600r8932	NF1	K1961K	K1961
dbsnp_benign	gnomad_17_31336866_A_G_200022550r8933	NF1	I2127V	I2127
dbsnp_benign	gnomad_17_31352394_C_T_148154172r8934	NF1	A2532V	A2532
dbsnp_benign	gnomad_17_31358550_A_G_146315101r8935	NF1	I2681V	I2681
dbsnp_benign	gnomad_17_31358570_T_C_786202936r8936	NF1	S2687S	S2687
dbsnp_benign	gnomad_17_31374134_T_C_142636150r8938	NF1	N2833N	N2833
dbsnp_benign	gnomad_2_177231433_C_T_757703926r8939	NFE2L2	Q390Q	Q390
dbsnp_benign	gnomad_1_61455362_C_T_114023473r8940	NFIA	P486S	P486
dbsnp_benign	gnomad_4_102606588_G_T_149211506r8942	NFKB1	L614F	L614
dbsnp_benign	gnomad_14_35402826_C_G_148656104r8943	NFKBIA	G194A	G194
dbsnp_benign	gnomad_2_69423598_G_A_74637005r8944	NFU1	R96C	R96
dbsnp_benign	gnomad_3_25729293_C_G_544148699r8946	NGLY1	C484S	C484
dbsnp_benign	gnomad_3_25729308_G_A_564037973r8947	NGLY1	T479I	T479
dbsnp_benign	gnomad_3_25751206_C_A_139636452r8948	NGLY1	V184F	V184
dbsnp_benign	gnomad_3_25751206_C_T_139636452r8949	NGLY1	V184I	V184
dbsnp_benign	gnomad_2_219146708_T_C_146861504r8951	NHEJ1	N187S	N187
dbsnp_benign	gnomad_2_219157604_G_A_113689741r8952	NHEJ1	D86D	D86
dbsnp_benign	gnomad_6_18121617_C_T_148553723r8954	NHLRC1	Q330Q	Q330
dbsnp_benign	gnomad_5_178149823_C_T_139588879r8955	NHP2	A118T	A118
dbsnp_benign	gnomad_5_178149824_G_A_115334254r8957	NHP2	A117A	A117
dbsnp_benign	gnomad_5_178150922_C_T_145890370r8959	NHP2	R101Q	R101
dbsnp_benign	gnomad_X_17725866_T_C_187739639r8961	NHS	M587T	M587
dbsnp_benign	gnomad_X_17726436_T_C_143081492r8962	NHS	F777S	F777
dbsnp_benign	gnomad_X_17726699_G_A_149609550r8963	NHS	A865T	A865
dbsnp_benign	gnomad_X_17727891_C_T_141013518r8964	NHS	T1262M	T1262
dbsnp_benign	gnomad_X_17728035_G_T_41304731r8965	NHS	G1310V	G1310
dbsnp_benign	gnomad_X_17728149_G_A_141525588r8966	NHS	R1348H	R1348
dbsnp_benign	gnomad_X_17728157_G_A_148418212r8967	NHS	D1351N	D1351
dbsnp_benign	gnomad_X_17728188_C_T_766379688r8968	NHS	S1361L	S1361
dbsnp_benign	gnomad_X_17732174_T_A_2071848r8969	NHS	S1556T	S1556
dbsnp_benign	gnomad_X_17732340_G_C_140651691r8971	NHS	S1611T	S1611
dbsnp_benign	gnomad_14_50729533_T_C_61747997r8972	NIN	N2023S	N2023
dbsnp_benign	gnomad_14_50729698_G_A_61744312r8974	NIN	T1968M	T1968
dbsnp_benign	gnomad_14_50735593_G_C_2295847r8976	NIN	Q1934E	Q1934
dbsnp_benign	gnomad_14_50738278_C_T_11376r8979	NIN	Q1879Q	Q1879
dbsnp_benign	gnomad_14_50739427_A_T_12717411r8980	NIN	S1837T	S1837
dbsnp_benign	gnomad_14_50752531_C_T_149669464r8982	NIN	R1646H	R1646
dbsnp_benign	gnomad_14_50752602_T_G_77959782r8984	NIN	E1622D	E1622
dbsnp_benign	gnomad_14_50752631_G_A_61755995r8986	NIN	R1613C	R1613
dbsnp_benign	gnomad_14_50757576_C_A_61742284r8988	NIN	V1152F	V1152
dbsnp_benign	gnomad_14_50757699_G_C_2236316r8990	NIN	P1111A	P1111
dbsnp_benign	gnomad_14_50758379_T_C_41299191r8992	NIN	K884R	K884
dbsnp_benign	gnomad_14_50760282_A_G_4901055r8994	NIN	H658H	H658
dbsnp_benign	gnomad_14_50744355_C_T_75544578r8996	NIN	C1692Y	C1692
dbsnp_benign	gnomad_5_157463166_T_C_183419459r8998	NIPAL4	V37A	V37
dbsnp_benign	gnomad_5_36985474_G_A_185678374r8999	NIPBL	R765K	R765
dbsnp_benign	gnomad_5_36985631_C_T_587783903r9000	NIPBL	D817D	D817
dbsnp_benign	gnomad_14_36519258_G_T_201631950r9001	NKX2-1	L34I	L34
dbsnp_benign	gnomad_5_173232601_C_A_201249977r9002	NKX2-5	V315L	V315
dbsnp_benign	gnomad_5_173232601_C_T_201249977r9003	NKX2-5	V315M	V315
dbsnp_benign	gnomad_5_173233001_C_T_72554028r9004	NKX2-5	Q181Q	Q181
dbsnp_benign	gnomad_5_173233189_C_A_137852684r9006	NKX2-5	A119S	A119
dbsnp_benign	gnomad_5_173233371_C_T_200039950r9007	NKX2-5	R143Q	R143
dbsnp_benign	gnomad_5_173235023_C_G_104893904r9009	NKX2-5	E21Q	E21
dbsnp_benign	gnomad_4_13544092_G_C_202191746r9010	NKX3-2	A108G	A108
dbsnp_benign	gnomad_4_13544225_C_G_202195290r9012	NKX3-2	G64R	G64
dbsnp_benign	gnomad_4_13544225_C_T_202195290r9013	NKX3-2	G64R	G64
dbsnp_benign	gnomad_X_71169504_A_G_144914894r9014	NLGN3	T652A	T652
dbsnp_benign	gnomad_X_71147759_C_T_376877146r9016	NLGN3	R4W	R4
dbsnp_benign	gnomad_X_5893491_G_A_3747333r9018	NLGN4X	L593F	L593
dbsnp_benign	gnomad_X_5903545_T_C_144093574r9020	NLGN4X	K378R	K378
dbsnp_benign	gnomad_X_5903723_G_T_199769855r9021	NLGN4X	R319R	R319
dbsnp_benign	gnomad_2_32235555_G_T_145285650r9022	NLRC4	N876K	N876
dbsnp_benign	gnomad_2_32235555_G_A_145285650r9023	NLRC4	N876N	N876
dbsnp_benign	gnomad_2_32250181_T_C_148632046r9025	NLRC4	L561L	L561
dbsnp_benign	gnomad_2_32250181_T_G_148632046r9026	NLRC4	L561F	L561
dbsnp_benign	gnomad_2_32251232_C_T_34577313r9027	NLRC4	G211E	G211
dbsnp_benign	gnomad_2_32251386_C_T_113631419r9028	NLRC4	A160T	A160
dbsnp_benign	gnomad_19_53795933_G_A_140769141r9029	NLRP12	N1008N	N1008
dbsnp_benign	gnomad_19_53795953_C_T_144746100r9030	NLRP12	D1002N	D1002
dbsnp_benign	gnomad_19_53798340_G_T_104895570r9032	NLRP12	R944R	R944
dbsnp_benign	gnomad_19_53801282_C_G_104895568r9034	NLRP12	V901L	V901
dbsnp_benign	gnomad_19_53803958_G_C_150671525r9035	NLRP12	T860S	T860
dbsnp_benign	gnomad_19_53807597_T_C_150848917r9036	NLRP12	N714S	N714
dbsnp_benign	gnomad_19_53810222_C_T_77667763r9037	NLRP12	Q479Q	Q479
dbsnp_benign	gnomad_19_53810703_G_C_35401786r9039	NLRP12	P319R	P319
dbsnp_benign	gnomad_19_53810749_G_A_141245482r9040	NLRP12	H304Y	H304
dbsnp_benign	gnomad_19_53811235_C_T_34330210r9041	NLRP12	D142N	D142
dbsnp_benign	gnomad_1_247419003_T_C_147559626r9042	NLRP3	M68T	M68
dbsnp_benign	gnomad_1_247419008_G_A_117287351r9043	NLRP3	V70M	V70
dbsnp_benign	gnomad_1_247424036_G_A_180177459r9045	NLRP3	S196N	S196
dbsnp_benign	gnomad_1_247424041_G_A_121908147r9046	NLRP3	V198M	V198
dbsnp_benign	gnomad_1_247424238_C_T_146442638r9048	NLRP3	S263S	S263
dbsnp_benign	gnomad_1_247424238_C_A_146442638r9049	NLRP3	S263R	S263
dbsnp_benign	gnomad_1_247424528_T_A_201593863r9050	NLRP3	L360Q	L360
dbsnp_benign	gnomad_1_247424649_C_T_202094185r9051	NLRP3	N400N	N400
dbsnp_benign	gnomad_1_247424823_C_T_180177481r9052	NLRP3	H458H	H458
dbsnp_benign	gnomad_1_247424823_C_G_180177481r9054	NLRP3	H458Q	H458
dbsnp_benign	gnomad_1_247424889_C_G_756162800r9055	NLRP3	I480M	I480
dbsnp_benign	gnomad_1_247424912_G_A_145268073r9056	NLRP3	R488K	R488
dbsnp_benign	gnomad_1_247425094_T_C_144469697r9057	NLRP3	L549L	L549
dbsnp_benign	gnomad_1_247425094_T_G_144469697r9058	NLRP3	L549V	L549
dbsnp_benign	gnomad_1_247434206_G_A_141389711r9059	NLRP3	G809S	G809
dbsnp_benign	gnomad_7_37884385_A_G_142516478r9060	NME8	Q359Q	Q359
dbsnp_benign	gnomad_7_144397490_G_A_115882574r9061	NOBOX	P609L	P609
dbsnp_benign	gnomad_7_144401541_G_A_7800847r9062	NOBOX	R117W	R117
dbsnp_benign	gnomad_7_144404635_C_A_115206969r9064	NOBOX	R44L	R44
dbsnp_benign	gnomad_16_50699554_C_T_201586544r9066	NOD2	S47L	S47
dbsnp_benign	gnomad_16_50699688_G_A_187264529r9067	NOD2	V92I	V92
dbsnp_benign	gnomad_16_50699688_G_T_187264529r9068	NOD2	V92F	V92
dbsnp_benign	gnomad_16_50699727_G_A_113706344r9069	NOD2	A105T	A105
dbsnp_benign	gnomad_16_50699832_G_A_34684955r9071	NOD2	A140T	A140
dbsnp_benign	gnomad_16_50699874_G_A_146054564r9073	NOD2	D154N	D154
dbsnp_benign	gnomad_16_50699898_G_A_139571975r9074	NOD2	V162I	V162
dbsnp_benign	gnomad_16_50707880_C_T_61755182r9075	NOD2	T189M	T189
dbsnp_benign	gnomad_16_50707947_C_T_5743269r9077	NOD2	A211A	A211
dbsnp_benign	gnomad_16_50710654_T_G_104895423r9079	NOD2	L248R	L248
dbsnp_benign	gnomad_16_50710752_C_T_756943416r9080	NOD2	L281F	L281
dbsnp_benign	gnomad_16_50710770_C_T_560242309r9081	NOD2	H287Y	H287
dbsnp_benign	gnomad_16_50710777_A_G_5743271r9082	NOD2	N289S	N289
dbsnp_benign	gnomad_16_50710786_C_T_149338478r9084	NOD2	A292V	A292
dbsnp_benign	gnomad_16_50710786_C_G_149338478r9086	NOD2	A292G	A292
dbsnp_benign	gnomad_16_50710792_C_G_104895425r9087	NOD2	T294S	T294
dbsnp_benign	gnomad_16_50710966_A_G_5743272r9089	NOD2	H352R	H352
dbsnp_benign	gnomad_16_50710981_A_C_104895469r9090	NOD2	D357A	D357
dbsnp_benign	gnomad_16_50710981_A_G_104895469r9091	NOD2	D357G	D357
dbsnp_benign	gnomad_16_50711083_G_A_554887705r9092	NOD2	R391H	R391
dbsnp_benign	gnomad_16_50711101_C_T_150078153r9093	NOD2	P397L	P397
dbsnp_benign	gnomad_16_50711203_C_T_104895431r9094	NOD2	S431L	S431
dbsnp_benign	gnomad_16_50711227_G_A_143110172r9095	NOD2	R439H	R439
dbsnp_benign	gnomad_16_50711232_G_A_104895432r9096	NOD2	E441K	E441
dbsnp_benign	gnomad_16_50711322_C_T_1078327r9098	NOD2	R471C	R471
dbsnp_benign	gnomad_16_50711745_G_A_104895438r9100	NOD2	A612T	A612
dbsnp_benign	gnomad_16_50711914_C_T_5743275r9101	NOD2	P668L	P668
dbsnp_benign	gnomad_16_50711957_G_T_149002807r9102	NOD2	L682F	L682
dbsnp_benign	gnomad_16_50711961_C_T_5743276r9103	NOD2	R684W	R684
dbsnp_benign	gnomad_16_50712015_C_T_2066844r9104	NOD2	R702W	R702
dbsnp_benign	gnomad_16_50712034_G_A_35285618r9106	NOD2	R708H	R708
dbsnp_benign	gnomad_16_50712049_G_A_104895483r9107	NOD2	R713H	R713
dbsnp_benign	gnomad_16_50712058_G_A_200035357r9108	NOD2	R716H	R716
dbsnp_benign	gnomad_16_50712079_C_T_201076024r9109	NOD2	P723L	P723
dbsnp_benign	gnomad_16_50712280_G_A_5743279r9110	NOD2	R790Q	R790
dbsnp_benign	gnomad_16_50712283_G_A_104895464r9112	NOD2	R791Q	R791
dbsnp_benign	gnomad_16_50712288_G_A_104895444r9113	NOD2	V793M	V793
dbsnp_benign	gnomad_16_50716931_A_G_104895447r9114	NOD2	M863V	M863
dbsnp_benign	gnomad_16_50719998_C_A_201035873r9115	NOD2	Q902K	Q902
dbsnp_benign	gnomad_16_50723365_G_A_5743291r9116	NOD2	V955I	V955
dbsnp_benign	gnomad_16_50725532_G_A_148561632r9118	NOD2	A976T	A976
dbsnp_benign	gnomad_16_50731790_G_A_147874812r9120	NOD2	G1032S	G1032
dbsnp_benign	gnomad_X_71298714_G_T_138148374r9121	NONO	M393I	M393
dbsnp_benign	gnomad_15_34343040_C_G_146261631r9123	NOP10	D12H	D12
dbsnp_benign	gnomad_9_136496349_G_A_372760677r9125	NOTCH1	L2464L	L2464
dbsnp_benign	gnomad_9_136496370_G_C_61755043r9127	NOTCH1	L2457V	L2457
dbsnp_benign	gnomad_9_136496450_C_G_36049318r9128	NOTCH1	G2430A	G2430
dbsnp_benign	gnomad_9_136496759_C_T_202065858r9129	NOTCH1	R2327Q	R2327
dbsnp_benign	gnomad_9_136496759_C_G_202065858r9130	NOTCH1	R2327P	R2327
dbsnp_benign	gnomad_9_136496869_G_A_61751488r9131	NOTCH1	S2290S	S2290
dbsnp_benign	gnomad_9_136496886_C_T_61751489r9133	NOTCH1	V2285I	V2285
dbsnp_benign	gnomad_9_136497054_C_T_202096917r9135	NOTCH1	V2229M	V2229
dbsnp_benign	gnomad_9_136497285_C_G_116317506r9136	NOTCH1	G2152R	G2152
dbsnp_benign	gnomad_9_136497285_C_T_116317506r9138	NOTCH1	G2152S	G2152
dbsnp_benign	gnomad_9_136497310_G_A_369845924r9139	NOTCH1	N2143N	N2143
dbsnp_benign	gnomad_9_136497342_G_A_61733294r9140	NOTCH1	P2133S	P2133
dbsnp_benign	gnomad_9_136497364_G_A_369009290r9141	NOTCH1	H2125H	H2125
dbsnp_benign	gnomad_9_136497364_G_C_369009290r9142	NOTCH1	H2125Q	H2125
dbsnp_benign	gnomad_9_136497376_G_A_61751533r9143	NOTCH1	S2121S	S2121
dbsnp_benign	gnomad_9_136498929_G_A_757372588r9144	NOTCH1	N2050N	N2050
dbsnp_benign	gnomad_9_136498959_A_G_201625763r9145	NOTCH1	N2040N	N2040
dbsnp_benign	gnomad_9_136499140_G_A_202198360r9146	NOTCH1	H2018H	H2018
dbsnp_benign	gnomad_9_136499227_A_G_73668311r9147	NOTCH1	D1989D	D1989
dbsnp_benign	gnomad_9_136500813_G_A_2229972r9148	NOTCH1	S1891S	S1891
dbsnp_benign	gnomad_9_136501886_G_A_73668312r9149	NOTCH1	L1834L	L1834
dbsnp_benign	gnomad_9_136502028_G_A_61751535r9150	NOTCH1	D1815D	D1815
dbsnp_benign	gnomad_9_136503276_C_T_61751538r9152	NOTCH1	Q1691Q	Q1691
dbsnp_benign	gnomad_9_136504680_C_T_2229968r9153	NOTCH1	V1671I	V1671
dbsnp_benign	gnomad_9_136504720_G_A_367838230r9155	NOTCH1	S1657S	S1657
dbsnp_benign	gnomad_9_136504720_G_C_367838230r9156	NOTCH1	S1657R	S1657
dbsnp_benign	gnomad_9_136504804_G_A_61751539r9158	NOTCH1	H1629H	H1629
dbsnp_benign	gnomad_9_136504804_G_T_61751539r9159	NOTCH1	H1629Q	H1629
dbsnp_benign	gnomad_9_136504864_G_A_113634293r9160	NOTCH1	D1609D	D1609
dbsnp_benign	gnomad_9_136505038_G_A_368495371r9162	NOTCH1	S1551S	S1551
dbsnp_benign	gnomad_9_136505065_G_A_142375989r9164	NOTCH1	D1542D	D1542
dbsnp_benign	gnomad_9_136505348_G_A_199740882r9165	NOTCH1	F1516F	F1516
dbsnp_benign	gnomad_9_136505348_G_C_199740882r9166	NOTCH1	F1516L	F1516
dbsnp_benign	gnomad_9_136505489_G_A_202231073r9167	NOTCH1	N1469N	N1469
dbsnp_benign	gnomad_9_136505711_G_A_749570626r9168	NOTCH1	N1395N	N1395
dbsnp_benign	gnomad_9_136505819_G_A_775108554r9169	NOTCH1	N1359N	N1359
dbsnp_benign	gnomad_9_136505840_G_A_200099319r9170	NOTCH1	C1352C	C1352
dbsnp_benign	gnomad_9_136505868_G_A_183156491r9172	NOTCH1	A1343V	A1343
dbsnp_benign	gnomad_9_136506765_G_C_377289044r9174	NOTCH1	C1284W	C1284
dbsnp_benign	gnomad_9_136506786_G_A_374989581r9175	NOTCH1	D1277D	D1277
dbsnp_benign	gnomad_9_136506786_G_T_374989581r9176	NOTCH1	D1277E	D1277
dbsnp_benign	gnomad_9_136507420_G_A_202133782r9177	NOTCH1	H1176H	H1176
dbsnp_benign	gnomad_9_136544041_A_G_1207676067r9179	NOTCH1	N41N	N41
dbsnp_benign	gnomad_9_136544100_G_A_114832250r9180	NOTCH1	P22S	P22
dbsnp_benign	gnomad_9_136508064_T_C_374230681r9182	NOTCH1	Q1134R	Q1134
dbsnp_benign	gnomad_9_136508263_G_A_61751546r9183	NOTCH1	S1098S	S1098
dbsnp_benign	gnomad_9_136508926_C_T_200207651r9185	NOTCH1	G1039S	G1039
dbsnp_benign	gnomad_9_136510659_G_A_201620358r9186	NOTCH1	R912W	R912
dbsnp_benign	gnomad_9_136510753_G_A_374946182r9187	NOTCH1	H880H	H880
dbsnp_benign	gnomad_9_136510753_G_C_374946182r9188	NOTCH1	H880Q	H880
dbsnp_benign	gnomad_9_136511197_C_T_35136134r9189	NOTCH1	E848K	E848
dbsnp_benign	gnomad_9_136511219_G_A_546222078r9190	NOTCH1	N840N	N840
dbsnp_benign	gnomad_9_136514542_G_A_770313470r9191	NOTCH1	C725C	C725
dbsnp_benign	gnomad_9_136514637_C_T_79782048r9192	NOTCH1	E694K	E694
dbsnp_benign	gnomad_9_136514680_G_A_367591933r9193	NOTCH1	I679I	I679
dbsnp_benign	gnomad_9_136515327_G_T_766577980r9194	NOTCH1	I659I	I659
dbsnp_benign	gnomad_9_136515351_G_A_752168856r9195	NOTCH1	D651D	D651
dbsnp_benign	gnomad_9_136515375_A_G_527323201r9196	NOTCH1	D643D	D643
dbsnp_benign	gnomad_9_136515517_G_A_376726823r9197	NOTCH1	N623N	N623
dbsnp_benign	gnomad_9_136515571_G_A_781029850r9198	NOTCH1	N605N	N605
dbsnp_benign	gnomad_9_136515685_G_A_773932034r9199	NOTCH1	I567I	I567
dbsnp_benign	gnomad_9_136515685_G_T_773932034r9200	NOTCH1	I567I	I567
dbsnp_benign	gnomad_9_136515687_T_C_369067940r9201	NOTCH1	I567V	I567
dbsnp_benign	gnomad_9_136515697_G_A_760548976r9202	NOTCH1	C563C	C563
dbsnp_benign	gnomad_9_136516083_G_A_572103199r9203	NOTCH1	H523Y	H523
dbsnp_benign	gnomad_9_136517316_C_T_201768800r9204	NOTCH1	R504H	R504
dbsnp_benign	gnomad_9_136518246_G_A_368665838r9205	NOTCH1	N382N	N382
dbsnp_benign	gnomad_9_136518652_G_A_376951155r9207	NOTCH1	H346H	H346
dbsnp_benign	gnomad_9_136518715_G_A_746111102r9208	NOTCH1	N325N	N325
dbsnp_benign	gnomad_9_136522891_C_T_150737112r9209	NOTCH1	R234H	R234
dbsnp_benign	gnomad_9_136523001_G_A_370684825r9210	NOTCH1	N197N	N197
dbsnp_benign	gnomad_9_136523012_T_G_770333242r9212	NOTCH1	T194P	T194
dbsnp_benign	gnomad_9_136523012_T_C_770333242r9213	NOTCH1	T194A	T194
dbsnp_benign	gnomad_9_136523019_G_A_763733336r9215	NOTCH1	H191H	H191
dbsnp_benign	gnomad_9_136523752_G_A_187473846r9216	NOTCH1	T123M	T123
dbsnp_benign	gnomad_9_136523809_T_C_199654211r9218	NOTCH1	N104S	N104
dbsnp_benign	gnomad_9_136523857_C_T_191357265r9220	NOTCH1	S88N	S88
dbsnp_benign	gnomad_9_136523964_G_A_536299678r9221	NOTCH1	F52F	F52
dbsnp_benign	gnomad_1_119915499_A_T_35586704r9222	NOTCH2	L2408H	L2408
dbsnp_benign	gnomad_1_119915636_G_A_150657714r9224	NOTCH2	D2362D	D2362
dbsnp_benign	gnomad_1_119916499_C_T_150516342r9225	NOTCH2	V2075M	V2075
dbsnp_benign	gnomad_1_119916628_G_T_143236410r9226	NOTCH2	H2032N	H2032
dbsnp_benign	gnomad_1_119922384_T_A_60854092r9228	NOTCH2	I1689F	I1689
dbsnp_benign	gnomad_1_119922639_C_T_17024517r9230	NOTCH2	V1667I	V1667
dbsnp_benign	gnomad_1_119922639_C_A_17024517r9231	NOTCH2	V1667F	V1667
dbsnp_benign	gnomad_1_119937325_T_C_142876168r9233	NOTCH2	H1160R	H1160
dbsnp_benign	gnomad_1_119966402_T_C_34308573r9235	NOTCH2	N514S	N514
dbsnp_benign	gnomad_1_119967571_C_T_199565938r9237	NOTCH2	A439T	A439
dbsnp_benign	gnomad_1_120005472_C_A_143195893r9239	NOTCH2	R91L	R91
dbsnp_benign	gnomad_1_120069350_G_C_11810554r9240	NOTCH2	C19W	C19
dbsnp_benign	gnomad_1_120069350_G_A_11810554r9242	NOTCH2	C19C	C19
dbsnp_benign	gnomad_1_120069400_C_A_782113557r9243	NOTCH2	A3S	A3
dbsnp_benign	gnomad_1_120069400_C_T_782113557r9244	NOTCH2	A3T	A3
dbsnp_benign	gnomad_19_15160819_G_A_148716935r9246	NOTCH3	T2270M	T2270
dbsnp_benign	gnomad_19_15161597_C_T_142007575r9247	NOTCH3	V2011I	V2011
dbsnp_benign	gnomad_19_15161636_G_A_201105335r9248	NOTCH3	R1998C	R1998
dbsnp_benign	gnomad_19_15162483_C_T_140567100r9249	NOTCH3	K1965K	K1965
dbsnp_benign	gnomad_19_15165505_C_T_372834264r9250	NOTCH3	R1893Q	R1893
dbsnp_benign	gnomad_19_15167327_C_T_756495084r9251	NOTCH3	V1762M	V1762
dbsnp_benign	gnomad_19_15170156_C_T_143411026r9252	NOTCH3	G1710D	G1710
dbsnp_benign	gnomad_19_15170704_G_A_144401090r9254	NOTCH3	L1620L	L1620
dbsnp_benign	gnomad_19_15174252_G_T_141320511r9255	NOTCH3	L1518M	L1518
dbsnp_benign	gnomad_19_15177889_C_G_1344432803r9257	NOTCH3	G1347R	G1347
dbsnp_benign	gnomad_19_15187255_C_T_374767079r9258	NOTCH3	A564T	A564
dbsnp_benign	gnomad_19_15191838_C_T_2285981r9260	NOTCH3	V237M	V237
dbsnp_benign	gnomad_19_15192103_C_A_142778401r9261	NOTCH3	G179V	G179
dbsnp_benign	gnomad_19_15192140_G_A_202157633r9262	NOTCH3	P167S	P167
dbsnp_benign	gnomad_19_15192379_C_T_143385744r9263	NOTCH3	R113Q	R113
dbsnp_benign	gnomad_19_15181023_T_G_141956294r9264	NOTCH3	S978R	S978
dbsnp_benign	gnomad_6_32212907_A_C_150079294r9265	NOTCH4	C815G	C815
dbsnp_benign	gnomad_18_23535496_G_A_34715591r9267	NPC1	N1150N	N1150
dbsnp_benign	gnomad_18_23539875_C_T_34302553r9268	NPC1	G911S	G911
dbsnp_benign	gnomad_18_23554779_G_A_13381670r9270	NPC1	T511M	T511
dbsnp_benign	gnomad_18_23556337_C_T_77080672r9271	NPC1	R411Q	R411
dbsnp_benign	gnomad_18_23568841_C_T_143205855r9272	NPC1	G149R	G149
dbsnp_benign	gnomad_14_74486431_C_T_151220873r9273	NPC2	V30M	V30
dbsnp_benign	gnomad_2_110164629_C_T_143174377r9275	NPHP1	R277Q	R277
dbsnp_benign	gnomad_2_110165091_G_A_113450177r9277	NPHP1	A230V	A230
dbsnp_benign	gnomad_2_110201431_T_G_145479679r9279	NPHP1	I45L	I45
dbsnp_benign	gnomad_2_110201449_G_T_33958626r9281	NPHP1	P39T	P39
dbsnp_benign	gnomad_2_110204955_C_A_190983114r9283	NPHP1	R5L	R5
dbsnp_benign	gnomad_3_132681962_C_G_75316802r9285	NPHP3	S1314T	S1314
dbsnp_benign	gnomad_3_132681990_G_A_35485382r9287	NPHP3	R1305C	R1305
dbsnp_benign	gnomad_3_132684574_C_T_34391943r9289	NPHP3	A1184T	A1184
dbsnp_benign	gnomad_3_132697362_C_T_77533254r9291	NPHP3	R662R	R662
dbsnp_benign	gnomad_3_132697362_C_G_77533254r9293	NPHP3	R662S	R662
dbsnp_benign	gnomad_3_132708187_G_A_141477666r9294	NPHP3	R397C	R397
dbsnp_benign	gnomad_3_132719775_G_A_142663818r9295	NPHP3	A150V	A150
dbsnp_benign	gnomad_3_132722202_C_T_145643112r9297	NPHP3	A52T	A52
dbsnp_benign	gnomad_1_5867109_G_A_113445782r9299	NPHP4	P1160L	P1160
dbsnp_benign	gnomad_1_5867883_G_A_139767853r9301	NPHP4	A1110V	A1110
dbsnp_benign	gnomad_1_5875004_T_C_187947581r9302	NPHP4	S972G	S972
dbsnp_benign	gnomad_1_5875036_C_T_183885357r9304	NPHP4	R961H	R961
dbsnp_benign	gnomad_1_5875042_C_T_12084067r9305	NPHP4	R959Q	R959
dbsnp_benign	gnomad_1_5877194_G_A_199992272r9307	NPHP4	R906C	R906
dbsnp_benign	gnomad_1_5877229_T_C_113097479r9308	NPHP4	H894R	H894
dbsnp_benign	gnomad_1_5890879_C_T_149244006r9310	NPHP4	V765I	V765
dbsnp_benign	gnomad_1_5890915_C_T_148424288r9311	NPHP4	D753N	D753
dbsnp_benign	gnomad_1_5904794_C_T_191602135r9312	NPHP4	D656N	D656
dbsnp_benign	gnomad_1_5905395_C_T_571655r9314	NPHP4	E618K	E618
dbsnp_benign	gnomad_1_5905690_G_C_113413307r9316	NPHP4	Q569E	Q569
dbsnp_benign	gnomad_1_5905764_G_C_12093500r9318	NPHP4	A544G	A544
dbsnp_benign	gnomad_1_5905773_G_A_145255635r9320	NPHP4	P541L	P541
dbsnp_benign	gnomad_1_5933253_T_C_117898549r9321	NPHP4	E399G	E399
dbsnp_benign	gnomad_1_5947199_G_A_190940697r9323	NPHP4	R342C	R342
dbsnp_benign	gnomad_1_5948118_G_A_200684272r9325	NPHP4	T315M	T315
dbsnp_benign	gnomad_1_5967305_C_T_113765431r9326	NPHP4	A171T	A171
dbsnp_benign	gnomad_1_5863309_C_T_115910810r9328	NPHP4	D1413N	D1413
dbsnp_benign	gnomad_1_5863367_A_T_35641267r9330	NPHP4	F1393L	F1393
dbsnp_benign	gnomad_1_5864423_T_C_115488133r9331	NPHP4	H1304R	H1304
dbsnp_benign	gnomad_19_35835741_C_T_370387270r9332	NPHS1	E1044K	E1044
dbsnp_benign	gnomad_19_35839375_C_G_34736717r9333	NPHS1	V991L	V991
dbsnp_benign	gnomad_19_35845476_C_T_367976914r9335	NPHS1	V608I	V608
dbsnp_benign	gnomad_19_35848142_C_T_28939695r9336	NPHS1	E447K	E447
dbsnp_benign	gnomad_19_35848335_G_A_374218631r9338	NPHS1	N411N	N411
dbsnp_benign	gnomad_19_35848345_C_T_33950747r9339	NPHS1	R408Q	R408
dbsnp_benign	gnomad_19_35848393_A_G_34320609r9341	NPHS1	L392P	L392
dbsnp_benign	gnomad_19_35849107_G_A_113825926r9343	NPHS1	T294I	T294
dbsnp_benign	gnomad_19_35849285_G_C_34982899r9344	NPHS1	P264R	P264
dbsnp_benign	gnomad_19_35849285_G_A_34982899r9346	NPHS1	P264L	P264
dbsnp_benign	gnomad_19_35849285_G_T_34982899r9347	NPHS1	P264Q	P264
dbsnp_benign	gnomad_19_35851616_C_T_375670819r9348	NPHS1	E39K	E39
dbsnp_benign	gnomad_19_35851795_C_G_73928330r9349	NPHS1	G15R	G15
dbsnp_benign	gnomad_1_179557056_C_G_146906190r9351	NPHS2	E237Q	E237
dbsnp_benign	gnomad_1_179575683_G_A_201050491r9353	NPHS2	A61V	A61
dbsnp_benign	gnomad_1_179575741_C_T_559836164r9355	NPHS2	G42R	G42
dbsnp_benign	gnomad_1_11847291_T_C_201879717r9356	NPPA	Q91R	Q91
dbsnp_benign	gnomad_1_11847373_T_G_61757261r9357	NPPA	S64R	S64
dbsnp_benign	gnomad_1_11847602_A_G_142116829r9359	NPPA	M28T	M28
dbsnp_benign	gnomad_9_35792472_G_T_140014632r9361	NPR2	A22S	A22
dbsnp_benign	gnomad_9_35806220_C_T_114147262r9363	NPR2	R787W	R787
dbsnp_benign	gnomad_16_86790_A_G_185556688r9364	NPRL3	M542T	M542
dbsnp_benign	gnomad_16_88726_T_A_202015937r9365	NPRL3	N506Y	N506
dbsnp_benign	gnomad_16_88756_C_T_58036849r9366	NPRL3	A496T	A496
dbsnp_benign	gnomad_16_89786_G_C_74712570r9368	NPRL3	D426E	D426
dbsnp_benign	gnomad_16_89786_G_A_74712570r9369	NPRL3	D426D	D426
dbsnp_benign	gnomad_X_30304582_T_C_151317312r9371	NR0B1	I470M	I470
dbsnp_benign	gnomad_X_30308988_C_T_193205940r9372	NR0B1	V126M	V126
dbsnp_benign	gnomad_15_71811559_C_T_367603365r9374	NR2E3	N65N	N65
dbsnp_benign	gnomad_15_71811966_G_A_146403122r9375	NR2E3	E121K	E121
dbsnp_benign	gnomad_15_71812024_A_G_1805020r9377	NR2E3	E140G	E140
dbsnp_benign	gnomad_15_71812093_T_C_1805021r9379	NR2E3	M163T	M163
dbsnp_benign	gnomad_15_71812458_G_A_1805023r9381	NR2E3	V232I	V232
dbsnp_benign	gnomad_5_143300662_T_C_567965061r9383	NR3C1	T524A	T524
dbsnp_benign	gnomad_5_143399752_T_C_56149945r9385	NR3C1	N363S	N363
dbsnp_benign	gnomad_5_143400647_A_C_6192r9387	NR3C1	F65V	F65
dbsnp_benign	gnomad_5_143400772_C_T_6190r9389	NR3C1	R23K	R23
dbsnp_benign	gnomad_4_148154604_C_T_143057152r9391	NR3C2	R771H	R771
dbsnp_benign	gnomad_4_148435156_T_C_61759976r9393	NR3C2	R569G	R569
dbsnp_benign	gnomad_4_148435200_T_C_5527r9395	NR3C2	N554S	N554
dbsnp_benign	gnomad_1_114709659_C_T_143020946r9397	NRAS	L120L	L120
dbsnp_benign	gnomad_8_32764112_C_T_80127039r9398	NRG1	R545W	R545
dbsnp_benign	gnomad_2_50506571_G_A_115211871r9400	NRXN1	N807N	N807
dbsnp_benign	gnomad_2_50538274_G_T_56086732r9402	NRXN1	L708I	L708
dbsnp_benign	gnomad_2_51027857_C_T_757453009r9404	NRXN1	E139E	E139
dbsnp_benign	gnomad_2_51028055_C_G_201031680r9405	NRXN1	E73D	E73
dbsnp_benign	gnomad_2_51028055_C_T_201031680r9406	NRXN1	E73E	E73
dbsnp_benign	gnomad_2_50620057_G_A_78540316r9407	NRXN1	P429S	P429
dbsnp_benign	gnomad_11_64713458_A_T_12273892r9408	NRXN2	L81Q	L81
dbsnp_benign	gnomad_5_177135863_C_T_149334244r9410	NSD1	L254F	L254
dbsnp_benign	gnomad_5_177204205_C_T_34921128r9412	NSD1	I383I	I383
dbsnp_benign	gnomad_5_177209973_G_A_138405802r9414	NSD1	R525Q	R525
dbsnp_benign	gnomad_5_177210089_G_T_116520623r9415	NSD1	A564S	A564
dbsnp_benign	gnomad_5_177210210_G_T_61744451r9417	NSD1	R604L	R604
dbsnp_benign	gnomad_5_177210379_C_T_140072393r9419	NSD1	N660N	N660
dbsnp_benign	gnomad_5_177210849_C_T_115722008r9420	NSD1	S817F	S817
dbsnp_benign	gnomad_5_177211488_T_C_200856103r9421	NSD1	L1030S	L1030
dbsnp_benign	gnomad_5_177211586_A_G_193290006r9422	NSD1	T1063A	T1063
dbsnp_benign	gnomad_5_177211685_C_T_202208033r9424	NSD1	H1096Y	H1096
dbsnp_benign	gnomad_5_177211792_C_T_150296373r9425	NSD1	N1131N	N1131
dbsnp_benign	gnomad_5_177211963_G_C_199814669r9426	NSD1	R1188S	R1188
dbsnp_benign	gnomad_5_177248247_G_T_201483724r9427	NSD1	D1522Y	D1522
dbsnp_benign	gnomad_5_177248247_G_A_201483724r9428	NSD1	D1522N	D1522
dbsnp_benign	gnomad_5_177295218_T_C_77618751r9430	NSD1	L2617S	L2617
dbsnp_benign	gnomad_X_152858858_G_A_200930841r9431	NSDHL	R119K	R119
dbsnp_benign	gnomad_5_6599951_G_T_61744358r9433	NSUN2	P760Q	P760
dbsnp_benign	gnomad_5_6600037_G_A_3822434r9435	NSUN2	D731D	D731
dbsnp_benign	gnomad_16_2048635_A_G_137854215r9437	TSC2	K7R	K7
dbsnp_benign	gnomad_16_2048716_A_C_777988634r9438	TSC2	K34T	K34
dbsnp_benign	gnomad_16_2048716_A_G_777988634r9439	TSC2	K34R	K34
dbsnp_benign	gnomad_19_49908960_C_G_1062798r9441	NUP62	S283T	S283
dbsnp_benign	gnomad_16_56834745_T_G_140437118r9444	NUP93	I583M	I583
dbsnp_benign	gnomad_6_117675867_G_C_539668656r9446	NUS1	R66P	R66
dbsnp_benign	gnomad_10_79711875_T_C_61863495r9448	NUTM2B	M676T	M676
dbsnp_benign	gnomad_X_41474296_G_A_3810733r9450	N/A	NAN/ANA	NAN/A
dbsnp_benign	gnomad_X_41474651_G_A_189924262r9452	N/A	NAN/ANA	NAN/A
dbsnp_benign	gnomad_X_41474847_G_T_374968384r9454	N/A	NAN/ANA	NAN/A
dbsnp_benign	gnomad_10_124397951_C_A_1800456r9455	OAT	L437F	L437
dbsnp_benign	gnomad_1_228219564_G_A_61560753r9456	OBSCN	R965K	R965
dbsnp_benign	gnomad_2_219557404_G_A_375716830r9458	OBSL1	D1335D	D1335
dbsnp_benign	gnomad_15_27951878_G_A_7164127r9459	OCA2	D619D	D619
dbsnp_benign	gnomad_15_27957693_C_T_35110389r9460	OCA2	R560H	R560
dbsnp_benign	gnomad_15_28014813_G_A_34010619r9461	OCA2	A336V	A336
dbsnp_benign	gnomad_15_28014866_C_T_529219961r9463	OCA2	M318I	M318
dbsnp_benign	gnomad_15_28018408_G_A_33929465r9464	OCA2	R266W	R266
dbsnp_benign	gnomad_15_28018482_G_C_2305253r9466	OCA2	P241R	P241
dbsnp_benign	gnomad_15_28018482_G_A_2305253r9467	OCA2	P241L	P241
dbsnp_benign	gnomad_15_28081838_C_T_201554429r9469	OCA2	G13S	G13
dbsnp_benign	gnomad_5_69534724_G_C_369518478r9470	OCLN	V308L	V308
dbsnp_benign	gnomad_5_69534724_G_A_369518478r9471	OCLN	V308M	V308
dbsnp_benign	gnomad_X_129540745_C_T_61752970r9472	OCRL	T14I	T14
dbsnp_benign	gnomad_X_129544990_A_G_764804719r9474	OCRL	H51R	H51
dbsnp_benign	gnomad_X_129587039_G_T_755071897r9475	OCRL	G726V	G726
dbsnp_benign	gnomad_19_48297428_C_T_115124604r9476	ODAD1	A521T	A521
dbsnp_benign	gnomad_19_48297464_C_T_114111020r9478	ODAD1	A509T	A509
dbsnp_benign	gnomad_19_48302720_C_T_73585360r9480	ODAD1	R368Q	R368
dbsnp_benign	gnomad_19_48303782_C_T_73942222r9482	ODAD1	G249R	G249
dbsnp_benign	gnomad_19_48318500_G_A_16981988r9484	ODAD1	R46W	R46
dbsnp_benign	gnomad_10_27939997_C_T_35472668r9486	ODAD2	R666Q	R666
dbsnp_benign	gnomad_19_11421766_C_T_77133587r9488	ODAD3	G501S	G501
dbsnp_benign	gnomad_19_11426783_G_A_35061520r9490	ODAD3	T205I	T205
dbsnp_benign	gnomad_19_11430719_G_C_61739927r9492	ODAD3	L142V	L142
dbsnp_benign	gnomad_X_13739002_G_C_766600036r9494	OFD1	V128L	V128
dbsnp_benign	gnomad_X_13760154_T_C_529916753r9495	OFD1	V565A	V565
dbsnp_benign	gnomad_X_13760390_C_T_185831378r9496	OFD1	R644C	R644
dbsnp_benign	gnomad_X_13760520_C_T_146251034r9497	OFD1	P687L	P687
dbsnp_benign	gnomad_X_13762354_A_G_139406798r9498	OFD1	R800G	R800
dbsnp_benign	gnomad_X_13763780_G_A_146047094r9499	OFD1	G842R	G842
dbsnp_benign	gnomad_X_13768748_C_T_148543618r9501	OFD1	L987L	L987
dbsnp_benign	gnomad_X_13768748_C_A_148543618r9502	OFD1	L987I	L987
dbsnp_benign	gnomad_3_193614943_C_T_372435892r9503	OPA1	R85C	R85
dbsnp_benign	gnomad_3_193614943_C_G_372435892r9504	OPA1	R85G	R85
dbsnp_benign	gnomad_19_45553642_C_T_201574732r9505	OPA3	A138T	A138
dbsnp_benign	gnomad_X_68052553_G_A_148208753r9506	OPHN1	R788W	R788
dbsnp_benign	gnomad_X_68063983_G_T_143713841r9507	OPHN1	L677M	L677
dbsnp_benign	gnomad_X_68206604_G_A_138108344r9508	OPHN1	T301M	T301
dbsnp_benign	gnomad_X_154187851_T_C_1223726997r9510	OPN1MW	I65T	I65
dbsnp_benign	gnomad_X_154230656_G_A_1065438r9512	OPN1MW	A285T	A285
dbsnp_benign	gnomad_10_13112530_G_A_555741399r9514	OPTN	R149R	R149
dbsnp_benign	gnomad_10_13112572_A_G_113811959r9515	OPTN	E163E	E163
dbsnp_benign	gnomad_10_13136766_G_A_75654767r9517	OPTN	R545Q	R545
dbsnp_benign	gnomad_1_52373320_A_G_34521609r9519	ORC1	M816T	M816
dbsnp_benign	gnomad_1_52374887_C_T_61753389r9521	ORC1	V772I	V772
dbsnp_benign	gnomad_1_52383874_T_C_139027440r9523	ORC1	T607A	T607
dbsnp_benign	gnomad_1_52385936_G_A_3087481r9524	ORC1	T466M	T466
dbsnp_benign	gnomad_1_52389218_G_A_114426997r9526	ORC1	R396W	R396
dbsnp_benign	gnomad_1_52393719_G_A_61753390r9527	ORC1	S269L	S269
dbsnp_benign	gnomad_20_62293910_C_T_115390538r9529	OSBPL2	R356W	R356
dbsnp_benign	gnomad_20_62293910_C_G_115390538r9530	OSBPL2	R356G	R356
dbsnp_benign	gnomad_X_38401337_C_T_766735977r9532	OTC	T150I	T150
dbsnp_benign	gnomad_X_38401337_C_A_766735977r9533	OTC	T150N	T150
dbsnp_benign	gnomad_X_38401386_G_T_759911602r9534	OTC	L166F	L166
dbsnp_benign	gnomad_16_21728344_C_T_145160241r9535	OTOA	A721V	A721
dbsnp_benign	gnomad_16_21736341_G_A_143890524r9536	OTOA	Q808Q	Q808
dbsnp_benign	gnomad_2_26464041_G_A_139767460r9538	OTOF	R1676C	R1676
dbsnp_benign	gnomad_2_26472632_A_C_41288773r9540	OTOF	C1251G	C1251
dbsnp_benign	gnomad_2_26473257_T_C_61740776r9542	OTOF	N1203S	N1203
dbsnp_benign	gnomad_2_26477420_T_A_61739883r9544	OTOF	E801V	E801
dbsnp_benign	gnomad_2_26477505_G_A_80356569r9546	OTOF	R773C	R773
dbsnp_benign	gnomad_2_26479605_C_T_184605839r9548	OTOF	R654Q	R654
dbsnp_benign	gnomad_2_26527914_G_A_61746568r9549	OTOF	R49W	R49
dbsnp_benign	gnomad_11_17553137_A_G_534942001r9551	OTOG	N116S	N116
dbsnp_benign	gnomad_11_17573095_G_A_113745835r9552	OTOG	A712T	A712
dbsnp_benign	gnomad_11_17606001_G_A_145689709r9554	OTOG	R1353Q	R1353
dbsnp_benign	gnomad_11_17609906_C_T_117380920r9555	OTOG	L1548F	L1548
dbsnp_benign	gnomad_11_17610849_C_G_376684690r9557	OTOG	P1862R	P1862
dbsnp_benign	gnomad_11_17641069_T_C_180703235r9559	OTOG	L2735P	L2735
dbsnp_benign	gnomad_11_17645592_G_C_61997203r9561	OTOG	K2842N	K2842
dbsnp_benign	gnomad_12_80355759_C_A_141867785r9563	OTOGL	P1873T	P1873
dbsnp_benign	gnomad_12_80355759_C_T_141867785r9565	OTOGL	P1873S	P1873
dbsnp_benign	gnomad_12_80366589_A_G_149249642r9566	OTOGL	I2095V	I2095
dbsnp_benign	gnomad_12_80370580_C_T_146572555r9568	OTOGL	T2209I	T2209
dbsnp_benign	gnomad_1_42747079_C_T_116577636r9570	P3H1	G750R	G750
dbsnp_benign	gnomad_1_42747259_G_C_76628300r9572	P3H1	R690G	R690
dbsnp_benign	gnomad_1_42747259_G_A_76628300r9573	P3H1	R690NA	R690
dbsnp_benign	gnomad_1_42752342_G_A_115108794r9575	P3H1	R501W	R501
dbsnp_benign	gnomad_1_42754892_T_C_113593896r9576	P3H1	D441G	D441
dbsnp_benign	gnomad_1_42757792_G_A_202234531r9577	P3H1	G357G	G357
dbsnp_benign	gnomad_1_42762330_G_T_77208721r9578	P3H1	P204H	P204
dbsnp_benign	gnomad_11_66211236_G_A_142653069r9580	PACS1	V213M	V213
dbsnp_benign	gnomad_11_66230809_G_T_115813669r9581	PACS1	V499L	V499
dbsnp_benign	gnomad_11_66230809_G_A_115813669r9582	PACS1	V499M	V499
dbsnp_benign	gnomad_14_105391655_C_T_374373404r9583	PACS2	S700L	S700
dbsnp_benign	gnomad_16_29814612_C_T_539524685r9584	PRRT2	L387F	L387
dbsnp_benign	gnomad_X_111123113_G_A_140296303r9585	PAK3	G4S	G4
dbsnp_benign	gnomad_16_23607908_G_C_515726112r9586	PALB2	S1102R	S1102
dbsnp_benign	gnomad_16_23622972_C_T_45551636r9587	PALB2	G998E	G998
dbsnp_benign	gnomad_16_23623084_G_A_61755166r9589	PALB2	L961L	L961
dbsnp_benign	gnomad_16_23623084_G_T_61755166r9590	PALB2	L961M	L961
dbsnp_benign	gnomad_16_23624049_C_T_45624036r9591	PALB2	V932M	V932
dbsnp_benign	gnomad_16_23626242_G_A_115759702r9593	PALB2	F914F	F914
dbsnp_benign	gnomad_16_23626394_G_A_45568339r9594	PALB2	P864S	P864
dbsnp_benign	gnomad_16_23629670_G_A_875989798r9596	PALB2	C828C	C828
dbsnp_benign	gnomad_16_23629789_G_A_145805054r9598	PALB2	L789L	L789
dbsnp_benign	gnomad_16_23629926_T_C_141749524r9599	PALB2	Y743C	Y743
dbsnp_benign	gnomad_16_23630019_G_A_141458731r9600	PALB2	A712V	A712
dbsnp_benign	gnomad_16_23630199_C_T_587781818r9602	PALB2	S652N	S652
dbsnp_benign	gnomad_16_23630344_G_A_144015319r9603	PALB2	L604L	L604
dbsnp_benign	gnomad_16_23634940_G_A_151162255r9605	PALB2	L536L	L536
dbsnp_benign	gnomad_16_23634995_T_C_755845383r9606	PALB2	K517K	K517
dbsnp_benign	gnomad_16_23635054_C_A_75023630r9607	PALB2	D498Y	D498
dbsnp_benign	gnomad_16_23635508_T_C_515726059r9608	PALB2	K346K	K346
dbsnp_benign	gnomad_16_23635513_A_G_786201393r9609	PALB2	L345L	L345
dbsnp_benign	gnomad_16_23635536_A_G_45494092r9610	PALB2	L337S	L337
dbsnp_benign	gnomad_16_23635546_A_C_202241382r9612	PALB2	Y334D	Y334
dbsnp_benign	gnomad_16_23635621_T_C_3809683r9613	PALB2	I309V	I309
dbsnp_benign	gnomad_16_23635812_G_A_571063157r9615	PALB2	A245V	A245
dbsnp_benign	gnomad_16_23635825_T_C_113217267r9616	PALB2	N241D	N241
dbsnp_benign	gnomad_16_23638125_T_C_138789658r9618	PALB2	K18R	K18
dbsnp_benign	gnomad_4_168711808_C_T_138283237r9620	PALLD	R617C	R617
dbsnp_benign	gnomad_4_168894685_G_A_200060953r9621	N/A	NAN/ANA	NAN/A
dbsnp_benign	gnomad_4_168898635_T_C_142116575r9623	PALLD	M74T	M74
dbsnp_benign	gnomad_4_168878257_G_C_535155432r9624	PALLD	Q293H	Q293
dbsnp_benign	gnomad_4_168878286_G_A_543821321r9626	PALLD	R303H	R303
dbsnp_benign	gnomad_4_168512268_G_A_146018183r9627	PALLD	R255H	R255
dbsnp_benign	gnomad_20_3889480_G_T_528149001r9629	PANK2	G127V	G127
dbsnp_benign	gnomad_20_3889480_G_A_528149001r9631	PANK2	G127D	G127
dbsnp_benign	gnomad_10_87709196_G_A_17173698r9632	PAPSS2	E10K	E10
dbsnp_benign	gnomad_10_87743553_C_T_34097979r9634	PAPSS2	A463V	A463
dbsnp_benign	gnomad_16_67660141_C_T_142507451r9635	ACD	R27Q	R27
dbsnp_benign	gnomad_1_7970934_G_A_71653619r9637	PARK7	R98Q	R98
dbsnp_benign	gnomad_16_14582271_T_A_138984302r9639	PARN	S368C	S368
dbsnp_benign	gnomad_2_222294115_G_T_201251689r9640	PAX3	S213NA	S213
dbsnp_benign	gnomad_2_222294173_C_T_148454691r9642	PAX3	E194K	E194
dbsnp_benign	gnomad_2_222294228_C_G_116473352r9643	PAX3	K175N	K175
dbsnp_benign	gnomad_2_222220195_G_A_200701839r9645	PAX3	P373L	P373
dbsnp_benign	gnomad_2_222221236_G_T_2234675r9646	PAX3	T315K	T315
dbsnp_benign	gnomad_7_127613496_C_T_2233580r9648	PAX4	R200H	R200
dbsnp_benign	gnomad_7_127613497_G_T_3824004r9649	PAX4	R200S	R200
dbsnp_benign	gnomad_7_127614497_G_A_2233578r9651	PAX4	R141W	R141
dbsnp_benign	gnomad_7_127615429_C_T_115887120r9653	PAX4	R39Q	R39
dbsnp_benign	gnomad_9_36882062_G_A_144574685r9654	PAX5	H318H	H318
dbsnp_benign	gnomad_11_31789936_A_T_750848278r9655	PAX6	S201R	S201
dbsnp_benign	gnomad_11_31789937_C_T_758783285r9656	PAX6	Q422Q	Q422
dbsnp_benign	gnomad_11_31789939_G_T_751795008r9657	PAX6	Q422K	Q422
dbsnp_benign	gnomad_2_113220126_G_A_200817352r9658	PAX8	S414S	S414
dbsnp_benign	gnomad_2_113235496_A_G_3188996r9659	PAX8	F329L	F329
dbsnp_benign	gnomad_2_113242764_T_C_190431939r9661	PAX8	K135R	K135
dbsnp_benign	gnomad_14_36663408_G_A_61734510r9662	PAX9	K172K	K172
dbsnp_benign	gnomad_14_36663515_C_G_116676854r9664	PAX9	T208S	T208
dbsnp_benign	gnomad_11_66868917_G_A_142309583r9665	PC	H317H	H317
dbsnp_benign	gnomad_2_29064997_C_T_187333111r9666	PCARE	G1247S	G1247
dbsnp_benign	gnomad_2_29071084_G_T_72861054r9668	PCARE	P1060T	P1060
dbsnp_benign	gnomad_2_29072418_A_T_140776870r9670	PCARE	V615D	V615
dbsnp_benign	gnomad_2_29072680_G_A_80151896r9672	PCARE	R528C	R528
dbsnp_benign	gnomad_2_29072875_C_A_199764925r9674	PCARE	V463F	V463
dbsnp_benign	gnomad_2_29072875_C_T_199764925r9675	PCARE	V463I	V463
dbsnp_benign	gnomad_13_100368479_G_T_61749895r9676	PCCA	V551F	V551
dbsnp_benign	gnomad_10_53809211_C_G_531574437r9677	PCDH15	E1611D	E1611
dbsnp_benign	gnomad_10_53809211_C_T_531574437r9678	PCDH15	E1611E	E1611
dbsnp_benign	gnomad_10_53822367_G_A_61862390r9679	PCDH15	P1787S	P1787
dbsnp_benign	gnomad_10_53822876_T_C_111033362r9681	PCDH15	N1617S	N1617
dbsnp_benign	gnomad_10_53822914_C_A_148718874r9683	PCDH15	R1604S	R1604
dbsnp_benign	gnomad_10_53827426_G_C_146745502r9684	PCDH15	A1445G	A1445
dbsnp_benign	gnomad_10_53827426_G_T_146745502r9686	PCDH15	A1445E	A1445
dbsnp_benign	gnomad_10_53831493_G_T_61731387r9687	PCDH15	Q1342K	Q1342
dbsnp_benign	gnomad_10_53866827_C_T_147835286r9689	PCDH15	V1178I	V1178
dbsnp_benign	gnomad_10_53903293_C_T_149478475r9691	PCDH15	G1151R	G1151
dbsnp_benign	gnomad_10_53961876_C_T_45483395r9692	PCDH15	R962H	R962
dbsnp_benign	gnomad_10_53961876_C_A_45483395r9693	PCDH15	R962L	R962
dbsnp_benign	gnomad_10_53961877_G_A_201816080r9694	PCDH15	R962C	R962
dbsnp_benign	gnomad_10_54153182_C_T_61730754r9696	PCDH15	A568T	A568
dbsnp_benign	gnomad_10_54195793_T_G_199786639r9698	PCDH15	S399R	S399
dbsnp_benign	gnomad_10_54195793_T_C_199786639r9699	PCDH15	S399G	S399
dbsnp_benign	gnomad_10_54195807_T_C_148533341r9700	PCDH15	Y394C	Y394
dbsnp_benign	gnomad_10_54236866_T_C_149481989r9701	PCDH15	Q314Q	Q314
dbsnp_benign	gnomad_10_54236866_T_G_149481989r9702	PCDH15	Q314H	Q314
dbsnp_benign	gnomad_X_100296404_C_T_200021840r9703	PCDH19	R1107H	R1107
dbsnp_benign	gnomad_X_100296404_C_A_200021840r9704	PCDH19	R1107L	R1107
dbsnp_benign	gnomad_X_100296405_G_C_191333060r9705	PCDH19	R1107G	R1107
dbsnp_benign	gnomad_X_100296405_G_A_191333060r9707	PCDH19	R1107C	R1107
dbsnp_benign	gnomad_X_100296444_G_C_184545774r9708	PCDH19	L1094V	L1094
dbsnp_benign	gnomad_X_100296489_G_C_200854927r9710	PCDH19	P1079A	P1079
dbsnp_benign	gnomad_X_100296489_G_T_200854927r9711	PCDH19	P1079T	P1079
dbsnp_benign	gnomad_X_100296851_C_T_748581653r9712	PCDH19	R958Q	R958
dbsnp_benign	gnomad_X_100407304_T_C_200728466r9713	PCDH19	M432V	M432
dbsnp_benign	gnomad_20_57563630_C_T_61760966r9714	PCK1	C288C	C288
dbsnp_benign	gnomad_20_57565670_A_C_34103538r9716	PCK1	S579R	S579
dbsnp_benign	gnomad_20_57565670_A_G_34103538r9717	PCK1	S579G	S579
dbsnp_benign	gnomad_7_83135484_G_A_200359990r9719	PCLO	A689V	A689
dbsnp_benign	gnomad_21_46334635_G_A_61735823r9721	PCNT	R169H	R169
dbsnp_benign	gnomad_21_46385922_C_A_143490174r9723	PCNT	R1135R	R1135
dbsnp_benign	gnomad_21_46385922_C_T_143490174r9724	PCNT	R1135W	R1135
dbsnp_benign	gnomad_21_46391299_C_T_201139850r9725	PCNT	A1380V	A1380
dbsnp_benign	gnomad_21_46391302_C_T_114383833r9726	PCNT	A1381V	A1381
dbsnp_benign	gnomad_21_46397333_C_T_62224222r9728	PCNT	R1429C	R1429
dbsnp_benign	gnomad_21_46411326_C_G_114799541r9729	PCNT	H1751Q	H1751
dbsnp_benign	gnomad_21_46411687_G_A_112853262r9730	PCNT	E1872K	E1872
dbsnp_benign	gnomad_21_46412922_A_G_147189224r9732	PCNT	Q2027R	Q2027
dbsnp_benign	gnomad_21_46412967_G_A_149264703r9734	PCNT	R2042H	R2042
dbsnp_benign	gnomad_21_46416179_G_A_181127717r9735	PCNT	Q2087Q	Q2087
dbsnp_benign	gnomad_21_46416179_G_C_181127717r9736	PCNT	Q2087H	Q2087
dbsnp_benign	gnomad_21_46416195_G_A_200303861r9737	PCNT	D2093N	D2093
dbsnp_benign	gnomad_21_46416679_G_A_141635334r9738	PCNT	C2254Y	C2254
dbsnp_benign	gnomad_21_46427760_C_G_201185279r9739	PCNT	L2487V	L2487
dbsnp_benign	gnomad_21_46432171_G_A_35147998r9741	PCNT	A2903T	A2903
dbsnp_benign	gnomad_5_96393194_C_G_6235r9743	PCSK1	S690T	S690
dbsnp_benign	gnomad_5_96393270_G_C_6234r9745	PCSK1	Q665E	Q665
dbsnp_benign	gnomad_5_96397408_A_G_6233r9747	PCSK1	N550N	N550
dbsnp_benign	gnomad_5_96421888_G_A_6231r9749	PCSK1	N204N	N204
dbsnp_benign	gnomad_5_96429259_C_T_1799904r9751	PCSK1	R80Q	R80
dbsnp_benign	gnomad_1_55043912_C_T_151193009r9753	PCSK9	R93C	R93
dbsnp_benign	gnomad_1_55052749_C_T_72646508r9755	PCSK9	L253F	L253
dbsnp_benign	gnomad_1_55057453_C_T_139683719r9756	PCSK9	S373S	S373
dbsnp_benign	gnomad_1_55058631_G_A_139669564r9757	PCSK9	R496Q	R496
dbsnp_benign	gnomad_3_167704888_C_T_201796692r9758	PDCD10	R35Q	R35
dbsnp_benign	gnomad_5_58991967_C_T_370618257r9759	PDE4D	Q351Q	Q351
dbsnp_benign	gnomad_5_149899467_C_T_61732059r9760	PDE6A	V391M	V391
dbsnp_benign	gnomad_5_149921690_G_A_114973968r9762	PDE6A	P293L	P293
dbsnp_benign	gnomad_5_149934000_T_C_10057110r9763	PDE6A	N216S	N216
dbsnp_benign	gnomad_4_625769_G_A_113842820r9765	PDE6B	R48Q	R48
dbsnp_benign	gnomad_4_625771_G_T_79826315r9767	PDE6B	D49Y	D49
dbsnp_benign	gnomad_4_625924_C_T_537263212r9769	PDE6B	R100C	R100
dbsnp_benign	gnomad_4_634690_G_A_574098823r9770	PDE6B	S161N	S161
dbsnp_benign	gnomad_4_634690_G_T_574098823r9771	PDE6B	S161I	S161
dbsnp_benign	gnomad_4_666555_G_C_199521106r9772	PDE6B	A765P	A765
dbsnp_benign	gnomad_4_666593_C_T_35792756r9774	PDE6B	F777F	F777
dbsnp_benign	gnomad_4_670047_A_G_61734864r9776	PDE6B	V835V	V835
dbsnp_benign	gnomad_4_658964_C_T_143908642r9778	PDE6B	R472C	R472
dbsnp_benign	gnomad_10_93612928_C_T_62642544r9780	PDE6C	T68I	T68
dbsnp_benign	gnomad_10_93658960_A_C_12261131r9782	PDE6C	E699A	E699
dbsnp_benign	gnomad_10_93663126_G_A_79487435r9784	PDE6C	K822K	K822
dbsnp_benign	gnomad_10_93663126_G_C_79487435r9785	PDE6C	K822N	K822
dbsnp_benign	gnomad_16_69331087_G_A_76253513r9786	COG8	P531S	P531
dbsnp_benign	gnomad_4_54263898_C_G_149951350r9788	PDGFRA	T200S	T200
dbsnp_benign	gnomad_4_54264951_C_T_139913632r9789	PDGFRA	L221F	L221
dbsnp_benign	gnomad_4_54277492_C_T_199902153r9791	PDGFRA	P631S	P631
dbsnp_benign	gnomad_4_54280364_G_A_758609201r9792	PDGFRA	K735K	K735
dbsnp_benign	gnomad_4_54280389_C_T_61735626r9793	PDGFRA	P744S	P744
dbsnp_benign	gnomad_4_54280441_T_G_148654387r9794	PDGFRA	L761R	L761
dbsnp_benign	gnomad_4_54289105_A_G_752373446r9796	PDGFRA	Q957Q	Q957
dbsnp_benign	gnomad_4_54290331_C_G_140943817r9797	PDGFRA	L967V	L967
dbsnp_benign	gnomad_4_54290471_C_T_138150216r9798	PDGFRA	S1013S	S1013
dbsnp_benign	gnomad_4_54295230_C_T_148629782r9800	PDGFRA	I1076I	I1076
dbsnp_benign	gnomad_4_54295230_C_G_148629782r9801	PDGFRA	I1076M	I1076
dbsnp_benign	gnomad_5_150115797_G_A_114435947r9802	PDGFRB	A1096V	A1096
dbsnp_benign	gnomad_5_150117636_C_A_149417689r9804	PDGFRB	G1040V	G1040
dbsnp_benign	gnomad_5_150117795_C_T_35731372r9806	PDGFRB	R987Q	R987
dbsnp_benign	gnomad_5_150129831_C_T_148974733r9807	PDGFRB	R502Q	R502
dbsnp_benign	gnomad_5_150129883_C_T_41287110r9808	PDGFRB	E485K	E485
dbsnp_benign	gnomad_5_150133926_G_A_41287114r9810	PDGFRB	I238I	I238
dbsnp_benign	gnomad_5_150134800_A_G_2229560r9811	PDGFRB	I194T	I194
dbsnp_benign	gnomad_X_19349351_G_C_150318528r9813	PDHA1	D33H	D33
dbsnp_benign	gnomad_X_19351276_C_T_191666624r9814	PDHA1	T103I	T103
dbsnp_benign	gnomad_X_19355710_G_A_202166915r9815	PDHA1	V262I	V262
dbsnp_benign	gnomad_X_19359594_G_A_199879809r9816	PDHA1	D372N	D372
dbsnp_benign	gnomad_11_34978135_G_C_35560997r9818	PDHX	V326L	V326
dbsnp_benign	gnomad_11_34994999_T_G_147948716r9820	PDHX	F445V	F445
dbsnp_benign	gnomad_X_24503382_A_G_138321172r9821	PDK3	M126V	M126
dbsnp_benign	gnomad_X_24539144_A_C_141326782r9822	PDK3	K410Q	K410
dbsnp_benign	gnomad_4_185506581_G_A_62347360r9824	PDLIM3	T245I	T245
dbsnp_benign	gnomad_4_185506619_G_A_148256486r9826	PDLIM3	D232D	D232
dbsnp_benign	gnomad_4_185506632_G_A_201185673r9827	PDLIM3	P228L	P228
dbsnp_benign	gnomad_4_185535406_G_A_146768859r9828	PDLIM3	P10L	P10
dbsnp_benign	gnomad_10_26720339_A_G_116424900r9829	PDSS1	K197E	K197
dbsnp_benign	gnomad_13_27924519_G_A_137852787r9830	PDX1	E224K	E224
dbsnp_benign	gnomad_13_27924565_C_A_199644078r9832	PDX1	P239Q	P239
dbsnp_benign	gnomad_13_27924574_C_T_193922358r9834	PDX1	P242L	P242
dbsnp_benign	gnomad_20_1980372_C_T_185551108r9835	PDYN	R239Q	R239
dbsnp_benign	gnomad_20_1980506_G_T_769461186r9836	PDYN	D194E	D194
dbsnp_benign	gnomad_20_1980506_G_A_769461186r9837	PDYN	D194D	D194
dbsnp_benign	gnomad_20_1982964_T_C_59191035r9838	PDYN	N41D	N41
dbsnp_benign	gnomad_20_1982979_C_A_149056587r9839	PDYN	G36C	G36
dbsnp_benign	gnomad_10_101012256_A_G_368563439r9840	PDZD7	Y584Y	Y584
dbsnp_benign	gnomad_10_101012256_A_T_368563439r9841	PDZD7	Y584NA	Y584
dbsnp_benign	gnomad_10_101015772_C_T_112571971r9842	PDZD7	G538E	G538
dbsnp_benign	gnomad_19_33387441_A_G_201222933r9843	PEPD	I462T	I462
dbsnp_benign	gnomad_19_33387940_C_T_149042427r9844	PEPD	A432T	A432
dbsnp_benign	gnomad_19_33387978_T_C_142070498r9845	PEPD	D419G	D419
dbsnp_benign	gnomad_7_92501648_G_A_145430946r9847	PEX1	F814F	F814
dbsnp_benign	gnomad_7_92501648_G_T_145430946r9849	PEX1	F814L	F814
dbsnp_benign	gnomad_7_92511010_C_G_112822975r9850	PEX1	W507C	W507
dbsnp_benign	gnomad_7_92517373_G_T_73404416r9852	PEX1	A381D	A381
dbsnp_benign	gnomad_7_92517430_G_A_138758170r9854	PEX1	S362L	S362
dbsnp_benign	gnomad_7_92517438_C_T_138905930r9855	PEX1	K359K	K359
dbsnp_benign	gnomad_7_92517703_T_C_138183109r9856	PEX1	N271S	N271
dbsnp_benign	gnomad_7_92518145_T_C_149729088r9858	PEX1	Q156Q	Q156
dbsnp_benign	gnomad_1_2406811_C_G_139345520r9860	PEX10	V229L	V229
dbsnp_benign	gnomad_1_2406869_C_T_141430704r9861	PEX10	E209E	E209
dbsnp_benign	gnomad_1_2406875_G_C_140107510r9862	PEX10	P207P	P207
dbsnp_benign	gnomad_1_2408617_C_T_368273118r9864	PEX10	M145I	M145
dbsnp_benign	gnomad_1_145912483_C_T_201973197r9866	PEX11B	C153Y	C153
dbsnp_benign	gnomad_1_145912483_C_A_201973197r9867	PEX11B	C153F	C153
dbsnp_benign	gnomad_17_35576129_A_T_12941376r9868	PEX12	L245I	L245
dbsnp_benign	gnomad_2_61031555_T_A_150161574r9869	PEX13	S77T	S77
dbsnp_benign	gnomad_2_61032000_A_G_116059308r9870	PEX13	D225G	D225
dbsnp_benign	gnomad_2_61048636_C_G_74350038r9872	PEX13	L360V	L360
dbsnp_benign	gnomad_1_10475010_G_A_200154696r9874	N/A	NAN/ANA	NAN/A
dbsnp_benign	gnomad_1_10618382_G_T_12061667r9876	PEX14	A117S	A117
dbsnp_benign	gnomad_1_10623034_C_G_140476337r9877	PEX14	L134V	L134
dbsnp_benign	gnomad_11_45910096_T_G_79435202r9879	PEX16	H345P	H345
dbsnp_benign	gnomad_11_45914138_C_G_35214605r9881	PEX16	V254L	V254
dbsnp_benign	gnomad_11_45915755_C_T_11553094r9883	PEX16	V103M	V103
dbsnp_benign	gnomad_11_45916248_C_A_149348130r9885	PEX16	E68D	E68
dbsnp_benign	gnomad_1_160279572_A_G_74125561r9886	PEX19	G293G	G293
dbsnp_benign	gnomad_7_92487499_A_T_139054881r9888	PEX1	S1270R	S1270
dbsnp_benign	gnomad_7_92493129_C_T_141650598r9889	PEX1	V1011M	V1011
dbsnp_benign	gnomad_7_92494621_G_T_144825021r9890	PEX1	A931D	A931
dbsnp_benign	gnomad_8_76983431_A_G_142645936r9891	PEX2	W250R	W250
dbsnp_benign	gnomad_8_76984088_G_C_149287302r9892	PEX2	Q31E	Q31
dbsnp_benign	gnomad_22_18078506_C_T_150895887r9893	PEX26	L44F	L44
dbsnp_benign	gnomad_22_18083522_C_G_12484657r9895	PEX26	L153V	L153
dbsnp_benign	gnomad_22_18085172_C_T_149153003r9897	PEX26	A243V	A243
dbsnp_benign	gnomad_12_7201803_G_C_149102738r9898	PEX5	V202L	V202
dbsnp_benign	gnomad_6_42964826_C_A_34551839r9899	PEX6	A924S	A924
dbsnp_benign	gnomad_6_42965309_A_G_187435179r9901	PEX6	V844A	V844
dbsnp_benign	gnomad_6_42966359_G_A_142899308r9902	PEX6	P728L	P728
dbsnp_benign	gnomad_6_42967450_C_T_34324426r9903	PEX6	R601Q	R601
dbsnp_benign	gnomad_6_42968301_G_T_61732159r9904	PEX6	D559E	D559
dbsnp_benign	gnomad_6_42968487_G_A_79238506r9905	PEX6	S497S	S497
dbsnp_benign	gnomad_6_42974893_C_T_111282915r9906	PEX6	R343Q	R343
dbsnp_benign	gnomad_6_42978298_G_C_61753220r9907	PEX6	P285A	P285
dbsnp_benign	gnomad_6_42978916_C_G_61752141r9909	PEX6	A79P	A79
dbsnp_benign	gnomad_6_42964342_G_A_115180949r9911	PEX6	A979V	A979
dbsnp_benign	gnomad_12_48145125_G_A_41291971r9912	PFKM	R696H	R696
dbsnp_benign	gnomad_2_196841269_G_A_147312612r9914	PGAP1	P912S	P912
dbsnp_benign	gnomad_2_196870955_G_C_62185645r9915	PGAP1	Q585E	Q585
dbsnp_benign	gnomad_1_63629440_A_G_855314r9916	PGM1	I88V	I88
dbsnp_benign	gnomad_1_63631761_C_T_1126728r9918	PGM1	R221C	R221
dbsnp_benign	gnomad_1_63654368_G_A_6676290r9920	PGM1	V501I	V501
dbsnp_benign	gnomad_6_83176005_T_A_34238319r9922	PGM3	E362V	E362
dbsnp_benign	gnomad_X_22077544_G_A_187824835r9923	PHEX	V169M	V169
dbsnp_benign	gnomad_X_22077670_G_A_370610267r9924	PHEX	D211N	D211
dbsnp_benign	gnomad_X_22097008_C_T_142755818r9925	PHEX	N301N	N301
dbsnp_benign	gnomad_X_53940446_C_T_142630105r9927	PHF8	R943H	R943
dbsnp_benign	gnomad_X_53985226_C_T_41306749r9928	PHF8	E747K	E747
dbsnp_benign	gnomad_X_54022333_A_T_148664730r9929	PHF8	D109E	D109
dbsnp_benign	gnomad_1_119740425_A_T_201298102r9931	PHGDH	T329S	T329
dbsnp_benign	gnomad_X_72581151_T_C_201573707r9932	PHKA1	M1175V	M1175
dbsnp_benign	gnomad_X_72611092_C_T_139803629r9933	PHKA1	R821H	R821
dbsnp_benign	gnomad_X_18918741_T_C_143732206r9935	PHKA2	I693V	I693
dbsnp_benign	gnomad_X_18924460_G_C_148176463r9937	PHKA2	I545M	I545
dbsnp_benign	gnomad_X_18924516_G_C_17856445r9938	PHKA2	Q527E	Q527
dbsnp_benign	gnomad_X_18936167_T_C_368817576r9939	N/A	NAN/ANA	NAN/A
dbsnp_benign	gnomad_X_18948809_T_C_142034171r9940	PHKA2	T158A	T158
dbsnp_benign	gnomad_X_18954379_C_G_17313469r9941	PHKA2	E38Q	E38
dbsnp_benign	gnomad_16_47511759_A_G_151155518r9943	PHKB	Y167C	Y167
dbsnp_benign	gnomad_16_47663707_A_G_16945474r9944	PHKB	Y770C	Y770
dbsnp_benign	gnomad_16_47669246_A_T_9934849r9946	PHKB	E820V	E820
dbsnp_benign	gnomad_16_47698565_C_T_12918964r9948	PHKB	R1041W	R1041
dbsnp_benign	gnomad_4_41745920_C_T_138545772r9950	PHOX2B	G278S	G278
dbsnp_benign	gnomad_4_41745979_G_T_747626591r9951	PHOX2B	A258E	A258
dbsnp_benign	gnomad_13_72783620_A_G_115330455r9952	PIBF1	I51V	I51
dbsnp_benign	gnomad_X_15321540_C_A_142772459r9953	PIGA	G474V	G474
dbsnp_benign	gnomad_X_15321540_C_T_142772459r9954	PIGA	G474E	G474
dbsnp_benign	gnomad_X_15321541_C_T_61760986r9955	PIGA	G474R	G474
dbsnp_benign	gnomad_X_15331624_C_T_777795093r9957	PIGA	A103T	A103
dbsnp_benign	gnomad_4_508952_G_T_201853289r9958	PIGG	A295S	A295
dbsnp_benign	gnomad_4_521847_C_T_144879126r9960	PIGG	A507V	A507
dbsnp_benign	gnomad_4_523774_G_A_114931121r9961	PIGG	E644K	E644
dbsnp_benign	gnomad_4_527054_C_T_150774662r9962	PIGG	A695A	A695
dbsnp_benign	gnomad_4_527119_C_A_117059276r9963	PIGG	S717Y	S717
dbsnp_benign	gnomad_4_500399_C_A_28454778r9965	PIGG	A53D	A53
dbsnp_benign	gnomad_4_500405_C_A_34120878r9967	PIGG	S55Y	S55
dbsnp_benign	gnomad_18_62090521_T_C_200658159r9968	PIGN	I746M	I746
dbsnp_benign	gnomad_18_62138997_G_A_142508030r9969	PIGN	L368F	L368
dbsnp_benign	gnomad_18_62157207_C_G_200756305r9970	PIGN	E122Q	E122
dbsnp_benign	gnomad_20_45421410_C_T_146896700r9971	PIGT	A354V	A354
dbsnp_benign	gnomad_20_45418853_G_T_141420243r9973	PIGT	V123L	V123
dbsnp_benign	gnomad_20_45420332_A_C_61753669r9974	PIGT	D257A	D257
dbsnp_benign	gnomad_20_45424512_G_A_36056071r9976	PIGT	A473T	A473
dbsnp_benign	gnomad_1_26794843_G_A_149379900r9978	PIGV	R270H	R270
dbsnp_benign	gnomad_1_9715914_T_A_142285826r9980	PIK3CD	F146I	F146
dbsnp_benign	gnomad_1_9724377_T_C_28730679r9981	PIK3CD	H940H	H940
dbsnp_benign	gnomad_7_106869283_G_A_144082858r9983	PIK3CG	L574L	L574
dbsnp_benign	gnomad_5_68292320_G_A_3730089r9985	PIK3R1	M326I	M326
dbsnp_benign	gnomad_5_68293360_C_T_3730090r9987	PIK3R1	F392F	F392
dbsnp_benign	gnomad_19_18156181_G_A_367971686r9989	PIK3R2	R101H	R101
dbsnp_benign	gnomad_19_18156190_C_A_770694944r9990	PIK3R2	A104D	A104
dbsnp_benign	gnomad_19_18161967_A_T_147990742r9991	PIK3R2	S273C	S273
dbsnp_benign	gnomad_19_18169275_C_T_201029925r9992	PIK3R2	P723L	P723
dbsnp_benign	gnomad_1_20650447_G_A_61744200r9993	PINK1	R501Q	R501
dbsnp_benign	gnomad_1_20650507_A_C_1043424r9995	PINK1	N521T	N521
dbsnp_benign	gnomad_17_6464219_G_A_149585484r9997	PITPNM3	R703W	R703
dbsnp_benign	gnomad_17_6483563_C_T_61755430r9998	PITPNM3	V181I	V181
dbsnp_benign	gnomad_17_6484280_C_T_199749069r10000	PITPNM3	R96Q	R96
dbsnp_benign	gnomad_17_6525366_G_A_61755429r10001	PITPNM3	D72D	D72
dbsnp_benign	gnomad_10_3172747_C_A_199766052r10003	PITRM1	G9V	G9
dbsnp_benign	gnomad_10_3172747_C_G_199766052r10004	PITRM1	G9A	G9
dbsnp_benign	gnomad_10_3172747_C_T_199766052r10005	PITRM1	G9D	G9
dbsnp_benign	gnomad_4_110618481_T_C_138163892r10006	PITX2	M200V	M200
dbsnp_benign	gnomad_4_110618538_C_T_77144743r10007	PITX2	A181T	A181
dbsnp_benign	gnomad_4_110621351_T_C_201628949r10008	PITX2	Q68R	Q68
dbsnp_benign	gnomad_4_110621351_T_G_201628949r10009	PITX2	Q68P	Q68
dbsnp_benign	gnomad_2_178461089_G_A_79399438r10011	PJVK	G292R	G292
dbsnp_benign	gnomad_16_2097324_G_A_144590217r10013	PKD1	A3467V	A3467
dbsnp_benign	gnomad_16_2097327_G_A_147464577r10015	PKD1	S3466L	S3466
dbsnp_benign	gnomad_16_2097399_G_A_144593342r10016	PKD1	A3442V	A3442
dbsnp_benign	gnomad_16_2097490_G_A_149605181r10018	PKD1	P3412S	P3412
dbsnp_benign	gnomad_16_2102560_C_T_117896488r10020	PKD1	V3008M	V3008
dbsnp_benign	gnomad_16_2102864_C_G_13337123r10021	PKD1	E2966D	E2966
dbsnp_benign	gnomad_16_2103344_C_T_147788838r10023	PKD1	V2905I	V2905
dbsnp_benign	gnomad_16_2103413_A_T_13333553r10024	PKD1	W2882R	W2882
dbsnp_benign	gnomad_16_2103613_G_A_183084156r10026	PKD1	A2815V	A2815
dbsnp_benign	gnomad_16_2103617_C_T_149151043r10027	PKD1	G2814R	G2814
dbsnp_benign	gnomad_16_2103853_T_A_141717814r10029	PKD1	Q2735L	Q2735
dbsnp_benign	gnomad_16_2103857_G_T_150568356r10030	PKD1	P2734T	P2734
dbsnp_benign	gnomad_16_2103857_G_A_150568356r10031	PKD1	P2734S	P2734
dbsnp_benign	gnomad_16_2104536_G_A_147350387r10032	PKD1	T2708M	T2708
dbsnp_benign	gnomad_16_2104540_C_T_139507058r10034	PKD1	V2707M	V2707
dbsnp_benign	gnomad_16_2104548_G_A_200509641r10035	PKD1	A2704V	A2704
dbsnp_benign	gnomad_16_2104639_G_A_144557371r10037	PKD1	P2674S	P2674
dbsnp_benign	gnomad_16_2104639_G_C_144557371r10038	PKD1	P2674A	P2674
dbsnp_benign	gnomad_16_2106152_C_G_28369051r10039	PKD1	E2548Q	E2548
dbsnp_benign	gnomad_16_2108836_C_T_138672759r10041	PKD1	E2111K	E2111
dbsnp_benign	gnomad_16_2109340_C_T_137978188r10043	PKD1	V1943I	V1943
dbsnp_benign	gnomad_16_2109397_C_T_199947459r10045	PKD1	G1924S	G1924
dbsnp_benign	gnomad_16_2109556_C_T_144137200r10046	PKD1	A1871T	A1871
dbsnp_benign	gnomad_16_2109714_G_A_746910149r10047	PKD1	A1818V	A1818
dbsnp_benign	gnomad_16_2109860_A_G_575064371r10048	PKD1	H1769H	H1769
dbsnp_benign	gnomad_16_2110116_G_A_139520275r10049	PKD1	S1684L	S1684
dbsnp_benign	gnomad_16_2110311_G_A_146723506r10051	PKD1	S1619F	S1619
dbsnp_benign	gnomad_16_2110903_C_T_140980374r10052	PKD1	A1422T	A1422
dbsnp_benign	gnomad_16_2111149_G_A_143690392r10054	PKD1	R1340W	R1340
dbsnp_benign	gnomad_16_2111488_C_A_150710956r10056	PKD1	A1227S	A1227
dbsnp_benign	gnomad_16_2111665_G_A_146887330r10057	PKD1	P1168S	P1168
dbsnp_benign	gnomad_16_2112360_A_G_2549677r10059	PKD1	M1092T	M1092
dbsnp_benign	gnomad_16_2112809_G_A_147910505r10061	PKD1	S1047L	S1047
dbsnp_benign	gnomad_16_2112848_T_C_28681051r10062	PKD1	N1034S	N1034
dbsnp_benign	gnomad_16_2114914_G_A_527655141r10064	PKD1	H703H	H703
dbsnp_benign	gnomad_16_2116537_G_A_149022148r10066	PKD1	P572S	P572
dbsnp_benign	gnomad_16_2116541_G_A_367983387r10068	PKD1	H570H	H570
dbsnp_benign	gnomad_16_2116541_G_T_367983387r10070	PKD1	H570Q	H570
dbsnp_benign	gnomad_16_2117672_G_A_139917246r10071	PKD1	A401V	A401
dbsnp_benign	gnomad_16_2118389_G_A_13334842r10073	PKD1	H201H	H201
dbsnp_benign	gnomad_16_2118412_C_T_769369111r10075	PKD1	A194T	A194
dbsnp_benign	gnomad_16_2090293_C_T_148478410r10077	PKD1	V4146I	V4146
dbsnp_benign	gnomad_16_2092121_G_C_116835405r10079	PKD1	S3779R	S3779
dbsnp_benign	gnomad_16_2092121_G_T_116835405r10081	PKD1	S3779R	S3779
dbsnp_benign	gnomad_16_2135476_G_A_972113626r10082	PKD1	L72L	L72
dbsnp_benign	gnomad_16_2135583_G_T_560049593r10084	PKD1	P36H	P36
dbsnp_benign	gnomad_16_2135616_C_A_972049140r10086	PKD1	G25V	G25
dbsnp_benign	gnomad_16_2108418_G_A_139971481r10087	PKD1	T2250M	T2250
dbsnp_benign	gnomad_16_2108502_G_A_148496347r10089	PKD1	A2222V	A2222
dbsnp_benign	gnomad_16_2108569_G_A_140869992r10090	PKD1	R2200C	R2200
dbsnp_benign	gnomad_16_2108622_T_C_147685291r10092	PKD1	Q2182R	Q2182
dbsnp_benign	gnomad_16_2108679_C_T_145217118r10093	PKD1	R2163Q	R2163
dbsnp_benign	gnomad_16_2093954_C_T_79000340r10094	PKD1	G3560R	G3560
dbsnp_benign	gnomad_16_2094181_G_A_45478794r10096	PKD1	T3510M	T3510
dbsnp_benign	gnomad_16_2088269_A_G_781407050r10098	TSC2	I1735V	I1735
dbsnp_benign	gnomad_16_2088310_G_A_150038278r10099	TSC2	K1748K	K1748
dbsnp_benign	gnomad_16_2088448_C_G_397515318r10100	TSC2	I1754M	I1754
dbsnp_benign	gnomad_16_2088448_C_T_397515318r10101	TSC2	I1754I	I1754
dbsnp_benign	gnomad_16_2088451_C_T_141449031r10102	TSC2	C1755C	C1755
dbsnp_benign	gnomad_16_2088451_C_G_141449031r10103	TSC2	C1755W	C1755
dbsnp_benign	gnomad_16_2088461_G_A_758450326r10104	TSC2	A1759T	A1759
dbsnp_benign	gnomad_16_2088505_T_C_536518032r10105	TSC2	H1773H	H1773
dbsnp_benign	gnomad_16_2088524_A_C_989487316r10106	TSC2	T1780P	T1780
dbsnp_benign	gnomad_16_2088543_C_G_770117004r10108	TSC2	P1786R	P1786
dbsnp_benign	gnomad_16_2088554_G_A_200140994r10109	TSC2	V1790M	V1790
dbsnp_benign	gnomad_16_2088564_G_A_45506695r10110	TSC2	R1793Q	R1793
dbsnp_benign	gnomad_16_2088569_C_T_45517423r10111	TSC2	R1795C	R1795
dbsnp_benign	gnomad_16_2089813_G_A_114251396r10112	PKD1	R4276W	R4276
dbsnp_benign	gnomad_16_2089870_C_T_369397443r10114	PKD1	G4257R	G4257
dbsnp_benign	gnomad_7_47840546_C_T_116988549r10115	PKD1L1	D1823N	D1823
dbsnp_benign	gnomad_4_88036294_G_A_138132026r10117	PKD2	V262M	V262
dbsnp_benign	gnomad_4_88046676_A_G_1801612r10119	PKD2	I452V	I452
dbsnp_benign	gnomad_4_88046767_T_G_75762896r10121	PKD2	F482C	F482
dbsnp_benign	gnomad_4_88046868_G_T_143581690r10123	PKD2	V516L	V516
dbsnp_benign	gnomad_4_88065419_G_T_529945469r10124	PKD2	V722L	V722
dbsnp_benign	gnomad_6_51632705_C_A_76572975r10125	PKHD1	R3842L	R3842
dbsnp_benign	gnomad_6_51632705_C_T_76572975r10126	PKHD1	R3842Q	R3842
dbsnp_benign	gnomad_6_51632721_C_T_9474034r10128	PKHD1	V3837I	V3837
dbsnp_benign	gnomad_6_51748201_C_A_45503297r10130	PKHD1	D3139Y	D3139
dbsnp_benign	gnomad_6_51748401_G_A_139306706r10132	PKHD1	A3072V	A3072
dbsnp_benign	gnomad_6_51772738_G_T_142522748r10134	PKHD1	T2869K	T2869
dbsnp_benign	gnomad_6_51847961_T_C_7766366r10136	PKHD1	T2641A	T2641
dbsnp_benign	gnomad_6_51912487_T_G_143832120r10138	PKHD1	N2071H	N2071
dbsnp_benign	gnomad_6_52024966_G_A_147529495r10140	PKHD1	T1615M	T1615
dbsnp_benign	gnomad_6_52050268_C_A_150597050r10141	PKHD1	R723L	R723
dbsnp_benign	gnomad_6_52050268_C_T_150597050r10143	PKHD1	R723H	R723
dbsnp_benign	gnomad_6_52054125_T_C_117122807r10144	PKHD1	K626R	K626
dbsnp_benign	gnomad_6_52055687_G_A_45500692r10146	PKHD1	T579M	T579
dbsnp_benign	gnomad_6_52079965_C_T_143979330r10148	PKHD1	A109T	A109
dbsnp_benign	gnomad_6_51659611_G_T_139014478r10150	PKHD1	S3505R	S3505
dbsnp_benign	gnomad_6_52069502_G_A_111809699r10152	PKHD1	L245L	L245
dbsnp_benign	gnomad_12_32796113_C_T_151264959r10154	PKP2	D829N	D829
dbsnp_benign	gnomad_12_32796167_G_T_139734328r10155	PKP2	R811S	R811
dbsnp_benign	gnomad_12_32796206_T_C_112592855r10156	PKP2	T798A	T798
dbsnp_benign	gnomad_12_32824092_C_T_146102241r10158	PKP2	V587I	V587
dbsnp_benign	gnomad_12_32841124_A_C_147240502r10159	PKP2	I531S	I531
dbsnp_benign	gnomad_12_32841139_G_A_146882581r10160	PKP2	T526M	T526
dbsnp_benign	gnomad_12_32841166_T_C_144536197r10161	PKP2	N517S	N517
dbsnp_benign	gnomad_12_32850772_T_C_199571473r10162	PKP2	I458V	I458
dbsnp_benign	gnomad_12_32868983_C_G_200586695r10164	PKP2	A372P	A372
dbsnp_benign	gnomad_12_32877868_T_C_139851304r10166	PKP2	T338A	T338
dbsnp_benign	gnomad_12_32878089_G_A_62001016r10168	PKP2	A264V	A264
dbsnp_benign	gnomad_12_32878155_G_A_201580443r10170	PKP2	T242M	T242
dbsnp_benign	gnomad_12_32878174_C_A_62001015r10171	PKP2	A236S	A236
dbsnp_benign	gnomad_12_32878493_C_T_768974835r10173	PKP2	Q129Q	Q129
dbsnp_benign	gnomad_12_32896558_C_A_146708884r10174	PKP2	E58D	E58
dbsnp_benign	gnomad_1_20090587_T_C_149833360r10176	PLA2G5	H104H	H104
dbsnp_benign	gnomad_22_38132918_G_A_146241431r10177	PLA2G6	F330F	F330
dbsnp_benign	gnomad_22_38133010_C_T_528966598r10178	PLA2G6	A300T	A300
dbsnp_benign	gnomad_22_38143219_C_G_150190277r10180	PLA2G6	G165G	G165
dbsnp_benign	gnomad_10_73912301_G_A_55744193r10182	PLAU	G58R	G58
dbsnp_benign	gnomad_10_73912966_G_A_201299522r10184	PLAU	R79Q	R79
dbsnp_benign	gnomad_10_73912966_G_T_201299522r10186	PLAU	R79L	R79
dbsnp_benign	gnomad_10_73915328_T_C_72816325r10187	PLAU	Y350H	Y350
dbsnp_benign	gnomad_20_8150296_C_T_16994453r10188	PLCB1	D34D	D34
dbsnp_benign	gnomad_20_8717804_A_G_45608240r10190	PLCB1	Y490C	Y490
dbsnp_benign	gnomad_20_8737175_C_G_61755434r10192	PLCB1	P731A	P731
dbsnp_benign	gnomad_20_8788453_T_C_75820839r10193	PLCB1	I1039T	I1039
dbsnp_benign	gnomad_20_8646175_A_T_45496299r10194	PLCB1	E153V	E153
dbsnp_benign	gnomad_20_8657228_A_C_140899287r10196	PLCB1	R213S	R213
dbsnp_benign	gnomad_20_9444221_C_A_148347249r10197	PLCB4	S941Y	S941
dbsnp_benign	gnomad_10_94171416_G_A_141639885r10199	PLCE1	A577T	A577
dbsnp_benign	gnomad_10_94306473_C_T_58539480r10200	PLCE1	P1890L	P1890
dbsnp_benign	gnomad_16_81889177_T_C_369555285r10202	PLCG2	H257H	H257
dbsnp_benign	gnomad_16_81908529_G_A_372347274r10203	PLCG2	K557K	K557
dbsnp_benign	gnomad_16_81910645_C_T_147396004r10204	PLCG2	T620M	T620
dbsnp_benign	gnomad_16_81923501_A_G_142825971r10205	PLCG2	K775R	K775
dbsnp_benign	gnomad_16_81928585_C_T_114618894r10207	PLCG2	L848F	L848
dbsnp_benign	gnomad_16_81956795_G_A_370547009r10209	PLCG2	R1224H	R1224
dbsnp_benign	gnomad_8_143916477_G_A_192224737r10210	PLEC	D4585D	D4585
dbsnp_benign	gnomad_8_143916616_G_A_113513807r10211	PLEC	T4539M	T4539
dbsnp_benign	gnomad_8_143917004_G_A_202040785r10213	PLEC	P4410S	P4410
dbsnp_benign	gnomad_8_143918210_C_T_201419047r10214	PLEC	G4008S	G4008
dbsnp_benign	gnomad_8_143919324_G_A_113113366r10215	PLEC	N3636N	N3636
dbsnp_benign	gnomad_8_143919896_G_A_77303974r10216	PLEC	R3446C	R3446
dbsnp_benign	gnomad_8_143919926_G_A_142805337r10217	PLEC	R3436W	R3436
dbsnp_benign	gnomad_8_143920470_G_A_200895343r10219	PLEC	F3254F	F3254
dbsnp_benign	gnomad_8_143921391_G_C_62641758r10220	PLEC	I2947M	I2947
dbsnp_benign	gnomad_8_143921639_T_C_200061415r10221	PLEC	I2865V	I2865
dbsnp_benign	gnomad_8_143921771_G_A_35723243r10222	PLEC	R2821W	R2821
dbsnp_benign	gnomad_8_143921809_C_T_28526657r10224	PLEC	R2808Q	R2808
dbsnp_benign	gnomad_8_143921870_G_A_145977158r10226	PLEC	R2788W	R2788
dbsnp_benign	gnomad_8_143921941_G_C_184879368r10228	PLEC	P2764R	P2764
dbsnp_benign	gnomad_8_143923172_C_T_62641756r10230	PLEC	A2390T	A2390
dbsnp_benign	gnomad_8_143923437_G_A_575031901r10232	PLEC	D2301D	D2301
dbsnp_benign	gnomad_8_143924256_G_A_191863619r10233	PLEC	I2028I	I2028
dbsnp_benign	gnomad_8_143924276_C_T_201070741r10235	PLEC	A2022T	A2022
dbsnp_benign	gnomad_8_143924453_G_A_200575795r10237	PLEC	R1963W	R1963
dbsnp_benign	gnomad_8_143924458_G_A_542642242r10239	PLEC	A1961V	A1961
dbsnp_benign	gnomad_8_143924864_G_A_371126082r10240	PLEC	L1826L	L1826
dbsnp_benign	gnomad_8_143925056_C_T_187338487r10241	PLEC	E1762K	E1762
dbsnp_benign	gnomad_8_143925331_C_T_201430180r10243	PLEC	R1670Q	R1670
dbsnp_benign	gnomad_8_143926870_G_A_372256096r10245	PLEC	R1457C	R1457
dbsnp_benign	gnomad_8_143926870_G_C_372256096r10247	PLEC	R1457G	R1457
dbsnp_benign	gnomad_8_143927314_G_C_151022876r10248	PLEC	R1397G	R1397
dbsnp_benign	gnomad_8_143927314_G_A_151022876r10249	PLEC	R1397C	R1397
dbsnp_benign	gnomad_8_143927421_G_T_201552166r10251	PLEC	R1386R	R1386
dbsnp_benign	gnomad_8_143927421_G_A_201552166r10253	PLEC	R1386W	R1386
dbsnp_benign	gnomad_8_143927484_G_A_144610086r10254	PLEC	R1365W	R1365
dbsnp_benign	gnomad_8_143927546_C_A_146685404r10256	PLEC	R1344L	R1344
dbsnp_benign	gnomad_8_143927546_C_T_146685404r10258	PLEC	R1344H	R1344
dbsnp_benign	gnomad_8_143929136_T_C_576369528r10259	PLEC	Q1213R	Q1213
dbsnp_benign	gnomad_8_143929172_C_T_571362398r10261	PLEC	R1201H	R1201
dbsnp_benign	gnomad_8_143929517_C_T_534045685r10262	PLEC	R1130Q	R1130
dbsnp_benign	gnomad_8_143931975_T_C_189137260r10263	PLEC	I851V	I851
dbsnp_benign	gnomad_8_143934329_G_C_201667254r10265	PLEC	S523R	S523
dbsnp_benign	gnomad_8_143934834_G_A_546380802r10266	PLEC	F444F	F444
dbsnp_benign	gnomad_8_143950204_G_A_201053471r10267	PLEC	P168L	P168
dbsnp_benign	gnomad_8_143950615_C_T_200842821r10269	PLEC	R31Q	R31
dbsnp_benign	gnomad_1_6468255_G_A_148560273r10270	PLEKHG5	R861C	R861
dbsnp_benign	gnomad_1_6469659_G_A_149147021r10272	PLEKHG5	F606F	F606
dbsnp_benign	gnomad_1_6470312_G_A_77134982r10273	PLEKHG5	P575L	P575
dbsnp_benign	gnomad_1_6473052_G_A_111624565r10275	PLEKHG5	D306D	D306
dbsnp_benign	gnomad_1_6474072_C_T_143484278r10276	PLEKHG5	G178R	G178
dbsnp_benign	gnomad_1_6474072_C_G_143484278r10277	PLEKHG5	G178R	G178
dbsnp_benign	gnomad_1_6475992_G_A_111400494r10278	PLEKHG5	R30C	R30
dbsnp_benign	gnomad_1_6477538_G_T_140687324r10280	PLEKHG5	P12T	P12
dbsnp_benign	gnomad_15_89667751_C_T_145476436r10282	PLIN1	V272M	V272
dbsnp_benign	gnomad_15_89667753_G_A_58361219r10283	PLIN1	A271V	A271
dbsnp_benign	gnomad_15_89669998_G_T_6496589r10286	PLIN1	P194T	P194
dbsnp_benign	gnomad_15_89673353_C_A_140081686r10287	PLIN1	C36F	C36
dbsnp_benign	gnomad_4_127893809_G_A_17012739r10289	PLK4	E830E	E830
dbsnp_benign	gnomad_1_11949854_G_A_34878020r10290	PLOD1	A84T	A84
dbsnp_benign	gnomad_1_11952720_G_C_201888323r10292	PLOD1	L188F	L188
dbsnp_benign	gnomad_1_11963575_G_A_2230896r10294	PLOD1	V381M	V381
dbsnp_benign	gnomad_1_11965504_C_T_149124387r10296	PLOD1	R499W	R499
dbsnp_benign	gnomad_1_11965543_C_T_138490756r10298	PLOD1	R512C	R512
dbsnp_benign	gnomad_3_146085230_C_G_150981193r10300	PLOD2	V391L	V391
dbsnp_benign	gnomad_3_146091874_C_T_147665692r10302	PLOD2	V269I	V269
dbsnp_benign	gnomad_3_146104306_T_C_145809663r10303	PLOD2	I218V	I218
dbsnp_benign	gnomad_X_115640441_A_G_140968059r10305	PLS3	I309V	I309
dbsnp_benign	gnomad_17_15259120_T_C_368908933r10306	PMP22	H51R	H51
dbsnp_benign	gnomad_7_5977677_G_T_576055272r10307	PMS2	L786M	L786
dbsnp_benign	gnomad_7_5977709_T_C_17420802r10309	PMS2	N775S	N775
dbsnp_benign	gnomad_7_5978689_T_C_141893001r10310	PMS2	T728A	T728
dbsnp_benign	gnomad_7_5982913_G_A_757157176r10312	PMS2	I695I	I695
dbsnp_benign	gnomad_7_5986821_A_G_144011908r10313	PMS2	F648F	F648
dbsnp_benign	gnomad_7_5986976_T_A_1805318r10314	PMS2	T597S	T597
dbsnp_benign	gnomad_7_5987054_G_T_63750055r10316	PMS2	L571I	L571
dbsnp_benign	gnomad_7_5987077_C_A_63750668r10318	PMS2	R563L	R563
dbsnp_benign	gnomad_7_5987077_C_T_63750668r10319	PMS2	R563Q	R563
dbsnp_benign	gnomad_7_5987109_A_G_113726095r10321	PMS2	H552H	H552
dbsnp_benign	gnomad_7_5987156_C_T_115052399r10322	PMS2	E537K	E537
dbsnp_benign	gnomad_7_5987298_C_T_542522853r10323	PMS2	E489E	E489
dbsnp_benign	gnomad_7_5987328_G_C_63750685r10324	PMS2	H479Q	H479
dbsnp_benign	gnomad_7_5987328_G_A_63750685r10325	PMS2	H479H	H479
dbsnp_benign	gnomad_7_5987485_C_T_112902065r10327	PMS2	R427H	R427
dbsnp_benign	gnomad_7_5987523_G_A_142839559r10329	PMS2	D414D	D414
dbsnp_benign	gnomad_7_5987566_T_G_148069478r10331	PMS2	Q400P	Q400
dbsnp_benign	gnomad_7_5987568_C_T_757730609r10332	PMS2	K399K	K399
dbsnp_benign	gnomad_7_5989903_C_G_150515238r10333	PMS2	E347D	E347
dbsnp_benign	gnomad_7_5989903_C_T_150515238r10334	PMS2	E347E	E347
dbsnp_benign	gnomad_7_5989940_T_C_200513014r10335	PMS2	N335S	N335
dbsnp_benign	gnomad_7_5989951_G_A_186577215r10336	PMS2	C331C	C331
dbsnp_benign	gnomad_7_5992025_C_T_139194813r10337	PMS2	M312I	M312
dbsnp_benign	gnomad_7_5995607_G_T_1805322r10338	PMS2	T277K	T277
dbsnp_benign	gnomad_7_5997418_T_C_368608818r10340	PMS2	Q237Q	Q237
dbsnp_benign	gnomad_7_5999132_G_A_188813057r10341	PMS2	I227I	I227
dbsnp_benign	gnomad_7_5999132_G_T_188813057r10342	PMS2	I227I	I227
dbsnp_benign	gnomad_7_6002493_A_G_116349687r10343	PMS2	L166P	L166
dbsnp_benign	gnomad_7_6002516_G_A_767414243r10344	PMS2	S158S	S158
dbsnp_benign	gnomad_7_6002607_G_A_116373169r10345	PMS2	S128L	S128
dbsnp_benign	gnomad_7_6002611_C_T_114090343r10347	PMS2	A127T	A127
dbsnp_benign	gnomad_7_6003744_T_G_747771951r10349	PMS2	Q100P	Q100
dbsnp_benign	gnomad_7_6004042_G_C_200313585r10350	PMS2	D60E	D60
dbsnp_benign	gnomad_7_6004056_G_C_371011390r10351	PMS2	L56V	L56
dbsnp_benign	gnomad_7_6005958_G_A_878854061r10352	PMS2	L33L	L33
dbsnp_benign	gnomad_7_6005969_C_G_146176004r10353	PMS2	G29A	G29
dbsnp_benign	gnomad_7_6006002_A_G_201343342r10355	PMS2	I18T	I18
dbsnp_benign	gnomad_7_6006003_T_C_63750123r10356	PMS2	I18V	I18
dbsnp_benign	gnomad_2_218339800_G_A_150402000r10358	PNKD	R85H	R85
dbsnp_benign	gnomad_2_218339811_G_A_147259983r10360	PNKD	G89R	G89
dbsnp_benign	gnomad_2_218339869_A_G_142536637r10362	PNKD	H108R	H108
dbsnp_benign	gnomad_2_218339877_A_G_202190131r10363	PNKD	T111A	T111
dbsnp_benign	gnomad_2_218339877_A_C_202190131r10364	PNKD	T111P	T111
dbsnp_benign	gnomad_2_218344505_G_A_139825405r10366	PNKD	E307K	E307
dbsnp_benign	gnomad_2_218344545_G_A_200815994r10367	PNKD	R320Q	R320
dbsnp_benign	gnomad_2_218341569_G_A_141506076r10369	PNKD	R187Q	R187
dbsnp_benign	gnomad_2_218342016_G_A_746884706r10371	PNKD	R218Q	R218
dbsnp_benign	gnomad_19_49861464_A_C_3739206r10372	PNKP	V478G	V478
dbsnp_benign	gnomad_19_49861609_C_T_376854895r10374	PNKP	R462Q	R462
dbsnp_benign	gnomad_19_49861609_C_G_376854895r10375	PNKP	R462P	R462
dbsnp_benign	gnomad_19_49861672_G_C_549000007r10376	PNKP	A441G	A441
dbsnp_benign	gnomad_19_49862213_C_T_755340060r10377	PNKP	E366E	E366
dbsnp_benign	gnomad_19_49864188_C_T_532550120r10378	PNKP	E209E	E209
dbsnp_benign	gnomad_19_49864229_A_T_3739186r10379	PNKP	Y196N	Y196
dbsnp_benign	gnomad_19_49864364_G_T_3739185r10381	PNKP	R180S	R180
dbsnp_benign	gnomad_19_49864364_G_A_3739185r10382	PNKP	R180C	R180
dbsnp_benign	gnomad_19_49864383_G_A_144284975r10383	PNKP	D173D	D173
dbsnp_benign	gnomad_19_49865209_C_T_34472250r10384	PNKP	R139H	R139
dbsnp_benign	gnomad_19_49867149_G_A_201258910r10385	PNKP	A19V	A19
dbsnp_benign	gnomad_19_49867149_G_T_201258910r10387	PNKP	A19E	A19
dbsnp_benign	gnomad_14_20476410_G_A_61755047r10388	PNP	V227I	V227
dbsnp_benign	gnomad_6_36301948_A_G_34598813r10390	PNPLA1	E288G	E288
dbsnp_benign	gnomad_11_823586_C_G_140201358r10392	PNPLA2	N252K	N252
dbsnp_benign	gnomad_11_823586_C_T_140201358r10394	PNPLA2	N252N	N252
dbsnp_benign	gnomad_19_7535961_T_C_188353745r10395	PNPLA6	V67A	V67
dbsnp_benign	gnomad_19_7535969_G_C_112732576r10397	PNPLA6	V70L	V70
dbsnp_benign	gnomad_3_52096650_C_A_35898691r10399	POC1A	Q348H	Q348
dbsnp_benign	gnomad_3_52149942_G_A_11546882r10401	POC1A	P50L	P50
dbsnp_benign	gnomad_20_32230834_A_G_79984831r10403	POFUT1	M251V	M251
dbsnp_benign	gnomad_20_32231020_G_A_35968884r10405	POFUT1	E313K	E313
dbsnp_benign	gnomad_1_151404829_T_A_182719075r10407	POGZ	E1402D	E1402
dbsnp_benign	gnomad_1_151405738_C_T_116755407r10408	POGZ	E1099E	E1099
dbsnp_benign	gnomad_1_151406246_G_C_145570114r10409	POGZ	P930R	P930
dbsnp_benign	gnomad_19_50398907_G_A_3218773r10410	POLD1	R19H	R19
dbsnp_benign	gnomad_19_50398931_A_T_150066950r10412	POLD1	D27V	D27
dbsnp_benign	gnomad_19_50401894_G_A_137953986r10414	POLD1	A145T	A145
dbsnp_benign	gnomad_19_50402227_C_T_147881471r10415	POLD1	H204H	H204
dbsnp_benign	gnomad_19_50402468_C_T_76131127r10416	POLD1	T258M	T258
dbsnp_benign	gnomad_19_50402716_C_T_150116169r10418	POLD1	F315F	F315
dbsnp_benign	gnomad_19_50408794_C_T_769563176r10419	POLD1	D595D	D595
dbsnp_benign	gnomad_19_50409161_C_G_80214209r10420	POLD1	D644E	D644
dbsnp_benign	gnomad_19_50414972_G_A_3218775r10422	POLD1	R849H	R849
dbsnp_benign	gnomad_19_50414972_G_C_3218775r10424	POLD1	R849P	R849
dbsnp_benign	gnomad_19_50415472_G_A_367680864r10425	POLD1	V867I	V867
dbsnp_benign	gnomad_12_132624793_G_A_376336585r10426	POLE	I2255I	I2255
dbsnp_benign	gnomad_12_132624793_G_C_376336585r10427	POLE	I2255M	I2255
dbsnp_benign	gnomad_12_132624793_G_T_376336585r10428	POLE	I2255I	I2255
dbsnp_benign	gnomad_12_132638122_T_C_5744971r10429	POLE	K1857R	K1857
dbsnp_benign	gnomad_12_132642215_G_A_5744950r10430	POLE	A1712V	A1712
dbsnp_benign	gnomad_12_132642226_G_A_114891564r10432	POLE	F1708F	F1708
dbsnp_benign	gnomad_12_132642349_G_A_112358554r10433	POLE	F1667F	F1667
dbsnp_benign	gnomad_12_132642728_T_G_5744948r10434	POLE	E1577A	E1577
dbsnp_benign	gnomad_12_132642993_G_A_542430685r10435	POLE	R1519C	R1519
dbsnp_benign	gnomad_12_132643868_G_A_41561818r10436	POLE	A1420V	A1420
dbsnp_benign	gnomad_12_132643881_C_T_146711942r10438	POLE	A1416T	A1416
dbsnp_benign	gnomad_12_132643882_G_A_778896278r10440	POLE	N1415N	N1415
dbsnp_benign	gnomad_12_132643891_G_A_377245595r10441	POLE	N1412N	N1412
dbsnp_benign	gnomad_12_132643943_T_C_5744933r10442	POLE	Y1395C	Y1395
dbsnp_benign	gnomad_12_132657229_G_A_5744888r10443	POLE	H1163H	H1163
dbsnp_benign	gnomad_12_132659480_G_A_766306895r10444	POLE	F1030F	F1030
dbsnp_benign	gnomad_12_132661055_C_T_115193764r10445	POLE	A992T	A992
dbsnp_benign	gnomad_12_132661610_G_A_775486303r10446	POLE	N927N	N927
dbsnp_benign	gnomad_12_132664421_A_G_139182500r10447	POLE	F837S	F837
dbsnp_benign	gnomad_12_132668440_G_A_5744800r10448	POLE	P697S	P697
dbsnp_benign	gnomad_12_132668440_G_C_5744800r10449	POLE	P697A	P697
dbsnp_benign	gnomad_12_132668440_G_T_5744800r10450	POLE	P697T	P697
dbsnp_benign	gnomad_12_132672228_G_A_574033788r10451	POLE	T594I	T594
dbsnp_benign	gnomad_12_132672269_G_A_114972594r10452	POLE	H580H	H580
dbsnp_benign	gnomad_12_132673232_G_A_368303888r10453	POLE	L469L	L469
dbsnp_benign	gnomad_12_132673232_G_C_368303888r10454	POLE	L469V	L469
dbsnp_benign	gnomad_12_132676107_T_C_5744760r10455	POLE	N336S	N336
dbsnp_benign	gnomad_12_132677403_G_A_200211438r10457	POLE	P254L	P254
dbsnp_benign	gnomad_12_132677580_C_G_371882716r10458	POLE	V240L	V240
dbsnp_benign	gnomad_12_132677580_C_T_371882716r10459	POLE	V240M	V240
dbsnp_benign	gnomad_12_132679520_G_A_763871536r10460	POLE	D185D	D185
dbsnp_benign	gnomad_12_132679986_C_A_745601745r10461	POLE	V131L	V131
dbsnp_benign	gnomad_12_132680212_G_A_5744739r10462	POLE	P99L	P99
dbsnp_benign	gnomad_12_132681251_C_A_34047482r10463	POLE	A31S	A31
dbsnp_benign	gnomad_12_132687300_C_G_202220778r10465	POLE	G6R	G6
dbsnp_benign	gnomad_15_89318595_T_C_2307441r10466	POLG	E1143G	E1143
dbsnp_benign	gnomad_15_89321842_T_C_41549716r10468	POLG	Y831C	Y831
dbsnp_benign	gnomad_15_89323504_C_T_185645212r10469	POLG	R722H	R722
dbsnp_benign	gnomad_15_89328996_G_A_2307437r10470	POLG	P324S	P324
dbsnp_benign	gnomad_15_89330084_G_A_41540414r10471	POLG	I284I	I284
dbsnp_benign	gnomad_15_89333491_G_A_144439703r10472	POLG	F88F	F88
dbsnp_benign	gnomad_15_89333596_T_C_587781118r10473	POLG	Q53Q	Q53
dbsnp_benign	gnomad_15_89333596_T_A_587781118r10475	POLG	Q53H	Q53
dbsnp_benign	gnomad_15_89333627_T_C_28567406r10476	POLG	Q43R	Q43
dbsnp_benign	gnomad_17_64496512_G_C_149446102r10478	POLG2	L153V	L153
dbsnp_benign	gnomad_17_64496572_G_A_112984118r10479	POLG2	H133Y	H133
dbsnp_benign	gnomad_15_89326947_C_A_61752783r10481	POLG	G517V	G517
dbsnp_benign	gnomad_15_89328532_G_C_145289229r10483	POLG	L392V	L392
dbsnp_benign	gnomad_15_89328789_G_A_371431444r10484	POLG	L356L	L356
dbsnp_benign	gnomad_6_43597831_G_T_2307456r10485	POLH	G209V	G209
dbsnp_benign	gnomad_6_43603942_T_C_147712217r10487	POLH	I272T	I272
dbsnp_benign	gnomad_6_43613848_C_T_9296419r10489	POLH	T478M	T478
dbsnp_benign	gnomad_6_43614439_C_A_151095678r10491	POLH	S675Y	S675
dbsnp_benign	gnomad_2_86089889_C_G_146078741r10492	POLR1A	R158P	R158
dbsnp_benign	gnomad_6_44303398_C_T_150973108r10494	AARS2	R678Q	R678
dbsnp_benign	gnomad_6_43650410_C_T_35110984r10496	RSPH9	A88V	A88
dbsnp_benign	gnomad_22_37973814_G_A_776999856r10497	SOX10	A361V	A361
dbsnp_benign	gnomad_22_37973814_G_C_776999856r10498	SOX10	A361G	A361
dbsnp_benign	gnomad_22_37983511_C_G_142113652r10499	SOX10	V92L	V92
dbsnp_benign	gnomad_22_37983654_G_C_747377284r10500	SOX10	A44G	A44
dbsnp_benign	gnomad_22_37983663_C_A_199750760r10501	SOX10	G41V	G41
dbsnp_benign	gnomad_10_78009889_C_T_34588967r10503	POLR3A	R582H	R582
dbsnp_benign	gnomad_10_78009889_C_A_34588967r10504	POLR3A	R582L	R582
dbsnp_benign	gnomad_12_106454636_A_G_17038460r10506	POLR3B	T740A	T740
dbsnp_benign	gnomad_2_25161624_G_T_199636726r10508	POMC	F87L	F87
dbsnp_benign	gnomad_2_25161727_T_C_28932470r10510	POMC	D53G	D53
dbsnp_benign	gnomad_3_43080048_G_A_147175064r10512	POMGNT2	R462W	R462
dbsnp_benign	gnomad_3_43081193_C_T_146511234r10513	POMGNT2	R80H	R80
dbsnp_benign	gnomad_8_43122726_T_C_33920561r10514	POMK	M301T	M301
dbsnp_benign	gnomad_8_43122830_G_A_113361507r10515	POMK	D336N	D336
dbsnp_benign	gnomad_9_131513281_C_T_35242383r10517	POMT1	H397H	H397
dbsnp_benign	gnomad_9_131513281_C_G_35242383r10518	POMT1	H397Q	H397
dbsnp_benign	gnomad_9_131515483_C_A_11243406r10520	POMT1	D433E	D433
dbsnp_benign	gnomad_9_131522077_C_T_12115566r10522	POMT1	A641V	A641
dbsnp_benign	gnomad_9_131522988_C_T_138171526r10524	POMT1	A709V	A709
dbsnp_benign	gnomad_9_131523065_C_T_147266709r10526	POMT1	R735C	R735
dbsnp_benign	gnomad_9_131523065_C_A_147266709r10528	POMT1	R735S	R735
dbsnp_benign	gnomad_9_131519447_C_G_150367385r10529	POMT1	S537R	S537
dbsnp_benign	gnomad_14_77278484_C_T_200163818r10531	POMT2	R686Q	R686
dbsnp_benign	gnomad_14_77278817_T_C_148146976r10533	POMT2	T648T	T648
dbsnp_benign	gnomad_14_77278826_G_A_141193672r10534	POMT2	L645L	L645
dbsnp_benign	gnomad_14_77278826_G_T_141193672r10535	POMT2	L645L	L645
dbsnp_benign	gnomad_14_77284989_T_C_117173425r10536	POMT2	N513D	N513
dbsnp_benign	gnomad_14_77302839_C_T_140785104r10538	POMT2	D218N	D218
dbsnp_benign	gnomad_7_75985698_C_T_782397055r10540	POR	N503N	N503
dbsnp_benign	gnomad_7_124841114_C_G_79314063r10542	POT1	D410H	D410
dbsnp_benign	gnomad_7_124851918_C_A_116916706r10544	POT1	Q301H	Q301
dbsnp_benign	gnomad_7_124853013_C_T_76496261r10546	POT1	R276R	R276
dbsnp_benign	gnomad_7_124853090_T_C_148397357r10547	POT1	M251V	M251
dbsnp_benign	gnomad_X_83508463_C_T_144417952r10548	POU3F4	P47S	P47
dbsnp_benign	gnomad_3_12351626_C_G_1801282r10549	PPARG	P12A	P12
dbsnp_benign	gnomad_3_12416887_G_C_139894525r10551	PPARG	V335L	V335
dbsnp_benign	gnomad_1_40074078_T_C_146902902r10553	PPT1	I302V	I302
dbsnp_benign	gnomad_1_3402957_C_G_201199516r10555	PRDM16	H281Q	H281
dbsnp_benign	gnomad_1_3404788_G_A_191798831r10556	PRDM16	D312N	D312
dbsnp_benign	gnomad_1_3411385_T_C_201309284r10557	PRDM16	C396C	C396
dbsnp_benign	gnomad_1_3411385_T_G_201309284r10558	PRDM16	C396W	C396
dbsnp_benign	gnomad_1_3411623_C_T_188908415r10559	PRDM16	P476S	P476
dbsnp_benign	gnomad_1_3411881_G_A_150395260r10560	PRDM16	V562I	V562
dbsnp_benign	gnomad_1_3411906_C_T_138655327r10562	PRDM16	T570M	T570
dbsnp_benign	gnomad_1_3412487_G_A_149333409r10563	PRDM16	V764M	V764
dbsnp_benign	gnomad_1_3412645_C_T_372189819r10564	PRDM16	N816N	N816
dbsnp_benign	gnomad_1_3412649_G_A_201904226r10566	PRDM16	G818S	G818
dbsnp_benign	gnomad_1_3412665_G_C_371654192r10567	PRDM16	R823P	R823
dbsnp_benign	gnomad_1_3412665_G_A_371654192r10568	PRDM16	R823H	R823
dbsnp_benign	gnomad_1_3412703_G_A_114204766r10569	PRDM16	G836S	G836
dbsnp_benign	gnomad_1_3412736_A_T_369624816r10570	PRDM16	M847L	M847
dbsnp_benign	gnomad_1_3417951_C_G_150022595r10572	PRDM16	L939V	L939
dbsnp_benign	gnomad_1_3417951_C_A_150022595r10573	PRDM16	L939I	L939
dbsnp_benign	gnomad_1_3417951_C_T_150022595r10574	PRDM16	L939F	L939
dbsnp_benign	gnomad_1_3432065_A_T_199972068r10575	PRDM16	E1207D	E1207
dbsnp_benign	gnomad_1_3186136_G_A_183153140r10576	PRDM16	V17I	V17
dbsnp_benign	gnomad_1_3186187_G_A_187194973r10577	PRDM16	A34T	A34
dbsnp_benign	gnomad_4_120710405_C_T_116026637r10579	PRDM5	P544P	P544
dbsnp_benign	gnomad_4_120798342_G_T_148079992r10581	PRDM5	S371R	S371
dbsnp_benign	gnomad_4_120798389_A_T_140634372r10583	PRDM5	S356T	S356
dbsnp_benign	gnomad_4_120798439_A_G_201474353r10585	N/A	NAN/ANA	NAN/A
dbsnp_benign	gnomad_5_23527130_C_G_6875787r10588	PRDM9	T681S	T681
dbsnp_benign	gnomad_5_23527130_C_T_6875787r10589	PRDM9	T681I	T681
dbsnp_benign	gnomad_10_70598966_T_C_28933375r10590	PRF1	N252S	N252
dbsnp_benign	gnomad_10_70600500_C_T_12263572r10592	PRF1	V135M	V135
dbsnp_benign	gnomad_10_70600500_C_A_12263572r10593	PRF1	V135L	V135
dbsnp_benign	gnomad_12_42460069_G_A_3827522r10594	PRICKLE1	P746S	P746
dbsnp_benign	gnomad_12_42460234_T_C_149496604r10596	PRICKLE1	T691A	T691
dbsnp_benign	gnomad_12_42460436_C_T_150809651r10597	PRICKLE1	K623K	K623
dbsnp_benign	gnomad_3_64157305_C_T_139747674r10598	PRICKLE2	V153I	V153
dbsnp_benign	gnomad_7_151781320_C_T_79474211r10599	PRKAG2	G100S	G100
dbsnp_benign	gnomad_7_151786509_G_A_761196275r10601	PRKAG2	D49D	D49
dbsnp_benign	gnomad_17_68537592_G_A_146689929r10602	FAM20A	T504I	T504
dbsnp_benign	gnomad_17_68537671_G_T_139620139r10604	FAM20A	R478R	R478
dbsnp_benign	gnomad_19_53891711_T_C_3745406r10606	PRKCG	N189N	N189
dbsnp_benign	gnomad_19_53906423_G_A_146367309r10608	PRKCG	R624Q	R624
dbsnp_benign	gnomad_19_11447565_G_A_140014863r10609	PRKCSH	A326T	A326
dbsnp_benign	gnomad_19_11448919_T_C_143784110r10611	PRKCSH	V424A	V424
dbsnp_benign	gnomad_19_11436485_A_G_112718886r10612	PRKCSH	K59R	K59
dbsnp_benign	gnomad_8_47789225_A_T_8178232r10613	PRKDC	L3562M	L3562
dbsnp_benign	gnomad_8_47798319_T_C_8178228r10615	PRKDC	N3459S	N3459
dbsnp_benign	gnomad_8_47799296_C_T_8178225r10617	PRKDC	G3404E	G3404
dbsnp_benign	gnomad_8_47807283_G_A_8178216r10619	PRKDC	P3201S	P3201
dbsnp_benign	gnomad_8_47817561_C_T_8178208r10621	PRKDC	G3149D	G3149
dbsnp_benign	gnomad_8_47820838_G_A_55644332r10623	PRKDC	L3073F	L3073
dbsnp_benign	gnomad_8_47939665_C_T_8178017r10625	PRKDC	M333I	M333
dbsnp_benign	gnomad_6_161386865_G_A_56092260r10627	PRKN	R366W	R366
dbsnp_benign	gnomad_6_161785860_T_C_9456711r10629	PRKN	L261L	L261
dbsnp_benign	gnomad_6_162443380_T_C_148851677r10631	PRKN	Q34R	Q34
dbsnp_benign	gnomad_2_178436252_A_T_77419724r10633	PRKRA	I226N	I226
dbsnp_benign	gnomad_2_178450304_T_C_61999302r10635	PRKRA	D58G	D58
dbsnp_benign	gnomad_2_178450999_G_A_62176112r10637	PRKRA	P11L	P11
dbsnp_benign	gnomad_2_178450999_G_C_62176112r10639	PRKRA	P11R	P11
dbsnp_benign	gnomad_2_178451030_T_G_9406386r10640	PRKRA	M1L	M1
dbsnp_benign	gnomad_20_4699379_C_T_776188950r10642	PRNP	G53G	G53
dbsnp_benign	gnomad_20_4699448_C_T_112637437r10643	PRNP	P76P	P76
dbsnp_benign	gnomad_20_4699526_G_A_370426100r10645	PRNP	P102P	P102
dbsnp_benign	gnomad_20_4699605_A_G_1799990r10646	PRNP	M129V	M129
dbsnp_benign	gnomad_20_4699644_G_A_150351644r10648	PRNP	G142S	G142
dbsnp_benign	gnomad_20_5302393_G_A_78861628r10650	PROKR2	R268C	R268
dbsnp_benign	gnomad_4_15980426_C_T_146434364r10652	PROM1	D829N	D829
dbsnp_benign	gnomad_4_15984327_G_T_568361529r10653	PROM1	P770H	P770
dbsnp_benign	gnomad_4_15984352_T_C_202029748r10654	PROM1	S762G	S762
dbsnp_benign	gnomad_4_15984352_T_G_202029748r10655	PROM1	S762R	S762
dbsnp_benign	gnomad_4_15987699_G_A_199727800r10656	PROM1	S698S	S698
dbsnp_benign	gnomad_4_15987699_G_T_199727800r10657	PROM1	S698R	S698
dbsnp_benign	gnomad_4_15991228_G_A_149028760r10659	PROM1	N659N	N659
dbsnp_benign	gnomad_4_15991277_G_C_62617075r10661	PROM1	A643G	A643
dbsnp_benign	gnomad_4_15994003_T_C_140027620r10662	PROM1	H584R	H584
dbsnp_benign	gnomad_4_15994016_T_G_199674847r10664	PROM1	N580H	N580
dbsnp_benign	gnomad_4_16000583_C_A_200520976r10665	PROM1	L497F	L497
dbsnp_benign	gnomad_4_16006647_C_T_200620291r10666	PROM1	V449M	V449
dbsnp_benign	gnomad_4_16018362_C_A_202041422r10667	PROM1	L321F	L321
dbsnp_benign	gnomad_4_16018457_T_G_182096110r10668	PROM1	S290R	S290
dbsnp_benign	gnomad_4_16033437_C_T_199556426r10670	PROM1	V126M	V126
dbsnp_benign	gnomad_4_16075852_A_C_189108830r10672	PROM1	S19A	S19
dbsnp_benign	gnomad_4_16008971_A_G_200710798r10674	PROM1	L427L	L427
dbsnp_benign	gnomad_5_177992965_G_A_143790367r10675	PROP1	A142V	A142
dbsnp_benign	gnomad_5_177994296_C_G_2233783r10676	PROP1	G51A	G51
dbsnp_benign	gnomad_5_177994296_C_A_2233783r10677	PROP1	G51V	G51
dbsnp_benign	gnomad_20_64032910_G_A_139778757r10679	PRPF6	V915M	V915
dbsnp_benign	gnomad_17_1681654_G_A_200640834r10680	PRPF8	F230F	F230
dbsnp_benign	gnomad_17_1681654_G_C_200640834r10682	PRPF8	F230L	F230
dbsnp_benign	gnomad_6_42698323_T_G_434102r10684	PRPH2	D338A	D338
dbsnp_benign	gnomad_6_42698323_T_C_434102r10685	PRPH2	D338G	D338
dbsnp_benign	gnomad_6_42698381_A_G_139329966r10686	PRPH2	F319L	F319
dbsnp_benign	gnomad_6_42698398_G_A_61748434r10687	PRPH2	P313L	P313
dbsnp_benign	gnomad_6_42721852_G_C_76989855r10688	PRPH2	I161M	I161
dbsnp_benign	gnomad_6_42721852_G_A_76989855r10689	PRPH2	I161I	I161
dbsnp_benign	gnomad_6_42721881_T_C_146703538r10690	PRPH2	M152V	M152
dbsnp_benign	gnomad_6_42722202_G_A_61755770r10691	PRPH2	L45F	L45
dbsnp_benign	gnomad_6_42722298_G_A_61754402r10693	PRPH2	R13W	R13
dbsnp_benign	gnomad_16_29813694_G_C_745594874r10694	PRRT2	A214P	A214
dbsnp_benign	gnomad_16_29813698_C_G_200926711r10696	PRRT2	P215R	P215
dbsnp_benign	gnomad_16_29813701_C_T_76335820r10697	PRRT2	P216L	P216
dbsnp_benign	gnomad_16_29813701_C_A_76335820r10698	PRRT2	P216H	P216
dbsnp_benign	gnomad_16_29813827_G_A_560303559r10700	PRRT2	G258E	G258
dbsnp_benign	gnomad_7_142750563_C_T_770782578r10702	PRSS1	P17S	P17
dbsnp_benign	gnomad_7_142752444_C_T_146076691r10703	PRSS1	D156D	D156
dbsnp_benign	gnomad_7_142752484_A_G_201550522r10705	PRSS1	K170E	K170
dbsnp_benign	gnomad_4_118298754_C_A_28661939r10707	PRSS12	A606S	A606
dbsnp_benign	gnomad_4_118352281_G_A_72903215r10709	PRSS12	P147L	P147
dbsnp_benign	gnomad_4_118352693_G_C_143520192r10711	PRSS12	L10V	L10
dbsnp_benign	gnomad_19_40394496_C_T_555523161r10713	PRX	G1286S	G1286
dbsnp_benign	gnomad_19_40394550_C_G_146061247r10714	PRX	A1268P	A1268
dbsnp_benign	gnomad_19_40396251_C_T_116855701r10716	PRX	V701M	V701
dbsnp_benign	gnomad_19_40396388_G_A_118003416r10718	PRX	P655L	P655
dbsnp_benign	gnomad_19_40396727_C_T_139586219r10720	PRX	R542Q	R542
dbsnp_benign	gnomad_19_40396778_A_G_149715830r10722	PRX	V525A	V525
dbsnp_benign	gnomad_19_40397460_G_A_185112635r10723	PRX	P298S	P298
dbsnp_benign	gnomad_19_40397621_G_A_118071705r10724	PRX	A244V	A244
dbsnp_benign	gnomad_19_40397621_G_T_118071705r10725	PRX	A244E	A244
dbsnp_benign	gnomad_19_40397798_C_T_76756143r10727	PRX	R185H	R185
dbsnp_benign	gnomad_19_40397859_G_A_555499679r10728	PRX	R165C	R165
dbsnp_benign	gnomad_10_71828883_C_A_142272618r10729	PSAP	Q190H	Q190
dbsnp_benign	gnomad_10_71828883_C_T_142272618r10731	PSAP	Q190Q	Q190
dbsnp_benign	gnomad_10_71851206_G_A_148279196r10732	PSAP	L6F	L6
dbsnp_benign	gnomad_14_73170813_G_A_63750592r10734	PSEN1	R35Q	R35
dbsnp_benign	gnomad_14_73206470_A_G_17125721r10735	PSEN1	E318G	E318
dbsnp_benign	gnomad_1_226883748_G_A_58973334r10737	PSEN2	R62H	R62
dbsnp_benign	gnomad_1_226883774_C_T_140501902r10739	PSEN2	R71W	R71
dbsnp_benign	gnomad_1_226885570_C_T_63750197r10741	PSEN2	S130L	S130
dbsnp_benign	gnomad_1_226885596_G_A_202178897r10742	PSEN2	V139M	V139
dbsnp_benign	gnomad_1_226888097_C_A_533813519r10743	PSEN2	H169N	H169
dbsnp_benign	gnomad_1_226888112_A_G_61757781r10744	PSEN2	M174V	M174
dbsnp_benign	gnomad_1_226889016_G_A_138836272r10746	PSEN2	A252T	A252
dbsnp_benign	gnomad_6_32843017_T_A_17220206r10748	PSMB8	T74S	T74
dbsnp_benign	gnomad_6_32843975_C_T_114772012r10750	PSMB8	G8R	G8
dbsnp_benign	gnomad_6_32853172_G_A_56016563r10752	TAP1	H155H	H155
dbsnp_benign	gnomad_15_77018522_C_T_201872851r10754	PSTPIP1	T68M	T68
dbsnp_benign	gnomad_15_77031194_A_C_139362350r10756	PSTPIP1	Q219H	Q219
dbsnp_benign	gnomad_15_77031194_A_G_139362350r10757	PSTPIP1	Q219Q	Q219
dbsnp_benign	gnomad_15_77031224_C_T_542286074r10759	PSTPIP1	N229N	N229
dbsnp_benign	gnomad_15_77032355_A_G_145239831r10761	PSTPIP1	S267G	S267
dbsnp_benign	gnomad_15_77032403_C_T_778120164r10763	PSTPIP1	R283W	R283
dbsnp_benign	gnomad_15_77035518_C_T_201582038r10764	PSTPIP1	L314L	L314
dbsnp_benign	gnomad_15_77035928_C_T_34908107r10766	PSTPIP1	T371I	T371
dbsnp_benign	gnomad_15_77037069_G_A_145344175r10768	PSTPIP1	A382T	A382
dbsnp_benign	gnomad_15_77037069_G_T_145344175r10769	PSTPIP1	A382S	A382
dbsnp_benign	gnomad_15_77037076_A_G_200771233r10771	PSTPIP1	D384G	D384
dbsnp_benign	gnomad_9_95446931_C_T_56023271r10772	PTCH1	R1442Q	R1442
dbsnp_benign	gnomad_9_95446932_G_A_143464326r10773	PTCH1	R1442W	R1442
dbsnp_benign	gnomad_9_95447208_G_A_140417636r10774	PTCH1	R1350W	R1350
dbsnp_benign	gnomad_9_95447208_G_C_140417636r10775	PTCH1	R1350G	R1350
dbsnp_benign	gnomad_9_95447309_T_C_147067171r10776	PTCH1	Y1316C	Y1316
dbsnp_benign	gnomad_9_95447316_G_A_574856671r10777	PTCH1	P1314S	P1314
dbsnp_benign	gnomad_9_95447348_C_T_779365332r10778	PTCH1	R1303H	R1303
dbsnp_benign	gnomad_9_95447349_G_A_56102979r10780	PTCH1	R1303C	R1303
dbsnp_benign	gnomad_9_95447366_C_T_386833412r10782	PTCH1	R1297Q	R1297
dbsnp_benign	gnomad_9_95447417_G_A_201595274r10783	PTCH1	S1280L	S1280
dbsnp_benign	gnomad_9_95449081_G_A_144312968r10785	PTCH1	F1264F	F1264
dbsnp_benign	gnomad_9_95449081_G_T_144312968r10786	PTCH1	F1264L	F1264
dbsnp_benign	gnomad_9_95449181_A_G_182045135r10787	PTCH1	V1231A	V1231
dbsnp_benign	gnomad_9_95449225_G_A_377608291r10789	PTCH1	S1216S	S1216
dbsnp_benign	gnomad_9_95449290_T_A_2236405r10790	PTCH1	T1195S	T1195
dbsnp_benign	gnomad_9_95459700_G_A_145196322r10792	PTCH1	N929N	N929
dbsnp_benign	gnomad_9_95479038_C_T_199476091r10794	PTCH1	A393T	A393
dbsnp_benign	gnomad_9_95508249_C_A_143494325r10795	PTCH1	G38V	G38
dbsnp_benign	gnomad_9_95508249_C_T_143494325r10796	PTCH1	G38E	G38
dbsnp_benign	gnomad_9_95516690_T_C_202111971r10797	PTCH1	E44G	E44
dbsnp_benign	gnomad_9_95461867_C_T_531947455r10799	PTCH1	D898N	D898
dbsnp_benign	gnomad_9_95461879_C_T_56173896r10800	PTCH1	D894N	D894
dbsnp_benign	gnomad_9_95461881_C_T_138154222r10802	PTCH1	R893H	R893
dbsnp_benign	gnomad_9_95468779_G_A_2227971r10803	PTCH1	A741V	A741
dbsnp_benign	gnomad_9_95468818_G_A_115556836r10805	PTCH1	T728M	T728
dbsnp_benign	gnomad_9_95468828_G_A_149258400r10807	PTCH1	P725S	P725
dbsnp_benign	gnomad_9_95468927_C_T_758487789r10809	PTCH1	V692M	V692
dbsnp_benign	gnomad_9_95468951_C_T_62637629r10810	PTCH1	E684K	E684
dbsnp_benign	gnomad_9_95469088_C_T_145766839r10811	PTCH1	R638H	R638
dbsnp_benign	gnomad_1_44822664_T_C_11573598r10813	PTCH2	I1121M	I1121
dbsnp_benign	gnomad_1_44827646_G_A_11573587r10814	PTCH2	D709D	D709
dbsnp_benign	gnomad_1_44827646_G_T_11573587r10816	PTCH2	D709E	D709
dbsnp_benign	gnomad_1_44828037_G_A_11573586r10817	PTCH2	H622Y	H622
dbsnp_benign	gnomad_1_44828037_G_T_11573586r10818	PTCH2	H622N	H622
dbsnp_benign	gnomad_1_44829624_C_T_139624405r10819	PTCH2	R358H	R358
dbsnp_benign	gnomad_1_44830004_A_G_147627670r10821	PTCH2	S280S	S280
dbsnp_benign	gnomad_10_87965364_T_C_35979531r10823	PTEN	D368D	D368
dbsnp_benign	gnomad_10_87862106_G_C_201652303r10824	KLLN	R128G	R128
dbsnp_benign	gnomad_10_23192632_C_T_199831799r10826	PTF1A	D34D	D34
dbsnp_benign	gnomad_10_23193706_T_C_7918487r10829	PTF1A	S263P	S263
dbsnp_benign	gnomad_3_46893959_G_A_141466964r10830	PTH1R	R43H	R43
dbsnp_benign	gnomad_3_46898097_C_T_121434601r10832	PTH1R	R150C	R150
dbsnp_benign	gnomad_3_46902619_G_A_142921504r10834	PTH1R	T435T	T435
dbsnp_benign	gnomad_12_112453348_C_T_397507522r10836	PTPN11	D162D	D162
dbsnp_benign	gnomad_12_112477676_C_G_117730996r10837	PTPN11	H293Q	H293
dbsnp_benign	gnomad_12_112477676_C_T_117730996r10838	PTPN11	H293H	H293
dbsnp_benign	gnomad_12_112477722_A_G_201787206r10839	PTPN11	I309V	I309
dbsnp_benign	gnomad_1_198702513_T_A_201715157r10840	PTPRC	I189N	I189
dbsnp_benign	gnomad_1_198702524_A_G_4915154r10841	PTPRC	T193A	T193
dbsnp_benign	gnomad_1_198713049_C_T_6696162r10843	PTPRC	T423I	T423
dbsnp_benign	gnomad_1_198722466_T_A_12136658r10844	PTPRC	H570Q	H570
dbsnp_benign	gnomad_12_131932235_C_A_142954643r10846	PUS1	R122R	R122
dbsnp_benign	gnomad_12_131941961_C_T_149378338r10848	PUS1	T405M	T405
dbsnp_benign	gnomad_2_1638928_G_A_61747875r10850	PXDN	T1375I	T1375
dbsnp_benign	gnomad_2_1638964_C_T_61747868r10852	PXDN	G1363E	G1363
dbsnp_benign	gnomad_2_1648590_C_T_202132697r10854	PXDN	A1064T	A1064
dbsnp_benign	gnomad_2_1649629_G_A_761415955r10855	PXDN	I717I	I717
dbsnp_benign	gnomad_2_1660913_G_A_73910815r10856	PXDN	S602L	S602
dbsnp_benign	gnomad_14_50917033_G_A_35501326r10858	PYGL	R310C	R310
dbsnp_benign	gnomad_11_64757862_C_A_77656150r10860	PYGM	A193S	A193
dbsnp_benign	gnomad_11_64757875_G_T_604595r10861	PYGM	N188K	N188
dbsnp_benign	gnomad_17_44004947_C_T_200607114r10862	NAGS	P95L	P95
dbsnp_benign	gnomad_6_57190556_C_T_1040461r10864	RAB23	G207S	G207
dbsnp_benign	gnomad_2_135132983_A_G_114901298r10866	RAB3GAP1	Y442C	Y442
dbsnp_benign	gnomad_1_220151641_G_T_149842844r10868	RAB3GAP2	L1331I	L1331
dbsnp_benign	gnomad_1_220182922_G_C_201613456r10869	RAB3GAP2	L670V	L670
dbsnp_benign	gnomad_5_132575843_A_C_28903085r10870	RAD50	I94L	I94
dbsnp_benign	gnomad_5_132618158_A_G_143189763r10872	RAD50	I1085V	I1085
dbsnp_benign	gnomad_15_40701140_C_T_145617142r10873	RAD51	A55V	A55
dbsnp_benign	gnomad_14_68594569_T_C_61755650r10874	RAD51B	L374P	L374
dbsnp_benign	gnomad_17_58694974_T_C_730881923r10876	RAD51C	I63I	I63
dbsnp_benign	gnomad_17_58694980_A_G_45511291r10877	RAD51C	R65R	R65
dbsnp_benign	gnomad_17_58695161_G_A_61758784r10878	RAD51C	A126T	A126
dbsnp_benign	gnomad_17_58720767_A_G_28363317r10880	RAD51C	T287A	T287
dbsnp_benign	gnomad_17_58720778_T_A_376402418r10882	RAD51C	I290I	I290
dbsnp_benign	gnomad_17_58724080_T_C_201235884r10883	RAD51C	F315F	F315
dbsnp_benign	gnomad_17_58734153_A_G_201000407r10884	RAD51C	A354A	A354
dbsnp_benign	gnomad_17_35100957_G_A_138969595r10885	RAD51D	T328I	T328
dbsnp_benign	gnomad_17_35101021_C_T_115031549r10887	RAD51D	E307K	E307
dbsnp_benign	gnomad_17_35101333_G_A_146212490r10888	RAD51D	S257S	S257
dbsnp_benign	gnomad_17_35103294_T_C_28363284r10889	RAD51D	E233G	E233
dbsnp_benign	gnomad_17_35103297_C_T_28363283r10891	RAD51D	R232Q	R232
dbsnp_benign	gnomad_17_35116896_C_T_147933658r10893	RAD51D	A96T	A96
dbsnp_benign	gnomad_17_35116913_T_C_180869630r10895	RAD51D	D90G	D90
dbsnp_benign	gnomad_17_35116931_A_T_376472075r10896	RAD51D	L84H	L84
dbsnp_benign	gnomad_3_12584631_T_C_141791080r10898	RAF1	Q610Q	Q610
dbsnp_benign	gnomad_3_12599692_G_A_761947194r10899	RAF1	H369H	H369
dbsnp_benign	gnomad_3_12600219_G_A_5746220r10900	RAF1	P308L	P308
dbsnp_benign	gnomad_3_12600235_T_C_775898894r10901	RAF1	T303A	T303
dbsnp_benign	gnomad_3_12600235_T_A_775898894r10902	RAF1	T303S	T303
dbsnp_benign	gnomad_3_12618597_G_A_11549992r10903	RAF1	A42V	A42
dbsnp_benign	gnomad_3_12618603_C_T_192632236r10904	RAF1	R40H	R40
dbsnp_benign	gnomad_3_12618628_T_C_372738063r10906	RAF1	I32V	I32
dbsnp_benign	gnomad_11_36574050_A_G_3740955r10908	RAG1	H249R	H249
dbsnp_benign	gnomad_11_36574650_G_A_4151031r10909	RAG1	R449K	R449
dbsnp_benign	gnomad_11_36575963_G_A_4151034r10911	RAG1	D887N	D887
dbsnp_benign	gnomad_11_36592665_T_C_145614809r10913	RAG2	M502V	M502
dbsnp_benign	gnomad_11_36593011_G_T_34629171r10914	RAG2	F386L	F386
dbsnp_benign	gnomad_11_36593525_G_A_35691292r10916	RAG2	T215I	T215
dbsnp_benign	gnomad_11_36594147_C_T_150762709r10918	RAG2	V8I	V8
dbsnp_benign	gnomad_17_17793162_G_A_370671656r10920	RAI1	A72T	A72
dbsnp_benign	gnomad_17_17793171_G_T_566875015r10921	RAI1	A75S	A75
dbsnp_benign	gnomad_17_17793249_G_A_145801481r10923	RAI1	G101S	G101
dbsnp_benign	gnomad_17_17794723_G_A_141808855r10924	RAI1	R592Q	R592
dbsnp_benign	gnomad_17_17794723_G_C_141808855r10925	RAI1	R592P	R592
dbsnp_benign	gnomad_17_17795676_T_G_745515458r10926	RAI1	S910A	S910
dbsnp_benign	gnomad_17_17796598_G_A_142415050r10927	RAI1	R1217Q	R1217
dbsnp_benign	gnomad_17_17796603_C_T_151290050r10928	RAI1	L1219F	L1219
dbsnp_benign	gnomad_17_17797474_A_G_140063274r10929	RAI1	Q1509R	Q1509
dbsnp_benign	gnomad_17_17797600_C_T_202158738r10930	RAI1	S1551L	S1551
dbsnp_benign	gnomad_17_17797664_G_A_146964703r10931	RAI1	E1572E	E1572
dbsnp_benign	gnomad_17_17797920_C_A_547822588r10932	RAI1	L1658M	L1658
dbsnp_benign	gnomad_2_108730858_C_G_144278795r10933	RANBP2	N75K	N75
dbsnp_benign	gnomad_2_108730871_G_A_140785381r10934	RANBP2	V80I	V80
dbsnp_benign	gnomad_2_108755041_C_T_61758802r10935	RANBP2	P780L	P780
dbsnp_benign	gnomad_2_108755053_G_A_2912838r10937	RANBP2	R784K	R784
dbsnp_benign	gnomad_2_108763701_G_T_141230513r10939	RANBP2	Q1054H	Q1054
dbsnp_benign	gnomad_2_108763702_C_T_140860785r10941	RANBP2	P1055S	P1055
dbsnp_benign	gnomad_2_108765265_A_T_74821091r10943	RANBP2	T1576S	T1576
dbsnp_benign	gnomad_2_108765299_G_T_148677577r10945	RANBP2	G1587V	G1587
dbsnp_benign	gnomad_2_108767711_C_G_2433786r10947	RANBP2	T2391S	T2391
dbsnp_benign	gnomad_2_108767711_C_T_2433786r10949	RANBP2	T2391I	T2391
dbsnp_benign	gnomad_2_108768013_A_C_2693103r10950	RANBP2	T2492P	T2492
dbsnp_benign	gnomad_2_108768013_A_G_2693103r10951	RANBP2	T2492A	T2492
dbsnp_benign	gnomad_2_108768038_C_T_140280672r10953	RANBP2	T2500I	T2500
dbsnp_benign	gnomad_2_108768293_T_C_145886643r10955	RANBP2	I2585T	I2585
dbsnp_benign	gnomad_2_108929235_T_C_61761321r10957	EDAR	M107V	M107
dbsnp_benign	gnomad_17_8289059_G_T_140704891r10959	RANGRF	E61NA	E61
dbsnp_benign	gnomad_11_47438857_C_T_149683345r10961	RAPSN	A347A	A347
dbsnp_benign	gnomad_11_47438857_C_G_149683345r10962	RAPSN	A347A	A347
dbsnp_benign	gnomad_11_47441165_C_T_145357531r10963	RAPSN	G320G	G320
dbsnp_benign	gnomad_11_47441227_T_C_185204384r10964	N/A	NAN/ANA	NAN/A
dbsnp_benign	gnomad_11_47441836_C_T_766051613r10966	RAPSN	R259H	R259
dbsnp_benign	gnomad_11_47442732_C_T_34625105r10967	RAPSN	R205Q	R205
dbsnp_benign	gnomad_5_168506090_T_A_146939849r10969	RARS1	V376E	V376
dbsnp_benign	gnomad_6_87514446_T_C_8802r10971	RARS2	K568K	K568
dbsnp_benign	gnomad_6_87529548_T_C_17850652r10973	RARS2	K291R	K291
dbsnp_benign	gnomad_6_87530829_T_C_145499324r10975	RARS2	Q242Q	Q242
dbsnp_benign	gnomad_6_87564188_T_A_73496064r10977	RARS2	K52I	K52
dbsnp_benign	gnomad_5_87268613_G_C_201502793r10979	RASA1	E54D	E54
dbsnp_benign	gnomad_5_87268660_A_G_146525982r10980	RASA1	E70G	E70
dbsnp_benign	gnomad_5_87268675_G_C_200002693r10982	RASA1	G75A	G75
dbsnp_benign	gnomad_5_87268747_C_T_111840875r10984	RASA1	A99V	A99
dbsnp_benign	gnomad_5_87268755_G_T_115606026r10986	RASA1	V102L	V102
dbsnp_benign	gnomad_3_141608596_A_T_61750362r10988	RASA2	Q708H	Q708
dbsnp_benign	gnomad_15_65077003_A_T_202004658r10989	KBTBD13	Q63L	Q63
dbsnp_benign	gnomad_15_65077029_C_T_550537101r10990	KBTBD13	L72L	L72
dbsnp_benign	gnomad_15_65077103_T_C_759474251r10991	KBTBD13	F96F	F96
dbsnp_benign	gnomad_15_65077148_C_G_188146580r10992	KBTBD13	D111E	D111
dbsnp_benign	gnomad_15_65077176_G_A_201466173r10993	KBTBD13	V121M	V121
dbsnp_benign	gnomad_15_65077176_G_T_201466173r10994	KBTBD13	V121L	V121
dbsnp_benign	gnomad_15_65077331_C_G_142592180r10995	KBTBD13	D172E	D172
dbsnp_benign	gnomad_15_65077331_C_T_142592180r10997	KBTBD13	D172D	D172
dbsnp_benign	gnomad_15_65077557_C_T_200549195r10998	KBTBD13	R248C	R248
dbsnp_benign	gnomad_15_65077773_G_T_367648853r10999	KBTBD13	V320L	V320
dbsnp_benign	gnomad_3_50341826_G_A_142613783r11000	ZMYND10	R369W	R369
dbsnp_benign	gnomad_3_50341858_T_C_114329675r11002	ZMYND10	Q358R	Q358
dbsnp_benign	gnomad_18_59273059_T_G_150622912r11004	RAX	T50P	T50
dbsnp_benign	gnomad_13_48345184_T_A_764881599r11006	RB1	F162Y	F162
dbsnp_benign	gnomad_13_48348987_C_T_538578527r11007	RB1	L191L	L191
dbsnp_benign	gnomad_13_48456250_C_T_367578442r11008	RB1	R621C	R621
dbsnp_benign	gnomad_13_48456250_C_A_367578442r11009	RB1	R621S	R621
dbsnp_benign	gnomad_13_48456250_C_G_367578442r11010	RB1	R621G	R621
dbsnp_benign	gnomad_13_48465334_C_T_375751988r11011	RB1	L819L	L819
dbsnp_benign	gnomad_13_48465334_C_G_375751988r11012	RB1	L819V	L819
dbsnp_benign	gnomad_13_48476750_G_A_144668210r11013	RB1	R857H	R857
dbsnp_benign	gnomad_13_48476832_A_C_765537411r11014	RB1	E884D	E884
dbsnp_benign	gnomad_13_48476832_A_G_765537411r11015	RB1	E884E	E884
dbsnp_benign	gnomad_13_48364952_C_T_183898408r11016	RB1	T307I	T307
dbsnp_benign	gnomad_13_48377020_G_A_1060503078r11017	RB1	E440K	E440
dbsnp_benign	gnomad_13_48380210_C_T_141608408r11018	RB1	C489C	C489
dbsnp_benign	gnomad_13_48381380_A_G_143948310r11019	RB1	R544R	R544
dbsnp_benign	gnomad_13_48381380_A_T_143948310r11020	RB1	R544S	R544
dbsnp_benign	gnomad_13_48303995_C_G_776175164r11021	RB1	P28R	P28
dbsnp_benign	gnomad_13_48303995_C_T_776175164r11023	RB1	P28L	P28
dbsnp_benign	gnomad_10_110781139_C_T_183130427r11024	RBM20	T177I	T177
dbsnp_benign	gnomad_10_110781289_G_T_202238753r11025	RBM20	G227V	G227
dbsnp_benign	gnomad_10_110781662_C_T_192232825r11027	RBM20	D351D	D351
dbsnp_benign	gnomad_10_110781702_G_A_201047984r11028	RBM20	G365R	G365
dbsnp_benign	gnomad_10_110781702_G_T_201047984r11029	RBM20	G365W	G365
dbsnp_benign	gnomad_10_110784813_C_T_116442272r11030	RBM20	T484I	T484
dbsnp_benign	gnomad_10_110812715_A_G_181769913r11031	RBM20	K773R	K773
dbsnp_benign	gnomad_10_110821281_G_A_201370621r11033	RBM20	D888N	D888
dbsnp_benign	gnomad_10_110821382_C_G_587781137r11035	RBM20	I921M	I921
dbsnp_benign	gnomad_10_110821436_C_A_1225833082r11036	RBM20	D939E	D939
dbsnp_benign	gnomad_10_110821436_C_G_1225833082r11037	RBM20	D939E	D939
dbsnp_benign	gnomad_10_110821789_G_A_188054898r11038	RBM20	R1057Q	R1057
dbsnp_benign	gnomad_10_110821884_C_G_147356378r11040	RBM20	P1089A	P1089
dbsnp_benign	gnomad_10_110823536_G_A_116908219r11042	RBM20	E1125K	E1125
dbsnp_benign	gnomad_10_110835942_C_T_554167951r11044	RBM20	S1216S	S1216
dbsnp_benign	gnomad_10_47348562_C_T_115562835r11045	RBP3	S26S	S26
dbsnp_benign	gnomad_10_47348562_C_A_115562835r11046	RBP3	S26R	S26
dbsnp_benign	gnomad_10_47348562_C_G_115562835r11047	RBP3	S26R	S26
dbsnp_benign	gnomad_10_47350115_G_A_41284962r11048	RBP3	R544H	R544
dbsnp_benign	gnomad_10_47350115_G_T_41284962r11049	RBP3	R544L	R544
dbsnp_benign	gnomad_10_47350290_C_A_782049247r11050	RBP3	H602Q	H602
dbsnp_benign	gnomad_10_47350290_C_T_782049247r11051	RBP3	H602H	H602
dbsnp_benign	gnomad_12_55721281_A_G_62638195r11052	RDH5	I33V	I33
dbsnp_benign	gnomad_12_55721408_G_A_140121982r11054	RDH5	R75H	R75
dbsnp_benign	gnomad_12_55721449_G_A_1136125r11055	RDH5	V89I	V89
dbsnp_benign	gnomad_8_144511740_G_A_35346077r11057	RECQL4	S1148F	S1148
dbsnp_benign	gnomad_8_144511748_C_G_61755066r11059	RECQL4	Q1145H	Q1145
dbsnp_benign	gnomad_8_144511912_C_T_201369291r11060	RECQL4	R1131K	R1131
dbsnp_benign	gnomad_8_144511991_C_T_34915097r11061	RECQL4	G1105S	G1105
dbsnp_benign	gnomad_8_144511991_C_G_34915097r11062	RECQL4	G1105R	G1105
dbsnp_benign	gnomad_8_144512247_C_T_35348691r11063	RECQL4	A1045T	A1045
dbsnp_benign	gnomad_8_144512322_C_T_114149451r11065	RECQL4	V1020M	V1020
dbsnp_benign	gnomad_8_144512494_C_T_200629599r11067	RECQL4	V985M	V985
dbsnp_benign	gnomad_8_144513135_C_T_368611522r11068	RECQL4	E823K	E823
dbsnp_benign	gnomad_8_144513221_G_A_202078917r11069	RECQL4	P820P	P820
dbsnp_benign	gnomad_8_144513266_G_A_34735741r11070	RECQL4	A805A	A805
dbsnp_benign	gnomad_8_144513443_C_T_35215952r11072	RECQL4	A746A	A746
dbsnp_benign	gnomad_8_144513458_G_A_34271972r11074	RECQL4	A741A	A741
dbsnp_benign	gnomad_8_144513685_G_T_531970883r11075	RECQL4	R696S	R696
dbsnp_benign	gnomad_8_144513685_G_A_531970883r11076	RECQL4	R696C	R696
dbsnp_benign	gnomad_8_144514980_G_A_200732690r11077	RECQL4	L526F	L526
dbsnp_benign	gnomad_8_144516029_C_T_144637135r11079	RECQL4	V364M	V364
dbsnp_benign	gnomad_8_144516091_G_A_549381989r11081	RECQL4	P343L	P343
dbsnp_benign	gnomad_8_144516150_G_A_745658597r11082	RECQL4	S323S	S323
dbsnp_benign	gnomad_8_144516218_C_T_34633809r11083	RECQL4	E301K	E301
dbsnp_benign	gnomad_8_144516228_G_A_34700133r11085	RECQL4	D297D	D297
dbsnp_benign	gnomad_8_144516318_C_G_4244612r11086	RECQL4	E267D	E267
dbsnp_benign	gnomad_8_144516554_C_T_34371341r11088	RECQL4	G189S	G189
dbsnp_benign	gnomad_8_144516576_C_T_34159914r11089	RECQL4	Q181Q	Q181
dbsnp_benign	gnomad_8_144517466_T_C_35198096r11091	RECQL4	Q54R	Q54
dbsnp_benign	gnomad_8_144511495_A_G_535259922r11093	RECQL4	L1188P	L1188
dbsnp_benign	gnomad_8_144511688_G_A_202083938r11094	RECQL4	H1165H	H1165
dbsnp_benign	gnomad_8_144511688_G_T_202083938r11095	RECQL4	H1165Q	H1165
dbsnp_benign	gnomad_2_86232734_G_A_139806812r11096	REEP1	D162D	D162
dbsnp_benign	gnomad_7_103523443_C_T_150236371r11098	RELN	G2480S	G2480
dbsnp_benign	gnomad_7_103545304_C_T_116716038r11100	RELN	G2115S	G2115
dbsnp_benign	gnomad_7_103553706_C_T_114807343r11101	RELN	G1975S	G1975
dbsnp_benign	gnomad_7_103566226_A_G_537366000r11103	RELN	I1645T	I1645
dbsnp_benign	gnomad_7_103574195_C_T_143213152r11104	RELN	V1470I	V1470
dbsnp_benign	gnomad_7_103593755_C_T_55689103r11106	RELN	G1280E	G1280
dbsnp_benign	gnomad_7_103593882_T_G_114003896r11108	RELN	N1238H	N1238
dbsnp_benign	gnomad_7_103596518_G_T_114684479r11110	RELN	N1159K	N1159
dbsnp_benign	gnomad_7_103596571_A_T_145484343r11111	RELN	S1142T	S1142
dbsnp_benign	gnomad_7_103640597_G_A_201044262r11112	RELN	P672L	P672
dbsnp_benign	gnomad_7_103661440_C_T_73712207r11113	RELN	R459R	R459
dbsnp_benign	gnomad_7_103989331_T_G_115165703r11114	RELN	Q9P	Q9
dbsnp_benign	gnomad_7_103539147_C_T_79377093r11116	RELN	A2371T	A2371
dbsnp_benign	gnomad_7_103483741_C_T_115035120r11118	RELN	V3365I	V3365
dbsnp_benign	gnomad_7_103489775_C_T_73714410r11120	RELN	G3244S	G3244
dbsnp_benign	gnomad_7_103495752_T_C_149613347r11122	RELN	I3114V	I3114
dbsnp_benign	gnomad_1_204166272_G_C_61746500r11123	REN	P8A	P8
dbsnp_benign	gnomad_X_153944417_T_C_138548063r11124	RENBP	D10G	D10
dbsnp_benign	gnomad_6_138911287_G_A_144226246r11125	REPS1	P686S	P686
dbsnp_benign	gnomad_10_43100551_C_A_145633958r11126	RET	L56M	L56
dbsnp_benign	gnomad_10_43100585_G_A_192489011r11127	RET	R67H	R67
dbsnp_benign	gnomad_10_43100647_A_G_141679950r11129	RET	I88V	I88
dbsnp_benign	gnomad_10_43102345_G_A_76397662r11130	RET	R114H	R114
dbsnp_benign	gnomad_10_43102491_C_A_371153966r11131	RET	R163R	R163
dbsnp_benign	gnomad_10_43102491_C_T_371153966r11132	RET	R163W	R163
dbsnp_benign	gnomad_10_43102570_G_A_753707182r11133	RET	R189H	R189
dbsnp_benign	gnomad_10_43102570_G_T_753707182r11134	RET	R189L	R189
dbsnp_benign	gnomad_10_43105159_C_A_35118262r11135	RET	T278N	T278
dbsnp_benign	gnomad_10_43106382_G_A_34682185r11137	RET	V292M	V292
dbsnp_benign	gnomad_10_43109085_C_T_546866208r11139	RET	A373V	A373
dbsnp_benign	gnomad_10_43111279_G_C_115423919r11140	RET	G446R	G446
dbsnp_benign	gnomad_10_43111408_G_A_9282834r11141	RET	D489N	D489
dbsnp_benign	gnomad_10_43112105_C_T_201745826r11143	RET	A510V	A510
dbsnp_benign	gnomad_10_43112903_G_A_147219360r11144	RET	D567N	D567
dbsnp_benign	gnomad_10_43113663_G_A_377767402r11145	RET	E623K	E623
dbsnp_benign	gnomad_10_43114541_C_T_75225191r11146	RET	I647I	I647
dbsnp_benign	gnomad_10_43114546_C_T_148935214r11147	RET	S649L	S649
dbsnp_benign	gnomad_10_43114671_G_A_1799939r11148	RET	G691S	G691
dbsnp_benign	gnomad_10_43114671_G_T_1799939r11150	RET	G691C	G691
dbsnp_benign	gnomad_10_43114681_G_A_141185224r11151	RET	R694Q	R694
dbsnp_benign	gnomad_10_43118460_A_T_77724903r11152	RET	Y791F	Y791
dbsnp_benign	gnomad_10_43118460_A_G_77724903r11154	RET	Y791C	Y791
dbsnp_benign	gnomad_10_43119646_C_T_1800862r11155	RET	S836S	S836
dbsnp_benign	gnomad_10_43124887_C_T_17158558r11157	RET	R982C	R982
dbsnp_benign	gnomad_10_43126647_A_G_201740483r11159	RET	T1038A	T1038
dbsnp_benign	gnomad_10_43128167_T_C_144192900r11161	RET	D1081D	D1081
dbsnp_benign	gnomad_6_111374376_T_C_55717383r11162	REV3L	I1327V	I1327
dbsnp_benign	gnomad_1_151342542_G_A_2233855r11163	RFX5	P499S	P499
dbsnp_benign	gnomad_6_116877325_C_A_9489056r11165	RFX6	A17E	A17
dbsnp_benign	gnomad_6_116925556_C_T_4946206r11167	RFX6	H594H	H594
dbsnp_benign	gnomad_6_116927180_C_A_146081967r11169	RFX6	T680K	T680
dbsnp_benign	gnomad_6_116928759_G_C_138343620r11171	RFX6	G800A	G800
dbsnp_benign	gnomad_X_47089882_C_G_138747840r11173	RGN	D151E	D151
dbsnp_benign	gnomad_3_129528885_G_C_149079952r11174	RHO	G51A	G51
dbsnp_benign	gnomad_3_129532580_G_A_141185480r11176	RHO	K248K	K248
dbsnp_benign	gnomad_3_129532727_C_T_142285818r11177	RHO	S297S	S297
dbsnp_benign	gnomad_20_19974990_G_A_199693970r11179	RIN2	S322N	S322
dbsnp_benign	gnomad_20_19975667_G_A_181298473r11180	RIN2	V548M	V548
dbsnp_benign	gnomad_21_41740870_C_T_142879262r11182	RIPK4	A823T	A823
dbsnp_benign	gnomad_15_89210422_G_A_140570189r11184	RLBP1	L273F	L273
dbsnp_benign	gnomad_15_89217275_C_T_201865787r11185	RLBP1	R64Q	R64
dbsnp_benign	gnomad_15_89218677_A_T_77384282r11186	RLBP1	M10K	M10
dbsnp_benign	gnomad_13_50956394_G_T_144408326r11188	RNASEH2B	A287S	A287
dbsnp_benign	gnomad_5_141956699_G_T_164075r11191	PCDH12	H385N	H385
dbsnp_benign	gnomad_5_141956699_G_C_164075r11192	PCDH12	H385D	H385
dbsnp_benign	gnomad_5_141957689_G_C_200451693r11193	PCDH12	R55G	R55
dbsnp_benign	gnomad_3_196487449_C_T_114025031r11194	RNF168	E170K	E170
dbsnp_benign	gnomad_8_42865438_C_T_144435181r11196	RNF170	S125N	S125
dbsnp_benign	gnomad_17_58357685_G_A_199916345r11198	RNF43	H697H	H697
dbsnp_benign	gnomad_3_77563191_A_T_80051448r11199	ROBO2	N515I	N515
dbsnp_benign	gnomad_3_77580050_G_A_199675194r11201	ROBO2	R811Q	R811
dbsnp_benign	gnomad_11_124870248_G_A_142090631r11202	ROBO3	D284N	D284
dbsnp_benign	gnomad_11_124870248_G_T_142090631r11204	ROBO3	D284Y	D284
dbsnp_benign	gnomad_11_124870663_C_T_151168595r11205	ROBO3	T323M	T323
dbsnp_benign	gnomad_11_124873038_C_T_144055440r11207	ROBO3	D495D	D495
dbsnp_benign	gnomad_11_124873038_C_A_144055440r11208	ROBO3	D495E	D495
dbsnp_benign	gnomad_11_124873798_C_T_192962871r11209	ROBO3	L574L	L574
dbsnp_benign	gnomad_11_124876302_T_A_199932669r11210	ROBO3	L874Q	L874
dbsnp_benign	gnomad_11_124887804_C_T_145067866r11212	ROBO4	G662D	G662
dbsnp_benign	gnomad_11_124887804_C_G_145067866r11213	ROBO4	G662A	G662
dbsnp_benign	gnomad_11_62614353_G_A_150168119r11215	ROM1	R229H	R229
dbsnp_benign	gnomad_11_62614479_T_C_137950927r11217	ROM1	M271T	M271
dbsnp_benign	gnomad_9_91724028_G_A_146432734r11219	ROR2	N822N	N822
dbsnp_benign	gnomad_9_91724099_G_A_141235720r11221	ROR2	P799S	P799
dbsnp_benign	gnomad_9_91724209_G_A_34491822r11223	ROR2	S762L	S762
dbsnp_benign	gnomad_9_91724304_G_A_372509332r11224	ROR2	N730N	N730
dbsnp_benign	gnomad_9_91724758_T_A_150610444r11225	ROR2	D579V	D579
dbsnp_benign	gnomad_9_91724782_T_C_376970201r11226	ROR2	H571R	H571
dbsnp_benign	gnomad_9_91724905_C_T_35852786r11228	ROR2	R530Q	R530
dbsnp_benign	gnomad_9_91726610_C_T_150661792r11230	ROR2	P439P	P439
dbsnp_benign	gnomad_9_91726620_G_A_149842671r11231	ROR2	A436V	A436
dbsnp_benign	gnomad_9_91731107_C_T_371221714r11232	ROR2	S329N	S329
dbsnp_benign	gnomad_9_91733124_C_T_188376581r11233	ROR2	R312H	R312
dbsnp_benign	gnomad_9_91733299_C_T_374492597r11234	ROR2	D254N	D254
dbsnp_benign	gnomad_9_91733329_G_A_148340413r11235	ROR2	R244W	R244
dbsnp_benign	gnomad_9_91949957_G_A_539329891r11237	ROR2	R3W	R3
dbsnp_benign	gnomad_1_151811329_G_C_113195254r11239	RORC	A464G	A464
dbsnp_benign	gnomad_1_151813564_G_A_61754474r11241	RORC	Y330Y	Y330
dbsnp_benign	gnomad_8_54621348_C_A_147116231r11242	RP1	L128I	L128
dbsnp_benign	gnomad_8_54621453_G_A_370436803r11244	RP1	D163N	D163
dbsnp_benign	gnomad_8_54621453_G_C_370436803r11245	RP1	D163H	D163
dbsnp_benign	gnomad_8_54626820_G_A_202226256r11246	RP1	G980S	G980
dbsnp_benign	gnomad_8_54629946_A_C_184596875r11248	RP1	K2022Q	K2022
dbsnp_benign	gnomad_8_10607106_G_A_147334256r11249	RP1L1	T2331M	T2331
dbsnp_benign	gnomad_8_10607286_G_C_183232880r11251	RP1L1	P2271R	P2271
dbsnp_benign	gnomad_8_10607498_C_T_192990137r11252	RP1L1	E2200E	E2200
dbsnp_benign	gnomad_8_10608277_G_A_201017122r11253	RP1L1	Q1941NA	Q1941
dbsnp_benign	gnomad_8_10608277_G_C_201017122r11254	RP1L1	Q1941E	Q1941
dbsnp_benign	gnomad_8_10609192_C_T_80094376r11255	RP1L1	E1636K	E1636
dbsnp_benign	gnomad_8_10609233_C_T_151260617r11257	RP1L1	R1622Q	R1622
dbsnp_benign	gnomad_8_10609233_C_G_151260617r11259	RP1L1	R1622P	R1622
dbsnp_benign	gnomad_8_10609654_C_T_190000469r11260	RP1L1	G1482R	G1482
dbsnp_benign	gnomad_8_10610096_C_T_749598085r11261	RP1L1	E1334E	E1334
dbsnp_benign	gnomad_8_10610143_C_T_73201156r11262	RP1L1	A1319T	A1319
dbsnp_benign	gnomad_8_10610835_G_A_200477735r11264	RP1L1	A1088V	A1088
dbsnp_benign	gnomad_8_10610973_A_T_201692326r11265	RP1L1	V1042D	V1042
dbsnp_benign	gnomad_8_10611199_C_T_201302817r11267	RP1L1	E967K	E967
dbsnp_benign	gnomad_8_10611944_G_T_181556707r11268	RP1L1	N718K	N718
dbsnp_benign	gnomad_8_10612303_C_T_150491290r11269	RP1L1	E599K	E599
dbsnp_benign	gnomad_8_10612396_C_G_868806061r11271	RP1L1	A568P	A568
dbsnp_benign	gnomad_8_10612396_C_A_868806061r11272	RP1L1	A568S	A568
dbsnp_benign	gnomad_8_10612960_C_T_184332984r11273	RP1L1	G380R	G380
dbsnp_benign	gnomad_8_10612960_C_A_184332984r11274	RP1L1	G380W	G380
dbsnp_benign	gnomad_8_10622714_C_T_182807255r11275	RP1L1	R163H	R163
dbsnp_benign	gnomad_8_10622795_C_T_189960401r11276	RP1L1	R136H	R136
dbsnp_benign	gnomad_8_10622850_G_A_200121539r11278	RP1L1	R118W	R118
dbsnp_benign	gnomad_8_10622865_G_A_201245739r11279	RP1L1	P113S	P113
dbsnp_benign	gnomad_8_10622874_G_A_773440242r11281	RP1L1	P110S	P110
dbsnp_benign	gnomad_8_10622949_G_A_779469547r11282	RP1L1	R85W	R85
dbsnp_benign	gnomad_8_10623004_G_A_148800956r11283	RP1L1	D66D	D66
dbsnp_benign	gnomad_8_10623036_G_A_150931842r11284	RP1L1	R56C	R56
dbsnp_benign	gnomad_8_10623125_G_A_185749010r11286	RP1L1	S26L	S26
dbsnp_benign	gnomad_8_10623170_G_A_199642627r11287	RP1L1	P11L	P11
dbsnp_benign	gnomad_X_46853633_C_T_147783915r11289	RP2	T87I	T87
dbsnp_benign	gnomad_X_46860033_A_G_143606776r11291	RP2	M272V	M272
dbsnp_benign	gnomad_1_68438229_T_C_750890448r11292	RPE65	Q362Q	Q362
dbsnp_benign	gnomad_1_68438229_T_G_750890448r11293	RPE65	Q362H	Q362
dbsnp_benign	gnomad_1_68438977_A_C_149916178r11294	RPE65	N321K	N321
dbsnp_benign	gnomad_1_68439611_G_C_114379164r11296	RPE65	I225M	I225
dbsnp_benign	gnomad_X_38269807_G_A_766828733r11297	RPGR	S961L	S961
dbsnp_benign	gnomad_X_38285592_C_T_150960964r11298	RPGR	G1136D	G1136
dbsnp_benign	gnomad_X_38285768_A_T_62636730r11300	RPGR	N1077K	N1077
dbsnp_benign	gnomad_X_38297402_T_A_28718831r11302	RPGR	E432D	E432
dbsnp_benign	gnomad_X_38304664_C_G_62640590r11304	RPGR	C302S	C302
dbsnp_benign	gnomad_X_38304704_T_C_62640587r11305	RPGR	I289V	I289
dbsnp_benign	gnomad_X_38304784_G_C_138018739r11306	RPGR	A262G	A262
dbsnp_benign	gnomad_14_21302539_C_G_186266220r11308	RPGRIP1	A181G	A181
dbsnp_benign	gnomad_14_21302539_C_T_186266220r11310	RPGRIP1	A181V	A181
dbsnp_benign	gnomad_14_21317741_C_T_372186092r11311	RPGRIP1	N399N	N399
dbsnp_benign	gnomad_14_21324622_G_T_34067949r11312	RPGRIP1	Q589H	Q589
dbsnp_benign	gnomad_14_21343037_A_G_17103671r11314	RPGRIP1	D1114G	D1114
dbsnp_benign	gnomad_14_21348273_G_A_34725281r11316	RPGRIP1	G1240E	G1240
dbsnp_benign	gnomad_16_53605526_C_T_3213758r11318	RPGRIP1L	D1264N	D1264
dbsnp_benign	gnomad_16_53619093_G_C_139974543r11320	RPGRIP1L	A1183G	A1183
dbsnp_benign	gnomad_16_53622256_T_C_561414163r11321	RPGRIP1L	Q1132R	Q1132
dbsnp_benign	gnomad_16_53638360_G_A_574430009r11323	RPGRIP1L	H1004Y	H1004
dbsnp_benign	gnomad_16_53641352_A_C_146197239r11324	RPGRIP1L	I936S	I936
dbsnp_benign	gnomad_16_53645665_A_T_139503476r11325	RPGRIP1L	N881K	N881
dbsnp_benign	gnomad_16_53649037_C_T_2302677r11327	RPGRIP1L	R744Q	R744
dbsnp_benign	gnomad_16_53652657_G_A_532768944r11329	RPGRIP1L	T677I	T677
dbsnp_benign	gnomad_16_53664948_T_C_79708859r11331	RPGRIP1L	I389V	I389
dbsnp_benign	gnomad_16_53664993_G_A_200773352r11333	RPGRIP1L	H374Y	H374
dbsnp_benign	gnomad_16_53671541_A_G_147295026r11334	RPGRIP1L	L358L	L358
dbsnp_benign	gnomad_16_53686524_C_T_61747071r11335	RPGRIP1L	A229T	A229
dbsnp_benign	gnomad_16_53686569_C_T_139067427r11337	RPGRIP1L	V214I	V214
dbsnp_benign	gnomad_16_53687963_T_C_140067659r11339	RPGRIP1L	I178V	I178
dbsnp_benign	gnomad_1_23692632_C_T_139286202r11340	RPL11	N10N	N10
dbsnp_benign	gnomad_1_23692632_C_A_139286202r11341	RPL11	N10K	N10
dbsnp_benign	gnomad_3_197954104_G_A_145244860r11342	RPL35A	R89Q	R89
dbsnp_benign	gnomad_1_92840626_G_C_773839391r11344	RPL5	V261L	V261
dbsnp_benign	gnomad_4_39460801_A_C_140921822r11345	LIAS	R19S	R19
dbsnp_benign	gnomad_20_37207423_G_A_34488353r11346	RPN2	D281N	D281
dbsnp_benign	gnomad_20_37223906_G_A_117475222r11348	RPN2	G374D	G374
dbsnp_benign	gnomad_20_37228622_G_T_114917981r11350	RPN2	V458L	V458
dbsnp_benign	gnomad_20_37228622_G_A_114917981r11351	RPN2	V458M	V458
dbsnp_benign	gnomad_10_78035676_C_T_192994060r11353	RPS24	L79L	L79
dbsnp_benign	gnomad_10_78037285_A_G_147128920r11354	RPS24	N124S	N124
dbsnp_benign	gnomad_X_20155453_C_T_144984628r11355	RPS6KA3	R723H	R723
dbsnp_benign	gnomad_X_20161719_T_A_150107747r11356	RPS6KA3	E628D	E628
dbsnp_benign	gnomad_X_20209392_T_C_140987045r11357	RPS6KA3	I47V	I47
dbsnp_benign	gnomad_19_49636710_T_C_138124318r11358	RRAS	K121R	K121
dbsnp_benign	gnomad_19_49637055_C_T_200611081r11359	RRAS	A77T	A77
dbsnp_benign	gnomad_X_18656749_C_T_146477940r11360	RS1	E30K	E30
dbsnp_benign	gnomad_X_18642131_G_A_150172233r11361	RS1	T183I	T183
dbsnp_benign	gnomad_X_18647253_C_G_201680258r11363	RS1	Q88H	Q88
dbsnp_benign	gnomad_X_18650479_G_A_376557374r11364	CDKL5	R956H	R956
dbsnp_benign	gnomad_X_18650508_G_A_747799506r11365	CDKL5	V966I	V966
dbsnp_benign	gnomad_X_18650521_G_A_570887192r11366	CDKL5	R970Q	R970
dbsnp_benign	gnomad_X_18650539_C_T_587783161r11368	CDKL5	P976L	P976
dbsnp_benign	gnomad_X_18653454_C_T_36022183r11369	CDKL5	H1001H	H1001
dbsnp_benign	gnomad_21_42477368_A_C_138007679r11370	RSPH1	L217W	L217
dbsnp_benign	gnomad_6_158977771_C_T_12204826r11372	RSPH3	E246K	E246
dbsnp_benign	gnomad_6_158977803_T_G_78116655r11374	RSPH3	H235P	H235
dbsnp_benign	gnomad_6_158977803_T_C_78116655r11376	RSPH3	H235R	H235
dbsnp_benign	gnomad_6_158980866_C_T_10455840r11377	RSPH3	R160Q	R160
dbsnp_benign	gnomad_6_116622812_G_A_41289942r11379	RSPH4A	R244H	R244
dbsnp_benign	gnomad_6_116628196_G_A_117169123r11381	RSPH4A	V497I	V497
dbsnp_benign	gnomad_20_63662509_C_T_41297642r11383	RTEL1	T144I	T144
dbsnp_benign	gnomad_20_63688148_G_A_114292675r11384	RTEL1	E535E	E535
dbsnp_benign	gnomad_20_63688532_G_A_115423936r11385	RTEL1	R576H	R576
dbsnp_benign	gnomad_20_63689775_G_A_35640778r11387	RTEL1	R684Q	R684
dbsnp_benign	gnomad_20_63690819_G_A_545613984r11389	RTEL1	G810R	G810
dbsnp_benign	gnomad_20_63690937_G_A_190887884r11390	RTEL1	G849D	G849
dbsnp_benign	gnomad_20_63692873_G_A_763364387r11392	RTEL1	L907L	L907
dbsnp_benign	gnomad_20_63692873_G_C_763364387r11393	RTEL1	L907F	L907
dbsnp_benign	gnomad_20_63692937_G_A_61736615r11394	RTEL1	A929T	A929
dbsnp_benign	gnomad_20_63693189_G_C_115464632r11396	RTEL1	E966D	E966
dbsnp_benign	gnomad_20_63693189_G_A_115464632r11397	RTEL1	E966E	E966
dbsnp_benign	gnomad_20_63693206_C_T_199834369r11399	RTEL1	T972I	T972
dbsnp_benign	gnomad_20_63693266_C_T_143967591r11400	RTEL1	P992L	P992
dbsnp_benign	gnomad_20_63694417_C_T_569586118r11401	RTEL1	A1013V	A1013
dbsnp_benign	gnomad_20_63694428_G_A_61736617r11402	RTEL1	D1017N	D1017
dbsnp_benign	gnomad_20_63694428_G_T_61736617r11404	RTEL1	D1017Y	D1017
dbsnp_benign	gnomad_20_63694480_C_A_115610405r11405	RTEL1	P1034H	P1034
dbsnp_benign	gnomad_20_63678326_C_T_35877957r11407	RTEL1	S339S	S339
dbsnp_benign	gnomad_14_100882235_C_T_112608318r11409	RTL1	A852T	A852
dbsnp_benign	gnomad_14_100881466_C_T_117476938r11411	RTL1	R1108Q	R1108
dbsnp_benign	gnomad_19_45488916_G_A_148270789r11413	RTN2	R438C	R438
dbsnp_benign	gnomad_19_45489419_C_T_143937661r11414	RTN2	G390S	G390
dbsnp_benign	gnomad_19_45489419_C_G_143937661r11415	RTN2	G390R	G390
dbsnp_benign	gnomad_19_45494188_G_T_61745812r11416	RTN2	F264L	F264
dbsnp_benign	gnomad_18_70114547_T_C_34533087r11418	RTTN	E1194G	E1194
dbsnp_benign	gnomad_18_70127564_C_T_147728279r11420	RTTN	K1107K	K1107
dbsnp_benign	gnomad_18_70127564_C_G_147728279r11421	RTTN	K1107N	K1107
dbsnp_benign	gnomad_18_70145627_T_C_115470168r11422	RTTN	R822R	R822
dbsnp_benign	gnomad_3_197682470_G_A_35071969r11425	RUBCN	T709M	T709
dbsnp_benign	gnomad_21_34792163_A_G_764689239r11427	RUNX1	L445P	L445
dbsnp_benign	gnomad_21_34792223_A_C_751710767r11429	RUNX1	V425G	V425
dbsnp_benign	gnomad_21_34792388_T_C_762292084r11430	RUNX1	Q370R	Q370
dbsnp_benign	gnomad_21_34792573_C_A_80314254r11431	RUNX1	Q308H	Q308
dbsnp_benign	gnomad_21_34799316_A_C_545554349r11432	RUNX1	S291A	S291
dbsnp_benign	gnomad_21_34834561_G_A_145230602r11433	RUNX1	S191S	S191
dbsnp_benign	gnomad_21_34887015_G_A_765314703r11434	RUNX1	A33V	A33
dbsnp_benign	gnomad_21_34887027_A_G_111527738r11435	RUNX1	L29S	L29
dbsnp_benign	gnomad_21_35048882_T_C_199929612r11437	RUNX1	I6M	I6
dbsnp_benign	gnomad_19_38458129_C_T_78835441r11438	RYR1	D668D	D668
dbsnp_benign	gnomad_19_38464649_G_A_148623597r11440	RYR1	A933T	A933
dbsnp_benign	gnomad_19_38466139_C_T_139363830r11441	RYR1	H973H	H973
dbsnp_benign	gnomad_19_38467757_G_A_35719391r11443	RYR1	R1109K	R1109
dbsnp_benign	gnomad_19_38469366_C_T_191970833r11445	RYR1	D1206D	D1206
dbsnp_benign	gnomad_19_38473699_C_T_774603798r11447	RYR1	A1363V	A1363
dbsnp_benign	gnomad_19_38473699_C_G_774603798r11448	RYR1	A1363G	A1363
dbsnp_benign	gnomad_19_38475335_A_G_137933390r11449	RYR1	K1393R	K1393
dbsnp_benign	gnomad_19_38483476_C_T_76537615r11451	RYR1	P1632S	P1632
dbsnp_benign	gnomad_19_38485654_C_T_144157950r11452	RYR1	R1667C	R1667
dbsnp_benign	gnomad_19_38485972_C_T_192863857r11454	RYR1	P1773S	P1773
dbsnp_benign	gnomad_19_38486015_C_T_34934920r11456	RYR1	P1787L	P1787
dbsnp_benign	gnomad_19_38489263_G_C_114203198r11458	RYR1	E1878D	E1878
dbsnp_benign	gnomad_19_38494464_C_T_117886618r11460	RYR1	D2129D	D2129
dbsnp_benign	gnomad_19_38496278_C_T_141646642r11462	RYR1	H2204H	H2204
dbsnp_benign	gnomad_19_38499177_A_G_34390345r11464	RYR1	I2321V	I2321
dbsnp_benign	gnomad_19_38499236_C_T_199993301r11465	RYR1	F2340F	F2340
dbsnp_benign	gnomad_19_38505358_C_G_35180584r11467	RYR1	T2787S	T2787
dbsnp_benign	gnomad_19_38507722_G_A_79294840r11469	RYR1	D2943N	D2943
dbsnp_benign	gnomad_19_38512364_C_T_2915960r11471	RYR1	A3118V	A3118
dbsnp_benign	gnomad_19_38517386_A_G_200950673r11472	RYR1	E3238G	E3238
dbsnp_benign	gnomad_19_38528602_C_G_114351116r11473	RYR1	H3647Q	H3647
dbsnp_benign	gnomad_19_38534726_C_G_4802584r11475	RYR1	Q3756E	Q3756
dbsnp_benign	gnomad_19_38543804_C_T_148772854r11477	RYR1	H3981Y	H3981
dbsnp_benign	gnomad_19_38565181_G_A_794728692r11478	RYR1	E4283K	E4283
dbsnp_benign	gnomad_19_38565181_G_C_794728692r11480	RYR1	E4283Q	E4283
dbsnp_benign	gnomad_19_38565215_C_T_587784372r11481	RYR1	T4294M	T4294
dbsnp_benign	gnomad_19_38565215_C_A_587784372r11482	RYR1	T4294K	T4294
dbsnp_benign	gnomad_19_38565218_C_T_193922855r11483	RYR1	A4295V	A4295
dbsnp_benign	gnomad_19_38566975_C_T_73933023r11484	RYR1	P4501L	P4501
dbsnp_benign	gnomad_19_38566986_G_C_150396398r11486	RYR1	D4505H	D4505
dbsnp_benign	gnomad_19_38566986_G_A_150396398r11488	RYR1	D4505N	D4505
dbsnp_benign	gnomad_1_237387353_A_G_200642525r11489	RYR2	I217V	I217
dbsnp_benign	gnomad_1_237456642_G_A_16835270r11490	RYR2	V507I	V507
dbsnp_benign	gnomad_1_237506726_A_C_561321743r11492	RYR2	H877P	H877
dbsnp_benign	gnomad_1_237548446_T_C_750392459r11493	RYR2	S974S	S974
dbsnp_benign	gnomad_1_237548459_G_T_202015519r11494	RYR2	A979S	A979
dbsnp_benign	gnomad_1_237566732_A_G_200525962r11496	RYR2	E1127G	E1127
dbsnp_benign	gnomad_1_237566759_C_T_72549415r11498	RYR2	A1136V	A1136
dbsnp_benign	gnomad_1_237569228_C_T_746106606r11499	RYR2	N1169N	N1169
dbsnp_benign	gnomad_1_237590720_C_T_373721253r11500	RYR2	N1296N	N1296
dbsnp_benign	gnomad_1_237590926_C_T_373261115r11501	RYR2	A1365V	A1365
dbsnp_benign	gnomad_1_237591776_A_G_56229512r11503	RYR2	S1400G	S1400
dbsnp_benign	gnomad_1_237614282_G_A_114534505r11505	RYR2	R1718R	R1718
dbsnp_benign	gnomad_1_237614282_G_T_114534505r11507	RYR2	R1718S	R1718
dbsnp_benign	gnomad_1_237614556_G_C_754364233r11508	RYR2	V1810L	V1810
dbsnp_benign	gnomad_1_237614742_G_A_761770946r11509	RYR2	D1872N	D1872
dbsnp_benign	gnomad_1_237614784_G_A_3766871r11510	RYR2	G1886S	G1886
dbsnp_benign	gnomad_1_237614808_C_A_555692728r11512	RYR2	L1894I	L1894
dbsnp_benign	gnomad_1_237614808_C_T_555692728r11513	RYR2	L1894F	L1894
dbsnp_benign	gnomad_1_237617405_C_T_189299988r11514	RYR2	N1945N	N1945
dbsnp_benign	gnomad_1_237657976_T_C_201500134r11515	RYR2	I2721T	I2721
dbsnp_benign	gnomad_1_237678090_A_G_34967813r11516	RYR2	Q2958R	Q2958
dbsnp_benign	gnomad_1_237706969_G_A_762549821r11518	RYR2	V3201M	V3201
dbsnp_benign	gnomad_1_237708991_G_A_754976419r11519	RYR2	R3345R	R3345
dbsnp_benign	gnomad_1_237717255_A_G_147512481r11520	RYR2	M3461V	M3461
dbsnp_benign	gnomad_1_237718490_T_C_115622575r11521	RYR2	I3508T	I3508
dbsnp_benign	gnomad_1_237784375_C_T_370297602r11522	RYR2	S4221S	S4221
dbsnp_benign	gnomad_1_237792236_C_T_377503418r11523	RYR2	S4565S	S4565
dbsnp_benign	gnomad_1_237798109_C_T_112864477r11524	RYR2	L4677L	L4677
dbsnp_benign	gnomad_15_33696482_A_G_116926961r11526	RYR3	N2042S	N2042
dbsnp_benign	gnomad_15_33696482_A_C_116926961r11527	RYR3	N2042T	N2042
dbsnp_benign	gnomad_19_10223987_T_G_2116942r11530	S1PR2	R307R	R307
dbsnp_benign	gnomad_13_23331047_G_A_370655945r11531	SACS	P4277S	P4277
dbsnp_benign	gnomad_13_23331227_T_C_35799469r11532	SACS	N4217D	N4217
dbsnp_benign	gnomad_13_23331425_G_A_780701057r11533	SACS	L4151L	L4151
dbsnp_benign	gnomad_13_23331948_A_G_145680118r11534	SACS	S3976S	S3976
dbsnp_benign	gnomad_13_23332827_A_G_773770705r11535	SACS	N3683N	N3683
dbsnp_benign	gnomad_13_23332827_A_T_773770705r11536	SACS	N3683K	N3683
dbsnp_benign	gnomad_13_23332980_T_C_35256065r11537	SACS	I3632M	I3632
dbsnp_benign	gnomad_13_23334577_G_T_150615169r11538	SACS	S3100Y	S3100
dbsnp_benign	gnomad_13_23334904_C_T_192610957r11540	SACS	R2991H	R2991
dbsnp_benign	gnomad_13_23335531_G_A_61742500r11541	SACS	A2782V	A2782
dbsnp_benign	gnomad_13_23335532_C_T_61742502r11542	SACS	A2782T	A2782
dbsnp_benign	gnomad_13_23335854_A_G_34928783r11543	SACS	F2674F	F2674
dbsnp_benign	gnomad_13_23336139_C_T_139279302r11545	SACS	K2579K	K2579
dbsnp_benign	gnomad_13_23336139_C_A_139279302r11546	SACS	K2579N	K2579
dbsnp_benign	gnomad_13_23336151_T_A_200735789r11547	SACS	I2575I	I2575
dbsnp_benign	gnomad_13_23336492_G_A_78239814r11548	SACS	P2462S	P2462
dbsnp_benign	gnomad_13_23336711_C_T_142869943r11549	SACS	V2389M	V2389
dbsnp_benign	gnomad_13_23337095_G_T_146722795r11550	SACS	L2261I	L2261
dbsnp_benign	gnomad_13_23337825_C_G_35865691r11551	SACS	K2017N	K2017
dbsnp_benign	gnomad_13_23339410_T_C_147099630r11552	SACS	N1489S	N1489
dbsnp_benign	gnomad_13_23339758_G_A_61548169r11554	SACS	A1373V	A1373
dbsnp_benign	gnomad_13_23339759_C_G_61326562r11556	SACS	A1373P	A1373
dbsnp_benign	gnomad_13_23339861_T_G_143144795r11558	SACS	I1339L	I1339
dbsnp_benign	gnomad_13_23340124_A_G_76872266r11560	SACS	I1251T	I1251
dbsnp_benign	gnomad_13_23340893_C_A_142967124r11561	SACS	V995F	V995
dbsnp_benign	gnomad_13_23340950_G_T_139993038r11562	SACS	R976S	R976
dbsnp_benign	gnomad_13_23340950_G_A_139993038r11563	SACS	R976C	R976
dbsnp_benign	gnomad_13_23341155_C_T_140118958r11564	SACS	L907L	L907
dbsnp_benign	gnomad_13_23341155_C_G_140118958r11565	SACS	L907F	L907
dbsnp_benign	gnomad_13_23341587_T_C_765734527r11566	SACS	Q763Q	Q763
dbsnp_benign	gnomad_13_23353824_G_A_146852400r11567	SACS	H716Y	H716
dbsnp_benign	gnomad_13_23354773_C_T_35840595r11568	SACS	Q613Q	Q613
dbsnp_benign	gnomad_13_23355019_G_A_113756713r11570	SACS	I531I	I531
dbsnp_benign	gnomad_13_23355802_A_C_116907814r11572	SACS	F270L	F270
dbsnp_benign	gnomad_13_23355916_A_T_2031640r11573	SACS	N232K	N232
dbsnp_benign	gnomad_2_233320649_C_T_72976383r11575	SAG	C67C	C67
dbsnp_benign	gnomad_2_233320749_G_A_141521563r11577	SAG	A101T	A101
dbsnp_benign	gnomad_2_233342315_C_T_112613526r11579	SAG	P364L	P364
dbsnp_benign	gnomad_16_51138900_C_G_148931484r11580	SALL1	V1108L	V1108
dbsnp_benign	gnomad_16_51138900_C_T_148931484r11581	SALL1	V1108I	V1108
dbsnp_benign	gnomad_16_51140319_G_A_61731136r11582	SALL1	P635S	P635
dbsnp_benign	gnomad_16_51140484_T_C_761575154r11584	SALL1	I580V	I580
dbsnp_benign	gnomad_16_51141987_C_G_536108231r11585	SALL1	A79P	A79
dbsnp_benign	gnomad_16_51137293_C_T_149302006r11587	SALL1	G1265E	G1265
dbsnp_benign	gnomad_16_51137422_G_A_578198178r11588	SALL1	A1222V	A1222
dbsnp_benign	gnomad_20_51784592_G_A_143702441r11589	SALL4	D945D	D945
dbsnp_benign	gnomad_20_51789120_G_A_147158259r11590	SALL4	T828M	T828
dbsnp_benign	gnomad_20_51790268_C_A_41274696r11591	SALL4	A739S	A739
dbsnp_benign	gnomad_20_51790445_C_T_139022152r11593	SALL4	G680S	G680
dbsnp_benign	gnomad_7_93101996_C_T_138600971r11594	SAMD9	E1368K	E1368
dbsnp_benign	gnomad_7_93103724_C_T_147587391r11595	SAMD9	V792I	V792
dbsnp_benign	gnomad_7_93104738_C_T_117649834r11597	SAMD9	A454T	A454
dbsnp_benign	gnomad_7_93131510_C_T_139478067r11599	SAMD9L	V1488I	V1488
dbsnp_benign	gnomad_7_93133473_C_T_149822295r11601	SAMD9L	L833L	L833
dbsnp_benign	gnomad_7_93134600_C_A_140536419r11602	SAMD9L	A458S	A458
dbsnp_benign	gnomad_7_93135604_G_A_148147724r11603	SAMD9L	P123L	P123
dbsnp_benign	gnomad_20_36951567_G_A_147240777r11604	SAMHD1	P26L	P26
dbsnp_benign	gnomad_17_28399670_G_A_186143284r11605	SLC46A1	P456S	P456
dbsnp_benign	gnomad_19_38916069_T_A_200202461r11607	SARS2	T439S	T439
dbsnp_benign	gnomad_6_148543929_G_A_144633784r11608	SASH1	R820Q	R820
dbsnp_benign	gnomad_1_100125922_C_T_150589706r11610	SASS6	S29N	S29
dbsnp_benign	gnomad_2_199272237_C_T_551624897r11611	SATB2	A726T	A726
dbsnp_benign	gnomad_2_199272241_C_G_915648697r11612	SATB2	K724N	K724
dbsnp_benign	gnomad_2_199349012_C_T_142825652r11613	SATB2	A288T	A288
dbsnp_benign	gnomad_11_9812576_C_G_149501654r11614	SBF2	V1371L	V1371
dbsnp_benign	gnomad_11_9812591_G_A_115927577r11615	SBF2	P1366S	P1366
dbsnp_benign	gnomad_11_9839661_G_C_117957652r11617	SBF2	L1098V	L1098
dbsnp_benign	gnomad_11_9856484_G_A_140730386r11619	SBF2	S779S	S779
dbsnp_benign	gnomad_11_9856498_C_T_141330687r11620	SBF2	G775S	G775
dbsnp_benign	gnomad_11_9790561_T_C_115345208r11622	SBF2	I1565V	I1565
dbsnp_benign	gnomad_4_76163238_C_T_117157204r11623	SCARB2	G462E	G462
dbsnp_benign	gnomad_22_20426009_G_A_9680797r11625	SCARF2	P661L	P661
dbsnp_benign	gnomad_22_20427438_G_A_76472118r11627	SCARF2	D556D	D556
dbsnp_benign	gnomad_3_38697386_T_C_372702302r11629	SCN10A	E1945G	E1945
dbsnp_benign	gnomad_3_38697563_G_A_142653846r11631	SCN10A	A1886V	A1886
dbsnp_benign	gnomad_3_38697615_G_A_141648641r11632	SCN10A	R1869C	R1869
dbsnp_benign	gnomad_3_38698236_C_T_151090729r11633	SCN10A	G1662S	G1662
dbsnp_benign	gnomad_3_38698526_C_T_200063383r11635	SCN10A	S1565N	S1565
dbsnp_benign	gnomad_3_38701928_C_T_142217269r11637	SCN10A	C1523Y	C1523
dbsnp_benign	gnomad_3_38723544_C_T_376528831r11638	SCN10A	D1080N	D1080
dbsnp_benign	gnomad_3_38726879_G_A_200870389r11639	SCN10A	F938F	F938
dbsnp_benign	gnomad_3_38742448_A_T_201698323r11640	SCN10A	M650K	M650
dbsnp_benign	gnomad_3_38755796_G_A_151153639r11642	SCN10A	R485C	R485
dbsnp_benign	gnomad_3_38756807_A_C_78555408r11643	SCN10A	F386C	F386
dbsnp_benign	gnomad_3_38793743_G_A_144270136r11644	SCN10A	R90W	R90
dbsnp_benign	gnomad_3_38793958_G_A_190176472r11646	SCN10A	P18L	P18
dbsnp_benign	gnomad_3_38846863_C_A_143852849r11647	SCN11A	G1736V	G1736
dbsnp_benign	gnomad_3_38896889_A_G_758506159r11648	SCN11A	C787R	C787
dbsnp_benign	gnomad_3_38897035_G_A_140995438r11649	SCN11A	P738L	P738
dbsnp_benign	gnomad_3_38910070_T_C_112707835r11650	SCN11A	Q366R	Q366
dbsnp_benign	gnomad_3_38950268_G_A_150835546r11651	SCN11A	A32V	A32
dbsnp_benign	gnomad_2_166043901_C_T_121918769r11652	SCN1A	R604H	R604
dbsnp_benign	gnomad_2_166045080_C_T_121918817r11654	SCN1A	R542Q	R542
dbsnp_benign	gnomad_2_166048914_G_C_201870762r11656	SCN1A	L334V	L334
dbsnp_benign	gnomad_2_166058608_A_G_61741123r11657	SCN1A	N115N	N115
dbsnp_benign	gnomad_2_166073554_G_A_139397227r11659	SCN1A	A23V	A23
dbsnp_benign	gnomad_2_165991324_G_T_146733308r11660	SCN1A	P1984H	P1984
dbsnp_benign	gnomad_2_165991405_T_C_121918802r11661	SCN1A	E1957G	E1957
dbsnp_benign	gnomad_2_165991411_A_G_35735053r11662	SCN1A	I1955T	I1955
dbsnp_benign	gnomad_2_165991493_G_C_121917956r11664	SCN1A	R1928G	R1928
dbsnp_benign	gnomad_2_165994274_C_T_368834365r11665	SCN1A	R1575H	R1575
dbsnp_benign	gnomad_2_165996038_G_A_372425457r11666	SCN1A	P1519L	P1519
dbsnp_benign	gnomad_2_165998121_T_C_138231868r11667	SCN1A	I1465V	I1465
dbsnp_benign	gnomad_2_166009835_A_G_375896308r11668	SCN1A	L1296L	L1296
dbsnp_benign	gnomad_2_166015636_G_C_121918799r11669	SCN1A	T1174S	T1174
dbsnp_benign	gnomad_2_166015676_C_T_201079458r11671	SCN1A	A1161T	A1161
dbsnp_benign	gnomad_19_35033703_G_A_72558029r11672	SCN1B	V138I	V138
dbsnp_benign	gnomad_19_35034076_G_T_369032304r11674	SCN1B	C229F	C229
dbsnp_benign	gnomad_19_35034076_G_A_369032304r11675	SCN1B	C229Y	C229
dbsnp_benign	gnomad_2_165295893_G_A_527452801r11677	SCN2A	A24T	A24
dbsnp_benign	gnomad_2_165295905_C_T_200884216r11679	SCN2A	R28C	R28
dbsnp_benign	gnomad_2_165295923_G_A_144814658r11680	SCN2A	A34T	A34
dbsnp_benign	gnomad_2_165312036_T_G_781204054r11681	SCN2A	F328V	F328
dbsnp_benign	gnomad_2_165315658_G_A_186154973r11682	SCN2A	R524Q	R524
dbsnp_benign	gnomad_2_165323460_G_A_368887417r11683	SCN2A	G659D	G659
dbsnp_benign	gnomad_2_165344715_A_G_2228980r11684	SCN2A	K908R	K908
dbsnp_benign	gnomad_2_165365200_G_A_200138205r11686	SCN2A	E1153K	E1153
dbsnp_benign	gnomad_2_165389170_G_A_199925238r11687	SCN2A	E1788E	E1788
dbsnp_benign	gnomad_2_165389170_G_T_199925238r11688	SCN2A	E1788D	E1788
dbsnp_benign	gnomad_2_165389274_A_C_138497939r11689	SCN2A	D1823A	D1823
dbsnp_benign	gnomad_2_165127774_C_T_140990288r11690	SCN3A	V1084I	V1084
dbsnp_benign	gnomad_11_123634162_G_A_186341159r11692	SCN3B	A210V	A210
dbsnp_benign	gnomad_11_123634162_G_T_186341159r11693	SCN3B	A210E	A210
dbsnp_benign	gnomad_17_63940878_C_T_267604988r11694	SCN4A	G1802R	G1802
dbsnp_benign	gnomad_17_63940998_C_T_763493738r11695	SCN4A	G1762R	G1762
dbsnp_benign	gnomad_17_63941008_G_A_113418988r11696	SCN4A	H1758H	H1758
dbsnp_benign	gnomad_17_63941008_G_T_113418988r11698	SCN4A	H1758Q	H1758
dbsnp_benign	gnomad_17_63941091_C_T_371104286r11699	SCN4A	A1731T	A1731
dbsnp_benign	gnomad_17_63941282_G_A_765721076r11700	SCN4A	P1667L	P1667
dbsnp_benign	gnomad_17_63941396_G_A_202102815r11701	SCN4A	P1629L	P1629
dbsnp_benign	gnomad_17_63941499_C_T_761947899r11702	SCN4A	A1595T	A1595
dbsnp_benign	gnomad_17_63941592_C_T_202106192r11703	SCN4A	V1564I	V1564
dbsnp_benign	gnomad_17_63941743_G_T_56342400r11705	SCN4A	I1513I	I1513
dbsnp_benign	gnomad_17_63943066_C_T_200274258r11707	SCN4A	V1350M	V1350
dbsnp_benign	gnomad_17_63949492_C_T_200947169r11708	SCN4A	V964I	V964
dbsnp_benign	gnomad_17_63951529_G_C_115379510r11709	SCN4A	N916K	N916
dbsnp_benign	gnomad_17_63951560_C_G_41280102r11711	SCN4A	S906T	S906
dbsnp_benign	gnomad_17_63951632_G_T_111858905r11713	SCN4A	P882Q	P882
dbsnp_benign	gnomad_17_63951632_G_A_111858905r11715	SCN4A	P882L	P882
dbsnp_benign	gnomad_17_63951654_G_A_201148948r11716	SCN4A	P875S	P875
dbsnp_benign	gnomad_17_63951714_T_C_372019457r11717	SCN4A	M855V	M855
dbsnp_benign	gnomad_17_63968060_G_A_149726115r11718	SCN4A	N333N	N333
dbsnp_benign	gnomad_17_63968091_G_A_80338952r11719	SCN4A	T323M	T323
dbsnp_benign	gnomad_17_63968091_G_T_80338952r11721	SCN4A	T323K	T323
dbsnp_benign	gnomad_17_63972389_C_T_41280110r11722	SCN4A	V119I	V119
dbsnp_benign	gnomad_17_63972594_A_G_147352060r11724	SCN4A	L83P	L83
dbsnp_benign	gnomad_17_63972790_G_A_78592515r11726	SCN4A	R18C	R18
dbsnp_benign	gnomad_17_63972790_G_T_78592515r11727	SCN4A	R18S	R18
dbsnp_benign	gnomad_17_63961242_T_C_187401185r11728	SCN4A	H599R	H599
dbsnp_benign	gnomad_17_63964490_T_C_182691342r11730	SCN4A	K477R	K477
dbsnp_benign	gnomad_17_63964507_C_T_527384137r11731	SCN4A	M471I	M471
dbsnp_benign	gnomad_17_63964632_T_C_149907018r11733	SCN4A	I430V	I430
dbsnp_benign	gnomad_17_63964639_G_A_369445518r11734	SCN4A	F427F	F427
dbsnp_benign	gnomad_11_118141320_G_A_72546675r11735	SCN4B	N160N	N160
dbsnp_benign	gnomad_11_118141320_G_C_72546675r11736	SCN4B	N160K	N160
dbsnp_benign	gnomad_11_118152652_C_T_149868494r11737	SCN4B	G8S	G8
dbsnp_benign	gnomad_3_38550356_G_C_45489199r11738	SCN5A	P2006A	P2006
dbsnp_benign	gnomad_3_38550362_A_G_41311117r11739	SCN5A	F2004L	F2004
dbsnp_benign	gnomad_3_38550362_A_T_41311117r11740	SCN5A	F2004I	F2004
dbsnp_benign	gnomad_3_38550409_A_C_145009013r11741	SCN5A	L1988R	L1988
dbsnp_benign	gnomad_3_38550499_C_T_199473331r11742	SCN5A	R1958Q	R1958
dbsnp_benign	gnomad_3_38550499_C_G_199473331r11743	SCN5A	R1958P	R1958
dbsnp_benign	gnomad_3_38550521_C_A_41315493r11744	SCN5A	V1951L	V1951
dbsnp_benign	gnomad_3_38550521_C_T_41315493r11745	SCN5A	V1951M	V1951
dbsnp_benign	gnomad_3_38550661_G_A_150264233r11747	SCN5A	S1904L	S1904
dbsnp_benign	gnomad_3_38550917_C_T_137854619r11748	SCN5A	D1819N	D1819
dbsnp_benign	gnomad_3_38551012_C_T_199473316r11749	SCN5A	S1787N	S1787
dbsnp_benign	gnomad_3_38551086_G_A_375323548r11750	SCN5A	I1762I	I1762
dbsnp_benign	gnomad_3_38551086_G_C_375323548r11751	SCN5A	I1762M	I1762
dbsnp_benign	gnomad_3_38562456_G_A_41313031r11752	SCN5A	L1308F	L1308
dbsnp_benign	gnomad_3_38575385_C_T_41261344r11753	SCN5A	R1193Q	R1193
dbsnp_benign	gnomad_3_38579416_G_T_7626962r11755	SCN5A	S1103Y	S1103
dbsnp_benign	gnomad_3_38579432_C_A_199473191r11757	SCN5A	V1098L	V1098
dbsnp_benign	gnomad_3_38579432_C_T_199473191r11758	SCN5A	V1098M	V1098
dbsnp_benign	gnomad_3_38579455_G_A_1805125r11759	SCN5A	P1090L	P1090
dbsnp_benign	gnomad_3_38580976_T_C_7430407r11762	SCN5A	E1061E	E1061
dbsnp_benign	gnomad_3_38581012_G_A_867787484r11763	SCN5A	I1049I	I1049
dbsnp_benign	gnomad_3_38581012_G_C_867787484r11764	SCN5A	I1049M	I1049
dbsnp_benign	gnomad_3_38581149_A_G_199473183r11765	SCN5A	C1004R	C1004
dbsnp_benign	gnomad_3_38581215_A_G_199473182r11766	SCN5A	C982R	C982
dbsnp_benign	gnomad_3_38597917_G_T_45553235r11767	SCN5A	Q692K	Q692
dbsnp_benign	gnomad_3_38598927_C_T_199473140r11769	SCN5A	A672T	A672
dbsnp_benign	gnomad_3_38598974_G_A_41313681r11770	SCN5A	P656L	P656
dbsnp_benign	gnomad_3_38603750_G_A_45488304r11772	SCN5A	L618F	L618
dbsnp_benign	gnomad_3_38603887_G_T_36210423r11773	SCN5A	A572D	A572
dbsnp_benign	gnomad_3_38603887_G_C_36210423r11774	SCN5A	A572G	A572
dbsnp_benign	gnomad_3_38603929_T_C_1805124r11775	SCN5A	H558R	H558
dbsnp_benign	gnomad_3_38604031_G_T_41313691r11777	SCN5A	S524Y	S524
dbsnp_benign	gnomad_3_38604806_G_A_144511230r11779	SCN5A	R481W	R481
dbsnp_benign	gnomad_3_38604866_A_C_41313697r11781	SCN5A	L461V	L461
dbsnp_benign	gnomad_3_38605953_C_T_199473339r11783	SCN5A	E446K	E446
dbsnp_benign	gnomad_3_38605954_G_A_368045716r11784	SCN5A	H445H	H445
dbsnp_benign	gnomad_3_38609773_A_T_199473087r11785	SCN5A	L299M	L299
dbsnp_benign	gnomad_3_38609795_G_A_376515775r11786	SCN5A	N291N	N291
dbsnp_benign	gnomad_3_38609812_C_A_61746118r11787	SCN5A	A286S	A286
dbsnp_benign	gnomad_3_38613769_G_A_199473561r11788	SCN5A	A226V	A226
dbsnp_benign	gnomad_3_38613787_G_A_45620037r11789	SCN5A	T220I	T220
dbsnp_benign	gnomad_3_38614031_G_A_201002736r11790	SCN5A	S216L	S216
dbsnp_benign	gnomad_3_38620886_G_C_199473068r11791	SCN5A	R190G	R190
dbsnp_benign	gnomad_3_38620886_G_A_199473068r11792	SCN5A	R190W	R190
dbsnp_benign	gnomad_3_38620901_C_T_192113333r11793	SCN5A	A185T	A185
dbsnp_benign	gnomad_3_38620902_G_A_770959082r11794	SCN5A	H184H	H184
dbsnp_benign	gnomad_3_38622426_G_A_190803993r11795	SCN5A	D152D	D152
dbsnp_benign	gnomad_3_38630349_G_A_45533640r11797	SCN5A	H118H	H118
dbsnp_benign	gnomad_3_38630376_G_A_199473056r11800	SCN5A	N109N	N109
dbsnp_benign	gnomad_3_38633208_G_A_6791924r11801	SCN5A	R34C	R34
dbsnp_benign	gnomad_12_51721729_G_A_367949317r11803	SCN8A	A607T	A607
dbsnp_benign	gnomad_12_51794436_G_A_771231471r11805	SCN8A	M1530I	M1530
dbsnp_benign	gnomad_12_51807087_G_A_368449473r11806	SCN8A	Q1867Q	Q1867
dbsnp_benign	gnomad_12_51807365_G_A_369346315r11808	SCN8A	R1960Q	R1960
dbsnp_benign	gnomad_2_166305834_C_T_73969684r11809	SCN9A	R185H	R185
dbsnp_benign	gnomad_2_166311628_A_G_200826539r11811	SCN9A	D43D	D43
dbsnp_benign	gnomad_2_166198694_T_A_199822303r11812	SCN9A	D1982V	D1982
dbsnp_benign	gnomad_2_166198860_G_A_111558968r11813	SCN9A	L1927F	L1927
dbsnp_benign	gnomad_2_166198928_C_T_79805025r11814	SCN9A	R1904H	R1904
dbsnp_benign	gnomad_2_166204084_A_G_202084411r11815	SCN9A	W1549R	W1549
dbsnp_benign	gnomad_2_166226650_C_T_149346064r11816	SCN9A	V1439I	V1439
dbsnp_benign	gnomad_2_166238128_T_C_141268327r11818	SCN9A	N1256S	N1256
dbsnp_benign	gnomad_2_166251835_C_A_200160858r11820	SCN9A	L1134F	L1134
dbsnp_benign	gnomad_2_166251869_C_T_141040985r11821	SCN9A	S1123N	S1123
dbsnp_benign	gnomad_2_166251875_C_T_74401238r11822	SCN9A	R1121Q	R1121
dbsnp_benign	gnomad_2_166272407_T_C_201984007r11824	SCN9A	S1115G	S1115
dbsnp_benign	gnomad_2_166272583_T_C_200560768r11825	SCN9A	K1056R	K1056
dbsnp_benign	gnomad_2_166272730_C_T_188145203r11826	SCN9A	R1007H	R1007
dbsnp_benign	gnomad_2_166272730_C_G_188145203r11827	SCN9A	R1007P	R1007
dbsnp_benign	gnomad_2_166272748_T_C_199692186r11828	SCN9A	Y1001C	Y1001
dbsnp_benign	gnomad_2_166277005_A_G_201890077r11830	SCN9A	V951A	V951
dbsnp_benign	gnomad_2_166277030_T_G_12478318r11832	SCN9A	M943L	M943
dbsnp_benign	gnomad_2_166278196_C_T_41268671r11834	SCN9A	V821M	V821
dbsnp_benign	gnomad_2_166278220_T_C_201890240r11835	SCN9A	S813G	S813
dbsnp_benign	gnomad_2_166278265_T_C_149707354r11837	SCN9A	M798V	M798
dbsnp_benign	gnomad_2_166280452_T_C_182650126r11839	SCN9A	I750V	I750
dbsnp_benign	gnomad_2_166280510_C_G_202055175r11841	SCN9A	W730C	W730
dbsnp_benign	gnomad_2_166280535_A_G_187526567r11842	SCN9A	L722S	L722
dbsnp_benign	gnomad_2_166281786_T_C_121908919r11843	SCN9A	K666R	K666
dbsnp_benign	gnomad_2_166284589_G_A_200671761r11844	SCN9A	P613L	P613
dbsnp_benign	gnomad_2_166284599_G_T_41268673r11845	SCN9A	P610T	P610
dbsnp_benign	gnomad_2_166284634_C_T_201318927r11847	SCN9A	R598H	R598
dbsnp_benign	gnomad_2_166284808_C_T_199748300r11849	SCN9A	R540H	R540
dbsnp_benign	gnomad_2_166288543_A_G_199986805r11850	SCN9A	M403T	M403
dbsnp_benign	gnomad_12_6363586_G_A_55797039r11851	SCNN1A	R181W	R181
dbsnp_benign	gnomad_12_6348166_C_T_59142484r11853	SCNN1A	V573I	V573
dbsnp_benign	gnomad_12_6348983_G_A_148959452r11855	SCNN1A	S507L	S507
dbsnp_benign	gnomad_12_6349177_G_A_148749888r11856	SCNN1A	S495L	S495
dbsnp_benign	gnomad_12_6349184_A_G_5742912r11857	SCNN1A	W493R	W493
dbsnp_benign	gnomad_16_23348844_C_G_35731153r11859	SCNN1B	S82C	S82
dbsnp_benign	gnomad_16_23375842_C_T_2303155r11861	SCNN1B	D419D	D419
dbsnp_benign	gnomad_16_23380643_G_A_61759926r11863	SCNN1B	G589S	G589
dbsnp_benign	gnomad_16_23380761_T_A_72654356r11865	SCNN1B	L628Q	L628
dbsnp_benign	gnomad_16_23189600_G_A_5736r11866	SCNN1G	G183S	G183
dbsnp_benign	gnomad_16_23189642_G_A_5738r11868	SCNN1G	E197K	E197
dbsnp_benign	gnomad_17_10697336_G_A_1802083r11869	SCO1	P58S	P58
dbsnp_benign	gnomad_22_50523649_G_T_112793292r11871	SCO2	R255R	R255
dbsnp_benign	gnomad_22_50523956_T_A_536037216r11873	SCO2	E152D	E152
dbsnp_benign	gnomad_22_50524085_G_A_75485962r11874	SCO2	H109H	H109
dbsnp_benign	gnomad_22_50524211_G_A_61748568r11876	SCO2	F67F	F67
dbsnp_benign	gnomad_1_243316811_C_T_35859404r11878	SDCCAG8	T329M	T329
dbsnp_benign	gnomad_1_243330565_G_A_115098969r11880	SDCCAG8	R365K	R365
dbsnp_benign	gnomad_1_243330565_G_C_115098969r11881	SDCCAG8	R365T	R365
dbsnp_benign	gnomad_1_1232666_G_A_777778007r11882	B3GALT6	E130K	E130
dbsnp_benign	gnomad_1_1233187_G_A_368507303r11883	B3GALT6	E303E	E303
dbsnp_benign	gnomad_5_223531_A_T_34635677r11884	SDHA	D38V	D38
dbsnp_benign	gnomad_5_223551_G_A_140736646r11886	SDHA	A45T	A45
dbsnp_benign	gnomad_5_223564_A_G_80207011r11887	SDHA	D49G	D49
dbsnp_benign	gnomad_5_224372_T_C_142926807r11888	SDHA	Y55H	Y55
dbsnp_benign	gnomad_5_225976_G_A_148246073r11890	SDHA	G184R	G184
dbsnp_benign	gnomad_5_228286_C_T_146653693r11892	SDHA	D241D	D241
dbsnp_benign	gnomad_5_230930_C_T_1237373391r11893	SDHA	D275D	D275
dbsnp_benign	gnomad_5_230935_C_T_367721665r11894	SDHA	T277M	T277
dbsnp_benign	gnomad_5_235168_C_T_368488126r11895	SDHA	H363H	H363
dbsnp_benign	gnomad_5_236563_G_A_111387770r11896	SDHA	A466T	A466
dbsnp_benign	gnomad_5_236580_C_T_34779890r11898	SDHA	I471I	I471
dbsnp_benign	gnomad_5_240448_C_T_151266052r11900	SDHA	T508I	T508
dbsnp_benign	gnomad_5_251101_G_A_376391115r11902	SDHA	R554Q	R554
dbsnp_benign	gnomad_5_251450_T_C_1126538r11903	SDHA	H592H	H592
dbsnp_benign	gnomad_5_254397_G_A_1126568r11905	SDHA	R600Q	R600
dbsnp_benign	gnomad_5_254484_A_T_6960r11906	SDHA	Y629F	Y629
dbsnp_benign	gnomad_5_256404_C_G_191412461r11908	SDHA	A660G	A660
dbsnp_benign	gnomad_11_61438052_C_T_184314049r11909	SDHAF2	N103N	N103
dbsnp_benign	gnomad_1_17027802_A_G_33927012r11911	SDHB	S163P	S163
dbsnp_benign	gnomad_1_17044791_T_C_35962811r11913	SDHB	H57R	H57
dbsnp_benign	gnomad_1_17044803_C_T_34916635r11914	SDHB	G53E	G53
dbsnp_benign	gnomad_1_17053955_C_G_141230910r11915	SDHB	C22S	C22
dbsnp_benign	gnomad_1_17053955_C_T_141230910r11916	SDHB	C22Y	C22
dbsnp_benign	gnomad_1_17053988_C_T_111430410r11917	SDHB	R11H	R11
dbsnp_benign	gnomad_1_17054012_G_C_11203289r11919	SDHB	A3G	A3
dbsnp_benign	gnomad_1_161362412_T_C_559747670r11921	SDHC	S163S	S163
dbsnp_benign	gnomad_1_161362517_G_C_201210474r11922	SDHC	E110Q	E110
dbsnp_benign	gnomad_11_112086941_G_A_34677591r11924	SDHD	G12S	G12
dbsnp_benign	gnomad_11_112087884_G_A_200671534r11926	SDHD	R27K	R27
dbsnp_benign	gnomad_11_112087953_A_G_11214077r11927	SDHD	H50R	H50
dbsnp_benign	gnomad_11_112087953_A_C_11214077r11928	SDHD	H50P	H50
dbsnp_benign	gnomad_12_56934207_G_C_74397593r11930	SDR9C7	L19V	L19
dbsnp_benign	gnomad_20_18524556_G_T_36023150r11931	SEC23B	V164L	V164
dbsnp_benign	gnomad_20_18525871_A_G_534770840r11933	SEC23B	Q258R	Q258
dbsnp_benign	gnomad_20_18532706_G_A_41309927r11934	SEC23B	V426I	V426
dbsnp_benign	gnomad_20_18542375_G_A_141588462r11936	SEC23B	R495H	R495
dbsnp_benign	gnomad_20_18543156_G_A_111572459r11938	SEC23B	R550Q	R550
dbsnp_benign	gnomad_4_118731400_G_T_79301273r11939	SEC24D	F928L	F928
dbsnp_benign	gnomad_4_118731400_G_A_79301273r11940	SEC24D	F928F	F928
dbsnp_benign	gnomad_9_99221865_G_C_7023652r11942	ALG2	D10E	D10
dbsnp_benign	gnomad_9_99221878_C_G_180849348r11944	ALG2	G6A	G6
dbsnp_benign	gnomad_6_107876614_T_C_201416954r11946	SEC63	T662A	T662
dbsnp_benign	gnomad_1_25805147_A_G_35019869r11947	SELENON	T137A	T137
dbsnp_benign	gnomad_1_25808592_G_C_199742668r11949	SELENON	A184P	A184
dbsnp_benign	gnomad_1_25808625_G_A_115852080r11951	SELENON	A195T	A195
dbsnp_benign	gnomad_1_25809124_C_T_34177164r11953	SELENON	S282S	S282
dbsnp_benign	gnomad_1_25811760_A_G_562843129r11954	SELENON	S388G	S388
dbsnp_benign	gnomad_1_25815590_G_A_147131452r11955	SELENON	V549M	V549
dbsnp_benign	gnomad_1_156175180_G_A_2075164r11957	SEMA4A	R510Q	R510
dbsnp_benign	gnomad_1_156176738_C_T_75447909r11959	SEMA4A	A676V	A676
dbsnp_benign	gnomad_1_156176755_C_T_76381440r11961	SEMA4A	P682S	P682
dbsnp_benign	gnomad_1_156176849_G_A_41265017r11963	SEMA4A	R713Q	R713
dbsnp_benign	gnomad_1_156176878_C_T_199933282r11965	SEMA4A	R723C	R723
dbsnp_benign	gnomad_1_156176878_C_A_199933282r11967	SEMA4A	R723S	R723
dbsnp_benign	gnomad_1_156176960_A_T_141707567r11968	SEMA4A	D750V	D750
dbsnp_benign	gnomad_17_77482329_G_A_367749123r11970	SEPTIN9	V303M	V303
dbsnp_benign	gnomad_17_77498596_G_A_201409034r11971	SEPTIN9	E567K	E567
dbsnp_benign	gnomad_6_158150579_A_T_112780453r11972	SERAC1	F47I	F47
dbsnp_benign	gnomad_6_158158275_A_G_34270473r11974	SERAC1	I30T	I30
dbsnp_benign	gnomad_14_94381078_A_G_6647r11976	SERPINA1	V237A	V237
dbsnp_benign	gnomad_1_173909791_G_T_549991084r11978	SERPINC1	P305H	P305
dbsnp_benign	gnomad_7_101128436_G_A_6092r11979	SERPINE1	A15T	A15
dbsnp_benign	gnomad_7_101136992_C_T_762527672r11981	N/A	NAN/ANA	NAN/A
dbsnp_benign	gnomad_17_1769934_C_G_76119062r11983	SERPINF1	A56G	A56
dbsnp_benign	gnomad_3_167790410_G_A_61750375r11985	SERPINI1	V97I	V97
dbsnp_benign	gnomad_3_167792626_A_G_61735309r11987	SERPINI1	D173G	D173
dbsnp_benign	gnomad_18_44953302_G_A_149638556r11989	SETBP1	R1321H	R1321
dbsnp_benign	gnomad_18_44953302_G_T_149638556r11990	SETBP1	R1321L	R1321
dbsnp_benign	gnomad_18_45063305_G_T_117498128r11991	SETBP1	E1466D	E1466
dbsnp_benign	gnomad_3_47046525_T_C_145377213r11993	SETD2	T2354A	T2354
dbsnp_benign	gnomad_3_47057098_A_C_377066147r11994	SETD2	V2229G	V2229
dbsnp_benign	gnomad_3_47121152_G_A_137871492r11995	SETD2	H1162Y	H1162
dbsnp_benign	gnomad_3_47122033_T_C_201752182r11996	SETD2	D868G	D868
dbsnp_benign	gnomad_3_47122093_G_A_75248784r11997	SETD2	A848V	A848
dbsnp_benign	gnomad_3_47122787_G_A_372521251r11999	SETD2	P617S	P617
dbsnp_benign	gnomad_3_47123014_C_T_144677816r12000	SETD2	R541Q	R541
dbsnp_benign	gnomad_3_47123651_G_T_372869995r12001	SETD2	R329R	R329
dbsnp_benign	gnomad_3_47123651_G_A_372869995r12002	SETD2	R329W	R329
dbsnp_benign	gnomad_3_9473381_G_T_201189533r12003	SETD5	G1114V	G1114
dbsnp_benign	gnomad_3_9473381_G_A_201189533r12004	SETD5	G1114D	G1114
dbsnp_benign	gnomad_9_132264549_G_A_34000644r12005	SETX	P2575L	P2575
dbsnp_benign	gnomad_9_132264633_A_G_151117904r12006	SETX	I2547T	I2547
dbsnp_benign	gnomad_9_132264783_C_T_61735488r12007	SETX	S2497N	S2497
dbsnp_benign	gnomad_9_132264841_T_C_142303658r12008	SETX	T2478A	T2478
dbsnp_benign	gnomad_9_132271795_C_T_150673589r12009	SETX	D2372N	D2372
dbsnp_benign	gnomad_9_132300642_G_A_551406712r12011	SETX	R1846C	R1846
dbsnp_benign	gnomad_9_132311785_G_A_115071007r12012	SETX	A1782A	A1782
dbsnp_benign	gnomad_9_132311848_T_C_139063885r12013	SETX	Q1761Q	Q1761
dbsnp_benign	gnomad_9_132326938_A_C_112089123r12014	SETX	C1554G	C1554
dbsnp_benign	gnomad_9_132327394_T_A_150421712r12015	SETX	T1402S	T1402
dbsnp_benign	gnomad_9_132327606_G_A_11243731r12016	SETX	P1331L	P1331
dbsnp_benign	gnomad_9_132328288_G_C_113831637r12017	SETX	Q1104E	Q1104
dbsnp_benign	gnomad_9_132328369_C_T_145097270r12019	SETX	D1077N	D1077
dbsnp_benign	gnomad_9_132328495_T_C_117229601r12021	SETX	K1035E	K1035
dbsnp_benign	gnomad_9_132328588_T_C_77984885r12022	SETX	N1004D	N1004
dbsnp_benign	gnomad_9_132328926_A_G_148181729r12023	SETX	V891A	V891
dbsnp_benign	gnomad_9_132329197_T_C_149718424r12025	SETX	K801E	K801
dbsnp_benign	gnomad_9_132329382_C_T_36024203r12026	SETX	G739E	G739
dbsnp_benign	gnomad_9_132329485_T_G_34781846r12027	SETX	I705L	I705
dbsnp_benign	gnomad_9_132329641_G_T_116333061r12028	SETX	Q653K	Q653
dbsnp_benign	gnomad_9_132329718_A_G_199707503r12030	SETX	M627T	M627
dbsnp_benign	gnomad_9_132329791_T_C_116205032r12031	SETX	N603D	N603
dbsnp_benign	gnomad_9_132329905_A_G_143982186r12032	SETX	F565L	F565
dbsnp_benign	gnomad_9_132342716_A_C_145438764r12033	SETX	L158V	L158
dbsnp_benign	gnomad_9_132342757_T_C_767453182r12035	SETX	N144S	N144
dbsnp_benign	gnomad_10_79611881_T_C_1059047r12036	SFTPA1	V19A	V19
dbsnp_benign	gnomad_10_79558925_G_A_150273659r12038	SFTPA2	R85C	R85
dbsnp_benign	gnomad_2_85666719_C_T_34682912r12040	SFTPB	E97E	E97
dbsnp_benign	gnomad_8_22162707_A_G_201567623r12042	SFTPC	H59R	H59
dbsnp_benign	gnomad_17_50167963_G_A_145697858r12043	SGCA	R110Q	R110
dbsnp_benign	gnomad_4_52024115_G_A_200761715r12044	SGCB	R267C	R267
dbsnp_benign	gnomad_4_52033582_C_A_115928999r12045	SGCB	S31I	S31
dbsnp_benign	gnomad_5_156508698_G_A_45559835r12047	SGCD	R96Q	R96
dbsnp_benign	gnomad_5_156647471_G_A_368838376r12049	SGCD	E169E	E169
dbsnp_benign	gnomad_5_156757722_C_G_180898690r12050	SGCD	D239E	D239
dbsnp_benign	gnomad_5_156344500_G_C_549319429r12052	SGCD	E4D	E4
dbsnp_benign	gnomad_5_156344576_C_T_202223676r12053	SGCD	R30W	R30
dbsnp_benign	gnomad_7_94603346_T_G_116105264r12054	SGCE	T257P	T257
dbsnp_benign	gnomad_13_23250679_G_A_17314986r12056	SGCG	R116H	R116
dbsnp_benign	gnomad_13_23324497_G_A_147820869r12058	SGCG	G278S	G278
dbsnp_benign	gnomad_17_80202341_G_A_151150961r12059	CARD14	G714S	G714
dbsnp_benign	gnomad_17_80205045_G_A_115102551r12060	CARD14	T803T	T803
dbsnp_benign	gnomad_17_80208152_G_A_74000616r12062	CARD14	R941Q	R941
dbsnp_benign	gnomad_17_80208249_C_G_144285237r12064	CARD14	D973E	D973
dbsnp_benign	gnomad_17_80208249_C_T_144285237r12065	CARD14	D973D	D973
dbsnp_benign	gnomad_4_2824672_A_G_142051964r12066	SH3BP2	H100R	H100
dbsnp_benign	gnomad_4_2827265_C_T_35313240r12067	SH3BP2	A155V	A155
dbsnp_benign	gnomad_4_2829688_C_G_146213141r12069	SH3BP2	P261R	P261
dbsnp_benign	gnomad_4_2829688_C_T_146213141r12070	SH3BP2	P261L	P261
dbsnp_benign	gnomad_4_2831938_T_C_145949614r12071	SH3BP2	S456P	S456
dbsnp_benign	gnomad_4_2832353_C_T_148761331r12072	SH3BP2	R477W	R477
dbsnp_benign	gnomad_5_172339393_G_A_111230322r12074	SH3PXD2B	P571L	P571
dbsnp_benign	gnomad_5_172339433_C_T_536952235r12076	SH3PXD2B	G558S	G558
dbsnp_benign	gnomad_5_172362867_C_A_368080609r12078	SH3PXD2B	G144C	G144
dbsnp_benign	gnomad_5_172362867_C_T_368080609r12080	SH3PXD2B	G144S	G144
dbsnp_benign	gnomad_5_149008967_G_A_115577291r12081	SH3TC2	A1121V	A1121
dbsnp_benign	gnomad_5_149027041_G_C_73795753r12083	SH3TC2	N897K	N897
dbsnp_benign	gnomad_5_149027890_G_A_138411915r12085	SH3TC2	D614D	D614
dbsnp_benign	gnomad_5_149028289_G_A_146666910r12086	SH3TC2	D481D	D481
dbsnp_benign	gnomad_5_149028329_G_A_6874630r12087	SH3TC2	A468V	A468
dbsnp_benign	gnomad_5_149038402_G_A_779808918r12089	SH3TC2	I298I	I298
dbsnp_benign	gnomad_5_149038402_G_C_779808918r12090	SH3TC2	I298M	I298
dbsnp_benign	gnomad_5_149041458_A_G_148634904r12091	SH3TC2	V230A	V230
dbsnp_benign	gnomad_5_149047903_C_T_112507765r12093	SH3TC2	A80T	A80
dbsnp_benign	gnomad_5_149052156_T_G_146162276r12095	SH3TC2	Q46P	Q46
dbsnp_benign	gnomad_11_70473398_G_A_141040521r12097	SHANK2	T1674M	T1674
dbsnp_benign	gnomad_11_70473428_A_G_150857128r12098	SHANK2	I1664T	I1664
dbsnp_benign	gnomad_22_50683345_C_T_201282170r12100	SHANK3	S297S	S297
dbsnp_benign	gnomad_22_50695032_G_A_563454435r12101	SHANK3	G430S	G430
dbsnp_benign	gnomad_22_50704859_C_T_182897668r12102	SHANK3	I182I	I182
dbsnp_benign	gnomad_22_50720741_G_T_530255181r12104	SHANK3	A521S	A521
dbsnp_benign	gnomad_22_50720741_G_C_530255181r12105	SHANK3	A521P	A521
dbsnp_benign	gnomad_22_50720865_G_T_767058690r12106	SHANK3	G562V	G562
dbsnp_benign	gnomad_22_50721350_G_A_139686326r12107	SHANK3	A724T	A724
dbsnp_benign	gnomad_22_50721484_C_T_371876840r12109	SHANK3	N768N	N768
dbsnp_benign	gnomad_22_50721726_G_A_201483867r12110	SHANK3	R849K	R849
dbsnp_benign	gnomad_22_50721831_T_G_200087210r12111	SHANK3	V884G	V884
dbsnp_benign	gnomad_7_155803420_C_T_104894047r12112	SHH	G290D	G290
dbsnp_benign	gnomad_17_18355980_A_T_143807950r12114	SHMT1	M1K	M1
dbsnp_benign	gnomad_17_18355980_A_C_143807950r12115	SHMT1	M1R	M1
dbsnp_benign	gnomad_10_110964968_A_G_200015085r12116	SHOC2	I204V	I204
dbsnp_benign	gnomad_10_111007608_G_T_200215822r12117	SHOC2	Q413H	Q413
dbsnp_benign	gnomad_10_111011663_A_G_145463534r12118	SHOC2	S532G	S532
dbsnp_benign	gnomad_4_76740326_G_A_114419726r12120	SHROOM3	R718Q	R718
dbsnp_benign	gnomad_4_76740326_G_C_114419726r12121	SHROOM3	R718P	R718
dbsnp_benign	gnomad_X_50633881_T_C_144727288r12122	SHROOM4	E731G	E731
dbsnp_benign	gnomad_X_50634101_T_C_188714648r12123	SHROOM4	M658V	M658
dbsnp_benign	gnomad_X_50634446_T_A_61748324r12124	SHROOM4	T543S	T543
dbsnp_benign	gnomad_X_50635020_G_T_59595864r12126	SHROOM4	S351R	S351
dbsnp_benign	gnomad_X_50635634_G_A_111940781r12127	SHROOM4	H147Y	H147
dbsnp_benign	gnomad_X_50695789_C_T_148911180r12129	SHROOM4	R89K	R89
dbsnp_benign	gnomad_3_164991462_C_T_142018224r12130	SI	V1667I	V1667
dbsnp_benign	gnomad_3_164991462_C_G_142018224r12131	SI	V1667L	V1667
dbsnp_benign	gnomad_21_43416890_C_T_201955244r12133	SIK1	G735D	G735
dbsnp_benign	gnomad_21_43417035_C_T_752544370r12134	SIK1	A687T	A687
dbsnp_benign	gnomad_21_43418410_C_T_761551726r12135	SIK1	A532T	A532
dbsnp_benign	gnomad_21_43418451_G_A_142171557r12136	SIK1	A518V	A518
dbsnp_benign	gnomad_21_43419914_C_T_759838082r12137	SIK1	R355H	R355
dbsnp_benign	gnomad_21_43420416_C_T_112011493r12138	SIK1	A264T	A264
dbsnp_benign	gnomad_6_100390370_G_A_143803280r12140	SIM1	N764N	N764
dbsnp_benign	gnomad_6_100390668_C_T_146866401r12142	SIM1	R665H	R665
dbsnp_benign	gnomad_6_100420875_G_A_145479047r12144	SIM1	T361I	T361
dbsnp_benign	gnomad_14_60646392_G_T_368974927r12146	SIX1	P249Q	P249
dbsnp_benign	gnomad_14_60646392_G_A_368974927r12147	SIX1	P249L	P249
dbsnp_benign	gnomad_14_60646459_C_A_144481204r12148	SIX1	D227Y	D227
dbsnp_benign	gnomad_14_60646560_T_A_142301715r12149	SIX1	N193I	N193
dbsnp_benign	gnomad_2_45006324_G_A_147806994r12150	SIX2	P241L	P241
dbsnp_benign	gnomad_2_44942213_G_T_199823175r12151	SIX3	G37C	G37
dbsnp_benign	gnomad_19_45766055_G_T_2014377r12153	SIX5	L556M	L556
dbsnp_benign	gnomad_19_45768352_G_A_368485758r12154	SIX5	L165L	L165
dbsnp_benign	gnomad_14_60511125_T_G_45549246r12155	SIX6	L205R	L205
dbsnp_benign	gnomad_1_2228951_C_G_28384811r12157	SKI	A62G	A62
dbsnp_benign	gnomad_1_2303352_C_T_75280988r12159	SKI	A388V	A388
dbsnp_benign	gnomad_1_2303937_G_A_544709718r12160	SKI	A437T	A437
dbsnp_benign	gnomad_1_2306103_G_A_146789646r12161	SKI	E617E	E617
dbsnp_benign	gnomad_1_2306585_C_G_750838146r12162	SKI	D669E	D669
dbsnp_benign	gnomad_6_31961960_C_T_36038685r12163	SKIC2	R324W	R324
dbsnp_benign	gnomad_6_31963970_G_A_144147284r12165	SKIC2	V569M	V569
dbsnp_benign	gnomad_6_31960062_A_G_35985869r12167	SKIC2	Q60R	Q60
dbsnp_benign	gnomad_8_133096215_G_C_61730222r12169	TG	V2472L	V2472
dbsnp_benign	gnomad_8_133096215_G_A_61730222r12170	TG	V2472M	V2472
dbsnp_benign	gnomad_16_56879102_G_A_150358489r12172	SLC12A3	V404I	V404
dbsnp_benign	gnomad_16_56884077_C_A_757776621r12173	SLC12A3	N566K	N566
dbsnp_benign	gnomad_16_56884077_C_G_757776621r12174	SLC12A3	N566K	N566
dbsnp_benign	gnomad_16_56886998_G_A_36031476r12175	SLC12A3	G695R	G695
dbsnp_benign	gnomad_16_56887928_G_A_36049418r12177	SLC12A3	A728T	A728
dbsnp_benign	gnomad_20_46043275_A_T_34058554r12179	SLC12A5	T420S	T420
dbsnp_benign	gnomad_15_34261018_C_T_781088641r12181	SLC12A6	D107N	D107
dbsnp_benign	gnomad_17_6701042_G_A_200645836r12183	SLC13A5	F267F	F267
dbsnp_benign	gnomad_1_112914112_C_T_536012651r12184	SLC16A1	V428I	V428
dbsnp_benign	gnomad_X_74524417_G_A_376266144r12186	SLC16A2	A212T	A212
dbsnp_benign	gnomad_X_74421902_G_C_201661705r12187	SLC16A2	A89P	A89
dbsnp_benign	gnomad_X_74421902_G_A_201661705r12189	SLC16A2	A89T	A89
dbsnp_benign	gnomad_21_45509420_G_A_374207420r12190	COL18A1	R1520Q	R1520
dbsnp_benign	gnomad_1_169468154_A_G_17847484r12191	SLC19A2	I441T	I441
dbsnp_benign	gnomad_5_36679751_G_A_200243548r12193	SLC1A3	A329T	A329
dbsnp_benign	gnomad_15_65645642_C_T_191146484r12195	SLC24A1	T724M	T724
dbsnp_benign	gnomad_15_65645654_C_T_201943537r12197	SLC24A1	A728V	A728
dbsnp_benign	gnomad_15_65625902_G_A_35984752r12198	SLC24A1	V608I	V608
dbsnp_benign	gnomad_15_65625939_C_T_35398714r12200	SLC24A1	A620V	A620
dbsnp_benign	gnomad_9_19516337_T_C_61745273r12201	SLC24A2	N601S	N601
dbsnp_benign	gnomad_7_96121335_G_A_35539807r12203	SLC25A13	N628N	N628
dbsnp_benign	gnomad_7_96121909_G_A_150082469r12205	SLC25A13	S560S	S560
dbsnp_benign	gnomad_13_40808575_A_T_17849654r12206	SLC25A15	I254L	I254
dbsnp_benign	gnomad_3_48858577_C_T_35989076r12208	SLC25A20	R258Q	R258
dbsnp_benign	gnomad_11_792640_C_T_201089795r12210	SLC25A22	R167Q	R167
dbsnp_benign	gnomad_11_794509_C_T_116134953r12212	SLC25A22	D51N	D51
dbsnp_benign	gnomad_3_39390427_A_G_34127778r12213	SLC25A38	R66G	R66
dbsnp_benign	gnomad_3_39390470_C_G_144149294r12215	SLC25A38	T80R	T80
dbsnp_benign	gnomad_3_39391546_A_G_146940902r12217	SLC25A38	M128V	M128
dbsnp_benign	gnomad_4_185145142_A_G_143511445r12219	SLC25A4	I164V	I164
dbsnp_benign	gnomad_5_110756712_G_A_114859074r12221	SLC25A46	V211M	V211
dbsnp_benign	gnomad_5_149978307_A_G_35919114r12222	SLC26A2	I219V	I219
dbsnp_benign	gnomad_5_149981067_C_T_78676079r12224	SLC26A2	R492W	R492
dbsnp_benign	gnomad_7_107789669_C_T_201844799r12226	SLC26A3	R197Q	R197
dbsnp_benign	gnomad_7_107793772_T_C_116793431r12228	SLC26A3	I81V	I81
dbsnp_benign	gnomad_7_107683285_G_C_146348818r12230	SLC26A4	M283I	M283
dbsnp_benign	gnomad_7_107683334_A_C_111033304r12232	SLC26A4	I300L	I300
dbsnp_benign	gnomad_7_107689120_G_A_145467740r12234	SLC26A4	A357T	A357
dbsnp_benign	gnomad_7_107710094_C_T_17154347r12236	SLC26A4	D710D	D710
dbsnp_benign	gnomad_7_107710103_T_G_143708308r12238	SLC26A4	I713M	I713
dbsnp_benign	gnomad_7_107710182_G_A_17154353r12239	SLC26A4	G740S	G740
dbsnp_benign	gnomad_9_128348613_G_A_2240953r12241	SLC27A4	G209S	G209
dbsnp_benign	gnomad_19_58498582_G_C_145618122r12243	SLC27A5	A669G	A669
dbsnp_benign	gnomad_19_58501308_C_T_142672241r12245	SLC27A5	R387Q	R387
dbsnp_benign	gnomad_10_71322806_A_G_2277257r12246	SLC29A3	R18G	R18
dbsnp_benign	gnomad_10_71356185_G_T_2252996r12249	SLC29A3	V239F	V239
dbsnp_benign	gnomad_10_71356185_G_A_2252996r12250	SLC29A3	V239I	V239
dbsnp_benign	gnomad_10_71362022_T_C_79737301r12251	SLC29A3	L281P	L281
dbsnp_benign	gnomad_10_71344212_T_C_77339410r12253	SLC29A3	Y102H	Y102
dbsnp_benign	gnomad_1_42928972_G_A_769943554r12255	SLC2A1	A345V	A345
dbsnp_benign	gnomad_1_42929287_C_T_148518827r12256	SLC2A1	E299K	E299
dbsnp_benign	gnomad_1_42929899_C_T_374080633r12257	SLC2A1	R218H	R218
dbsnp_benign	gnomad_1_42929899_C_A_374080633r12258	SLC2A1	R218L	R218
dbsnp_benign	gnomad_1_42930830_G_A_76672402r12259	SLC2A1	F104F	F104
dbsnp_benign	gnomad_1_42930830_G_C_76672402r12260	SLC2A1	F104L	F104
dbsnp_benign	gnomad_20_46725352_G_T_6094438r12261	SLC2A10	A106S	A106
dbsnp_benign	gnomad_20_46725710_G_A_34295241r12263	SLC2A10	R225H	R225
dbsnp_benign	gnomad_20_46726046_G_C_150745395r12265	SLC2A10	G337A	G337
dbsnp_benign	gnomad_20_46726190_C_G_79849424r12266	SLC2A10	A385G	A385
dbsnp_benign	gnomad_20_46733756_G_T_116344406r12268	SLC2A10	R516R	R516
dbsnp_benign	gnomad_3_171014637_G_A_7637863r12269	SLC2A2	P68L	P68
dbsnp_benign	gnomad_4_9834998_C_A_556085300r12271	SLC2A9	P434P	P434
dbsnp_benign	gnomad_4_9834998_C_T_556085300r12272	SLC2A9	P434P	P434
dbsnp_benign	gnomad_4_9920488_C_T_145688560r12273	SLC2A9	R300H	R300
dbsnp_benign	gnomad_3_155828335_C_T_76440173r12274	SLC33A1	G509S	G509
dbsnp_benign	gnomad_3_155829719_T_G_144015992r12275	SLC33A1	N484T	N484
dbsnp_benign	gnomad_3_155842548_C_T_200789237r12276	SLC33A1	E283K	E283
dbsnp_benign	gnomad_3_155853248_T_C_15594r12278	SLC33A1	Q250Q	Q250
dbsnp_benign	gnomad_3_155853862_C_T_149571533r12279	SLC33A1	E46K	E46
dbsnp_benign	gnomad_5_177397849_C_T_199565633r12280	SLC34A1	R495C	R495
dbsnp_benign	gnomad_5_177398068_C_T_34225933r12281	SLC34A1	H568Y	H568
dbsnp_benign	gnomad_9_137233094_G_C_35643193r12283	SLC34A3	G180A	G180
dbsnp_benign	gnomad_9_137236201_A_T_140639805r12285	SLC34A3	I529F	I529
dbsnp_benign	gnomad_9_137236201_A_G_140639805r12287	SLC34A3	I529V	I529
dbsnp_benign	gnomad_6_87477364_A_C_114156788r12288	SLC35A1	N7H	N7
dbsnp_benign	gnomad_6_87477478_A_G_145006535r12290	SLC35A1	T45A	T45
dbsnp_benign	gnomad_X_48904780_G_A_782483874r12292	SLC35A2	R377C	R377
dbsnp_benign	gnomad_X_48904831_C_T_138190020r12293	SLC35A2	V360I	V360
dbsnp_benign	gnomad_X_48904847_G_A_142781476r12294	SLC35A2	S354S	S354
dbsnp_benign	gnomad_X_48904853_A_G_56111636r12295	SLC35A2	S352S	S352
dbsnp_benign	gnomad_X_48911565_C_A_374961453r12296	SLC35A2	E24D	E24
dbsnp_benign	gnomad_11_45811294_C_T_145613857r12298	SLC35C1	P352S	P352
dbsnp_benign	gnomad_16_84031871_G_C_150844985r12300	SLC38A8	L210V	L210
dbsnp_benign	gnomad_11_47412022_C_T_140574574r12302	SLC39A13	T133M	T133
dbsnp_benign	gnomad_11_47412369_C_G_148291843r12304	SLC39A13	Q147E	Q147
dbsnp_benign	gnomad_11_47413401_C_G_147227015r12305	SLC39A13	A180G	A180
dbsnp_benign	gnomad_8_144414041_G_A_199542349r12306	SLC39A4	R402C	R402
dbsnp_benign	gnomad_8_144414270_T_C_75920625r12307	SLC39A4	T381A	T381
dbsnp_benign	gnomad_8_144414851_C_T_7823979r12309	SLC39A4	E284K	E284
dbsnp_benign	gnomad_8_144416033_G_A_117535951r12311	SLC39A4	P84L	P84
dbsnp_benign	gnomad_2_44321418_C_T_149012504r12313	PREPL	E708K	E708
dbsnp_benign	gnomad_5_33963765_C_T_26722r12315	SLC45A2	E272K	E272
dbsnp_benign	gnomad_17_28404814_T_C_34552966r12317	SLC46A1	T295A	T295
dbsnp_benign	gnomad_17_28405926_C_G_41297071r12319	SLC46A1	R63S	R63
dbsnp_benign	gnomad_17_28405926_C_A_41297071r12320	SLC46A1	R63S	R63
dbsnp_benign	gnomad_17_44251211_G_A_121912759r12321	SLC4A1	P868L	P868
dbsnp_benign	gnomad_17_44258616_C_T_140424071r12322	SLC4A1	R295H	R295
dbsnp_benign	gnomad_17_44259879_C_T_147390654r12323	SLC4A1	R180H	R180
dbsnp_benign	gnomad_17_44260432_G_T_145041032r12324	SLC4A1	L153M	L153
dbsnp_benign	gnomad_17_44261577_T_C_5036r12325	SLC4A1	K56E	K56
dbsnp_benign	gnomad_17_44261625_C_T_45562031r12327	SLC4A1	E40K	E40
dbsnp_benign	gnomad_17_44262650_A_G_55773290r12329	SLC4A1	M31T	M31
dbsnp_benign	gnomad_17_44262650_A_T_55773290r12330	SLC4A1	M31K	M31
dbsnp_benign	gnomad_20_3228321_C_T_34224785r12331	SLC4A11	M832I	M832
dbsnp_benign	gnomad_20_3229544_G_C_144123179r12333	SLC4A11	T574T	T574
dbsnp_benign	gnomad_20_3237661_G_A_200343026r12335	SLC4A11	R7W	R7
dbsnp_benign	gnomad_20_765254_T_C_6054614r12336	SLC52A3	D174G	D174
dbsnp_benign	gnomad_16_31489221_G_A_539749063r12338	SLC5A2	A516A	A516
dbsnp_benign	gnomad_16_31489221_G_C_539749063r12340	SLC5A2	A516A	A516
dbsnp_benign	gnomad_19_17884027_G_A_73520745r12341	SLC5A5	D503N	D503
dbsnp_benign	gnomad_3_11029272_C_A_112095333r12343	SLC6A1	L415I	L415
dbsnp_benign	gnomad_3_11036904_C_T_747243516r12345	SLC6A1	P580S	P580
dbsnp_benign	gnomad_5_1213553_G_A_7732589r12346	SLC6A19	V252I	V252
dbsnp_benign	gnomad_11_20601262_C_G_12364685r12348	SLC6A5	P46R	P46
dbsnp_benign	gnomad_11_20601391_C_A_61736602r12349	SLC6A5	A89E	A89
dbsnp_benign	gnomad_11_20652332_A_G_143918578r12351	SLC6A5	Y705C	Y705
dbsnp_benign	gnomad_11_20654840_A_G_543307278r12353	SLC6A5	K789R	K789
dbsnp_benign	gnomad_X_153691442_C_G_199937648r12355	SLC6A8	T178S	T178
dbsnp_benign	gnomad_X_153691466_G_A_372601430r12356	SLC6A8	R186H	R186
dbsnp_benign	gnomad_X_153693083_G_A_782208622r12357	SLC6A8	V274M	V274
dbsnp_benign	gnomad_X_153693119_C_T_782005985r12358	SLC6A8	L286L	L286
dbsnp_benign	gnomad_X_153693925_G_A_374163604r12359	SLC6A8	A388T	A388
dbsnp_benign	gnomad_X_153694160_C_G_782551106r12360	SLC6A8	L429V	L429
dbsnp_benign	gnomad_X_153694424_C_T_122453118r12361	SLC6A8	C491C	C491
dbsnp_benign	gnomad_X_153694553_G_A_201526436r12362	SLC6A8	D506N	D506
dbsnp_benign	gnomad_X_153694737_G_A_782354054r12363	SLC6A8	V539I	V539
dbsnp_benign	gnomad_X_153694737_G_C_782354054r12364	SLC6A8	V539L	V539
dbsnp_benign	gnomad_X_153694771_C_G_199635059r12365	SLC6A8	T550S	T550
dbsnp_benign	gnomad_X_153694814_C_T_201044530r12367	SLC6A8	F564F	F564
dbsnp_benign	gnomad_X_153694814_C_G_201044530r12368	SLC6A8	F564L	F564
dbsnp_benign	gnomad_X_153694835_C_T_782244505r12369	SLC6A8	C571C	C571
dbsnp_benign	gnomad_X_153695084_A_G_782560726r12370	SLC6A8	H593R	H593
dbsnp_benign	gnomad_X_153695176_G_A_368555229r12372	SLC6A8	E624K	E624
dbsnp_benign	gnomad_X_153688600_G_T_1198790754r12373	SLC6A8	G9V	G9
dbsnp_benign	gnomad_19_32830681_G_A_80283711r12374	SLC7A9	P468L	P468
dbsnp_benign	gnomad_17_74763436_G_A_119486097r12376	NHERF1	E225K	E225
dbsnp_benign	gnomad_X_136033469_G_A_146263125r12377	SLC9A6	R568Q	R568
dbsnp_benign	gnomad_12_21172775_C_T_148697674r12378	SLCO1B1	D70D	D70
dbsnp_benign	gnomad_12_21178926_A_G_201722521r12379	SLCO1B1	I211M	I211
dbsnp_benign	gnomad_13_83880520_A_C_145628951r12381	SLITRK1	S330A	S330
dbsnp_benign	gnomad_16_3583104_A_T_75182789r12383	SLX4	S1716T	S1716
dbsnp_benign	gnomad_16_3583221_G_A_7196345r12384	SLX4	P1677S	P1677
dbsnp_benign	gnomad_16_3584860_G_A_77021998r12386	SLX4	R1550W	R1550
dbsnp_benign	gnomad_16_3589523_C_T_79174372r12388	SLX4	R1372Q	R1372
dbsnp_benign	gnomad_16_3589614_T_C_140051968r12389	SLX4	S1342G	S1342
dbsnp_benign	gnomad_16_3590393_T_C_368657696r12390	SLX4	Q1082R	Q1082
dbsnp_benign	gnomad_16_3590460_G_A_144273492r12391	SLX4	R1060W	R1060
dbsnp_benign	gnomad_16_3590529_A_G_58735123r12392	SLX4	L1037L	L1037
dbsnp_benign	gnomad_16_3590714_G_A_114472821r12394	SLX4	P975L	P975
dbsnp_benign	gnomad_16_3590852_G_A_117707719r12397	SLX4	P929L	P929
dbsnp_benign	gnomad_16_3590892_C_A_79448721r12399	SLX4	A916S	A916
dbsnp_benign	gnomad_16_3590892_C_G_79448721r12401	SLX4	A916P	A916
dbsnp_benign	gnomad_16_3591010_G_A_201279467r12402	SLX4	D876D	D876
dbsnp_benign	gnomad_16_3592736_G_C_151105762r12404	SLX4	P764A	P764
dbsnp_benign	gnomad_16_3596179_C_T_1056085r12405	SLX4	G633D	G633
dbsnp_benign	gnomad_16_3597691_A_C_74319927r12407	SLX4	N457K	N457
dbsnp_benign	gnomad_16_3600989_G_T_115694169r12409	SLX4	P385T	P385
dbsnp_benign	gnomad_16_3606516_T_C_114744903r12411	SLX4	N240D	N240
dbsnp_benign	gnomad_16_3606516_T_G_114744903r12413	SLX4	N240H	N240
dbsnp_benign	gnomad_16_3606524_C_T_138615800r12414	SLX4	R237Q	R237
dbsnp_benign	gnomad_16_3606644_A_G_147826749r12416	SLX4	V197A	V197
dbsnp_benign	gnomad_15_67165360_A_G_35874463r12417	SMAD3	I170V	I170
dbsnp_benign	gnomad_18_51047274_A_G_587780556r12419	SMAD4	R76R	R76
dbsnp_benign	gnomad_18_51058404_A_G_144378484r12420	SMAD4	Q284Q	Q284
dbsnp_benign	gnomad_18_51067094_C_T_751732234r12421	SMAD4	H405H	H405
dbsnp_benign	gnomad_18_51078381_A_G_149755320r12422	SMAD4	I525V	I525
dbsnp_benign	gnomad_18_51078455_A_G_113545983r12423	SMAD4	Q549Q	Q549
dbsnp_benign	gnomad_18_51078461_A_G_199526820r12424	SMAD4	L551L	L551
dbsnp_benign	gnomad_15_66703319_G_A_188799901r12425	SMAD6	D21N	D21
dbsnp_benign	gnomad_15_66703620_G_A_80232004r12426	SMAD6	C121Y	C121
dbsnp_benign	gnomad_15_66703620_G_C_80232004r12427	SMAD6	C121S	C121
dbsnp_benign	gnomad_9_2029232_G_A_529054959r12428	SMARCA2	M70I	M70
dbsnp_benign	gnomad_9_2032972_C_T_181403075r12429	SMARCA2	D82D	D82
dbsnp_benign	gnomad_9_2039787_A_C_147609454r12430	SMARCA2	Q226P	Q226
dbsnp_benign	gnomad_9_2039790_A_C_940521825r12432	SMARCA2	Q227P	Q227
dbsnp_benign	gnomad_9_2039790_A_G_940521825r12434	SMARCA2	Q227R	Q227
dbsnp_benign	gnomad_9_2039860_A_G_62639302r12435	SMARCA2	Q250Q	Q250
dbsnp_benign	gnomad_9_2116037_G_A_6601r12437	SMARCA2	E1224E	E1224
dbsnp_benign	gnomad_9_2170426_G_A_143797398r12439	SMARCA2	V1403M	V1403
dbsnp_benign	gnomad_9_2186113_C_T_111380592r12441	SMARCA2	I1493I	I1493
dbsnp_benign	gnomad_9_2191309_C_G_2296212r12442	SMARCA2	D1546E	D1546
dbsnp_benign	gnomad_9_2191317_G_A_201798443r12444	SMARCA2	R1549Q	R1549
dbsnp_benign	gnomad_9_2191370_G_C_144110632r12445	SMARCA2	V1567L	V1567
dbsnp_benign	gnomad_19_10984271_C_T_375884151r12446	SMARCA4	H40H	H40
dbsnp_benign	gnomad_19_10985308_C_T_115992445r12447	SMARCA4	D86D	D86
dbsnp_benign	gnomad_19_10986275_G_A_138689221r12449	SMARCA4	G148R	G148
dbsnp_benign	gnomad_19_10986498_C_T_533671711r12450	SMARCA4	P222L	P222
dbsnp_benign	gnomad_19_10987856_C_A_777628688r12451	SMARCA4	S350R	S350
dbsnp_benign	gnomad_19_10987882_G_A_148530368r12452	SMARCA4	R359Q	R359
dbsnp_benign	gnomad_19_10987905_C_T_372379166r12453	SMARCA4	L367L	L367
dbsnp_benign	gnomad_19_10987910_G_A_751242644r12455	SMARCA4	Q368Q	Q368
dbsnp_benign	gnomad_19_10994965_C_T_2288845r12456	SMARCA4	N519N	N519
dbsnp_benign	gnomad_19_11007985_C_T_149342641r12458	SMARCA4	S695S	S695
dbsnp_benign	gnomad_19_11021925_C_T_147791182r12459	SMARCA4	F939F	F939
dbsnp_benign	gnomad_19_11033406_G_A_61761957r12460	SMARCA4	K1221K	K1221
dbsnp_benign	gnomad_19_11033412_C_T_28997581r12462	SMARCA4	N1223N	N1223
dbsnp_benign	gnomad_19_11033481_C_T_139943231r12463	SMARCA4	F1246F	F1246
dbsnp_benign	gnomad_19_11034176_C_T_148495641r12465	SMARCA4	H1309H	H1309
dbsnp_benign	gnomad_19_11039474_A_T_186823009r12466	SMARCA4	D812V	D812
dbsnp_benign	gnomad_19_11041315_G_A_201879930r12467	SMARCA4	E1393E	E1393
dbsnp_benign	gnomad_19_11041318_G_A_763867884r12468	SMARCA4	E1394E	E1394
dbsnp_benign	gnomad_19_11041387_C_T_377057304r12469	SMARCA4	S1417S	S1417
dbsnp_benign	gnomad_19_11058288_C_T_550796495r12470	SMARCA4	I1486I	I1486
dbsnp_benign	gnomad_19_11059809_C_T_746415437r12471	SMARCA4	I1564I	I1564
dbsnp_benign	gnomad_2_216414831_G_A_2066524r12472	SMARCAL1	A43T	A43
dbsnp_benign	gnomad_2_216420337_C_G_146084305r12474	SMARCAL1	P301A	P301
dbsnp_benign	gnomad_2_216450941_C_T_2066526r12476	SMARCAL1	D649D	D649
dbsnp_benign	gnomad_22_23787170_A_G_367768260r12478	SMARCB1	M1V	M1
dbsnp_benign	gnomad_17_40628790_C_A_62622817r12479	SMARCE1	E411NA	E411
dbsnp_benign	gnomad_17_40630787_G_A_376628666r12480	SMARCE1	I318I	I318
dbsnp_benign	gnomad_X_53405804_C_T_7052858r12481	SMC1A	E566E	E566
dbsnp_benign	gnomad_18_2747592_A_G_201497685r12482	SMCHD1	N1291S	N1291
dbsnp_benign	gnomad_18_2802559_A_G_140650738r12483	N/A	NAN/ANA	NAN/A
dbsnp_benign	gnomad_11_6394015_C_T_141641266r12485	SMPD1	A487V	A487
dbsnp_benign	gnomad_11_6394240_C_T_200652683r12486	SMPD1	S510F	S510
dbsnp_benign	gnomad_11_6394309_C_T_199915216r12487	SMPD1	P533L	P533
dbsnp_benign	gnomad_11_6394336_G_A_113467489r12488	SMPD1	R542Q	R542
dbsnp_benign	gnomad_11_6390681_C_T_556155962r12490	SMPD1	P28L	P28
dbsnp_benign	gnomad_11_6390697_G_A_142178073r12491	SMPD1	M33I	M33
dbsnp_benign	gnomad_11_6391784_G_A_2634197r12493	SMPD1	R240Q	R240
dbsnp_benign	gnomad_11_6391966_G_A_2723669r12495	SMPD1	V301I	V301
dbsnp_benign	gnomad_11_6392136_C_T_72896268r12497	SMPD1	A357A	A357
dbsnp_benign	gnomad_11_6392165_C_T_143612450r12499	SMPD1	S97L	S97
dbsnp_benign	gnomad_X_21978023_C_T_201275730r12501	SMS	T190I	T190
dbsnp_benign	gnomad_8_48920156_G_A_181954619r12502	SNAI2	A122V	A122
dbsnp_benign	gnomad_8_48920156_G_T_181954619r12503	SNAI2	A122D	A122
dbsnp_benign	gnomad_5_122450972_G_C_55712196r12504	SNCAIP	E709Q	E709
dbsnp_benign	gnomad_1_92837557_A_G_11540832r12506	RPL5	Y210C	Y210
dbsnp_benign	gnomad_2_96289315_T_C_143529458r12508	SNRNP200	N1002S	N1002
dbsnp_benign	gnomad_2_96289939_T_C_149616320r12509	SNRNP200	T934A	T934
dbsnp_benign	gnomad_2_96289939_T_G_149616320r12511	SNRNP200	T934P	T934
dbsnp_benign	gnomad_2_96297681_T_C_142729495r12512	SNRNP200	M387V	M387
dbsnp_benign	gnomad_20_33417743_C_T_34479952r12513	SNTA1	C226Y	C226
dbsnp_benign	gnomad_20_33438897_G_T_141724500r12515	SNTA1	T147N	T147
dbsnp_benign	gnomad_20_33439020_C_T_75025585r12516	SNTA1	R106Q	R106
dbsnp_benign	gnomad_20_33443507_G_A_780018849r12517	SNTA1	D38D	D38
dbsnp_benign	gnomad_20_33443507_G_T_780018849r12518	SNTA1	D38E	D38
dbsnp_benign	gnomad_20_33408776_G_A_116747979r12519	SNTA1	F450F	F450
dbsnp_benign	gnomad_20_33412714_G_C_56157422r12521	SNTA1	A257G	A257
dbsnp_benign	gnomad_6_107634459_A_G_146747167r12522	SOBP	I539V	I539
dbsnp_benign	gnomad_2_38986168_C_T_776814547r12524	SOS1	V1220M	V1220
dbsnp_benign	gnomad_2_38995183_A_T_376722127r12525	SOS1	S1096T	S1096
dbsnp_benign	gnomad_2_38996971_T_C_8192671r12526	SOS1	N1011S	N1011
dbsnp_benign	gnomad_2_39013505_C_T_140811086r12527	SOS1	A708T	A708
dbsnp_benign	gnomad_2_39013966_G_A_56219475r12529	SOS1	P655L	P655
dbsnp_benign	gnomad_2_39022658_C_T_553331572r12531	SOS1	E590E	E590
dbsnp_benign	gnomad_2_39022723_G_C_200786705r12532	SOS1	L569V	L569
dbsnp_benign	gnomad_2_39022938_C_T_371314838r12534	SOS1	R497Q	R497
dbsnp_benign	gnomad_2_39035268_G_A_190222208r12535	SOS1	P340S	P340
dbsnp_benign	gnomad_2_39054764_G_A_55980502r12536	SOS1	D190D	D190
dbsnp_benign	gnomad_2_39054791_T_C_201068374r12537	SOS1	E181E	E181
dbsnp_benign	gnomad_2_39067732_T_C_150565592r12538	SOS1	T37A	T37
dbsnp_benign	gnomad_2_39120350_G_A_139592595r12539	SOS1	P25S	P25
dbsnp_benign	gnomad_14_50118599_C_A_138133010r12540	SOS2	W1248C	W1248
dbsnp_benign	gnomad_14_50138716_C_T_200387871r12541	SOS2	D952N	D952
dbsnp_benign	gnomad_14_50138716_C_A_200387871r12542	SOS2	D952Y	D952
dbsnp_benign	gnomad_14_50150172_T_G_576277421r12543	SOS2	Q740H	Q740
dbsnp_benign	gnomad_14_50150175_C_T_186110427r12544	SOS2	K739K	K739
dbsnp_benign	gnomad_14_50150175_C_A_186110427r12546	SOS2	K739N	K739
dbsnp_benign	gnomad_14_50159762_C_A_141604342r12547	SOS2	E507D	E507
dbsnp_benign	gnomad_14_50160072_G_A_201265921r12548	SOS2	P404L	P404
dbsnp_benign	gnomad_14_50118391_G_A_140995728r12549	SOS2	P1318S	P1318
dbsnp_benign	gnomad_14_50118513_A_G_146802994r12551	SOS2	L1277P	L1277
dbsnp_benign	gnomad_X_140504904_C_G_200361128r12552	SOX3	V53L	V53
dbsnp_benign	gnomad_X_140504984_A_G_142709662r12554	SOX3	I26T	I26
dbsnp_benign	gnomad_X_140505047_C_T_112180170r12556	SOX3	R5Q	R5
dbsnp_benign	gnomad_17_72123572_A_C_1275128261r12558	SOX9	T239P	T239
dbsnp_benign	gnomad_17_72123575_A_C_1224146749r12559	SOX9	T240P	T240
dbsnp_benign	gnomad_17_72123890_C_T_768818630r12560	SOX9	P345S	P345
dbsnp_benign	gnomad_8_100191434_C_T_138503542r12561	SPAG1	R293W	R293
dbsnp_benign	gnomad_2_32063899_G_A_558882317r12563	SPAST	R23K	R23
dbsnp_benign	gnomad_2_32087560_G_A_141944844r12564	SPAST	V162I	V162
dbsnp_benign	gnomad_3_173117583_T_C_16846624r12566	SPATA16	N50S	N50
dbsnp_benign	gnomad_4_122934637_A_G_146372781r12568	AFG2A	K349R	K349
dbsnp_benign	gnomad_4_122947390_G_T_74991481r12569	AFG2A	R539M	R539
dbsnp_benign	gnomad_14_88416756_A_G_61747004r12570	SPATA7	Q95R	Q95
dbsnp_benign	gnomad_14_88416829_T_G_35137272r12572	SPATA7	F119L	F119
dbsnp_benign	gnomad_14_88416838_A_T_150093878r12574	SPATA7	L122F	L122
dbsnp_benign	gnomad_14_88426353_G_A_17124662r12576	SPATA7	S165N	S165
dbsnp_benign	gnomad_14_88429406_G_A_17124677r12578	SPATA7	G324E	G324
dbsnp_benign	gnomad_14_88438223_G_A_10139784r12580	SPATA7	R534Q	R534
dbsnp_benign	gnomad_22_24313452_C_T_35783914r12582	SPECC1L	S98F	S98
dbsnp_benign	gnomad_22_24322440_G_A_55723436r12584	SPECC1L	R487H	R487
dbsnp_benign	gnomad_2_219478006_G_T_79987208r12585	SPEG	R1643L	R1643
dbsnp_benign	gnomad_2_219478006_G_A_79987208r12586	SPEG	R1643H	R1643
dbsnp_benign	gnomad_2_219484158_C_A_201950092r12587	SPEG	P2232H	P2232
dbsnp_benign	gnomad_2_219484158_C_G_201950092r12588	SPEG	P2232R	P2232
dbsnp_benign	gnomad_15_44565900_C_T_768408465r12589	SPG11	R2318H	R2318
dbsnp_benign	gnomad_15_44572707_C_T_115970214r12590	SPG11	V2107I	V2107
dbsnp_benign	gnomad_15_44585834_C_G_150218102r12592	SPG11	K1641N	K1641
dbsnp_benign	gnomad_15_44620368_A_G_139687202r12593	SPG11	Y886H	Y886
dbsnp_benign	gnomad_15_44651599_T_C_3759873r12595	SPG11	I450V	I450
dbsnp_benign	gnomad_15_44651839_C_T_77697105r12597	SPG11	E370K	E370
dbsnp_benign	gnomad_15_44657131_T_C_75309308r12599	SPG11	N278S	N278
dbsnp_benign	gnomad_15_44657131_T_A_75309308r12600	SPG11	N278I	N278
dbsnp_benign	gnomad_15_44663625_G_C_200939573r12602	SPG11	A8G	A8
dbsnp_benign	gnomad_16_89546665_G_A_111475461r12604	SPG7	R486Q	R486
dbsnp_benign	gnomad_16_89556893_A_G_35749032r12605	SPG7	N730D	N730
dbsnp_benign	gnomad_5_147824701_C_T_35523678r12607	SPINK1	R67H	R67
dbsnp_benign	gnomad_5_147828053_G_A_111966833r12609	SPINK1	P55S	P55
dbsnp_benign	gnomad_5_148100489_C_T_78128189r12610	SPINK5	N376N	N376
dbsnp_benign	gnomad_5_148111839_T_G_35877540r12612	SPINK5	I588M	I588
dbsnp_benign	gnomad_5_148120328_G_T_2303070r12613	SPINK5	E825D	E825
dbsnp_benign	gnomad_5_148120328_G_C_2303070r12615	SPINK5	E825D	E825
dbsnp_benign	gnomad_2_234050993_T_A_115788299r12616	SPP2	D36E	D36
dbsnp_benign	gnomad_2_234050993_T_C_115788299r12618	SPP2	D36D	D36
dbsnp_benign	gnomad_2_72887544_G_A_146099322r12619	SPR	V38I	V38
dbsnp_benign	gnomad_15_38253211_A_T_200157475r12620	SPRED1	D9V	D9
dbsnp_benign	gnomad_15_38253215_C_A_201692618r12622	SPRED1	N10K	N10
dbsnp_benign	gnomad_15_38299464_G_A_147204964r12623	SPRED1	V42I	V42
dbsnp_benign	gnomad_15_38349473_G_A_769630742r12624	SPRED1	V212I	V212
dbsnp_benign	gnomad_15_38351255_T_C_114636635r12625	SPRED1	V309A	V309
dbsnp_benign	gnomad_1_158615332_T_G_142775522r12626	SPTA1	E2224D	E2224
dbsnp_benign	gnomad_1_158617578_T_C_111980420r12628	SPTA1	K2187E	K2187
dbsnp_benign	gnomad_1_158619315_T_C_138055271r12630	SPTA1	Q2146R	Q2146
dbsnp_benign	gnomad_1_158638104_G_A_200945419r12632	SPTA1	H1706H	H1706
dbsnp_benign	gnomad_1_158639912_C_T_145288947r12634	SPTA1	R1611R	R1611
dbsnp_benign	gnomad_1_158639912_C_A_145288947r12635	SPTA1	R1611S	R1611
dbsnp_benign	gnomad_1_158642942_G_A_35237700r12636	SPTA1	R1493W	R1493
dbsnp_benign	gnomad_1_158645502_C_A_34214405r12638	SPTA1	R1330I	R1330
dbsnp_benign	gnomad_1_158648530_G_A_34773716r12640	SPTA1	D1231D	D1231
dbsnp_benign	gnomad_1_158654738_G_T_35948326r12642	SPTA1	A970D	A970
dbsnp_benign	gnomad_1_158656592_G_A_34706737r12644	SPTA1	A957V	A957
dbsnp_benign	gnomad_1_158661354_C_G_34577746r12646	SPTA1	E840D	E840
dbsnp_benign	gnomad_1_158667914_C_T_201845149r12648	SPTA1	R661H	R661
dbsnp_benign	gnomad_1_158667938_T_C_148912436r12649	SPTA1	Y653C	Y653
dbsnp_benign	gnomad_1_158676175_T_A_34133563r12651	SPTA1	T360S	T360
dbsnp_benign	gnomad_1_158685339_C_G_41273533r12653	SPTA1	E11D	E11
dbsnp_benign	gnomad_9_128574724_T_C_767527240r12655	SPTAN1	M138T	M138
dbsnp_benign	gnomad_9_128574727_G_A_773288631r12656	SPTAN1	R139Q	R139
dbsnp_benign	gnomad_9_128577364_T_C_776064912r12657	SPTAN1	C315R	C315
dbsnp_benign	gnomad_9_128577494_A_G_201947293r12658	SPTAN1	N358S	N358
dbsnp_benign	gnomad_9_128579718_T_G_144787939r12659	SPTAN1	S435A	S435
dbsnp_benign	gnomad_9_128580937_G_A_767067922r12660	SPTAN1	E447K	E447
dbsnp_benign	gnomad_9_128580960_G_C_144590741r12661	SPTAN1	E454D	E454
dbsnp_benign	gnomad_9_128580960_G_A_144590741r12662	SPTAN1	E454E	E454
dbsnp_benign	gnomad_9_128582731_T_C_377387388r12663	SPTAN1	M563T	M563
dbsnp_benign	gnomad_9_128582732_G_T_373973880r12665	SPTAN1	M563I	M563
dbsnp_benign	gnomad_9_128582734_G_A_201168391r12666	SPTAN1	R564H	R564
dbsnp_benign	gnomad_9_128584321_C_A_769094437r12667	SPTAN1	Q745K	Q745
dbsnp_benign	gnomad_9_128584432_G_A_199720383r12668	SPTAN1	D782N	D782
dbsnp_benign	gnomad_9_128588825_C_T_375623472r12669	SPTAN1	T963M	T963
dbsnp_benign	gnomad_9_128592988_G_A_561564501r12670	SPTAN1	R1054H	R1054
dbsnp_benign	gnomad_9_128594194_C_G_559839676r12671	SPTAN1	L1079V	L1079
dbsnp_benign	gnomad_9_128594296_G_A_143309753r12672	SPTAN1	A1113T	A1113
dbsnp_benign	gnomad_9_128607904_A_T_143108250r12673	SPTAN1	Q1400L	Q1400
dbsnp_benign	gnomad_9_128607988_C_G_143166100r12674	SPTAN1	A1428G	A1428
dbsnp_benign	gnomad_9_128608922_G_A_145551982r12675	SPTAN1	A1514T	A1514
dbsnp_benign	gnomad_9_128608962_A_G_145038571r12676	SPTAN1	N1527S	N1527
dbsnp_benign	gnomad_9_128615719_A_G_756560952r12677	SPTAN1	T1741A	T1741
dbsnp_benign	gnomad_9_128615722_A_G_780622472r12678	SPTAN1	I1742V	I1742
dbsnp_benign	gnomad_9_128615728_G_A_771886198r12679	SPTAN1	G1744R	G1744
dbsnp_benign	gnomad_9_128624376_G_A_142498180r12680	SPTAN1	G1956R	G1956
dbsnp_benign	gnomad_9_128625832_A_G_753515426r12681	SPTAN1	K2040E	K2040
dbsnp_benign	gnomad_9_128625889_G_A_201411901r12682	SPTAN1	A2059T	A2059
dbsnp_benign	gnomad_9_128625889_G_T_201411901r12683	SPTAN1	A2059S	A2059
dbsnp_benign	gnomad_9_128626519_G_C_199930602r12685	SPTAN1	E2131D	E2131
dbsnp_benign	gnomad_9_128626599_A_G_144289764r12686	SPTAN1	K2158R	K2158
dbsnp_benign	gnomad_9_128627417_G_A_560719289r12688	SPTAN1	R2198Q	R2198
dbsnp_benign	gnomad_9_128630339_G_A_745750589r12689	SPTAN1	E2237E	E2237
dbsnp_benign	gnomad_9_128633266_G_A_199866550r12690	SPTAN1	G2451S	G2451
dbsnp_benign	gnomad_9_128633290_G_A_544843583r12691	SPTAN1	A2459T	A2459
dbsnp_benign	gnomad_9_128633296_G_A_367776636r12692	SPTAN1	D2461N	D2461
dbsnp_benign	gnomad_9_128633302_G_A_754362594r12693	SPTAN1	V2463M	V2463
dbsnp_benign	gnomad_14_64774510_A_G_229592r12694	SPTB	I1620I	I1620
dbsnp_benign	gnomad_14_64774510_A_T_229592r12696	SPTB	I1620I	I1620
dbsnp_benign	gnomad_14_64775215_G_A_4902311r12697	SPTB	N1584N	N1584
dbsnp_benign	gnomad_14_64782334_C_G_17245552r12699	SPTB	G1408R	G1408
dbsnp_benign	gnomad_14_64782348_C_T_17180350r12701	SPTB	R1403Q	R1403
dbsnp_benign	gnomad_14_64782435_T_C_10132778r12703	SPTB	H1374R	H1374
dbsnp_benign	gnomad_14_64793101_G_A_12433436r12705	SPTB	F854F	F854
dbsnp_benign	gnomad_14_64793825_C_A_3742601r12707	SPTB	S613I	S613
dbsnp_benign	gnomad_14_64796582_C_T_229587r12709	SPTB	S439N	S439
dbsnp_benign	gnomad_14_64801382_A_G_17102119r12711	SPTB	F222F	F222
dbsnp_benign	gnomad_14_64801792_C_T_74666863r12713	SPTB	K203K	K203
dbsnp_benign	gnomad_14_64803673_G_A_11623956r12715	SPTB	H136H	H136
dbsnp_benign	gnomad_14_64803673_G_T_11623956r12716	SPTB	H136Q	H136
dbsnp_benign	gnomad_14_64786514_T_C_77806r12718	SPTB	N1151D	N1151
dbsnp_benign	gnomad_14_64787031_C_T_72724498r12720	SPTB	E978E	E978
dbsnp_benign	gnomad_11_66687139_G_A_150607879r12722	SPTBN2	R2251W	R2251
dbsnp_benign	gnomad_11_66688277_C_T_569905004r12723	SPTBN2	R2089K	R2089
dbsnp_benign	gnomad_11_66691509_G_A_623022r12725	SPTBN2	N1780N	N1780
dbsnp_benign	gnomad_11_66691535_C_T_200189497r12727	SPTBN2	V1772M	V1772
dbsnp_benign	gnomad_11_66694195_G_A_115062978r12728	SPTBN2	R1483C	R1483
dbsnp_benign	gnomad_11_66699496_T_C_114788199r12730	SPTBN2	H1229R	H1229
dbsnp_benign	gnomad_11_66700983_C_T_148826890r12731	SPTBN2	R1039Q	R1039
dbsnp_benign	gnomad_11_66701629_G_T_147327184r12732	SPTBN2	P924Q	P924
dbsnp_benign	gnomad_11_66701629_G_A_147327184r12733	SPTBN2	P924L	P924
dbsnp_benign	gnomad_11_66707735_G_A_35463342r12734	SPTBN2	S478S	S478
dbsnp_benign	gnomad_11_66710692_G_A_1456985458r12735	SPTBN2	I321I	I321
dbsnp_benign	gnomad_11_66710692_G_C_1456985458r12736	SPTBN2	I321M	I321
dbsnp_benign	gnomad_11_66710692_G_T_1456985458r12737	SPTBN2	I321I	I321
dbsnp_benign	gnomad_9_92032476_C_T_141292904r12738	SPTLC1	V471I	V471
dbsnp_benign	gnomad_9_92032477_G_A_537140001r12740	SPTLC1	A470A	A470
dbsnp_benign	gnomad_9_92032477_G_C_537140001r12742	SPTLC1	A470A	A470
dbsnp_benign	gnomad_9_92068074_C_A_45461899r12743	SPTLC1	R151L	R151
dbsnp_benign	gnomad_9_92068074_C_T_45461899r12745	SPTLC1	R151H	R151
dbsnp_benign	gnomad_9_92112500_G_C_142153571r12746	SPTLC1	F40L	F40
dbsnp_benign	gnomad_5_179821121_G_T_774355338r12748	SQSTM1	G62V	G62
dbsnp_benign	gnomad_5_179823906_C_T_147810437r12749	SQSTM1	A117V	A117
dbsnp_benign	gnomad_5_179825184_A_G_11548633r12750	SQSTM1	K238E	K238
dbsnp_benign	gnomad_5_179833099_G_C_55793208r12752	SQSTM1	E274D	E274
dbsnp_benign	gnomad_5_179833238_C_T_140226523r12754	SQSTM1	R321C	R321
dbsnp_benign	gnomad_5_179833725_T_C_143956614r12756	SQSTM1	S370P	S370
dbsnp_benign	gnomad_5_179836515_G_A_148278350r12758	SQSTM1	R415R	R415
dbsnp_benign	gnomad_16_30711901_G_A_139339184r12760	SRCAP	S520N	S520
dbsnp_benign	gnomad_16_30720822_T_C_202000509r12762	SRCAP	S1033P	S1033
dbsnp_benign	gnomad_16_30721237_C_A_149248373r12764	SRCAP	T1101K	T1101
dbsnp_benign	gnomad_16_30721323_C_T_143519723r12766	SRCAP	P1130S	P1130
dbsnp_benign	gnomad_16_30722724_A_G_150246733r12767	SRCAP	S1290G	S1290
dbsnp_benign	gnomad_16_30724955_C_G_78037619r12769	SRCAP	S1844C	S1844
dbsnp_benign	gnomad_16_30729012_A_G_117480926r12770	SRCAP	E1902G	E1902
dbsnp_benign	gnomad_16_30738522_C_T_144623507r12771	SRCAP	R2828C	R2828
dbsnp_benign	gnomad_16_30738522_C_G_144623507r12772	SRCAP	R2828G	R2828
dbsnp_benign	gnomad_5_6632730_G_A_112327056r12773	NSUN2	I41I	I41
dbsnp_benign	gnomad_5_6632730_G_T_112327056r12775	NSUN2	I41I	I41
dbsnp_benign	gnomad_4_55370059_C_G_61733673r12776	SRD5A3	H309D	H309
dbsnp_benign	gnomad_14_35011659_A_C_140228686r12778	SRP54	I212I	I212
dbsnp_benign	gnomad_4_56474105_G_A_145817936r12779	SRP72	V136I	V136
dbsnp_benign	gnomad_4_56467693_C_T_111673705r12781	SRP72	R20W	R20
dbsnp_benign	gnomad_X_100662335_G_A_200483534r12782	SRPX2	S108N	S108
dbsnp_benign	gnomad_X_100664878_C_G_73636611r12783	SRPX2	H154D	H154
dbsnp_benign	gnomad_X_100666781_C_T_148735447r12784	SRPX2	P270L	P270
dbsnp_benign	gnomad_X_100670962_G_A_146051561r12785	SRPX2	R458Q	R458
dbsnp_benign	gnomad_1_43930168_C_T_200457973r12787	ST3GAL3	L359L	L359
dbsnp_benign	gnomad_12_57248783_G_A_146313451r12789	STAC3	R119C	R119
dbsnp_benign	gnomad_2_73849384_G_A_146601260r12791	STAMBP	R255H	R255
dbsnp_benign	gnomad_2_190995180_C_T_61756197r12792	STAT1	Q275Q	Q275
dbsnp_benign	gnomad_2_190995209_C_T_41473544r12793	STAT1	V266I	V266
dbsnp_benign	gnomad_17_42346617_C_T_146184566r12794	STAT3	S75S	S75
dbsnp_benign	gnomad_17_42218768_T_G_572536541r12796	STAT5B	E315A	E315
dbsnp_benign	gnomad_1_47251488_G_A_550062989r12798	STIL	S1171F	S1171
dbsnp_benign	gnomad_1_47251625_T_C_142315727r12799	STIL	R1125R	R1125
dbsnp_benign	gnomad_1_47281195_T_C_28705368r12800	STIL	Q421Q	Q421
dbsnp_benign	gnomad_1_47282457_G_A_149185431r12801	STIL	S379F	S379
dbsnp_benign	gnomad_11_4083250_C_T_115353673r12802	N/A	NAN/ANA	NAN/A
dbsnp_benign	gnomad_11_4086513_C_T_146873551r12804	STIM1	T504M	T504
dbsnp_benign	gnomad_11_4091311_C_T_141215990r12806	STIM1	S524F	S524
dbsnp_benign	gnomad_5_139476277_C_A_117897081r12808	STING1	R375L	R375
dbsnp_benign	gnomad_5_139481644_C_T_140011636r12810	STING1	A21T	A21
dbsnp_benign	gnomad_19_1206955_G_A_758769888r12811	STK11	E14E	E14
dbsnp_benign	gnomad_19_1218453_T_C_749251218r12812	STK11	N109N	N109
dbsnp_benign	gnomad_19_1221243_C_T_769912677r12813	STK11	F255F	F255
dbsnp_benign	gnomad_19_1221265_T_C_372378119r12814	STK11	L263L	L263
dbsnp_benign	gnomad_19_1221320_C_T_121913322r12815	STK11	P281L	P281
dbsnp_benign	gnomad_19_1221986_C_T_546089394r12816	STK11	I300I	I300
dbsnp_benign	gnomad_19_1223099_C_T_751619208r12817	STK11	H345H	H345
dbsnp_benign	gnomad_19_1223126_C_G_59912467r12818	STK11	F354L	F354
dbsnp_benign	gnomad_19_1223126_C_T_59912467r12819	STK11	F354F	F354
dbsnp_benign	gnomad_19_1226524_C_T_863224360r12821	STK11	N393N	N393
dbsnp_benign	gnomad_19_1226556_C_T_200078204r12822	STK11	S404F	S404
dbsnp_benign	gnomad_19_1226570_C_T_368466538r12823	STK11	R409W	R409
dbsnp_benign	gnomad_19_1226570_C_G_368466538r12824	STK11	R409G	R409
dbsnp_benign	gnomad_2_218680624_T_C_55839518r12825	STK36	D386D	D386
dbsnp_benign	gnomad_15_74180851_C_T_115331762r12827	STRA6	A591T	A591
dbsnp_benign	gnomad_15_43599999_A_G_200770543r12829	STRC	W1734R	W1734
dbsnp_benign	gnomad_6_144187426_G_A_45574234r12830	STX11	V267M	V267
dbsnp_benign	gnomad_20_58652112_C_A_142560013r12832	STX16	P36T	P36
dbsnp_benign	gnomad_20_58652112_C_T_142560013r12833	STX16	P36S	P36
dbsnp_benign	gnomad_20_58669353_G_T_138647604r12834	STX16	E152D	E152
dbsnp_benign	gnomad_9_127660064_C_T_200802985r12836	STXBP1	P94L	P94
dbsnp_benign	gnomad_9_127684469_A_G_141208884r12837	STXBP1	M602V	M602
dbsnp_benign	gnomad_19_7639746_A_G_540968221r12838	STXBP2	N62S	N62
dbsnp_benign	gnomad_19_7640939_G_A_144914451r12839	STXBP2	R122H	R122
dbsnp_benign	gnomad_19_7640939_G_C_144914451r12840	STXBP2	R122P	R122
dbsnp_benign	gnomad_19_7641772_C_T_181216956r12841	STXBP2	T166M	T166
dbsnp_benign	gnomad_19_7642068_G_A_144586070r12843	STXBP2	V205I	V205
dbsnp_benign	gnomad_19_7643172_C_T_117761837r12845	STXBP2	T345M	T345
dbsnp_benign	gnomad_19_7645248_C_T_141309384r12847	STXBP2	A433V	A433
dbsnp_benign	gnomad_13_48001233_C_T_35201084r12849	SUCLA2	V13M	V13
dbsnp_benign	gnomad_3_67529111_T_C_74675534r12851	SUCLG2	K101R	K101
dbsnp_benign	gnomad_10_102593638_C_T_149513330r12853	SUFU	I200I	I200
dbsnp_benign	gnomad_10_102593683_C_T_551772204r12855	SUFU	N215N	N215
dbsnp_benign	gnomad_10_102599540_G_T_34135067r12856	SUFU	A340S	A340
dbsnp_benign	gnomad_10_102617423_T_C_141950577r12858	SUFU	L431L	L431
dbsnp_benign	gnomad_8_69603241_A_G_118056333r12860	SULF1	I371V	I371
dbsnp_benign	gnomad_3_4467118_G_A_200789939r12862	SUMF1	A43V	A43
dbsnp_benign	gnomad_9_133351933_G_A_147312193r12863	SURF1	R295C	R295
dbsnp_benign	gnomad_9_133354897_G_C_116779216r12864	SURF1	A56G	A56
dbsnp_benign	gnomad_6_152133421_A_G_139834542r12865	SYNE1	L8619P	L8619
dbsnp_benign	gnomad_6_152143651_G_A_148376885r12866	SYNE1	P8364L	P8364
dbsnp_benign	gnomad_6_152148065_C_T_148008634r12867	SYNE1	R8319Q	R8319
dbsnp_benign	gnomad_6_152148069_G_A_141716975r12869	SYNE1	L8318F	L8318
dbsnp_benign	gnomad_6_152148194_G_C_142985368r12870	SYNE1	A8276G	A8276
dbsnp_benign	gnomad_6_152148206_C_T_201029723r12871	SYNE1	R8272Q	R8272
dbsnp_benign	gnomad_6_152149564_G_A_201799566r12872	SYNE1	I8185I	I8185
dbsnp_benign	gnomad_6_152164210_C_T_76699382r12873	SYNE1	D7915N	D7915
dbsnp_benign	gnomad_6_152164240_C_T_148997223r12875	SYNE1	E7905K	E7905
dbsnp_benign	gnomad_6_152176541_G_C_141315921r12876	SYNE1	A7827G	A7827
dbsnp_benign	gnomad_6_152180281_C_T_138787771r12877	SYNE1	R7772Q	R7772
dbsnp_benign	gnomad_6_152206185_G_C_150589796r12879	SYNE1	L7668V	L7668
dbsnp_benign	gnomad_6_152206277_C_G_201497427r12880	SYNE1	S7637T	S7637
dbsnp_benign	gnomad_6_152211567_T_C_35763277r12881	SYNE1	S7506G	S7506
dbsnp_benign	gnomad_6_152215017_C_T_200135486r12883	SYNE1	R7412H	R7412
dbsnp_benign	gnomad_6_152218311_G_A_148556501r12884	SYNE1	D7379D	D7379
dbsnp_benign	gnomad_6_152242403_C_T_150387338r12886	SYNE1	R6577Q	R6577
dbsnp_benign	gnomad_6_152244594_C_A_147143947r12887	SYNE1	R6545S	R6545
dbsnp_benign	gnomad_6_152249225_T_C_144762960r12889	SYNE1	N6503S	N6503
dbsnp_benign	gnomad_6_152262123_T_A_140090745r12890	SYNE1	Q6294L	Q6294
dbsnp_benign	gnomad_6_152278182_G_A_142251671r12891	SYNE1	D6160D	D6160
dbsnp_benign	gnomad_6_152284000_G_A_139790539r12892	SYNE1	S6062L	S6062
dbsnp_benign	gnomad_6_152293733_C_T_80265744r12894	SYNE1	R5956H	R5956
dbsnp_benign	gnomad_6_152293983_A_G_147998933r12896	SYNE1	S5943P	S5943
dbsnp_benign	gnomad_6_152294013_C_T_113962905r12897	SYNE1	A5933T	A5933
dbsnp_benign	gnomad_6_152310431_G_T_145899734r12899	SYNE1	R5662S	R5662
dbsnp_benign	gnomad_6_152310431_G_A_145899734r12900	SYNE1	R5662C	R5662
dbsnp_benign	gnomad_6_152318115_C_T_138745849r12901	SYNE1	R5513K	R5513
dbsnp_benign	gnomad_6_152318177_T_C_141380170r12903	SYNE1	Q5492Q	Q5492
dbsnp_benign	gnomad_6_152318975_G_A_2306914r12905	SYNE1	T5426M	T5426
dbsnp_benign	gnomad_6_152321364_G_T_138277154r12907	SYNE1	H5370Q	H5370
dbsnp_benign	gnomad_6_152325272_C_T_187403476r12908	SYNE1	E5157K	E5157
dbsnp_benign	gnomad_6_152330233_A_T_142422990r12909	SYNE1	Y4818N	Y4818
dbsnp_benign	gnomad_6_152330404_T_C_187910661r12910	SYNE1	R4761G	R4761
dbsnp_benign	gnomad_6_152330594_C_A_141141950r12911	SYNE1	M4697I	M4697
dbsnp_benign	gnomad_6_152330776_C_T_142388112r12913	SYNE1	D4637N	D4637
dbsnp_benign	gnomad_6_152330961_C_A_199701902r12914	SYNE1	C4575F	C4575
dbsnp_benign	gnomad_6_152331049_C_T_4870093r12916	SYNE1	V4546I	V4546
dbsnp_benign	gnomad_6_152334237_C_T_148204741r12918	SYNE1	V4189M	V4189
dbsnp_benign	gnomad_6_152344136_G_A_150179494r12919	SYNE1	P4057L	P4057
dbsnp_benign	gnomad_6_152347076_A_G_111449472r12921	SYNE1	C4021R	C4021
dbsnp_benign	gnomad_6_152350313_G_A_114367594r12923	SYNE1	A3919V	A3919
dbsnp_benign	gnomad_6_152350730_T_G_13210127r12924	SYNE1	K3874T	K3874
dbsnp_benign	gnomad_6_152352066_C_T_74463786r12926	SYNE1	M3847I	M3847
dbsnp_benign	gnomad_6_152352122_T_C_115786671r12928	SYNE1	T3829A	T3829
dbsnp_benign	gnomad_6_152353329_C_A_143070183r12930	SYNE1	K3729N	K3729
dbsnp_benign	gnomad_6_152354758_T_G_79486252r12931	SYNE1	Q3609H	Q3609
dbsnp_benign	gnomad_6_152354799_C_T_143034104r12932	SYNE1	V3596M	V3596
dbsnp_benign	gnomad_6_152364887_T_C_199668467r12933	SYNE1	M3369V	M3369
dbsnp_benign	gnomad_6_152364955_G_T_150170988r12934	SYNE1	S3346Y	S3346
dbsnp_benign	gnomad_6_152364970_A_G_138693624r12935	SYNE1	V3341A	V3341
dbsnp_benign	gnomad_6_152369064_G_C_149901087r12937	SYNE1	Q3239E	Q3239
dbsnp_benign	gnomad_6_152376557_G_C_117360770r12938	SYNE1	L3050V	L3050
dbsnp_benign	gnomad_6_152376805_T_G_77221231r12939	SYNE1	K3039N	K3039
dbsnp_benign	gnomad_6_152385769_T_C_77853132r12941	SYNE1	T2853A	T2853
dbsnp_benign	gnomad_6_152387329_G_T_145195048r12942	SYNE1	Q2744K	Q2744
dbsnp_benign	gnomad_6_152390293_C_T_151091241r12944	SYNE1	V2722I	V2722
dbsnp_benign	gnomad_6_152391305_G_T_117480635r12946	SYNE1	T2659N	T2659
dbsnp_benign	gnomad_6_152395617_C_A_568309673r12947	SYNE1	R2537S	R2537
dbsnp_benign	gnomad_6_152395617_C_T_568309673r12948	SYNE1	R2537R	R2537
dbsnp_benign	gnomad_6_152396898_G_C_149030452r12949	SYNE1	S2478C	S2478
dbsnp_benign	gnomad_6_152409087_G_A_141858284r12950	SYNE1	T2174I	T2174
dbsnp_benign	gnomad_6_152416438_C_T_149146258r12951	SYNE1	R2000K	R2000
dbsnp_benign	gnomad_6_152425458_A_T_111250109r12952	SYNE1	D1730E	D1730
dbsnp_benign	gnomad_6_152425519_G_T_150702500r12954	SYNE1	A1710D	A1710
dbsnp_benign	gnomad_6_152425547_C_A_149758808r12955	SYNE1	A1701S	A1701
dbsnp_benign	gnomad_6_152428359_C_T_138617999r12956	SYNE1	A1608T	A1608
dbsnp_benign	gnomad_6_152436089_G_A_34028822r12957	SYNE1	R1388W	R1388
dbsnp_benign	gnomad_6_152442147_C_G_200763530r12959	SYNE1	E1312D	E1312
dbsnp_benign	gnomad_6_152442149_C_T_200276242r12960	SYNE1	E1312K	E1312
dbsnp_benign	gnomad_6_152449537_A_G_555800735r12961	SYNE1	V1167A	V1167
dbsnp_benign	gnomad_6_152450832_A_G_141464488r12962	SYNE1	V1063A	V1063
dbsnp_benign	gnomad_6_152453618_C_T_148346599r12963	SYNE1	E999K	E999
dbsnp_benign	gnomad_6_152455436_C_T_76646638r12964	SYNE1	R961Q	R961
dbsnp_benign	gnomad_6_152455437_G_A_201146062r12966	SYNE1	R961W	R961
dbsnp_benign	gnomad_6_152462811_T_C_35297226r12968	SYNE1	E726G	E726
dbsnp_benign	gnomad_6_152463385_G_T_139480065r12969	SYNE1	R689R	R689
dbsnp_benign	gnomad_6_152463385_G_A_139480065r12971	SYNE1	R689W	R689
dbsnp_benign	gnomad_6_152463467_G_A_149670417r12972	SYNE1	N661N	N661
dbsnp_benign	gnomad_6_152463486_T_C_9397509r12973	SYNE1	Q655R	Q655
dbsnp_benign	gnomad_6_152471746_T_C_200954103r12975	SYNE1	T495A	T495
dbsnp_benign	gnomad_6_152484879_C_T_146366996r12977	SYNE1	D381N	D381
dbsnp_benign	gnomad_6_152401233_A_G_138004884r12978	SYNE1	F2312L	F2312
dbsnp_benign	gnomad_14_63949846_C_G_142000273r12979	SYNE2	L144V	L144
dbsnp_benign	gnomad_14_63983761_A_G_78191145r12981	SYNE2	K676E	K676
dbsnp_benign	gnomad_14_63995196_A_G_34001379r12983	SYNE2	E978E	E978
dbsnp_benign	gnomad_14_64003219_T_C_150573158r12985	SYNE2	L1429P	L1429
dbsnp_benign	gnomad_14_64016529_C_A_199704293r12987	SYNE2	N1595K	N1595
dbsnp_benign	gnomad_14_64022021_A_T_35883188r12988	SYNE2	L1839F	L1839
dbsnp_benign	gnomad_14_64052335_C_T_35960129r12990	SYNE2	L2808L	L2808
dbsnp_benign	gnomad_14_64091007_C_G_76576553r12992	SYNE2	L3979V	L3979
dbsnp_benign	gnomad_14_64134082_T_A_141488398r12994	SYNE2	F4843Y	F4843
dbsnp_benign	gnomad_14_64137877_G_A_12881815r12995	SYNE2	E4913K	E4913
dbsnp_benign	gnomad_14_64142030_A_G_149617373r12997	SYNE2	D5083G	D5083
dbsnp_benign	gnomad_14_64152705_G_A_144605670r12998	SYNE2	V5261I	V5261
dbsnp_benign	gnomad_14_64165327_T_A_35190322r12999	SYNE2	S5508T	S5508
dbsnp_benign	gnomad_14_64167266_G_A_17179194r13000	SYNE2	D5547N	D5547
dbsnp_benign	gnomad_14_64186428_T_C_117070973r13002	SYNE2	L5854P	L5854
dbsnp_benign	gnomad_14_64188560_G_A_538344879r13004	SYNE2	R5908H	R5908
dbsnp_benign	gnomad_14_64218494_A_G_45453691r13005	SYNE2	I6524V	I6524
dbsnp_benign	gnomad_6_33435558_C_T_1166557922r13007	SYNGAP1	A236V	A236
dbsnp_benign	gnomad_6_33440936_G_A_140022772r13008	SYNGAP1	K628K	K628
dbsnp_benign	gnomad_6_33440936_G_C_140022772r13009	SYNGAP1	K628N	K628
dbsnp_benign	gnomad_6_33440940_A_G_192497085r13010	SYNGAP1	I630V	I630
dbsnp_benign	gnomad_6_33441679_T_C_1243545018r13011	SYNGAP1	S738S	S738
dbsnp_benign	gnomad_6_33443860_G_A_764952741r13013	SYNGAP1	R1103H	R1103
dbsnp_benign	gnomad_6_33443916_G_A_755386745r13014	SYNGAP1	G1122S	G1122
dbsnp_benign	gnomad_21_32650278_C_A_115683257r13015	SYNJ1	M981I	M981
dbsnp_benign	gnomad_21_32726853_G_A_61755328r13016	SYNJ1	P15S	P15
dbsnp_benign	gnomad_1_43430546_G_A_76675748r13018	SZT2	V1511I	V1511
dbsnp_benign	gnomad_1_43440498_G_A_72637949r13020	SZT2	R2419Q	R2419
dbsnp_benign	gnomad_1_43442844_C_G_145882968r13022	SZT2	T2726S	T2726
dbsnp_benign	gnomad_1_43448297_G_A_190363418r13024	SZT2	R3261Q	R3261
dbsnp_benign	gnomad_16_84177770_G_A_4150188r13025	DNAAF1	G703R	G703
dbsnp_benign	gnomad_X_154414113_T_C_146934311r13027	TAZ	F128S	F128
dbsnp_benign	gnomad_6_32838190_A_G_55827768r13029	TAP2	V15A	V15
dbsnp_benign	gnomad_3_100279687_G_C_62636640r13031	TBC1D23	C31S	C31
dbsnp_benign	gnomad_16_2496170_T_C_77585883r13032	TBC1D24	C8R	C8
dbsnp_benign	gnomad_16_2496170_T_G_77585883r13033	TBC1D24	C8G	C8
dbsnp_benign	gnomad_16_2496317_C_T_202162520r13035	TBC1D24	R57C	R57
dbsnp_benign	gnomad_16_2496589_C_T_149371169r13037	TBC1D24	D147D	D147
dbsnp_benign	gnomad_16_2496641_G_A_200926225r13039	TBC1D24	G165S	G165
dbsnp_benign	gnomad_16_2496789_G_A_200324356r13040	TBC1D24	R214H	R214
dbsnp_benign	gnomad_16_2497033_C_G_72768728r13042	TBC1D24	F295L	F295
dbsnp_benign	gnomad_16_2499410_C_T_61731477r13044	TBC1D24	T399M	T399
dbsnp_benign	gnomad_13_75292148_G_A_9600455r13045	TBC1D4	T1147M	T1147
dbsnp_benign	gnomad_13_75292232_A_G_58232698r13047	TBC1D4	V1119A	V1119
dbsnp_benign	gnomad_13_75324385_G_C_61736969r13049	TBC1D4	R684G	R684
dbsnp_benign	gnomad_13_75324385_G_A_61736969r13050	TBC1D4	R684NA	R684
dbsnp_benign	gnomad_13_75481466_G_A_77685055r13051	TBC1D4	A101V	A101
dbsnp_benign	gnomad_6_13316684_C_T_9381921r13053	TBC1D7	A136T	A136
dbsnp_benign	gnomad_1_235414461_C_T_62620041r13055	TBCE	P72S	P72
dbsnp_benign	gnomad_1_235448755_G_A_140662460r13057	TBCE	R526Q	R526
dbsnp_benign	gnomad_12_64460236_C_T_11538420r13058	TBK1	F45F	F45
dbsnp_benign	gnomad_12_64481945_C_A_201970436r13059	TBK1	L306I	L306
dbsnp_benign	gnomad_12_64484420_C_T_143590388r13060	TBK1	F370F	F370
dbsnp_benign	gnomad_3_177026467_G_A_753533374r13062	TBL1XR1	A475V	A475
dbsnp_benign	gnomad_3_177051588_C_A_375411293r13063	TBL1XR1	A115S	A115
dbsnp_benign	gnomad_3_177051588_C_T_375411293r13064	TBL1XR1	A115T	A115
dbsnp_benign	gnomad_6_170561952_A_G_55736770r13065	TBP	Q72Q	Q72
dbsnp_benign	gnomad_6_170561952_A_T_55736770r13067	TBP	Q72H	Q72
dbsnp_benign	gnomad_22_19766404_G_A_549715785r13068	TBX1	R342Q	R342
dbsnp_benign	gnomad_22_19766590_C_T_557935727r13069	TBX1	A404V	A404
dbsnp_benign	gnomad_22_19766590_C_G_557935727r13070	TBX1	A404G	A404
dbsnp_benign	gnomad_22_19766596_G_A_756543718r13071	TBX1	G406D	G406
dbsnp_benign	gnomad_22_19766732_T_C_367711718r13072	TBX1	H451H	H451
dbsnp_benign	gnomad_22_19766732_T_G_367711718r13074	TBX1	H451Q	H451
dbsnp_benign	gnomad_22_19766776_C_T_753613632r13075	TBX1	A466V	A466
dbsnp_benign	gnomad_12_114674667_C_T_145432134r13076	TBX3	R423Q	R423
dbsnp_benign	gnomad_12_114674781_T_C_141004177r13077	TBX3	H385R	H385
dbsnp_benign	gnomad_17_61483092_C_G_140662248r13079	TBX4	S405C	S405
dbsnp_benign	gnomad_17_61456506_G_A_117410176r13081	TBX4	G6S	G6
dbsnp_benign	gnomad_12_114355855_C_T_114124210r13082	TBX5	V412I	V412
dbsnp_benign	gnomad_12_114355966_G_A_377532269r13083	TBX5	R375W	R375
dbsnp_benign	gnomad_12_114355974_G_A_143068551r13084	TBX5	S372L	S372
dbsnp_benign	gnomad_12_114366320_C_T_147977741r13085	TBX5	S276N	S276
dbsnp_benign	gnomad_12_114366356_C_T_201071418r13086	TBX5	R264K	R264
dbsnp_benign	gnomad_12_114385502_C_A_186183947r13087	TBX5	E243D	E243
dbsnp_benign	gnomad_12_114399544_C_A_77357563r13088	TBX5	D111Y	D111
dbsnp_benign	gnomad_12_114399559_T_C_147710408r13089	TBX5	I106V	I106
dbsnp_benign	gnomad_12_114403844_C_A_200461617r13090	TBX5	A19S	A19
dbsnp_benign	gnomad_7_139953397_C_A_5768r13091	TBXAS1	D160E	D160
dbsnp_benign	gnomad_7_140015845_C_A_5763r13092	TBXAS1	T450N	T450
dbsnp_benign	gnomad_17_39665921_C_T_45578741r13094	TCAP	R106C	R106
dbsnp_benign	gnomad_19_1615733_G_C_115383004r13096	TCF3	H513Q	H513
dbsnp_benign	gnomad_19_1619793_C_T_117006898r13098	TCF3	G385D	G385
dbsnp_benign	gnomad_18_55229022_C_T_144068462r13099	TCF4	E564E	E564
dbsnp_benign	gnomad_18_55232581_G_A_202025804r13100	TCF4	T526M	T526
dbsnp_benign	gnomad_18_55261512_G_A_147445499r13101	TCF4	A315V	A315
dbsnp_benign	gnomad_18_55403683_G_A_17522826r13102	TCF4	A11V	A11
dbsnp_benign	gnomad_18_55403683_G_T_17522826r13103	TCF4	A11D	A11
dbsnp_benign	gnomad_10_113165647_C_G_77673441r13105	TCF7L2	P512R	P512
dbsnp_benign	gnomad_10_113165647_C_A_77673441r13106	TCF7L2	P512H	P512
dbsnp_benign	gnomad_11_68049122_C_T_115854062r13108	TCIRG1	P572L	P572
dbsnp_benign	gnomad_11_68050802_G_A_75596506r13109	TCIRG1	A826T	A826
dbsnp_benign	gnomad_11_68044137_C_T_377108710r13111	TCIRG1	L271L	L271
dbsnp_benign	gnomad_11_59855881_C_T_72550758r13112	TCN1	V309I	V309
dbsnp_benign	gnomad_22_30612895_G_A_11557600r13113	TCN2	G94S	G94
dbsnp_benign	gnomad_5_150364243_G_A_112332762r13114	TCOF1	A99T	A99
dbsnp_benign	gnomad_5_150368840_C_T_181203524r13116	TCOF1	T168M	T168
dbsnp_benign	gnomad_5_150372232_G_A_188279654r13118	TCOF1	S289N	S289
dbsnp_benign	gnomad_5_150375065_G_A_150956690r13120	TCOF1	A464T	A464
dbsnp_benign	gnomad_5_150375385_T_C_201458471r13121	TCOF1	M512T	M512
dbsnp_benign	gnomad_5_150375739_A_G_35918007r13122	TCOF1	I575V	I575
dbsnp_benign	gnomad_5_150376188_G_C_146735293r13124	TCOF1	R667P	R667
dbsnp_benign	gnomad_5_150376188_G_A_146735293r13125	TCOF1	R667Q	R667
dbsnp_benign	gnomad_5_150376612_C_T_368225177r13126	TCOF1	P778S	P778
dbsnp_benign	gnomad_5_150378959_G_A_373946807r13127	TCOF1	A799T	A799
dbsnp_benign	gnomad_5_150378959_G_T_373946807r13128	TCOF1	A799S	A799
dbsnp_benign	gnomad_5_150396520_G_A_199890846r13129	TCOF1	K1340K	K1340
dbsnp_benign	gnomad_5_150396596_A_C_201234047r13130	TCOF1	K1366Q	K1366
dbsnp_benign	gnomad_5_150398396_A_G_200645401r13131	TCOF1	K1462R	K1462
dbsnp_benign	gnomad_12_110614414_G_C_76843552r13132	TCTN1	V78L	V78
dbsnp_benign	gnomad_12_110628782_C_A_117896500r13134	TCTN1	S163Y	S163
dbsnp_benign	gnomad_12_110642292_A_G_75714509r13136	TCTN1	I412V	I412
dbsnp_benign	gnomad_12_110645014_G_C_190390987r13138	TCTN1	S460T	S460
dbsnp_benign	gnomad_12_110645022_T_C_114568905r13139	TCTN1	W463R	W463
dbsnp_benign	gnomad_12_123686906_A_G_139927033r13141	TCTN2	N212S	N212
dbsnp_benign	gnomad_12_123688096_C_T_144567556r13143	TCTN2	D270D	D270
dbsnp_benign	gnomad_12_123704562_C_T_199931630r13145	TCTN2	P548L	P548
dbsnp_benign	gnomad_10_95684564_C_T_141088838r13147	TCTN3	G344R	G344
dbsnp_benign	gnomad_14_89988938_G_A_138044459r13149	TDP1	A389T	A389
dbsnp_benign	gnomad_14_102434606_C_T_116185336r13151	TECPR2	L597F	L597
dbsnp_benign	gnomad_14_102445811_G_C_144147210r13152	TECPR2	R980T	R980
dbsnp_benign	gnomad_14_102452452_C_A_75004775r13153	TECPR2	S1155R	S1155
dbsnp_benign	gnomad_14_102497671_G_A_77170608r13155	TECPR2	A1345T	A1345
dbsnp_benign	gnomad_11_121102721_A_G_35507522r13157	TECTA	Q19R	Q19
dbsnp_benign	gnomad_11_121125534_C_T_35107075r13159	TECTA	P479L	P479
dbsnp_benign	gnomad_11_121146072_C_T_148440178r13160	TECTA	T1354I	T1354
dbsnp_benign	gnomad_11_121153070_A_G_530918606r13162	TECTA	K1432R	K1432
dbsnp_benign	gnomad_11_121160196_G_C_34963131r13163	TECTA	S1584T	S1584
dbsnp_benign	gnomad_9_27185615_A_G_189543659r13165	TEK	N438S	N438
dbsnp_benign	gnomad_9_27192564_G_A_138894008r13166	TEK	R522H	R522
dbsnp_benign	gnomad_9_27192564_G_T_138894008r13167	TEK	R522L	R522
dbsnp_benign	gnomad_9_27197590_C_T_35378598r13169	TEK	L634F	L634
dbsnp_benign	gnomad_5_1254479_C_T_35719940r13171	TERT	A1062T	A1062
dbsnp_benign	gnomad_5_1264472_G_A_34528119r13173	TERT	H925H	H925
dbsnp_benign	gnomad_5_1293652_G_A_34094720r13175	TERT	H412Y	H412
dbsnp_benign	gnomad_5_1293748_G_A_144756946r13176	TERT	P380S	P380
dbsnp_benign	gnomad_5_1294282_C_T_121918661r13178	TERT	A202T	A202
dbsnp_benign	gnomad_1_45343548_C_T_149059377r13179	TOE1	P460L	P460
dbsnp_benign	gnomad_4_105237193_A_C_75056899r13181	TET2	Q1084P	Q1084
dbsnp_benign	gnomad_X_70554698_A_G_200139216r13182	TEX11	V763A	V763
dbsnp_benign	gnomad_X_49043201_C_G_782109836r13184	TFE3	R9P	R9
dbsnp_benign	gnomad_7_100640785_T_G_749842107r13186	TFR2	E125A	E125
dbsnp_benign	gnomad_7_100621008_C_T_41295942r13187	TFR2	R752H	R752
dbsnp_benign	gnomad_7_100630953_G_T_144917130r13189	TFR2	N402K	N402
dbsnp_benign	gnomad_7_100630953_G_C_144917130r13190	TFR2	N402K	N402
dbsnp_benign	gnomad_7_100633083_A_C_200287731r13191	TFR2	L256R	L256
dbsnp_benign	gnomad_8_132887262_A_G_2228590r13192	TG	Q630Q	Q630
dbsnp_benign	gnomad_8_132888417_G_T_2229843r13194	TG	Q870H	Q870
dbsnp_benign	gnomad_8_132893891_G_C_16893332r13196	TG	R988P	R988
dbsnp_benign	gnomad_8_132893891_G_A_16893332r13197	TG	R988H	R988
dbsnp_benign	gnomad_8_132898216_C_A_11992497r13199	TG	L1063M	L1063
dbsnp_benign	gnomad_8_132906718_C_T_12549018r13201	TG	S1222L	S1222
dbsnp_benign	gnomad_8_132919490_C_T_74590117r13203	TG	T1498M	T1498
dbsnp_benign	gnomad_8_132941431_A_G_61744679r13205	TG	I1708V	I1708
dbsnp_benign	gnomad_8_132941495_A_C_61744749r13207	TG	D1729A	D1729
dbsnp_benign	gnomad_8_132948912_A_G_73710715r13209	TG	I1790M	I1790
dbsnp_benign	gnomad_8_133113489_T_A_2979042r13211	TG	L2547Q	L2547
dbsnp_benign	gnomad_8_133116701_A_G_10091530r13213	TG	N2616S	N2616
dbsnp_benign	gnomad_8_133116701_A_T_10091530r13214	TG	N2616I	N2616
dbsnp_benign	gnomad_8_133011910_A_G_61743198r13216	TG	D2091G	D2091
dbsnp_benign	gnomad_8_133012033_C_T_61741457r13218	TG	S2132L	S2132
dbsnp_benign	gnomad_19_41332132_C_G_199699574r13220	TGFB1	S337T	S337
dbsnp_benign	gnomad_1_218434190_G_C_10482810r13221	TGFB2	V207L	V207
dbsnp_benign	gnomad_1_218346973_G_A_10482721r13223	TGFB2	R91H	R91
dbsnp_benign	gnomad_14_75980601_G_A_142047577r13225	TGFB3	S98L	S98
dbsnp_benign	gnomad_14_75980730_C_T_143229915r13226	TGFB3	S55N	S55
dbsnp_benign	gnomad_14_75980798_G_A_748977151r13227	TGFB3	F32F	F32
dbsnp_benign	gnomad_5_136049472_C_T_199852470r13228	TGFBI	L269F	L269
dbsnp_benign	gnomad_5_136055755_C_G_10057190r13230	TGFBI	R496G	R496
dbsnp_benign	gnomad_5_136055755_C_T_10057190r13231	TGFBI	R496W	R496
dbsnp_benign	gnomad_9_99132622_G_A_56014374r13232	TGFBR1	V153I	V153
dbsnp_benign	gnomad_9_99146570_T_C_200062984r13234	TGFBR1	L406L	L406
dbsnp_benign	gnomad_3_30623222_G_A_61732532r13235	TGFBR2	D40N	D40
dbsnp_benign	gnomad_3_30671754_G_A_56105708r13237	TGFBR2	V191I	V191
dbsnp_benign	gnomad_3_30672127_C_T_34833812r13239	TGFBR2	T315M	T315
dbsnp_benign	gnomad_3_30672167_C_T_193922666r13241	TGFBR2	H328H	H328
dbsnp_benign	gnomad_3_30672308_C_T_751663055r13242	TGFBR2	I375I	I375
dbsnp_benign	gnomad_3_30672342_G_A_35766612r13243	TGFBR2	V387M	V387
dbsnp_benign	gnomad_3_30688445_C_T_139881155r13245	TGFBR2	S486S	S486
dbsnp_benign	gnomad_3_30691552_T_A_112215250r13247	TGFBR2	S553T	S553
dbsnp_benign	gnomad_1_91722095_A_G_149079126r13248	TGFBR3	M312T	M312
dbsnp_benign	gnomad_1_91861477_T_C_147586574r13249	TGFBR3	T19A	T19
dbsnp_benign	gnomad_18_3457572_A_G_121909068r13251	TGIF1	T131A	T131
dbsnp_benign	gnomad_18_3457572_A_C_121909068r13252	TGIF1	T131P	T131
dbsnp_benign	gnomad_18_3457608_C_T_4468717r13253	TGIF1	P143S	P143
dbsnp_benign	gnomad_18_3457609_C_T_2229333r13255	TGIF1	P143L	P143
dbsnp_benign	gnomad_14_24249362_T_A_2228337r13257	TGM1	D802V	D802
dbsnp_benign	gnomad_14_24261792_G_A_145002586r13258	TGM1	D137D	D137
dbsnp_benign	gnomad_14_24261809_C_T_2229462r13260	TGM1	D132N	D132
dbsnp_benign	gnomad_14_24261838_G_A_141486741r13262	TGM1	S122L	S122
dbsnp_benign	gnomad_14_24261842_G_A_80145541r13264	TGM1	R121C	R121
dbsnp_benign	gnomad_15_43234871_G_A_142648722r13265	TGM5	D591D	D591
dbsnp_benign	gnomad_15_43234871_G_C_142648722r13267	TGM5	D591E	D591
dbsnp_benign	gnomad_20_2394590_A_T_12106280r13268	TGM6	D49V	D49
dbsnp_benign	gnomad_20_2395257_G_C_144094215r13270	TGM6	G82A	G82
dbsnp_benign	gnomad_20_2395257_G_T_144094215r13271	TGM6	G82V	G82
dbsnp_benign	gnomad_20_2400395_G_A_202184911r13272	TGM6	V314M	V314
dbsnp_benign	gnomad_20_2400395_G_T_202184911r13273	TGM6	V314L	V314
dbsnp_benign	gnomad_20_2400406_C_T_201333931r13275	TGM6	F317F	F317
dbsnp_benign	gnomad_20_2403418_G_A_142832802r13276	TGM6	E337E	E337
dbsnp_benign	gnomad_20_2403703_G_A_144338465r13277	TGM6	E406K	E406
dbsnp_benign	gnomad_20_2417237_C_T_147979536r13278	TGM6	R448W	R448
dbsnp_benign	gnomad_11_2164326_G_A_3842724r13280	TH	D498D	D498
dbsnp_benign	gnomad_8_42838183_C_T_138345513r13282	THAP1	D141N	D141
dbsnp_benign	gnomad_20_23048001_C_G_76135678r13283	THBD	G502R	G502
dbsnp_benign	gnomad_20_23048001_C_T_76135678r13285	THBD	G502S	G502
dbsnp_benign	gnomad_20_23049158_T_G_773006742r13286	THBD	N116T	N116
dbsnp_benign	gnomad_2_70214430_T_C_115611153r13287	TIA1	Q318R	Q318
dbsnp_benign	gnomad_2_70214436_G_C_116828570r13289	TIA1	A316G	A316
dbsnp_benign	gnomad_19_7933501_G_C_118048213r13291	TIMM44	N251K	N251
dbsnp_benign	gnomad_19_7928091_T_C_11542187r13293	TIMM44	I372V	I372
dbsnp_benign	gnomad_14_24239846_G_A_369249473r13295	TINF2	A436V	A436
dbsnp_benign	gnomad_14_24240746_G_T_142777869r13296	TINF2	S245Y	S245
dbsnp_benign	gnomad_14_24240774_G_A_199422321r13298	TINF2	P236S	P236
dbsnp_benign	gnomad_14_24240774_G_T_199422321r13299	TINF2	P236T	P236
dbsnp_benign	gnomad_14_24241756_C_G_765992492r13300	TINF2	K106N	K106
dbsnp_benign	gnomad_14_24242259_C_G_202093758r13301	TINF2	G25A	G25
dbsnp_benign	gnomad_4_186082920_C_T_3775291r13303	TLR3	L412F	L412
dbsnp_benign	gnomad_9_72792243_T_C_17058153r13305	TMC1	M486T	M486
dbsnp_benign	gnomad_17_78121663_C_T_61744921r13307	TMC6	G426R	G426
dbsnp_benign	gnomad_17_78124912_G_A_139654750r13308	TMC6	R204W	R204
dbsnp_benign	gnomad_17_78138386_C_T_144120533r13310	TMC8	P524L	P524
dbsnp_benign	gnomad_17_78138555_C_T_199867961r13312	N/A	NAN/ANA	NAN/A
dbsnp_benign	gnomad_11_85654130_A_G_140047528r13313	TMEM126A	S52G	S52
dbsnp_benign	gnomad_11_85656475_T_A_34397695r13315	TMEM126A	S188T	S188
dbsnp_benign	gnomad_2_96253960_G_A_146965678r13316	TMEM127	L189L	L189
dbsnp_benign	gnomad_2_96254848_C_T_750870974r13317	TMEM127	A132T	A132
dbsnp_benign	gnomad_2_96254974_C_T_121908823r13318	TMEM127	V90M	V90
dbsnp_benign	gnomad_17_34626316_A_C_147874855r13319	TMEM132E	E86A	E86
dbsnp_benign	gnomad_11_61392636_T_C_569734777r13320	TMEM216	L2P	L2
dbsnp_benign	gnomad_11_61397797_C_A_11230683r13321	TMEM216	R85R	R85
dbsnp_benign	gnomad_11_61397797_C_T_11230683r13322	TMEM216	R85NA	R85
dbsnp_benign	gnomad_11_61397902_A_G_200289511r13324	TMEM216	M120V	M120
dbsnp_benign	gnomad_2_201627334_T_C_372686071r13326	TMEM237	N342D	N342
dbsnp_benign	gnomad_3_14129488_G_A_570799464r13327	TMEM43	S30N	S30
dbsnp_benign	gnomad_3_14131629_G_A_143535006r13328	TMEM43	R116Q	R116
dbsnp_benign	gnomad_3_14139193_G_C_139590716r13329	TMEM43	R299T	R299
dbsnp_benign	gnomad_3_14139231_C_T_113449357r13331	TMEM43	R312W	R312
dbsnp_benign	gnomad_3_14141697_C_T_144152046r13333	TMEM43	L369F	L369
dbsnp_benign	gnomad_8_93754939_G_A_199961375r13334	TMEM67	V9M	V9
dbsnp_benign	gnomad_8_93759955_G_A_60659894r13335	N/A	NAN/ANA	NAN/A
dbsnp_benign	gnomad_8_93780659_G_A_35793208r13337	TMEM67	D261N	D261
dbsnp_benign	gnomad_8_93780962_A_T_111619594r13339	TMEM67	S320C	S320
dbsnp_benign	gnomad_8_93782407_A_G_140191346r13341	TMEM67	T360A	T360
dbsnp_benign	gnomad_8_93799678_C_T_116445698r13342	TMEM67	P721S	P721
dbsnp_benign	gnomad_8_73981184_C_G_61732273r13343	TMEM70	L116V	L116
dbsnp_benign	gnomad_8_73981522_C_G_35564486r13345	TMEM70	N228K	N228
dbsnp_benign	gnomad_8_73981586_A_G_1053079r13346	TMEM70	T250A	T250
dbsnp_benign	gnomad_8_73981615_C_G_1053077r13348	TMEM70	D259E	D259
dbsnp_benign	gnomad_12_98533078_G_A_139700737r13350	TMPO	R274K	R274
dbsnp_benign	gnomad_12_98533331_A_G_141347778r13351	TMPO	K358K	K358
dbsnp_benign	gnomad_12_98533534_C_T_141443652r13352	TMPO	P426L	P426
dbsnp_benign	gnomad_12_98533566_G_C_145703021r13353	TMPO	V437L	V437
dbsnp_benign	gnomad_12_98534325_C_T_17028450r13355	TMPO	R690C	R690
dbsnp_benign	gnomad_22_37066133_C_T_139105452r13357	TMPRSS6	V808I	V808
dbsnp_benign	gnomad_22_37069081_C_A_115310908r13358	TMPRSS6	R702L	R702
dbsnp_benign	gnomad_22_37075168_G_A_117576908r13360	TMPRSS6	R437W	R437
dbsnp_benign	gnomad_9_115087103_C_T_144032672r13361	TNC	G210S	G210
dbsnp_benign	gnomad_9_115090958_C_T_141126037r13362	TNC	E21K	E21
dbsnp_benign	gnomad_18_62354434_C_T_35003467r13363	TNFRSF11A	P109P	P109
dbsnp_benign	gnomad_18_62354528_C_T_35211496r13365	TNFRSF11A	H141Y	H141
dbsnp_benign	gnomad_18_62360008_C_T_1805034r13368	TNFRSF11A	A192V	A192
dbsnp_benign	gnomad_18_62369265_C_T_34945627r13369	TNFRSF11A	R450W	R450
dbsnp_benign	gnomad_18_62369314_G_A_35993683r13371	TNFRSF11A	R466H	R466
dbsnp_benign	gnomad_18_62369436_G_A_61751992r13373	TNFRSF11A	A507T	A507
dbsnp_benign	gnomad_17_16939770_A_G_56063729r13375	TNFRSF13B	V220A	V220
dbsnp_benign	gnomad_17_16940352_C_T_104894649r13377	TNFRSF13B	R202H	R202
dbsnp_benign	gnomad_17_16940394_T_A_74811083r13378	TNFRSF13B	K188M	K188
dbsnp_benign	gnomad_20_63695134_C_A_6062495r13380	RTEL1	R1138R	R1138
dbsnp_benign	gnomad_13_42574410_C_G_138818878r13382	TNFSF11	P36R	P36
dbsnp_benign	gnomad_13_42600784_C_G_189501562r13384	TNFSF11	I140M	I140
dbsnp_benign	gnomad_3_195867585_C_T_148323328r13386	TNK2	V890M	V890
dbsnp_benign	gnomad_3_52451854_G_A_202173903r13387	TNNC1	S69S	S69
dbsnp_benign	gnomad_11_1840530_T_G_907610r13389	TNNI2	S20R	S20
dbsnp_benign	gnomad_11_1840530_T_C_907610r13390	TNNI2	S20S	S20
dbsnp_benign	gnomad_19_55156239_G_A_77615401r13391	TNNI3	P82S	P82
dbsnp_benign	gnomad_19_55156248_G_A_3729712r13392	TNNI3	R79C	R79
dbsnp_benign	gnomad_19_55156285_C_T_3729710r13393	TNNI3	E66E	E66
dbsnp_benign	gnomad_19_55156285_C_G_3729710r13395	TNNI3	E66D	E66
dbsnp_benign	gnomad_19_55159283_C_T_114601492r13396	DNAAF3	V469M	V469
dbsnp_benign	gnomad_19_55147019_T_C_112562759r13398	TNNT1	E12G	E12
dbsnp_benign	gnomad_1_201361301_T_C_3730238r13400	TNNT2	K263R	K263
dbsnp_benign	gnomad_1_201364336_G_T_74315379r13402	TNNT2	R151R	R151
dbsnp_benign	gnomad_1_201365254_G_A_3729547r13404	TNNT2	I116I	I116
dbsnp_benign	gnomad_1_201365622_T_C_397516453r13405	TNNT2	R94R	R94
dbsnp_benign	gnomad_1_201368212_G_T_200754249r13406	TNNT2	A38E	A38
dbsnp_benign	gnomad_1_201368212_G_A_200754249r13407	TNNT2	A38V	A38
dbsnp_benign	gnomad_11_1934874_T_C_16927166r13408	TNNT3	I223I	I223
dbsnp_benign	gnomad_7_129005130_A_G_148885407r13410	TNPO3	D194D	D194
dbsnp_benign	gnomad_6_32043862_T_C_2395085r13411	TNXB	Q3806R	Q3806
dbsnp_benign	gnomad_6_32043867_A_G_2894232r13413	TNXB	D3804D	D3804
dbsnp_benign	gnomad_6_32045260_C_T_41267126r13415	TNXB	R3558H	R3558
dbsnp_benign	gnomad_6_32049366_C_T_367685759r13417	TNXB	V3221M	V3221
dbsnp_benign	gnomad_6_32052745_A_G_2857007r13419	TNXB	C3014R	C3014
dbsnp_benign	gnomad_6_32053499_C_T_181699780r13421	TNXB	E2894K	E2894
dbsnp_benign	gnomad_6_32061592_C_T_17207902r13423	TNXB	V2433I	V2433
dbsnp_benign	gnomad_6_32065054_C_T_150876029r13425	TNXB	R2203K	R2203
dbsnp_benign	gnomad_6_32068978_T_C_17207916r13426	TNXB	T1916A	T1916
dbsnp_benign	gnomad_6_32069698_G_C_181025235r13427	TNXB	D1814E	D1814
dbsnp_benign	gnomad_6_32069698_G_A_181025235r13428	TNXB	D1814D	D1814
dbsnp_benign	gnomad_6_32089365_G_A_112581362r13430	TNXB	S791S	S791
dbsnp_benign	gnomad_6_32096016_T_C_61744970r13432	TNXB	S613G	S613
dbsnp_benign	gnomad_9_32541882_G_C_41302222r13434	TOPORS	H881Q	H881
dbsnp_benign	gnomad_9_32541958_T_C_181426035r13435	TOPORS	K856R	K856
dbsnp_benign	gnomad_9_32542058_T_C_377384599r13436	TOPORS	S823G	S823
dbsnp_benign	gnomad_9_32542795_G_T_79708790r13437	TOPORS	S577Y	S577
dbsnp_benign	gnomad_9_32542965_T_C_61756347r13438	TOPORS	Q520Q	Q520
dbsnp_benign	gnomad_9_32543711_T_C_115436019r13440	TOPORS	I272V	I272
dbsnp_benign	gnomad_9_129818877_G_A_142909469r13442	TOR1A	A163V	A163
dbsnp_benign	gnomad_9_129824060_C_G_200493208r13443	TOR1A	G9A	G9
dbsnp_benign	gnomad_1_179882572_C_G_146976883r13445	TOR1AIP1	P24A	P24
dbsnp_benign	gnomad_1_179889335_G_A_146164995r13447	TOR1AIP1	R192R	R192
dbsnp_benign	gnomad_1_179889335_G_T_146164995r13449	TOR1AIP1	R192S	R192
dbsnp_benign	gnomad_17_7670613_A_C_17881470r13450	TP53	S366A	S366
dbsnp_benign	gnomad_17_7670630_C_G_35993958r13451	TP53	G360A	G360
dbsnp_benign	gnomad_17_7670630_C_A_35993958r13452	TP53	G360V	G360
dbsnp_benign	gnomad_17_7670695_G_C_150293825r13453	TP53	F338L	F338
dbsnp_benign	gnomad_17_7670695_G_A_150293825r13454	TP53	F338F	F338
dbsnp_benign	gnomad_17_7673312_A_C_3021068r13456	TP53	C182G	C182
dbsnp_benign	gnomad_17_7673312_A_T_3021068r13457	TP53	C182S	C182
dbsnp_benign	gnomad_17_7674259_T_C_144340710r13459	TP53	N235S	N235
dbsnp_benign	gnomad_17_7674866_G_A_146340390r13460	TP53	P222L	P222
dbsnp_benign	gnomad_17_7676050_A_G_368771578r13461	TP53	Y107H	Y107
dbsnp_benign	gnomad_17_7676113_C_T_587782148r13462	TP53	A86T	A86
dbsnp_benign	gnomad_17_7676124_G_A_534447939r13463	TP53	P82L	P82
dbsnp_benign	gnomad_17_7676152_C_T_587782423r13464	TP53	V73M	V73
dbsnp_benign	gnomad_17_7676154_G_T_1042522r13466	TP53	P72H	P72
dbsnp_benign	gnomad_17_7676154_G_C_1042522r13467	TP53	P72R	P72
dbsnp_benign	gnomad_17_7676222_A_G_786201148r13468	TP53	D49D	D49
dbsnp_benign	gnomad_17_7676230_G_A_1800371r13469	TP53	P47S	P47
dbsnp_benign	gnomad_17_7676246_A_G_369129220r13471	TP53	D41D	D41
dbsnp_benign	gnomad_17_7676532_G_A_1800369r13472	TP53	D21D	D21
dbsnp_benign	gnomad_17_7676589_C_T_143458271r13474	TP53	E2E	E2
dbsnp_benign	gnomad_17_7688679_C_T_17880282r13475	WRAP53	P11S	P11
dbsnp_benign	gnomad_17_7689055_C_G_34067256r13477	WRAP53	P136R	P136
dbsnp_benign	gnomad_3_189737761_T_G_370716448r13479	TP63	H28Q	H28
dbsnp_benign	gnomad_3_189868714_G_A_143591434r13480	TP63	R376H	R376
dbsnp_benign	gnomad_3_189889363_C_A_148076109r13481	TP63	P511T	P511
dbsnp_benign	gnomad_12_71941584_C_G_34115267r13483	TPH2	L36V	L36
dbsnp_benign	gnomad_7_144765897_C_T_77358162r13484	TPK1	R33H	R33
dbsnp_benign	gnomad_15_63042874_G_A_199476301r13485	TPM1	K15K	K15
dbsnp_benign	gnomad_15_63060898_C_T_200173919r13486	TPM1	S174S	S174
dbsnp_benign	gnomad_15_63071092_A_G_144045691r13487	TPM1	K259E	K259
dbsnp_benign	gnomad_9_35683201_G_A_201215303r13489	TPM2	S271S	S271
dbsnp_benign	gnomad_9_35683201_G_T_201215303r13490	TPM2	S271R	S271
dbsnp_benign	gnomad_1_154191927_T_G_62000429r13491	TPM3	K31T	K31
dbsnp_benign	gnomad_2_1436306_C_A_61758083r13493	TPO	P135H	P135
dbsnp_benign	gnomad_2_1477543_C_G_61758082r13495	TPO	A426G	A426
dbsnp_benign	gnomad_2_1477543_C_A_61758082r13496	TPO	A426E	A426
dbsnp_benign	gnomad_2_1477543_C_T_61758082r13498	TPO	A426V	A426
dbsnp_benign	gnomad_11_6615200_C_T_78970155r13499	TPP1	V466M	V466
dbsnp_benign	gnomad_11_6615455_C_T_138744051r13501	TPP1	R418Q	R418
dbsnp_benign	gnomad_11_6616357_T_G_141482368r13502	TPP1	M345L	M345
dbsnp_benign	gnomad_11_6616388_G_A_796053432r13504	TPP1	S334S	S334
dbsnp_benign	gnomad_11_6617109_G_A_34758634r13505	TPP1	R185C	R185
dbsnp_benign	gnomad_11_6617707_T_C_1800746r13507	TPP1	Q100R	Q100
dbsnp_benign	gnomad_9_137192669_T_C_139459217r13509	TPRN	K583R	K583
dbsnp_benign	gnomad_9_137199821_G_C_147404722r13510	TPRN	F297L	F297
dbsnp_benign	gnomad_2_238329312_G_T_12464423r13512	TRAF3IP1	K295N	K295
dbsnp_benign	gnomad_6_111591806_C_T_61756667r13514	TRAF3IP2	S103N	S103
dbsnp_benign	gnomad_4_183666271_G_C_138760818r13515	TRAPPC11	E73D	E73
dbsnp_benign	gnomad_4_183693991_G_A_114471872r13516	TRAPPC11	A821T	A821
dbsnp_benign	gnomad_4_183705034_G_A_79804817r13517	TRAPPC11	V1007M	V1007
dbsnp_benign	gnomad_4_183706843_C_G_200466260r13519	TRAPPC11	P1031R	P1031
dbsnp_benign	gnomad_4_183708546_G_A_369105119r13521	TRAPPC11	R1110H	R1110
dbsnp_benign	gnomad_19_45179787_G_A_200567085r13523	BLOC1S3	R164H	R164
dbsnp_benign	gnomad_8_139732009_G_A_112551069r13525	TRAPPC9	F1083F	F1083
dbsnp_benign	gnomad_8_139988739_C_T_114949291r13527	TRAPPC9	G933S	G933
dbsnp_benign	gnomad_8_140458405_T_C_148523016r13529	N/A	NAN/ANA	NAN/A
dbsnp_benign	gnomad_6_123273341_T_C_7771303r13531	TRDN	I540M	I540
dbsnp_benign	gnomad_6_123279062_G_T_146935076r13533	TRDN	P511T	P511
dbsnp_benign	gnomad_6_123530560_G_A_79182520r13535	TRDN	H144Y	H144
dbsnp_benign	gnomad_6_123548478_C_T_201021891r13537	TRDN	D123N	D123
dbsnp_benign	gnomad_6_41158716_T_A_200820365r13538	TREM2	S183C	S183
dbsnp_benign	gnomad_6_41158881_G_A_138355759r13539	TREM2	T223I	T223
dbsnp_benign	gnomad_6_41158917_A_G_2234256r13541	TREM2	L211P	L211
dbsnp_benign	gnomad_6_41159805_G_A_2234255r13543	TREM2	H157Y	H157
dbsnp_benign	gnomad_6_41161367_G_T_2234253r13545	TREM2	T96K	T96
dbsnp_benign	gnomad_6_41161367_G_A_2234253r13547	TREM2	T96M	T96
dbsnp_benign	gnomad_3_48467375_G_C_72556555r13548	TREX1	R240S	R240
dbsnp_benign	gnomad_3_48467375_G_A_72556555r13549	TREX1	R240R	R240
dbsnp_benign	gnomad_3_48467452_A_G_55999987r13550	TREX1	E266G	E266
dbsnp_benign	gnomad_9_116698512_C_G_3747834r13551	TRIM32	T257R	T257
dbsnp_benign	gnomad_17_59041818_G_T_147363016r13553	TRIM37	P583H	P583
dbsnp_benign	gnomad_22_37724147_G_C_201112075r13555	TRIOBP	A531P	A531
dbsnp_benign	gnomad_22_37724147_G_A_201112075r13556	TRIOBP	A531T	A531
dbsnp_benign	gnomad_22_37733381_G_A_34066624r13557	TRIOBP	R1344Q	R1344
dbsnp_benign	gnomad_22_37735062_C_T_200113910r13558	TRIOBP	R1576C	R1576
dbsnp_benign	gnomad_22_37757689_C_T_183941928r13559	TRIOBP	R1922W	R1922
dbsnp_benign	gnomad_22_37765707_C_T_201724032r13561	TRIOBP	S2121L	S2121
dbsnp_benign	gnomad_22_37765707_C_A_201724032r13562	TRIOBP	S2121NA	S2121
dbsnp_benign	gnomad_14_91972785_T_C_74071672r13563	TRIP11	H1884R	H1884
dbsnp_benign	gnomad_14_92003469_T_C_34839498r13565	TRIP11	M1503V	M1503
dbsnp_benign	gnomad_14_92003837_G_A_117748213r13567	TRIP11	T1380I	T1380
dbsnp_benign	gnomad_14_92004372_T_G_41301481r13569	TRIP11	N1202H	N1202
dbsnp_benign	gnomad_14_92039579_T_A_186074112r13570	TRIP11	D36V	D36
dbsnp_benign	gnomad_22_46335774_T_G_114302881r13571	TRMU	L4V	L4
dbsnp_benign	gnomad_22_46346453_A_G_144586525r13573	TRMU	A129A	A129
dbsnp_benign	gnomad_22_46350379_C_G_192537315r13575	TRMU	I189M	I189
dbsnp_benign	gnomad_22_46350379_C_T_192537315r13576	TRMU	I189I	I189
dbsnp_benign	gnomad_22_46355470_G_T_113846383r13577	TRMU	L300L	L300
dbsnp_benign	gnomad_22_46355480_C_G_200777988r13579	TRMU	L304V	L304
dbsnp_benign	gnomad_22_46356898_G_A_79874854r13580	TRMU	L386L	L386
dbsnp_benign	gnomad_22_46356916_G_A_34591580r13581	TRMU	T392T	T392
dbsnp_benign	gnomad_3_3137442_A_G_149263693r13583	TRNT1	I111V	I111
dbsnp_benign	gnomad_3_3147592_C_T_150742431r13584	TRNT1	I315I	I315
dbsnp_benign	gnomad_3_3147592_C_G_150742431r13585	TRNT1	I315M	I315
dbsnp_benign	gnomad_11_101452981_G_A_139330011r13586	TRPC6	P924S	P924
dbsnp_benign	gnomad_11_101504797_G_A_117273916r13588	TRPC6	R58W	R58
dbsnp_benign	gnomad_15_31002198_C_T_111649153r13589	TRPM1	R1479H	R1479
dbsnp_benign	gnomad_15_31002198_C_G_111649153r13590	TRPM1	R1479P	R1479
dbsnp_benign	gnomad_15_31002370_G_C_3784587r13591	TRPM1	R1422G	R1422
dbsnp_benign	gnomad_15_31002370_G_A_3784587r13592	TRPM1	R1422C	R1422
dbsnp_benign	gnomad_15_31050561_G_T_374376006r13594	TRPM1	P407T	P407
dbsnp_benign	gnomad_19_49181440_T_C_200633475r13596	TRPM4	F414F	F414
dbsnp_benign	gnomad_19_49183151_A_C_56355369r13597	TRPM4	D561A	D561
dbsnp_benign	gnomad_19_49210808_A_G_138603244r13599	TRPM4	S1143G	S1143
dbsnp_benign	gnomad_19_49211240_C_T_150391806r13601	TRPM4	P1204L	P1204
dbsnp_benign	gnomad_9_74752287_T_C_55679040r13603	TRPM6	Q1663R	Q1663
dbsnp_benign	gnomad_9_74820424_C_A_56155062r13605	TRPM6	M338I	M338
dbsnp_benign	gnomad_9_74840057_C_T_150874152r13607	TRPM6	G171R	G171
dbsnp_benign	gnomad_9_74842228_T_A_145791687r13608	TRPM6	S90C	S90
dbsnp_benign	gnomad_8_115587260_C_A_146506752r13610	TRPS1	R801L	R801
dbsnp_benign	gnomad_8_115604774_G_A_147432147r13611	TRPS1	L386F	L386
dbsnp_benign	gnomad_17_3530164_G_A_116535534r13612	TRPV3	R369W	R369
dbsnp_benign	gnomad_17_3532764_T_C_142326624r13614	TRPV3	M320V	M320
dbsnp_benign	gnomad_17_3532766_C_A_151284467r13615	TRPV3	R319L	R319
dbsnp_benign	gnomad_17_3532766_C_T_151284467r13616	TRPV3	R319H	R319
dbsnp_benign	gnomad_17_3532767_G_A_370662760r13617	TRPV3	R319C	R319
dbsnp_benign	gnomad_17_3532870_G_C_144990390r13618	TRPV3	H284Q	H284
dbsnp_benign	gnomad_17_3532870_G_A_144990390r13619	TRPV3	H284H	H284
dbsnp_benign	gnomad_12_109783739_T_C_116035946r13620	TRPV4	N833S	N833
dbsnp_benign	gnomad_12_109786798_C_T_148171058r13622	TRPV4	V750I	V750
dbsnp_benign	gnomad_12_109792732_G_A_35078611r13623	TRPV4	L582L	L582
dbsnp_benign	gnomad_12_109792763_G_C_185933892r13625	TRPV4	I571M	I571
dbsnp_benign	gnomad_12_109792792_C_T_56177950r13627	TRPV4	V562I	V562
dbsnp_benign	gnomad_12_109793968_T_C_115976458r13629	TRPV4	I516V	I516
dbsnp_benign	gnomad_12_109794483_C_A_143502097r13630	TRPV4	R446L	R446
dbsnp_benign	gnomad_12_109798627_G_A_764949536r13632	TRPV4	T380M	T380
dbsnp_benign	gnomad_12_109798673_C_T_570675468r13633	TRPV4	V365M	V365
dbsnp_benign	gnomad_12_109800702_G_C_56217500r13634	TRPV4	L257V	L257
dbsnp_benign	gnomad_12_109800711_C_G_143548402r13635	TRPV4	V254L	V254
dbsnp_benign	gnomad_12_109800711_C_T_143548402r13636	TRPV4	V254M	V254
dbsnp_benign	gnomad_12_109808306_C_T_141908793r13638	TRPV4	E183E	E183
dbsnp_benign	gnomad_12_109808453_G_T_201241092r13640	TRPV4	S134R	S134
dbsnp_benign	gnomad_12_109808453_G_A_201241092r13641	TRPV4	S134S	S134
dbsnp_benign	gnomad_12_109814645_G_A_115861965r13642	TRPV4	P51L	P51
dbsnp_benign	gnomad_12_109814769_C_G_376436045r13643	TRPV4	A10P	A10
dbsnp_benign	gnomad_12_109814769_C_T_376436045r13644	TRPV4	A10T	A10
dbsnp_benign	gnomad_9_128323094_G_T_3003601r13647	COQ4	G50V	G50
dbsnp_benign	gnomad_9_132896294_C_G_397514806r13648	TSC1	D1146H	D1146
dbsnp_benign	gnomad_9_132896294_C_A_397514806r13649	TSC1	D1146Y	D1146
dbsnp_benign	gnomad_9_132896374_G_A_775420987r13650	TSC1	T1119I	T1119
dbsnp_benign	gnomad_9_132896427_C_T_118203751r13651	TSC1	E1101E	E1101
dbsnp_benign	gnomad_9_132896536_G_A_753388676r13652	TSC1	T1065M	T1065
dbsnp_benign	gnomad_9_132896546_G_A_118203745r13653	TSC1	R1062W	R1062
dbsnp_benign	gnomad_9_132896558_G_T_112066743r13654	TSC1	P1058T	P1058
dbsnp_benign	gnomad_9_132896597_G_C_747162992r13655	TSC1	L1045V	L1045
dbsnp_benign	gnomad_9_132896601_G_A_201192125r13656	TSC1	S1043S	S1043
dbsnp_benign	gnomad_9_132896607_G_C_753374839r13657	TSC1	S1041R	S1041
dbsnp_benign	gnomad_9_132896618_T_C_768443391r13658	TSC1	S1038G	S1038
dbsnp_benign	gnomad_9_132896627_C_T_118203742r13659	TSC1	G1035S	G1035
dbsnp_benign	gnomad_9_132896654_C_A_533565295r13661	TSC1	A1026S	A1026
dbsnp_benign	gnomad_9_132896654_C_T_533565295r13662	TSC1	A1026T	A1026
dbsnp_benign	gnomad_9_132896685_G_A_759047948r13663	TSC1	N1015N	N1015
dbsnp_benign	gnomad_9_132896706_A_C_142954164r13664	TSC1	N1008K	N1008
dbsnp_benign	gnomad_9_132896748_G_A_199919348r13665	TSC1	D994D	D994
dbsnp_benign	gnomad_9_132897194_C_A_537585211r13666	TSC1	A989S	A989
dbsnp_benign	gnomad_9_132897536_C_T_560986491r13667	TSC1	Q900Q	Q900
dbsnp_benign	gnomad_9_132897536_C_G_560986491r13668	TSC1	Q900H	Q900
dbsnp_benign	gnomad_9_132897583_G_A_118203723r13669	TSC1	R885W	R885
dbsnp_benign	gnomad_9_132897589_C_T_118203721r13670	TSC1	A883T	A883
dbsnp_benign	gnomad_9_132901606_T_G_118203699r13671	TSC1	S829R	S829
dbsnp_benign	gnomad_9_132901666_C_G_118203692r13673	TSC1	E809Q	E809
dbsnp_benign	gnomad_9_132901668_G_A_756514375r13674	TSC1	A808V	A808
dbsnp_benign	gnomad_9_132902711_T_C_118203670r13675	TSC1	N762S	N762
dbsnp_benign	gnomad_9_132903744_C_T_142662480r13676	TSC1	E705E	E705
dbsnp_benign	gnomad_9_132903784_C_T_199755731r13677	TSC1	R692Q	R692
dbsnp_benign	gnomad_9_132904418_G_A_201392975r13678	TSC1	H678H	H678
dbsnp_benign	gnomad_9_132905581_T_C_1419720341r13679	TSC1	K666R	K666
dbsnp_benign	gnomad_9_132905602_G_A_118203609r13680	TSC1	A659V	A659
dbsnp_benign	gnomad_9_132905604_G_A_118203608r13681	TSC1	D658D	D658
dbsnp_benign	gnomad_9_132905770_G_A_751247705r13682	TSC1	P603L	P603
dbsnp_benign	gnomad_9_132905784_G_A_766438395r13683	TSC1	S598S	S598
dbsnp_benign	gnomad_9_132905806_G_T_768985094r13684	TSC1	P591Q	P591
dbsnp_benign	gnomad_9_132905806_G_A_768985094r13685	TSC1	P591L	P591
dbsnp_benign	gnomad_9_132905878_G_A_397514880r13686	TSC1	A567V	A567
dbsnp_benign	gnomad_9_132905901_G_A_368317116r13687	TSC1	C559C	C559
dbsnp_benign	gnomad_9_132905930_G_C_118203553r13688	TSC1	Q550E	Q550
dbsnp_benign	gnomad_9_132905947_C_T_770570830r13690	TSC1	G544E	G544
dbsnp_benign	gnomad_9_132905989_C_G_368481360r13691	TSC1	S530T	S530
dbsnp_benign	gnomad_9_132905993_C_T_751125011r13692	TSC1	A529T	A529
dbsnp_benign	gnomad_9_132906011_C_G_118203548r13693	TSC1	A523P	A523
dbsnp_benign	gnomad_9_132906118_G_C_118203532r13694	TSC1	S487C	S487
dbsnp_benign	gnomad_9_132906827_G_A_118203518r13695	TSC1	P448S	P448
dbsnp_benign	gnomad_9_132910584_G_A_77464996r13697	TSC1	T417I	T417
dbsnp_benign	gnomad_9_132910615_C_T_769331772r13698	TSC1	V407M	V407
dbsnp_benign	gnomad_9_132911030_G_A_771217333r13699	TSC1	H371H	H371
dbsnp_benign	gnomad_9_132911089_C_T_796053447r13700	TSC1	V352I	V352
dbsnp_benign	gnomad_9_132911462_T_C_760233114r13701	TSC1	E340E	E340
dbsnp_benign	gnomad_9_132911475_C_T_397514808r13702	TSC1	R336Q	R336
dbsnp_benign	gnomad_9_132911476_G_A_118203483r13703	TSC1	R336W	R336
dbsnp_benign	gnomad_9_132912342_A_C_377076733r13704	TSC1	F285V	F285
dbsnp_benign	gnomad_9_132912413_T_C_371225009r13705	TSC1	K261R	K261
dbsnp_benign	gnomad_9_132921366_C_T_755859330r13706	TSC1	R245Q	R245
dbsnp_benign	gnomad_9_132921857_T_C_754980229r13707	TSC1	M209V	M209
dbsnp_benign	gnomad_9_132921885_G_A_202242304r13708	TSC1	F199F	F199
dbsnp_benign	gnomad_9_132921914_G_A_118203400r13709	TSC1	R190C	R190
dbsnp_benign	gnomad_9_132921969_G_A_377196837r13710	TSC1	H171H	H171
dbsnp_benign	gnomad_9_132923480_C_T_397514843r13711	TSC1	V126I	V126
dbsnp_benign	gnomad_9_132925604_A_C_199620268r13712	TSC1	L116V	L116
dbsnp_benign	gnomad_9_132925719_G_A_397514809r13713	TSC1	N77N	N77
dbsnp_benign	gnomad_9_132927278_A_G_755226092r13714	TSC1	L45L	L45
dbsnp_benign	gnomad_16_2050409_A_G_140618379r13715	TSC2	M50V	M50
dbsnp_benign	gnomad_16_2050428_A_G_144165984r13716	TSC2	N56S	N56
dbsnp_benign	gnomad_16_2050484_G_A_145470784r13718	TSC2	E75K	E75
dbsnp_benign	gnomad_16_2053342_C_T_574779350r13719	TSC2	H76Y	H76
dbsnp_benign	gnomad_16_2053372_G_A_1190158836r13720	TSC2	A86T	A86
dbsnp_benign	gnomad_16_2053386_G_A_779310889r13721	TSC2	Q90Q	Q90
dbsnp_benign	gnomad_16_2053386_G_C_779310889r13722	TSC2	Q90H	Q90
dbsnp_benign	gnomad_16_2053408_C_T_372321790r13723	TSC2	R98W	R98
dbsnp_benign	gnomad_16_2053413_C_T_752498350r13724	TSC2	H99H	H99
dbsnp_benign	gnomad_16_2054370_C_T_776129896r13725	TSC2	H137H	H137
dbsnp_benign	gnomad_16_2054390_A_G_769286175r13726	TSC2	K144R	K144
dbsnp_benign	gnomad_16_2054413_C_G_397515285r13727	TSC2	H152D	H152
dbsnp_benign	gnomad_16_2055503_A_G_148325559r13728	TSC2	I195V	I195
dbsnp_benign	gnomad_16_2056219_G_A_368386966r13729	TSC2	R208Q	R208
dbsnp_benign	gnomad_16_2056224_G_A_147196739r13730	TSC2	A210T	A210
dbsnp_benign	gnomad_16_2056225_C_T_764925296r13731	TSC2	A210V	A210
dbsnp_benign	gnomad_16_2056664_C_T_35501344r13732	TSC2	D223D	D223
dbsnp_benign	gnomad_16_2056699_G_A_397514957r13733	TSC2	S235N	S235
dbsnp_benign	gnomad_16_2056711_T_G_778544723r13734	TSC2	F239C	F239
dbsnp_benign	gnomad_16_2056715_C_T_45517123r13735	TSC2	I240I	I240
dbsnp_benign	gnomad_16_2056716_G_A_200943828r13736	TSC2	V241I	V241
dbsnp_benign	gnomad_16_2056729_G_A_397515011r13737	TSC2	R245H	R245
dbsnp_benign	gnomad_16_2056754_C_T_45517125r13738	TSC2	C253C	C253
dbsnp_benign	gnomad_16_2056755_G_A_45517126r13739	TSC2	E254K	E254
dbsnp_benign	gnomad_16_2057111_C_T_45517130r13740	TSC2	R261W	R261
dbsnp_benign	gnomad_16_2057144_G_A_373818076r13741	TSC2	A272T	A272
dbsnp_benign	gnomad_16_2057163_A_T_397515266r13742	TSC2	H278L	H278
dbsnp_benign	gnomad_16_2057163_A_G_397515266r13743	TSC2	H278R	H278
dbsnp_benign	gnomad_16_2058754_A_G_1800748r13744	TSC2	M286V	M286
dbsnp_benign	gnomad_16_2058759_G_C_192567788r13746	TSC2	E287D	E287
dbsnp_benign	gnomad_16_2058820_C_G_201144475r13747	TSC2	R308G	R308
dbsnp_benign	gnomad_16_2060683_C_T_140910086r13748	TSC2	P330L	P330
dbsnp_benign	gnomad_16_2060760_G_C_587778728r13749	TSC2	V356L	V356
dbsnp_benign	gnomad_16_2061882_C_T_201525586r13750	TSC2	S377S	S377
dbsnp_benign	gnomad_16_2061954_C_T_199665674r13751	TSC2	H401H	H401
dbsnp_benign	gnomad_16_2062520_C_A_45478892r13752	TSC2	I427I	I427
dbsnp_benign	gnomad_16_2062531_C_T_202187148r13754	TSC2	A431V	A431
dbsnp_benign	gnomad_16_2062571_C_T_535984356r13755	TSC2	N444N	N444
dbsnp_benign	gnomad_16_2062975_C_T_34567401r13756	TSC2	S455S	S455
dbsnp_benign	gnomad_16_2062976_G_A_397515142r13757	TSC2	E456K	E456
dbsnp_benign	gnomad_16_2062988_G_A_137854154r13758	TSC2	A460T	A460
dbsnp_benign	gnomad_16_2062997_A_G_45517171r13759	TSC2	I463V	I463
dbsnp_benign	gnomad_16_2064402_A_G_45457694r13760	TSC2	N525S	N525
dbsnp_benign	gnomad_16_2064421_C_T_45517180r13761	TSC2	I531I	I531
dbsnp_benign	gnomad_16_2065528_C_T_142257684r13763	TSC2	R537C	R537
dbsnp_benign	gnomad_16_2065546_C_T_1060500944r13764	TSC2	P543S	P543
dbsnp_benign	gnomad_16_2065547_C_T_45517188r13765	TSC2	P543L	P543
dbsnp_benign	gnomad_16_2065561_A_C_565375272r13766	TSC2	R548R	R548
dbsnp_benign	gnomad_16_2070486_G_A_1800729r13767	TSC2	A583T	A583
dbsnp_benign	gnomad_16_2070490_C_T_751147419r13768	TSC2	T584M	T584
dbsnp_benign	gnomad_16_2070514_G_A_374371998r13769	TSC2	S592N	S592
dbsnp_benign	gnomad_16_2070558_G_A_45517203r13770	TSC2	A607T	A607
dbsnp_benign	gnomad_16_2071535_G_A_45517206r13772	TSC2	R622Q	R622
dbsnp_benign	gnomad_16_2071555_C_T_570409651r13773	TSC2	L629L	L629
dbsnp_benign	gnomad_16_2071555_C_G_570409651r13774	TSC2	L629V	L629
dbsnp_benign	gnomad_16_2071602_C_T_777665839r13775	TSC2	C644C	C644
dbsnp_benign	gnomad_16_2071603_G_A_746677177r13776	TSC2	V645I	V645
dbsnp_benign	gnomad_16_2071855_C_T_745897413r13777	TSC2	A673V	A673
dbsnp_benign	gnomad_16_2071857_C_T_760566516r13778	TSC2	P674S	P674
dbsnp_benign	gnomad_16_2071869_G_A_200494044r13779	TSC2	A678T	A678
dbsnp_benign	gnomad_16_2071872_G_A_746315218r13781	TSC2	V679M	V679
dbsnp_benign	gnomad_16_2072296_G_A_45517215r13782	TSC2	R718H	R718
dbsnp_benign	gnomad_16_2072296_G_C_45517215r13783	TSC2	R718P	R718
dbsnp_benign	gnomad_16_2072867_C_T_45517221r13784	TSC2	L747L	L747
dbsnp_benign	gnomad_16_2072885_G_A_574205203r13785	TSC2	A753T	A753
dbsnp_benign	gnomad_16_2072924_G_A_150672640r13786	TSC2	V766M	V766
dbsnp_benign	gnomad_16_2072950_C_T_760885994r13787	TSC2	I774I	I774
dbsnp_benign	gnomad_16_2074236_C_T_375809212r13788	TSC2	H798Y	H798
dbsnp_benign	gnomad_16_2074248_A_G_200929621r13789	TSC2	S802G	S802
dbsnp_benign	gnomad_16_2074280_C_T_767178958r13790	TSC2	S812S	S812
dbsnp_benign	gnomad_16_2074295_C_T_201442542r13791	TSC2	D817D	D817
dbsnp_benign	gnomad_16_2074301_C_T_753410949r13793	TSC2	I819I	I819
dbsnp_benign	gnomad_16_2074320_C_A_45517238r13794	TSC2	L826M	L826
dbsnp_benign	gnomad_16_2074383_C_T_377300009r13795	TSC2	L847L	L847
dbsnp_benign	gnomad_16_2076101_C_T_373866604r13796	TSC2	H891H	H891
dbsnp_benign	gnomad_16_2076509_C_G_201835391r13797	TSC2	L921V	L921
dbsnp_benign	gnomad_16_2077723_G_C_397515306r13798	TSC2	R988P	R988
dbsnp_benign	gnomad_16_2077723_G_A_397515306r13799	TSC2	R988H	R988
dbsnp_benign	gnomad_16_2079083_C_T_45471697r13800	TSC2	N1006N	N1006
dbsnp_benign	gnomad_16_2079419_C_T_587781774r13801	TSC2	P1092L	P1092
dbsnp_benign	gnomad_16_2079425_C_T_397514887r13802	TSC2	S1094L	S1094
dbsnp_benign	gnomad_16_2079567_G_A_776855601r13803	TSC2	G1099R	G1099
dbsnp_benign	gnomad_16_2079649_A_T_397514945r13804	TSC2	D1126V	D1126
dbsnp_benign	gnomad_16_2079651_C_T_373939435r13805	TSC2	R1127W	R1127
dbsnp_benign	gnomad_16_2080180_G_A_143168379r13806	TSC2	R1138Q	R1138
dbsnp_benign	gnomad_16_2080188_G_A_45505895r13807	TSC2	A1141T	A1141
dbsnp_benign	gnomad_16_2080197_G_A_45517294r13808	TSC2	V1144M	V1144
dbsnp_benign	gnomad_16_2080243_G_T_45473098r13809	TSC2	R1159L	R1159
dbsnp_benign	gnomad_16_2080257_G_T_776579875r13810	TSC2	A1164S	A1164
dbsnp_benign	gnomad_16_2080257_G_A_776579875r13811	TSC2	A1164T	A1164
dbsnp_benign	gnomad_16_2080258_C_T_45448801r13812	TSC2	A1164V	A1164
dbsnp_benign	gnomad_16_2080288_G_A_368666554r13813	TSC2	R1174Q	R1174
dbsnp_benign	gnomad_16_2080324_A_G_137854421r13814	TSC2	Y1186C	Y1186
dbsnp_benign	gnomad_16_2081754_C_T_45466493r13815	TSC2	A1257V	A1257
dbsnp_benign	gnomad_16_2081777_C_T_45517311r13816	TSC2	P1265S	P1265
dbsnp_benign	gnomad_16_2081787_G_A_200577441r13817	TSC2	R1268H	R1268
dbsnp_benign	gnomad_16_2082453_C_T_374146919r13818	TSC2	L1278L	L1278
dbsnp_benign	gnomad_16_2082510_G_A_757751865r13820	TSC2	A15T	A15
dbsnp_benign	gnomad_16_2083703_G_A_147284943r13821	TSC2	V1298M	V1298
dbsnp_benign	gnomad_16_2083725_C_T_45517320r13822	TSC2	P1305L	P1305
dbsnp_benign	gnomad_16_2083768_C_T_757244510r13824	TSC2	D1319D	D1319
dbsnp_benign	gnomad_16_2083792_C_T_876659087r13825	TSC2	D1327D	D1327
dbsnp_benign	gnomad_16_2083797_G_A_45517323r13826	TSC2	R1329H	R1329
dbsnp_benign	gnomad_16_2084229_C_T_148527903r13828	TSC2	S1336L	S1336
dbsnp_benign	gnomad_16_2084267_G_A_146239734r13829	TSC2	A1349T	A1349
dbsnp_benign	gnomad_16_2084327_C_T_45517328r13831	TSC2	R1369W	R1369
dbsnp_benign	gnomad_16_2084330_C_T_747293303r13832	TSC2	P1370S	P1370
dbsnp_benign	gnomad_16_2084417_G_A_45466399r13833	TSC2	G1399R	G1399
dbsnp_benign	gnomad_16_2084423_C_T_778147657r13834	TSC2	P1401S	P1401
dbsnp_benign	gnomad_16_2084447_C_T_45517333r13835	TSC2	R1409W	R1409
dbsnp_benign	gnomad_16_2084494_C_T_371541319r13836	TSC2	D1424D	D1424
dbsnp_benign	gnomad_16_2084507_G_T_45474795r13837	TSC2	A1429S	A1429
dbsnp_benign	gnomad_16_2084520_C_T_45517335r13839	TSC2	S1433L	S1433
dbsnp_benign	gnomad_16_2084538_G_A_150397923r13840	TSC2	G1439D	G1439
dbsnp_benign	gnomad_16_2084546_G_A_45469392r13841	TSC2	E1442K	E1442
dbsnp_benign	gnomad_16_2084574_G_A_142848358r13842	TSC2	R1451H	R1451
dbsnp_benign	gnomad_16_2084669_A_G_199644840r13843	TSC2	R1483G	R1483
dbsnp_benign	gnomad_16_2084691_A_G_759882146r13844	TSC2	E1490G	E1490
dbsnp_benign	gnomad_16_2084954_C_T_372974007r13845	TSC2	F1499F	F1499
dbsnp_benign	gnomad_16_2085022_A_G_144062721r13846	TSC2	N1522S	N1522
dbsnp_benign	gnomad_16_2086249_G_A_766665967r13847	TSC2	E1573E	E1573
dbsnp_benign	gnomad_16_2086324_C_T_548102930r13848	TSC2	D1598D	D1598
dbsnp_benign	gnomad_16_2086339_C_T_147578602r13849	TSC2	D1603D	D1603
dbsnp_benign	gnomad_16_2086734_G_A_377129517r13850	TSC2	V1618I	V1618
dbsnp_benign	gnomad_16_2086790_C_T_115200071r13851	TSC2	D1636D	D1636
dbsnp_benign	gnomad_16_2086793_G_A_35282988r13852	TSC2	K1637K	K1637
dbsnp_benign	gnomad_16_2086796_G_A_137854094r13853	TSC2	K1638K	K1638
dbsnp_benign	gnomad_16_2086796_G_T_137854094r13854	TSC2	K1638N	K1638
dbsnp_benign	gnomad_16_2086811_C_T_45517381r13855	TSC2	N1643N	N1643
dbsnp_benign	gnomad_16_2086850_C_T_182327684r13856	TSC2	D1656D	D1656
dbsnp_benign	gnomad_16_2087889_C_T_370770569r13857	TSC2	I1672I	I1672
dbsnp_benign	gnomad_16_2087890_G_C_45490993r13858	TSC2	V1673L	V1673
dbsnp_benign	gnomad_16_2087890_G_A_45490993r13859	TSC2	V1673I	V1673
dbsnp_benign	gnomad_16_2087913_C_T_139591455r13860	TSC2	C1680C	C1680
dbsnp_benign	gnomad_16_2088073_C_A_45514196r13861	TSC2	S1698R	S1698
dbsnp_benign	gnomad_16_2088073_C_T_45514196r13862	TSC2	S1698S	S1698
dbsnp_benign	gnomad_16_2088074_G_A_370864445r13864	TSC2	V1699M	V1699
dbsnp_benign	gnomad_16_2088085_C_A_45483700r13865	TSC2	I1702I	I1702
dbsnp_benign	gnomad_16_2088095_C_T_45517391r13866	TSC2	R1706C	R1706
dbsnp_benign	gnomad_16_2088099_A_G_772439098r13867	TSC2	N1707S	N1707
dbsnp_benign	gnomad_16_2088109_C_T_760978505r13868	TSC2	F1710F	F1710
dbsnp_benign	gnomad_16_2088110_G_A_139779505r13869	TSC2	V1711M	V1711
dbsnp_benign	gnomad_16_2088121_G_A_147147042r13870	TSC2	Q1714Q	Q1714
dbsnp_benign	gnomad_16_2088133_C_T_370338085r13871	TSC2	H1718H	H1718
dbsnp_benign	gnomad_17_75521773_C_T_141249409r13872	TSEN54	P231L	P231
dbsnp_benign	gnomad_17_75522201_C_G_201351319r13873	TSEN54	R374G	R374
dbsnp_benign	gnomad_1_115034033_A_G_201857310r13875	TSHB	R75G	R75
dbsnp_benign	gnomad_14_80955786_G_C_61747482r13876	TSHR	D36H	D36
dbsnp_benign	gnomad_14_81143658_C_T_150602845r13878	TSHR	R169C	R169
dbsnp_benign	gnomad_14_81144290_C_G_61743974r13879	TSHR	N379K	N379
dbsnp_benign	gnomad_1_46189464_G_A_747723242r13881	POMGNT1	P630L	P630
dbsnp_benign	gnomad_1_46189464_G_C_747723242r13882	POMGNT1	P630R	P630
dbsnp_benign	gnomad_1_46189973_C_T_74374973r13883	POMGNT1	D556N	D556
dbsnp_benign	gnomad_1_46192127_C_T_17102066r13885	POMGNT1	V504I	V504
dbsnp_benign	gnomad_1_46192423_G_A_146097254r13886	POMGNT1	T433M	T433
dbsnp_benign	gnomad_1_46196784_C_T_150576537r13887	POMGNT1	V101I	V101
dbsnp_benign	gnomad_1_46196784_C_A_150576537r13888	POMGNT1	V101L	V101
dbsnp_benign	gnomad_1_46196796_G_A_564076183r13889	POMGNT1	R97W	R97
dbsnp_benign	gnomad_21_44711471_G_A_150107590r13890	TSPEAR	A15V	A15
dbsnp_benign	gnomad_21_44711471_G_C_150107590r13891	TSPEAR	A15G	A15
dbsnp_benign	gnomad_15_42752305_G_C_180791005r13893	TTBK2	L981V	L981
dbsnp_benign	gnomad_15_42775578_C_G_200124857r13894	TTBK2	A519P	A519
dbsnp_benign	gnomad_15_42775634_C_G_56039839r13895	TTBK2	R500P	R500
dbsnp_benign	gnomad_15_42775634_C_A_56039839r13896	TTBK2	R500L	R500
dbsnp_benign	gnomad_15_42777086_C_T_527763642r13897	TTBK2	E452K	E452
dbsnp_benign	gnomad_15_42783516_T_A_764753481r13898	TTBK2	K367I	K367
dbsnp_benign	gnomad_15_42817040_G_A_200125366r13899	TTBK2	R199W	R199
dbsnp_benign	gnomad_3_180616694_C_T_561458801r13900	CCDC39	C803Y	C803
dbsnp_benign	gnomad_17_16026619_G_C_73981411r13901	TTC19	R304T	R304
dbsnp_benign	gnomad_2_165888322_A_G_149454830r13902	TTC21B	V1139A	V1139
dbsnp_benign	gnomad_2_165890935_G_C_146496725r13903	TTC21B	L1002V	L1002
dbsnp_benign	gnomad_2_165912578_G_A_539769126r13905	TTC21B	P753L	P753
dbsnp_benign	gnomad_2_165917310_G_A_139441507r13907	TTC21B	R616C	R616
dbsnp_benign	gnomad_2_165917480_A_C_149325238r13909	TTC21B	V559G	V559
dbsnp_benign	gnomad_2_165919379_G_C_145436538r13911	TTC21B	S524C	S524
dbsnp_benign	gnomad_2_165931814_T_C_112868646r13913	TTC21B	M280V	M280
dbsnp_benign	gnomad_2_165933044_C_T_74447004r13915	TTC21B	D242N	D242
dbsnp_benign	gnomad_2_165941072_T_A_80026831r13917	TTC21B	Q222L	Q222
dbsnp_benign	gnomad_5_95506947_C_T_188952987r13919	SKIC3	G1027S	G1027
dbsnp_benign	gnomad_5_95506947_C_A_188952987r13920	SKIC3	G1027C	G1027
dbsnp_benign	gnomad_2_46956927_G_T_61746139r13922	TTC7A	R146L	R146
dbsnp_benign	gnomad_2_46956927_G_A_61746139r13923	TTC7A	R146Q	R146
dbsnp_benign	gnomad_2_46975018_G_T_147471840r13924	TTC7A	R188L	R188
dbsnp_benign	gnomad_2_46975018_G_A_147471840r13925	TTC7A	R188H	R188
dbsnp_benign	gnomad_2_46995160_C_T_151317740r13926	TTC7A	I342I	I342
dbsnp_benign	gnomad_2_46995160_C_G_151317740r13927	TTC7A	I342M	I342
dbsnp_benign	gnomad_2_47005985_C_G_117304542r13928	TTC7A	Q377E	Q377
dbsnp_benign	gnomad_2_47011391_G_A_114276698r13930	TTC7A	V450M	V450
dbsnp_benign	gnomad_2_47060786_C_A_140166160r13931	TTC7A	Q724K	Q724
dbsnp_benign	gnomad_2_46941635_C_G_144050892r13933	TTC7A	L32V	L32
dbsnp_benign	gnomad_2_46941717_C_G_201805434r13935	TTC7A	P59R	P59
dbsnp_benign	gnomad_14_88839501_A_G_114557412r13937	TTC8	D55G	D55
dbsnp_benign	gnomad_14_88872358_A_G_142938748r13938	TTC8	Q434R	Q434
dbsnp_benign	gnomad_2_178621496_C_T_17354992r13939	TTN	D13469N	D13469
dbsnp_benign	gnomad_2_178621618_T_A_114331773r13941	TTN	E13428V	E13428
dbsnp_benign	gnomad_2_178621649_C_T_144668626r13943	TTN	A13418T	A13418
dbsnp_benign	gnomad_2_178621704_A_C_74580375r13945	TTN	I13399M	I13399
dbsnp_benign	gnomad_2_178621869_G_A_72677221r13947	TTN	A13377V	A13377
dbsnp_benign	gnomad_2_178621869_G_T_72677221r13948	TTN	A13377E	A13377
dbsnp_benign	gnomad_2_178624681_C_T_144848584r13949	TTN	G13226R	G13226
dbsnp_benign	gnomad_2_178624687_C_T_543102139r13950	TTN	E13224K	E13224
dbsnp_benign	gnomad_2_178625349_A_G_377441854r13951	TTN	D13183D	D13183
dbsnp_benign	gnomad_2_178630241_G_A_192766485r13952	TTN	P13120S	P13120
dbsnp_benign	gnomad_2_178630312_C_A_373298007r13953	TTN	R13096L	R13096
dbsnp_benign	gnomad_2_178630312_C_T_373298007r13954	TTN	R13096H	R13096
dbsnp_benign	gnomad_2_178630881_G_A_200445568r13955	TTN	R13052C	R13052
dbsnp_benign	gnomad_2_178632204_A_T_181189778r13956	TTN	S12923T	S12923
dbsnp_benign	gnomad_2_178632589_C_G_397517573r13957	TTN	D12832H	D12832
dbsnp_benign	gnomad_2_178632751_C_T_529018517r13958	TTN	V12778I	V12778
dbsnp_benign	gnomad_2_178632993_A_G_557125278r13959	TTN	C12739R	C12739
dbsnp_benign	gnomad_2_178633315_T_C_6723526r13960	TTN	K12679E	K12679
dbsnp_benign	gnomad_2_178633323_C_G_727505144r13962	TTN	R12676P	R12676
dbsnp_benign	gnomad_2_178633323_C_T_727505144r13963	TTN	R12676Q	R12676
dbsnp_benign	gnomad_2_178634452_A_G_34706299r13964	TTN	V12469A	V12469
dbsnp_benign	gnomad_2_178634803_T_C_2288563r13965	TTN	H12383R	H12383
dbsnp_benign	gnomad_2_178634828_C_G_367751077r13967	TTN	G12375R	G12375
dbsnp_benign	gnomad_2_178635514_G_A_545806408r13968	TTN	A12296V	A12296
dbsnp_benign	gnomad_2_178636083_C_T_149059189r13970	TTN	V12189I	V12189
dbsnp_benign	gnomad_2_178636754_T_C_184713215r13971	TTN	K12017R	K12017
dbsnp_benign	gnomad_2_178715042_C_T_183499397r13972	TTN	C8398Y	C8398
dbsnp_benign	gnomad_2_178715167_G_A_370266918r13973	TTN	H8356H	H8356
dbsnp_benign	gnomad_2_178715208_C_T_141856116r13974	TTN	V8343I	V8343
dbsnp_benign	gnomad_2_178715250_G_A_72648987r13976	TTN	R8329C	R8329
dbsnp_benign	gnomad_2_178715537_T_C_200355367r13978	TTN	N8309S	N8309
dbsnp_benign	gnomad_2_178715656_G_A_372802604r13979	TTN	D8269D	D8269
dbsnp_benign	gnomad_2_178717115_G_A_201523784r13980	TTN	S8223F	S8223
dbsnp_benign	gnomad_2_178717244_C_T_149855485r13981	TTN	R8180H	R8180
dbsnp_benign	gnomad_2_178717336_A_T_72648986r13983	TTN	D8149E	D8149
dbsnp_benign	gnomad_2_178717651_G_A_201432372r13985	TTN	T8091I	T8091
dbsnp_benign	gnomad_2_178717808_G_A_201810836r13986	TTN	R8039C	R8039
dbsnp_benign	gnomad_2_178718033_T_C_72648984r13987	TTN	K8008E	K8008
dbsnp_benign	gnomad_2_178718042_C_A_201571580r13988	TTN	V8005L	V8005
dbsnp_benign	gnomad_2_178718054_C_T_200103997r13989	TTN	V8001I	V8001
dbsnp_benign	gnomad_2_178718101_G_T_549604128r13990	TTN	T7985K	T7985
dbsnp_benign	gnomad_2_178718126_T_C_72648982r13992	TTN	R7977G	R7977
dbsnp_benign	gnomad_2_178718186_C_T_72648981r13994	TTN	E7957K	E7957
dbsnp_benign	gnomad_2_178718350_A_C_764248656r13995	TTN	D7935E	D7935
dbsnp_benign	gnomad_2_178718454_T_C_72648980r13996	TTN	S7901G	S7901
dbsnp_benign	gnomad_2_178718769_T_G_16866465r13997	TTN	E7827A	E7827
dbsnp_benign	gnomad_2_178719230_T_A_72648976r13999	TTN	I7737L	I7737
dbsnp_benign	gnomad_2_178719233_C_T_374167223r14001	TTN	G7736S	G7736
dbsnp_benign	gnomad_2_178719315_A_C_371496970r14002	TTN	I7708M	I7708
dbsnp_benign	gnomad_2_178719425_G_A_201653851r14004	TTN	R7672C	R7672
dbsnp_benign	gnomad_2_178720064_C_T_138076523r14005	TTN	A7543T	A7543
dbsnp_benign	gnomad_2_178720104_G_C_149523263r14006	TTN	F7529L	F7529
dbsnp_benign	gnomad_2_178720460_C_T_72648973r14008	TTN	D7451N	D7451
dbsnp_benign	gnomad_2_178720530_G_C_72648972r14010	TTN	N7427K	N7427
dbsnp_benign	gnomad_2_178720585_G_A_17452588r14012	TTN	S7409L	S7409
dbsnp_benign	gnomad_2_178720990_C_T_367826445r14014	TTN	G7360R	G7360
dbsnp_benign	gnomad_2_178721053_T_C_184123332r14015	TTN	N7339D	N7339
dbsnp_benign	gnomad_2_178721877_C_G_72648970r14016	TTN	D7279H	D7279
dbsnp_benign	gnomad_2_178722029_C_T_72648969r14018	TTN	R7228Q	R7228
dbsnp_benign	gnomad_2_178722367_C_T_759713604r14019	TTN	A7157T	A7157
dbsnp_benign	gnomad_2_178723207_C_T_375627540r14020	TTN	G6950D	G6950
dbsnp_benign	gnomad_2_178723228_G_T_187925021r14021	TTN	S6943Y	S6943
dbsnp_benign	gnomad_2_178723432_C_T_138853909r14023	TTN	R6906H	R6906
dbsnp_benign	gnomad_2_178723444_G_A_201029552r14024	TTN	S6902F	S6902
dbsnp_benign	gnomad_2_178723444_G_T_201029552r14025	TTN	S6902Y	S6902
dbsnp_benign	gnomad_2_178723895_C_T_201394117r14026	TTN	A6805T	A6805
dbsnp_benign	gnomad_2_178724062_T_C_553548392r14027	TTN	K6749R	K6749
dbsnp_benign	gnomad_2_178724086_C_T_72648964r14028	TTN	G6741D	G6741
dbsnp_benign	gnomad_2_178724269_C_T_72648962r14029	TTN	D6719N	D6719
dbsnp_benign	gnomad_2_178724356_T_A_114626713r14031	TTN	I6690F	I6690
dbsnp_benign	gnomad_2_178725406_C_G_200118743r14033	TTN	G6616A	G6616
dbsnp_benign	gnomad_2_178725412_T_C_200866883r14034	TTN	N6614S	N6614
dbsnp_benign	gnomad_2_178725432_C_T_369993514r14035	TTN	K6607K	K6607
dbsnp_benign	gnomad_2_178725602_C_T_17355460r14036	TTN	G6551R	G6551
dbsnp_benign	gnomad_2_178725904_T_G_768932465r14038	TTN	K6489N	K6489
dbsnp_benign	gnomad_2_178725981_C_T_72648958r14039	TTN	E6464K	E6464
dbsnp_benign	gnomad_2_178725987_T_A_149470241r14040	TTN	S6462C	S6462
dbsnp_benign	gnomad_2_178727129_C_T_202108224r14041	TTN	A6429T	A6429
dbsnp_benign	gnomad_2_178727190_T_C_146627500r14043	TTN	I6408M	I6408
dbsnp_benign	gnomad_2_178727218_A_T_28626194r14045	TTN	M6399K	M6399
dbsnp_benign	gnomad_2_178727370_T_A_146828735r14047	TTN	E6348D	E6348
dbsnp_benign	gnomad_2_178727602_G_A_16866475r14048	TTN	T6342M	T6342
dbsnp_benign	gnomad_2_178727602_G_T_16866475r14049	TTN	T6342K	T6342
dbsnp_benign	gnomad_2_178727760_T_C_397517492r14051	TTN	K6289K	K6289
dbsnp_benign	gnomad_2_178727760_T_G_397517492r14053	TTN	K6289N	K6289
dbsnp_benign	gnomad_2_178728277_T_A_199796249r14054	TTN	K6199M	K6199
dbsnp_benign	gnomad_2_178728543_A_G_76771282r14055	TTN	N6144N	N6144
dbsnp_benign	gnomad_2_178728543_A_T_76771282r14057	TTN	N6144K	N6144
dbsnp_benign	gnomad_2_178728570_G_A_369275615r14058	TTN	S6135S	S6135
dbsnp_benign	gnomad_2_178728722_T_C_72648954r14059	TTN	M6085V	M6085
dbsnp_benign	gnomad_2_178729034_T_C_72648951r14061	TTN	D6018G	D6018
dbsnp_benign	gnomad_2_178729332_T_C_184412722r14063	TTN	N5958S	N5958
dbsnp_benign	gnomad_2_178729411_C_T_201263441r14065	TTN	D5932N	D5932
dbsnp_benign	gnomad_2_178729497_C_G_191692293r14066	TTN	C5903S	C5903
dbsnp_benign	gnomad_2_178729874_A_C_370812788r14067	TTN	C5810G	C5810
dbsnp_benign	gnomad_2_178729928_T_C_73973139r14068	TTN	K5792E	K5792
dbsnp_benign	gnomad_2_178730544_C_T_72648946r14070	TTN	A5680T	A5680
dbsnp_benign	gnomad_2_178730645_T_C_146983095r14072	TTN	E5646G	E5646
dbsnp_benign	gnomad_2_178730700_A_G_776790387r14074	TTN	S5628P	S5628
dbsnp_benign	gnomad_2_178730700_A_C_776790387r14075	TTN	S5628A	S5628
dbsnp_benign	gnomad_2_178730979_C_T_561557554r14077	TTN	E5579K	E5579
dbsnp_benign	gnomad_2_178731122_C_T_185962498r14078	TTN	G5531E	G5531
dbsnp_benign	gnomad_2_178731447_G_A_760724229r14079	TTN	D5456D	D5456
dbsnp_benign	gnomad_2_178731454_G_C_16866477r14080	TTN	T5454S	T5454
dbsnp_benign	gnomad_2_178731466_C_T_200692495r14082	TTN	S5450N	S5450
dbsnp_benign	gnomad_2_178731542_G_A_72648943r14084	TTN	L5425F	L5425
dbsnp_benign	gnomad_2_178731827_T_C_72648942r14085	TTN	Y5366C	Y5366
dbsnp_benign	gnomad_2_178732515_C_A_72648940r14087	TTN	D5199Y	D5199
dbsnp_benign	gnomad_2_178732532_T_C_72648939r14088	TTN	Y5193C	Y5193
dbsnp_benign	gnomad_2_178732546_A_G_201625116r14090	TTN	S5188S	S5188
dbsnp_benign	gnomad_2_178732546_A_T_201625116r14091	TTN	S5188R	S5188
dbsnp_benign	gnomad_2_178732863_T_C_190636272r14092	TTN	K5121R	K5121
dbsnp_benign	gnomad_2_178732873_C_T_72648937r14094	TTN	V5118M	V5118
dbsnp_benign	gnomad_2_178733081_G_A_72648935r14096	TTN	N5048N	N5048
dbsnp_benign	gnomad_2_178733307_C_T_202234492r14098	TTN	G5012D	G5012
dbsnp_benign	gnomad_2_178733433_G_A_148551876r14099	TTN	T4970M	T4970
dbsnp_benign	gnomad_2_178733826_T_G_72648930r14100	TTN	Q4871P	Q4871
dbsnp_benign	gnomad_2_178733847_C_G_201185434r14101	TTN	G4864A	G4864
dbsnp_benign	gnomad_2_178734746_C_T_72648929r14103	TTN	V4743I	V4743
dbsnp_benign	gnomad_2_178734746_C_G_72648929r14104	TTN	V4743L	V4743
dbsnp_benign	gnomad_2_178734940_G_C_72648927r14105	TTN	P4678R	P4678
dbsnp_benign	gnomad_2_178740031_C_T_200431386r14107	TTN	R4084Q	R4084
dbsnp_benign	gnomad_2_178740039_T_C_375347596r14109	TTN	Q4081Q	Q4081
dbsnp_benign	gnomad_2_178740039_T_G_375347596r14111	TTN	Q4081H	Q4081
dbsnp_benign	gnomad_2_178740247_C_T_199560188r14112	TTN	R4012K	R4012
dbsnp_benign	gnomad_2_178740278_C_T_150137596r14114	TTN	A4002T	A4002
dbsnp_benign	gnomad_2_178740485_C_T_201437752r14116	TTN	V3933M	V3933
dbsnp_benign	gnomad_2_178740500_T_G_199652066r14118	TTN	N3928H	N3928
dbsnp_benign	gnomad_2_178741514_G_C_55853696r14120	TTN	L3590V	L3590
dbsnp_benign	gnomad_2_178741561_G_A_148164929r14122	TTN	T3574I	T3574
dbsnp_benign	gnomad_2_178741863_T_C_72648918r14123	TTN	Q3473Q	Q3473
dbsnp_benign	gnomad_2_178746399_G_A_151253841r14125	TTN	P5334L	P5334
dbsnp_benign	gnomad_2_178748537_C_T_77419653r14127	TTN	M4621I	M4621
dbsnp_benign	gnomad_2_178748541_T_G_139172299r14129	TTN	Q4620P	Q4620
dbsnp_benign	gnomad_2_178748922_T_G_78457662r14131	TTN	K4493T	K4493
dbsnp_benign	gnomad_2_178750333_C_T_143253411r14133	TTN	G4023R	G4023
dbsnp_benign	gnomad_2_178750659_G_C_116593093r14135	TTN	T3914R	T3914
dbsnp_benign	gnomad_2_178756545_C_T_78535378r14137	TTN	S3473N	S3473
dbsnp_benign	gnomad_2_178756750_T_C_6433728r14139	TTN	T3405A	T3405
dbsnp_benign	gnomad_2_178757842_G_C_201735487r14140	TTN	P3414A	P3414
dbsnp_benign	gnomad_2_178759124_C_T_187703540r14141	TTN	R3388Q	R3388
dbsnp_benign	gnomad_2_178764191_C_T_34819099r14143	TTN	R3367Q	R3367
dbsnp_benign	gnomad_2_178764203_C_T_148169214r14145	TTN	R3363H	R3363
dbsnp_benign	gnomad_2_178764688_T_C_377049518r14146	TTN	E3276G	E3276
dbsnp_benign	gnomad_2_178766565_G_A_151129843r14147	TTN	D3173D	D3173
dbsnp_benign	gnomad_2_178766565_G_T_151129843r14148	TTN	D3173E	D3173
dbsnp_benign	gnomad_2_178766599_T_C_727503681r14149	TTN	Q3162R	Q3162
dbsnp_benign	gnomad_2_178767807_A_G_766671126r14150	TTN	F3141F	F3141
dbsnp_benign	gnomad_2_178767828_G_A_587780987r14151	TTN	N3134N	N3134
dbsnp_benign	gnomad_2_178767871_C_T_72647894r14152	TTN	R3120Q	R3120
dbsnp_benign	gnomad_2_178767892_C_T_141258018r14154	TTN	R3113H	R3113
dbsnp_benign	gnomad_2_178768029_A_G_373366126r14155	TTN	L3097P	L3097
dbsnp_benign	gnomad_2_178768029_A_T_373366126r14156	TTN	L3097Q	L3097
dbsnp_benign	gnomad_2_178768759_T_A_11900987r14157	TTN	N3026I	N3026
dbsnp_benign	gnomad_2_178768898_C_T_72647885r14159	TTN	A2980T	A2980
dbsnp_benign	gnomad_2_178769793_C_T_56373393r14161	TTN	V2930I	V2930
dbsnp_benign	gnomad_2_178770234_C_A_33917087r14163	TTN	V2823F	V2823
dbsnp_benign	gnomad_2_178770478_C_T_143035953r14165	TTN	V2772M	V2772
dbsnp_benign	gnomad_2_178771258_G_A_374620001r14167	TTN	T2690I	T2690
dbsnp_benign	gnomad_2_178771366_C_T_147207100r14168	TTN	R2654K	R2654
dbsnp_benign	gnomad_2_178771436_C_T_766753906r14170	TTN	V2631I	V2631
dbsnp_benign	gnomad_2_178773224_A_C_146590898r14171	TTN	I2580M	I2580
dbsnp_benign	gnomad_2_178773345_C_T_397517725r14173	TTN	R2540H	R2540
dbsnp_benign	gnomad_2_178773533_T_C_146970027r14174	TTN	H2508R	H2508
dbsnp_benign	gnomad_2_178773673_C_T_752865519r14175	TTN	K2461K	K2461
dbsnp_benign	gnomad_2_178774107_C_T_75031300r14176	TTN	R2354H	R2354
dbsnp_benign	gnomad_2_178781235_C_G_72647870r14178	TTN	G1137R	G1137
dbsnp_benign	gnomad_2_178781258_T_C_181375012r14180	TTN	K1129R	K1129
dbsnp_benign	gnomad_2_178781258_T_G_181375012r14181	TTN	K1129T	K1129
dbsnp_benign	gnomad_2_178782351_C_T_55914517r14182	TTN	A1081T	A1081
dbsnp_benign	gnomad_2_178782806_C_T_142951505r14183	TTN	V1034M	V1034
dbsnp_benign	gnomad_2_178784080_C_T_56046320r14184	TTN	R922H	R922
dbsnp_benign	gnomad_2_178784341_G_T_200572298r14186	TTN	A835D	A835
dbsnp_benign	gnomad_2_178785727_C_T_766935265r14187	TTN	D796N	D796
dbsnp_benign	gnomad_2_178785948_G_A_116307796r14188	TTN	P757L	P757
dbsnp_benign	gnomad_2_178785954_G_A_533384820r14190	TTN	S755L	S755
dbsnp_benign	gnomad_2_178790799_G_A_146690035r14191	TTN	A570V	A570
dbsnp_benign	gnomad_2_178793448_C_T_72647851r14193	TTN	V498I	V498
dbsnp_benign	gnomad_2_178794464_C_T_142414432r14195	TTN	A445T	A445
dbsnp_benign	gnomad_2_178794500_C_T_146000949r14197	TTN	V433I	V433
dbsnp_benign	gnomad_2_178794954_C_T_112266780r14198	TTN	A405T	A405
dbsnp_benign	gnomad_2_178795088_C_G_56128843r14200	TTN	R360T	R360
dbsnp_benign	gnomad_2_178795101_C_G_144531477r14202	TTN	E356Q	E356
dbsnp_benign	gnomad_2_178795164_C_T_72647846r14203	TTN	V335M	V335
dbsnp_benign	gnomad_2_178795197_G_A_72647845r14205	TTN	P324S	P324
dbsnp_benign	gnomad_2_178800436_C_T_72647843r14206	TTN	S181N	S181
dbsnp_benign	gnomad_2_178802248_C_T_758169489r14208	TTN	R62H	R62
dbsnp_benign	gnomad_2_178802255_C_A_35683768r14210	TTN	D60Y	D60
dbsnp_benign	gnomad_2_178804600_C_T_201857541r14212	TTN	V15I	V15
dbsnp_benign	gnomad_2_178774984_C_A_138787974r14213	TTN	D2243Y	D2243
dbsnp_benign	gnomad_2_178775194_A_C_760798049r14215	TTN	L2173V	L2173
dbsnp_benign	gnomad_2_178775194_A_G_760798049r14216	TTN	L2173L	L2173
dbsnp_benign	gnomad_2_178775505_C_A_141142920r14217	TTN	R2120L	R2120
dbsnp_benign	gnomad_2_178775505_C_T_141142920r14218	TTN	R2120Q	R2120
dbsnp_benign	gnomad_2_178775511_A_G_56404770r14220	TTN	I2118T	I2118
dbsnp_benign	gnomad_2_178775871_C_T_144135510r14222	TTN	R1998H	R1998
dbsnp_benign	gnomad_2_178775989_A_T_562856820r14223	TTN	F1959I	F1959
dbsnp_benign	gnomad_2_178776196_G_A_146496197r14225	TTN	R1890C	R1890
dbsnp_benign	gnomad_2_178776385_C_A_141213991r14226	TTN	A1827S	A1827
dbsnp_benign	gnomad_2_178776633_G_A_75686037r14227	TTN	P1744L	P1744
dbsnp_benign	gnomad_2_178777224_G_A_73973147r14229	TTN	T1580M	T1580
dbsnp_benign	gnomad_2_178777435_T_C_72647877r14231	TTN	I1544V	I1544
dbsnp_benign	gnomad_2_178777788_A_G_151310601r14233	TTN	F1466L	F1466
dbsnp_benign	gnomad_2_178777825_T_A_376857956r14234	TTN	R1453S	R1453
dbsnp_benign	gnomad_2_178777856_A_G_142317580r14236	TTN	L1443P	L1443
dbsnp_benign	gnomad_2_178777862_C_G_72647876r14238	TTN	R1441P	R1441
dbsnp_benign	gnomad_2_178777892_C_T_373690688r14240	TTN	R1431Q	R1431
dbsnp_benign	gnomad_2_178777938_G_A_72647875r14241	TTN	R1416C	R1416
dbsnp_benign	gnomad_2_178778883_C_G_138506461r14243	TTN	S1400T	S1400
dbsnp_benign	gnomad_2_178778905_T_C_16866531r14244	TTN	I1393V	I1393
dbsnp_benign	gnomad_2_178778995_T_C_768249663r14246	TTN	T1363A	T1363
dbsnp_benign	gnomad_2_178779006_T_C_370978752r14247	TTN	E1359G	E1359
dbsnp_benign	gnomad_2_178779006_T_G_370978752r14248	TTN	E1359A	E1359
dbsnp_benign	gnomad_2_178779048_C_T_36021856r14249	TTN	G1345D	G1345
dbsnp_benign	gnomad_2_178780061_G_A_78269740r14251	TTN	A1223V	A1223
dbsnp_benign	gnomad_2_178780124_A_G_150667217r14252	TTN	V1202A	V1202
dbsnp_benign	gnomad_2_178642297_C_A_201944202r14253	TTN	V11859F	V11859
dbsnp_benign	gnomad_2_178646532_G_A_537578226r14254	TTN	P256L	P256
dbsnp_benign	gnomad_2_178646559_T_C_183950862r14255	TTN	E247G	E247
dbsnp_benign	gnomad_2_178649608_C_A_553280930r14256	TTN	V146F	V146
dbsnp_benign	gnomad_2_178650756_G_C_72650066r14258	TTN	P11728R	P11728
dbsnp_benign	gnomad_2_178650756_G_T_72650066r14260	TTN	P11728Q	P11728
dbsnp_benign	gnomad_2_178650771_G_A_148140756r14261	TTN	A11723V	A11723
dbsnp_benign	gnomad_2_178651252_G_A_186404793r14262	TTN	P11699S	P11699
dbsnp_benign	gnomad_2_178651534_G_T_72650064r14263	TTN	P11649T	P11649
dbsnp_benign	gnomad_2_178651740_G_A_370520319r14264	TTN	P11623L	P11623
dbsnp_benign	gnomad_2_178651744_C_T_774557269r14265	TTN	V11622I	V11622
dbsnp_benign	gnomad_2_178652503_C_T_73038314r14266	TTN	V11521M	V11521
dbsnp_benign	gnomad_2_178652535_T_C_368056479r14268	TTN	E11510G	E11510
dbsnp_benign	gnomad_2_178652878_G_A_150223722r14269	TTN	P12977S	P12977
dbsnp_benign	gnomad_2_178654210_T_C_189389531r14271	TTN	K12793R	K12793
dbsnp_benign	gnomad_2_178658723_C_T_201797790r14273	TTN	E11446K	E11446
dbsnp_benign	gnomad_2_178658787_T_A_200021871r14274	TTN	E11424D	E11424
dbsnp_benign	gnomad_2_178659026_G_A_200992277r14276	TTN	P10574S	P10574
dbsnp_benign	gnomad_2_178661797_G_A_370765948r14278	TTN	S12416L	S12416
dbsnp_benign	gnomad_2_178662368_G_A_201474544r14279	TTN	P12337S	P12337
dbsnp_benign	gnomad_2_178662542_C_T_1405466072r14282	TTN	A12317T	A12317
dbsnp_benign	gnomad_2_178663290_T_C_200815663r14283	TTN	K12226E	K12226
dbsnp_benign	gnomad_2_178663650_T_A_200840285r14284	TTN	E12170V	E12170
dbsnp_benign	gnomad_2_178663698_G_C_371580084r14286	TTN	P12154R	P12154
dbsnp_benign	gnomad_2_178664032_T_C_200513156r14287	TTN	E12116G	E12116
dbsnp_benign	gnomad_2_178664094_G_A_201184203r14288	TTN	H12095H	H12095
dbsnp_benign	gnomad_2_178664094_G_C_201184203r14289	TTN	H12095Q	H12095
dbsnp_benign	gnomad_2_178664730_T_G_113231696r14290	TTN	E12042D	E12042
dbsnp_benign	gnomad_2_178671134_T_G_189966800r14292	TTN	K11381T	K11381
dbsnp_benign	gnomad_2_178672228_C_T_59887778r14293	TTN	R11283H	R11283
dbsnp_benign	gnomad_2_178672473_C_T_202014478r14295	TTN	V11248I	V11248
dbsnp_benign	gnomad_2_178675085_T_G_140640738r14297	TTN	E11148D	E11148
dbsnp_benign	gnomad_2_178677272_T_C_568554504r14299	TTN	K11436R	K11436
dbsnp_benign	gnomad_2_178677696_G_T_532102837r14300	TTN	P11089T	P11089
dbsnp_benign	gnomad_2_178678443_G_C_372841136r14302	TTN	P10977R	P10977
dbsnp_benign	gnomad_2_178678468_C_T_376874956r14303	TTN	E10969K	E10969
dbsnp_benign	gnomad_2_178680256_C_G_72650040r14304	TTN	R10822T	R10822
dbsnp_benign	gnomad_2_178682738_C_T_72650034r14306	TTN	R10701Q	R10701
dbsnp_benign	gnomad_2_178682837_C_G_181395238r14308	TTN	R10668P	R10668
dbsnp_benign	gnomad_2_178682837_C_T_181395238r14309	TTN	R10668Q	R10668
dbsnp_benign	gnomad_2_178682838_G_A_201991864r14310	TTN	R10668W	R10668
dbsnp_benign	gnomad_2_178684055_G_A_73973137r14311	TTN	P10600L	P10600
dbsnp_benign	gnomad_2_178684055_G_T_73973137r14312	TTN	P10600Q	P10600
dbsnp_benign	gnomad_2_178684062_C_G_72650032r14313	TTN	A10598P	A10598
dbsnp_benign	gnomad_2_178684349_C_T_397517542r14314	TTN	E10584E	E10584
dbsnp_benign	gnomad_2_178684404_C_T_116676813r14315	TTN	R10566K	R10566
dbsnp_benign	gnomad_2_178684680_G_A_72650031r14317	TTN	P10558L	P10558
dbsnp_benign	gnomad_2_178684711_C_G_150733188r14319	TTN	V10548L	V10548
dbsnp_benign	gnomad_2_178684711_C_T_150733188r14320	TTN	V10548I	V10548
dbsnp_benign	gnomad_2_178684747_G_A_201738153r14321	TTN	P10536S	P10536
dbsnp_benign	gnomad_2_178684980_G_A_72650030r14322	TTN	A10510V	A10510
dbsnp_benign	gnomad_2_178685261_G_A_146400809r14324	TTN	P10504L	P10504
dbsnp_benign	gnomad_2_178685560_G_C_72650029r14326	TTN	L10467V	L10467
dbsnp_benign	gnomad_2_178709578_T_C_371826762r14327	TTN	I9264V	I9264
dbsnp_benign	gnomad_2_178709638_C_T_373380202r14329	TTN	A9244T	A9244
dbsnp_benign	gnomad_2_178709641_C_T_771843862r14330	TTN	D9243N	D9243
dbsnp_benign	gnomad_2_178709772_C_T_374156904r14331	TTN	R9199H	R9199
dbsnp_benign	gnomad_2_178709812_C_T_202160275r14333	TTN	V9186I	V9186
dbsnp_benign	gnomad_2_178709854_G_A_200489972r14334	TTN	R9172W	R9172
dbsnp_benign	gnomad_2_178710744_G_A_777096848r14335	TTN	S9134S	S9134
dbsnp_benign	gnomad_2_178710784_C_T_72648998r14336	TTN	R9121Q	R9121
dbsnp_benign	gnomad_2_178711105_G_A_72648997r14338	TTN	N9060N	N9060
dbsnp_benign	gnomad_2_178711225_G_A_757848062r14339	TTN	D9020D	D9020
dbsnp_benign	gnomad_2_178712037_T_G_397517524r14340	TTN	N8948H	N8948
dbsnp_benign	gnomad_2_178712752_G_A_375546576r14341	TTN	C8774C	C8774
dbsnp_benign	gnomad_2_178712901_C_T_766095051r14342	TTN	V8725I	V8725
dbsnp_benign	gnomad_2_178713316_C_T_201005813r14344	TTN	G8623S	G8623
dbsnp_benign	gnomad_2_178713986_T_C_146057575r14345	TTN	N8574S	N8574
dbsnp_benign	gnomad_2_178714164_T_C_72648989r14347	TTN	I8515V	I8515
dbsnp_benign	gnomad_2_178714529_C_T_16866457r14348	TTN	V8432I	V8432
dbsnp_benign	gnomad_2_178688168_C_T_72650028r14350	TTN	V10435I	V10435
dbsnp_benign	gnomad_2_178688688_G_A_115119858r14352	TTN	T10412M	T10412
dbsnp_benign	gnomad_2_178689852_C_T_139790668r14353	TTN	V10286I	V10286
dbsnp_benign	gnomad_2_178692021_G_T_200459347r14355	TTN	P10269Q	P10269
dbsnp_benign	gnomad_2_178692021_G_C_200459347r14356	TTN	P10269R	P10269
dbsnp_benign	gnomad_2_178692530_T_C_376613199r14357	TTN	I10232V	I10232
dbsnp_benign	gnomad_2_178692530_T_A_376613199r14358	TTN	I10232F	I10232
dbsnp_benign	gnomad_2_178693994_T_C_370208651r14359	TTN	T10164A	T10164
dbsnp_benign	gnomad_2_178694626_C_T_72650019r14360	TTN	V10150I	V10150
dbsnp_benign	gnomad_2_178698879_C_A_111671438r14362	TTN	V9923F	V9923
dbsnp_benign	gnomad_2_178702194_G_A_200593368r14363	TTN	T9845M	T9845
dbsnp_benign	gnomad_2_178704189_T_G_184153985r14364	TTN	K9744Q	K9744
dbsnp_benign	gnomad_2_178704189_T_C_184153985r14365	TTN	K9744E	K9744
dbsnp_benign	gnomad_2_178704534_C_T_189286381r14366	TTN	A9663T	A9663
dbsnp_benign	gnomad_2_178704660_T_A_72650006r14367	TTN	T9621S	T9621
dbsnp_benign	gnomad_2_178706644_G_A_375266859r14369	TTN	R9427C	R9427
dbsnp_benign	gnomad_2_178706868_C_T_72649002r14370	TTN	V9393I	V9393
dbsnp_benign	gnomad_2_178707597_G_A_200049911r14372	TTN	S9340L	S9340
dbsnp_benign	gnomad_2_178735573_T_C_530572005r14373	TTN	Y4641C	Y4641
dbsnp_benign	gnomad_2_178735576_G_C_72648925r14374	TTN	T4640S	T4640
dbsnp_benign	gnomad_2_178735576_G_T_72648925r14376	TTN	T4640N	T4640
dbsnp_benign	gnomad_2_178735658_G_T_201744218r14377	TTN	P4613T	P4613
dbsnp_benign	gnomad_2_178735681_C_T_184740744r14378	TTN	S4605N	S4605
dbsnp_benign	gnomad_2_178735913_C_T_373378672r14380	TTN	D4528N	D4528
dbsnp_benign	gnomad_2_178735960_T_G_375177753r14381	TTN	Q4512P	Q4512
dbsnp_benign	gnomad_2_178738221_G_T_55906845r14382	TTN	D4427E	D4427
dbsnp_benign	gnomad_2_178738221_G_A_55906845r14383	TTN	D4427D	D4427
dbsnp_benign	gnomad_2_178739257_T_C_34706803r14384	TTN	Y4342C	Y4342
dbsnp_benign	gnomad_2_178527521_T_C_201835888r14385	TTN	S34228G	S34228
dbsnp_benign	gnomad_2_178527550_A_G_72629793r14386	TTN	M34218T	M34218
dbsnp_benign	gnomad_2_178528662_C_G_199531140r14387	TTN	E34056Q	E34056
dbsnp_benign	gnomad_2_178528671_G_C_769369764r14388	TTN	L34053V	L34053
dbsnp_benign	gnomad_2_178528796_C_T_200497615r14390	TTN	R34011Q	R34011
dbsnp_benign	gnomad_2_178528931_G_A_377337528r14391	TTN	A33966V	A33966
dbsnp_benign	gnomad_2_178528964_G_A_55842557r14392	TTN	T33955I	T33955
dbsnp_benign	gnomad_2_178529113_C_T_56324602r14394	TTN	R33905R	R33905
dbsnp_benign	gnomad_2_178529132_A_G_55880440r14396	TTN	I33899T	I33899
dbsnp_benign	gnomad_2_178529171_T_A_55725279r14398	TTN	E33886V	E33886
dbsnp_benign	gnomad_2_178530023_A_G_199663911r14399	TTN	Y33849H	Y33849
dbsnp_benign	gnomad_2_178530827_G_A_66961115r14400	TTN	A33622V	A33622
dbsnp_benign	gnomad_2_178530828_C_A_67254537r14403	TTN	A33622S	A33622
dbsnp_benign	gnomad_2_178530846_C_T_56324595r14405	TTN	E33616K	E33616
dbsnp_benign	gnomad_2_178530962_A_G_143499441r14407	TTN	I33577T	I33577
dbsnp_benign	gnomad_2_178531086_C_T_55865284r14409	TTN	V33536M	V33536
dbsnp_benign	gnomad_2_178531095_G_A_778207634r14411	TTN	R33533C	R33533
dbsnp_benign	gnomad_2_178531103_G_A_774524898r14412	TTN	T33530I	T33530
dbsnp_benign	gnomad_2_178531125_G_A_200123047r14413	TTN	R33523C	R33523
dbsnp_benign	gnomad_2_178531209_G_A_372875128r14414	TTN	R33495W	R33495
dbsnp_benign	gnomad_2_178531209_G_C_372875128r14415	TTN	R33495G	R33495
dbsnp_benign	gnomad_2_178531232_G_A_758458467r14416	TTN	A33487V	A33487
dbsnp_benign	gnomad_2_178531403_G_C_3813249r14417	TTN	S33430C	S33430
dbsnp_benign	gnomad_2_178531435_C_G_56308529r14419	TTN	E33419D	E33419
dbsnp_benign	gnomad_2_178531488_G_A_200378865r14421	TTN	R33402C	R33402
dbsnp_benign	gnomad_2_178531841_T_G_201218828r14422	TTN	E33284A	E33284
dbsnp_benign	gnomad_2_178532039_C_T_68080670r14423	TTN	R33218Q	R33218
dbsnp_benign	gnomad_2_178532093_C_T_373709706r14425	TTN	R33200H	R33200
dbsnp_benign	gnomad_2_178532238_T_G_72629787r14426	TTN	M33152L	M33152
dbsnp_benign	gnomad_2_178532250_C_T_190565627r14428	TTN	E33148K	E33148
dbsnp_benign	gnomad_2_178532268_G_A_539735520r14429	TTN	L33142F	L33142
dbsnp_benign	gnomad_2_178532364_C_G_185683410r14430	TTN	A33110P	A33110
dbsnp_benign	gnomad_2_178532622_G_C_370890922r14431	TTN	L33024V	L33024
dbsnp_benign	gnomad_2_178532702_C_T_371528685r14432	TTN	R32997H	R32997
dbsnp_benign	gnomad_2_178532927_A_G_55945684r14433	TTN	V32922A	V32922
dbsnp_benign	gnomad_2_178533185_A_G_751914956r14435	TTN	I32836T	I32836
dbsnp_benign	gnomad_2_178533198_C_T_188917199r14436	TTN	V32832I	V32832
dbsnp_benign	gnomad_2_178533203_C_T_149391616r14437	TTN	R32830Q	R32830
dbsnp_benign	gnomad_2_178533252_G_A_72629785r14438	TTN	R32814C	R32814
dbsnp_benign	gnomad_2_178533323_G_A_192001910r14439	TTN	T32790M	T32790
dbsnp_benign	gnomad_2_178533631_G_A_541125667r14440	TTN	D32687D	D32687
dbsnp_benign	gnomad_2_178533782_C_A_3731752r14441	TTN	G32637V	G32637
dbsnp_benign	gnomad_2_178533825_G_A_773984912r14443	TTN	L32623F	L32623
dbsnp_benign	gnomad_2_178533864_T_C_56173891r14444	TTN	M32610V	M32610
dbsnp_benign	gnomad_2_178534020_T_C_56347248r14445	TTN	I32558V	I32558
dbsnp_benign	gnomad_2_178534344_G_A_140319117r14447	TTN	R32450W	R32450
dbsnp_benign	gnomad_2_178534512_C_T_144963736r14448	TTN	D32394N	D32394
dbsnp_benign	gnomad_2_178534724_C_T_55669553r14450	TTN	R32323H	R32323
dbsnp_benign	gnomad_2_178534812_T_C_56376197r14452	TTN	I32294V	I32294
dbsnp_benign	gnomad_2_178534849_C_G_55886356r14454	TTN	Q32281H	Q32281
dbsnp_benign	gnomad_2_178534950_C_T_34924609r14456	TTN	V32248I	V32248
dbsnp_benign	gnomad_2_178535324_G_T_773542514r14458	TTN	A32123D	A32123
dbsnp_benign	gnomad_2_178535370_C_T_201554140r14459	TTN	V32108M	V32108
dbsnp_benign	gnomad_2_178535403_G_A_56273463r14460	TTN	R32097C	R32097
dbsnp_benign	gnomad_2_178535633_C_T_201857158r14462	TTN	R32020K	R32020
dbsnp_benign	gnomad_2_178536168_C_T_2278196r14463	TTN	V31886I	V31886
dbsnp_benign	gnomad_2_178536288_G_A_72629779r14465	TTN	P31846S	P31846
dbsnp_benign	gnomad_2_178536347_A_C_200166942r14467	TTN	V31826G	V31826
dbsnp_benign	gnomad_2_178536521_C_T_201112096r14468	TTN	C31768Y	C31768
dbsnp_benign	gnomad_2_178537013_C_T_55675869r14469	TTN	V31725I	V31725
dbsnp_benign	gnomad_2_178537015_C_T_55742743r14471	TTN	R31724Q	R31724
dbsnp_benign	gnomad_2_178537118_A_G_56061641r14473	TTN	C31690R	C31690
dbsnp_benign	gnomad_2_178537143_C_A_775769503r14475	TTN	W31681C	W31681
dbsnp_benign	gnomad_2_178537143_C_T_775769503r14476	TTN	W31681NA	W31681
dbsnp_benign	gnomad_2_178537208_C_T_72648278r14477	TTN	E31660K	E31660
dbsnp_benign	gnomad_2_178537377_C_T_397517781r14478	TTN	G31636E	G31636
dbsnp_benign	gnomad_2_178538667_C_T_368686031r14480	TTN	K31413K	K31413
dbsnp_benign	gnomad_2_178538798_A_T_78814506r14481	TTN	S31370T	S31370
dbsnp_benign	gnomad_2_178538975_G_A_746380940r14483	TTN	S31346F	S31346
dbsnp_benign	gnomad_2_178538976_A_G_758494581r14484	TTN	S31346P	S31346
dbsnp_benign	gnomad_2_178539219_C_T_182683829r14485	TTN	V31265I	V31265
dbsnp_benign	gnomad_2_178539460_G_A_186244950r14487	TTN	R31228C	R31228
dbsnp_benign	gnomad_2_178539565_C_T_199761901r14488	TTN	E31193K	E31193
dbsnp_benign	gnomad_2_178539675_T_C_149001703r14490	TTN	N31156S	N31156
dbsnp_benign	gnomad_2_178539771_G_C_72648273r14492	TTN	A31124G	A31124
dbsnp_benign	gnomad_2_178539798_G_A_199805060r14494	TTN	T31115I	T31115
dbsnp_benign	gnomad_2_178539901_T_A_72648270r14495	TTN	I31081F	I31081
dbsnp_benign	gnomad_2_178540307_G_A_397517772r14497	TTN	A30979V	A30979
dbsnp_benign	gnomad_2_178541317_C_T_55704830r14498	TTN	R30946H	R30946
dbsnp_benign	gnomad_2_178541317_C_G_55704830r14499	TTN	R30946P	R30946
dbsnp_benign	gnomad_2_178541335_C_A_397517771r14500	TTN	G30940V	G30940
dbsnp_benign	gnomad_2_178541360_G_A_569593251r14501	TTN	R30932C	R30932
dbsnp_benign	gnomad_2_178541553_T_G_755848026r14502	TTN	I30867I	I30867
dbsnp_benign	gnomad_2_178541553_T_C_755848026r14503	TTN	I30867M	I30867
dbsnp_benign	gnomad_2_178542266_A_G_55660660r14504	TTN	I30856T	I30856
dbsnp_benign	gnomad_2_178542275_C_T_371645048r14506	TTN	R30853H	R30853
dbsnp_benign	gnomad_2_178542321_G_T_200148139r14507	TTN	R30838S	R30838
dbsnp_benign	gnomad_2_178542338_C_T_397517770r14508	TTN	R30832H	R30832
dbsnp_benign	gnomad_2_178542425_C_G_184922462r14509	TTN	R30803P	R30803
dbsnp_benign	gnomad_2_178542425_C_T_184922462r14510	TTN	R30803H	R30803
dbsnp_benign	gnomad_2_178542755_G_A_202064385r14511	TTN	R30726C	R30726
dbsnp_benign	gnomad_2_178542856_C_T_138846756r14512	TTN	R30692H	R30692
dbsnp_benign	gnomad_2_178542910_G_A_56027402r14513	TTN	T30674I	T30674
dbsnp_benign	gnomad_2_178543909_C_T_200540781r14515	TTN	D30438N	D30438
dbsnp_benign	gnomad_2_178543909_C_G_200540781r14516	TTN	D30438H	D30438
dbsnp_benign	gnomad_2_178544046_C_T_200648462r14518	TTN	R30392H	R30392
dbsnp_benign	gnomad_2_178544203_A_C_375368824r14519	TTN	I30368R	I30368
dbsnp_benign	gnomad_2_178544203_A_G_375368824r14520	TTN	I30368T	I30368
dbsnp_benign	gnomad_2_178544221_A_G_745962752r14521	TTN	I30362T	I30362
dbsnp_benign	gnomad_2_178545388_A_G_199781261r14522	TTN	Y30267H	Y30267
dbsnp_benign	gnomad_2_178545388_A_T_199781261r14523	TTN	Y30267N	Y30267
dbsnp_benign	gnomad_2_178545457_C_T_72648263r14524	TTN	A30244T	A30244
dbsnp_benign	gnomad_2_178545528_T_C_59148238r14525	TTN	Y30220C	Y30220
dbsnp_benign	gnomad_2_178545555_A_G_62621206r14526	TTN	L30211P	L30211
dbsnp_benign	gnomad_2_178545555_A_C_62621206r14528	TTN	L30211R	L30211
dbsnp_benign	gnomad_2_178545939_G_A_191484894r14529	TTN	S30125F	S30125
dbsnp_benign	gnomad_2_178545966_A_G_72648259r14531	TTN	I30116T	I30116
dbsnp_benign	gnomad_2_178545994_G_A_142525903r14533	TTN	R30107C	R30107
dbsnp_benign	gnomad_2_178546253_G_T_2288326r14534	TTN	A30052D	A30052
dbsnp_benign	gnomad_2_178546284_T_C_72648257r14535	TTN	S30042G	S30042
dbsnp_benign	gnomad_2_178546296_C_T_116567963r14537	TTN	D30038N	D30038
dbsnp_benign	gnomad_2_178546468_G_A_373871146r14539	TTN	H29980H	H29980
dbsnp_benign	gnomad_2_178546485_G_A_72648255r14540	TTN	L29975L	L29975
dbsnp_benign	gnomad_2_178546799_T_C_397517759r14541	TTN	I29902M	I29902
dbsnp_benign	gnomad_2_178546875_A_G_377016580r14542	TTN	V29877A	V29877
dbsnp_benign	gnomad_2_178547610_G_A_184078016r14543	TTN	T29698I	T29698
dbsnp_benign	gnomad_2_178547823_T_G_200766837r14544	TTN	K29627T	K29627
dbsnp_benign	gnomad_2_178548102_C_T_72648251r14545	TTN	R29534H	R29534
dbsnp_benign	gnomad_2_178548495_C_A_570464905r14546	TTN	G29403V	G29403
dbsnp_benign	gnomad_2_178548621_C_A_180975448r14547	TTN	S29361I	S29361
dbsnp_benign	gnomad_2_178548820_C_T_200476500r14548	TTN	V29295I	V29295
dbsnp_benign	gnomad_2_178548927_T_C_186234393r14549	TTN	N29259S	N29259
dbsnp_benign	gnomad_2_178548930_A_G_373727636r14550	TTN	I29258T	I29258
dbsnp_benign	gnomad_2_178548942_C_T_200141081r14551	TTN	R29254Q	R29254
dbsnp_benign	gnomad_2_178549036_C_T_200621611r14552	TTN	D29223N	D29223
dbsnp_benign	gnomad_2_178549089_A_G_77968867r14553	TTN	V29205A	V29205
dbsnp_benign	gnomad_2_178549120_T_G_762590394r14555	TTN	T29195P	T29195
dbsnp_benign	gnomad_2_178549264_C_T_199891245r14556	TTN	G29147S	G29147
dbsnp_benign	gnomad_2_178549450_G_A_72648247r14558	TTN	P29085S	P29085
dbsnp_benign	gnomad_2_178549713_A_G_369342933r14560	TTN	I29029T	I29029
dbsnp_benign	gnomad_2_178549785_T_C_72648245r14561	TTN	N29005S	N29005
dbsnp_benign	gnomad_2_178549838_T_A_144922355r14562	TTN	R28987S	R28987
dbsnp_benign	gnomad_2_178550073_C_T_148617456r14564	TTN	A28948T	A28948
dbsnp_benign	gnomad_2_178550106_C_T_727504672r14566	TTN	V28937I	V28937
dbsnp_benign	gnomad_2_178550195_G_A_553668520r14567	TTN	A28907V	A28907
dbsnp_benign	gnomad_2_178550217_C_T_200854704r14568	TTN	G28900R	G28900
dbsnp_benign	gnomad_2_178550237_T_A_182549226r14569	TTN	D28893V	D28893
dbsnp_benign	gnomad_2_178550265_T_C_72648244r14570	TTN	I28884V	I28884
dbsnp_benign	gnomad_2_178550974_A_G_202185465r14572	TTN	D28878D	D28878
dbsnp_benign	gnomad_2_178551158_C_T_376634713r14573	TTN	S28817N	S28817
dbsnp_benign	gnomad_2_178551811_C_T_762103106r14574	TTN	K28722K	K28722
dbsnp_benign	gnomad_2_178551932_C_T_11887722r14575	TTN	R28682K	R28682
dbsnp_benign	gnomad_2_178551987_A_G_544353741r14577	TTN	Y28664H	Y28664
dbsnp_benign	gnomad_2_178552074_A_C_150430592r14578	TTN	C28635G	C28635
dbsnp_benign	gnomad_2_178552262_A_G_114026724r14580	TTN	I28572T	I28572
dbsnp_benign	gnomad_2_178552364_C_T_149567378r14581	TTN	R28538H	R28538
dbsnp_benign	gnomad_2_178552911_A_T_369855092r14583	TTN	L28356M	L28356
dbsnp_benign	gnomad_2_178552976_G_A_117097948r14585	TTN	A28334V	A28334
dbsnp_benign	gnomad_2_178553192_G_C_72648240r14586	TTN	T28262S	T28262
dbsnp_benign	gnomad_2_178553192_G_A_72648240r14587	TTN	T28262I	T28262
dbsnp_benign	gnomad_2_178553579_C_T_72648238r14588	TTN	R28168Q	R28168
dbsnp_benign	gnomad_2_178553619_C_T_72648237r14590	TTN	V28155M	V28155
dbsnp_benign	gnomad_2_178553688_T_A_77853750r14592	TTN	I28132L	I28132
dbsnp_benign	gnomad_2_178553765_G_C_370568740r14594	TTN	T28106S	T28106
dbsnp_benign	gnomad_2_178554127_C_T_187460377r14595	TTN	G28021S	G28021
dbsnp_benign	gnomad_2_178554139_T_C_200193877r14596	TTN	I28017V	I28017
dbsnp_benign	gnomad_2_178554489_G_A_115070904r14597	TTN	L27979L	L27979
dbsnp_benign	gnomad_2_178554626_C_T_111727915r14598	TTN	R27933H	R27933
dbsnp_benign	gnomad_2_178554949_C_T_376679796r14599	TTN	D27863N	D27863
dbsnp_benign	gnomad_2_178555065_G_A_146181116r14601	TTN	S27824F	S27824
dbsnp_benign	gnomad_2_178555119_G_C_140201636r14602	TTN	T27806R	T27806
dbsnp_benign	gnomad_2_178556857_C_T_189202799r14603	TTN	D27792N	D27792
dbsnp_benign	gnomad_2_178557064_C_T_183013408r14605	TTN	G27723S	G27723
dbsnp_benign	gnomad_2_178557385_G_A_191482653r14606	TTN	R27652C	R27652
dbsnp_benign	gnomad_2_178557731_T_A_201831707r14608	TTN	Y27567F	Y27567
dbsnp_benign	gnomad_2_178557754_C_G_750362675r14609	TTN	M27559I	M27559
dbsnp_benign	gnomad_2_178557942_G_T_72648227r14610	TTN	P27497T	P27497
dbsnp_benign	gnomad_2_178558217_A_C_143975327r14612	TTN	M27405R	M27405
dbsnp_benign	gnomad_2_178558524_C_T_201687390r14613	TTN	V27338I	V27338
dbsnp_benign	gnomad_2_178559449_C_T_201290358r14614	TTN	V27254M	V27254
dbsnp_benign	gnomad_2_178559474_C_T_760858743r14616	TTN	E27245E	E27245
dbsnp_benign	gnomad_2_178560015_C_T_199788826r14617	TTN	R27065Q	R27065
dbsnp_benign	gnomad_2_178560130_T_C_72648225r14618	TTN	I27027V	I27027
dbsnp_benign	gnomad_2_178560481_G_T_142478636r14619	TTN	P26910T	P26910
dbsnp_benign	gnomad_2_178560616_G_T_201272728r14620	TTN	Q26865K	Q26865
dbsnp_benign	gnomad_2_178560726_G_C_202040332r14622	TTN	S26828C	S26828
dbsnp_benign	gnomad_2_178561155_C_T_200843338r14624	TTN	R26685Q	R26685
dbsnp_benign	gnomad_2_178561239_C_T_187270666r14625	TTN	R26657Q	R26657
dbsnp_benign	gnomad_2_178561239_C_G_187270666r14626	TTN	R26657P	R26657
dbsnp_benign	gnomad_2_178561261_G_A_192152102r14627	TTN	R26650C	R26650
dbsnp_benign	gnomad_2_178561436_T_G_397517730r14628	TTN	E26591D	E26591
dbsnp_benign	gnomad_2_178561450_G_A_776756769r14629	TTN	R26587C	R26587
dbsnp_benign	gnomad_2_178561492_T_C_72648221r14630	TTN	M26573V	M26573
dbsnp_benign	gnomad_2_178561671_G_A_200350579r14631	TTN	P26513L	P26513
dbsnp_benign	gnomad_2_178561780_G_A_56057221r14632	TTN	R26477C	R26477
dbsnp_benign	gnomad_2_178561869_C_T_200450022r14634	TTN	S26447N	S26447
dbsnp_benign	gnomad_2_178561984_T_C_201348580r14635	TTN	I26409V	I26409
dbsnp_benign	gnomad_2_178562514_A_G_200775919r14636	TTN	V26232A	V26232
dbsnp_benign	gnomad_2_178562616_C_T_376820301r14637	TTN	R26198Q	R26198
dbsnp_benign	gnomad_2_178562817_T_A_578191491r14638	TTN	N26131I	N26131
dbsnp_benign	gnomad_2_178563051_C_T_775499341r14639	TTN	R26053H	R26053
dbsnp_benign	gnomad_2_178563052_G_A_192360370r14640	TTN	R26053C	R26053
dbsnp_benign	gnomad_2_178563052_G_T_192360370r14641	TTN	R26053S	R26053
dbsnp_benign	gnomad_2_178563076_C_T_56309296r14642	TTN	V26045I	V26045
dbsnp_benign	gnomad_2_178563322_C_T_199929362r14644	TTN	G25963S	G25963
dbsnp_benign	gnomad_2_178563441_G_A_55634791r14646	TTN	A25923V	A25923
dbsnp_benign	gnomad_2_178563444_C_T_118079537r14647	TTN	R25922H	R25922
dbsnp_benign	gnomad_2_178563572_G_T_56264840r14648	TTN	N25879K	N25879
dbsnp_benign	gnomad_2_178563643_C_T_201158906r14650	TTN	G25856R	G25856
dbsnp_benign	gnomad_2_178563646_C_T_554231442r14651	TTN	D25855N	D25855
dbsnp_benign	gnomad_2_178563730_T_G_201958805r14653	TTN	K25827Q	K25827
dbsnp_benign	gnomad_2_178563747_G_T_55933739r14654	TTN	T25821K	T25821
dbsnp_benign	gnomad_2_178563747_G_A_55933739r14655	TTN	T25821M	T25821
dbsnp_benign	gnomad_2_178563891_C_T_763336230r14657	TTN	R25773Q	R25773
dbsnp_benign	gnomad_2_178563897_G_C_201489661r14658	TTN	T25771R	T25771
dbsnp_benign	gnomad_2_178563897_G_T_201489661r14659	TTN	T25771K	T25771
dbsnp_benign	gnomad_2_178564029_T_C_145373396r14660	TTN	D25727G	D25727
dbsnp_benign	gnomad_2_178564051_G_C_56137800r14661	TTN	P25720A	P25720
dbsnp_benign	gnomad_2_178564062_G_C_754175266r14663	TTN	T25716R	T25716
dbsnp_benign	gnomad_2_178564174_C_T_56365600r14664	TTN	A25679T	A25679
dbsnp_benign	gnomad_2_178564194_C_T_199670463r14666	TTN	G25672E	G25672
dbsnp_benign	gnomad_2_178564240_C_T_200697681r14667	TTN	D25657N	D25657
dbsnp_benign	gnomad_2_178564593_A_G_182126530r14668	TTN	I25539T	I25539
dbsnp_benign	gnomad_2_178564975_A_T_776943572r14670	TTN	Y25412N	Y25412
dbsnp_benign	gnomad_2_178565149_C_T_397517719r14671	TTN	E25354K	E25354
dbsnp_benign	gnomad_2_178565188_A_G_200406978r14672	TTN	F25341L	F25341
dbsnp_benign	gnomad_2_178565188_A_T_200406978r14673	TTN	F25341I	F25341
dbsnp_benign	gnomad_2_178565250_G_A_749194310r14674	TTN	A25320V	A25320
dbsnp_benign	gnomad_2_178565250_G_T_749194310r14676	TTN	A25320E	A25320
dbsnp_benign	gnomad_2_178565274_G_A_377506142r14677	TTN	T25312M	T25312
dbsnp_benign	gnomad_2_178565278_C_T_371362606r14678	TTN	V25311I	V25311
dbsnp_benign	gnomad_2_178565431_T_C_201562505r14679	TTN	I25260V	I25260
dbsnp_benign	gnomad_2_178565497_G_T_79926414r14680	TTN	Q25238K	Q25238
dbsnp_benign	gnomad_2_178565578_G_A_185887755r14682	TTN	R25211C	R25211
dbsnp_benign	gnomad_2_178565869_A_G_200181804r14683	TTN	F25114L	F25114
dbsnp_benign	gnomad_2_178566017_C_A_558830502r14684	TTN	E25064D	E25064
dbsnp_benign	gnomad_2_178566270_G_A_3731746r14685	TTN	T24980M	T24980
dbsnp_benign	gnomad_2_178566276_C_T_530507211r14687	TTN	R24978H	R24978
dbsnp_benign	gnomad_2_178566349_C_G_56307213r14688	TTN	D24954H	D24954
dbsnp_benign	gnomad_2_178566432_T_C_183844833r14690	TTN	N24926S	N24926
dbsnp_benign	gnomad_2_178566520_T_C_150682764r14692	TTN	T24897A	T24897
dbsnp_benign	gnomad_2_178566813_C_T_56044609r14694	TTN	R24799H	R24799
dbsnp_benign	gnomad_2_178566814_G_A_55861600r14696	TTN	R24799C	R24799
dbsnp_benign	gnomad_2_178566867_A_G_3731745r14698	TTN	I24781T	I24781
dbsnp_benign	gnomad_2_178566906_C_T_72648206r14700	TTN	R24768H	R24768
dbsnp_benign	gnomad_2_178567240_C_T_72648205r14701	TTN	G24657R	G24657
dbsnp_benign	gnomad_2_178567701_A_G_183015944r14702	TTN	I24503T	I24503
dbsnp_benign	gnomad_2_178568064_A_G_572384303r14703	TTN	I24382T	I24382
dbsnp_benign	gnomad_2_178568319_C_G_186681106r14704	TTN	W24297S	W24297
dbsnp_benign	gnomad_2_178568416_C_T_56341835r14705	TTN	E24265K	E24265
dbsnp_benign	gnomad_2_178568494_T_C_56018860r14706	TTN	T24239A	T24239
dbsnp_benign	gnomad_2_178568853_T_C_3813246r14708	TTN	N24119S	N24119
dbsnp_benign	gnomad_2_178568916_G_C_56391938r14710	TTN	A24098G	A24098
dbsnp_benign	gnomad_2_178569210_C_T_369707906r14711	TTN	R24000H	R24000
dbsnp_benign	gnomad_2_178569393_G_A_56372592r14712	TTN	T23939M	T23939
dbsnp_benign	gnomad_2_178569393_G_T_56372592r14713	TTN	T23939K	T23939
dbsnp_benign	gnomad_2_178569412_A_G_3813245r14715	TTN	Y23933H	Y23933
dbsnp_benign	gnomad_2_178569433_C_A_3813244r14717	TTN	V23926F	V23926
dbsnp_benign	gnomad_2_178569522_C_T_561977468r14718	TTN	R23896H	R23896
dbsnp_benign	gnomad_2_178569649_C_T_773127796r14719	TTN	V23854I	V23854
dbsnp_benign	gnomad_2_178570387_G_A_397517702r14720	TTN	R23608C	R23608
dbsnp_benign	gnomad_2_178571098_G_A_368914555r14722	TTN	R23371W	R23371
dbsnp_benign	gnomad_2_178571160_A_G_744427r14723	TTN	I23350T	I23350
dbsnp_benign	gnomad_2_178571167_C_T_567800207r14725	TTN	V23348M	V23348
dbsnp_benign	gnomad_2_178571237_T_G_201512527r14726	TTN	Q23324H	Q23324
dbsnp_benign	gnomad_2_178571241_G_A_72646899r14727	TTN	P23323L	P23323
dbsnp_benign	gnomad_2_178571530_T_C_72646898r14728	TTN	I23227V	I23227
dbsnp_benign	gnomad_2_178571536_T_C_199784966r14729	TTN	T23225A	T23225
dbsnp_benign	gnomad_2_178572090_T_C_537071956r14730	TTN	Q23040R	Q23040
dbsnp_benign	gnomad_2_178572307_C_G_55762754r14731	TTN	E22968Q	E22968
dbsnp_benign	gnomad_2_178572349_C_T_543275318r14733	TTN	A22954T	A22954
dbsnp_benign	gnomad_2_178572615_C_T_567446185r14734	TTN	G22865D	G22865
dbsnp_benign	gnomad_2_178572964_T_C_182491843r14735	TTN	T22749A	T22749
dbsnp_benign	gnomad_2_178573201_T_C_56201325r14736	TTN	T22670A	T22670
dbsnp_benign	gnomad_2_178573350_C_T_142874389r14738	TTN	R22620Q	R22620
dbsnp_benign	gnomad_2_178573366_T_G_187868672r14740	TTN	N22615H	N22615
dbsnp_benign	gnomad_2_178573366_T_C_187868672r14741	TTN	N22615D	N22615
dbsnp_benign	gnomad_2_178573545_C_T_200317412r14742	TTN	R22555H	R22555
dbsnp_benign	gnomad_2_178573753_C_T_149763294r14743	TTN	E22486K	E22486
dbsnp_benign	gnomad_2_178573830_G_T_192962624r14744	TTN	T22460N	T22460
dbsnp_benign	gnomad_2_178573965_C_T_398124455r14746	TTN	R22415H	R22415
dbsnp_benign	gnomad_2_178573986_A_G_56399205r14747	TTN	L22408P	L22408
dbsnp_benign	gnomad_2_178573995_G_A_146767076r14748	TTN	A22405V	A22405
dbsnp_benign	gnomad_2_178574019_G_A_370375696r14750	TTN	T22397M	T22397
dbsnp_benign	gnomad_2_178574427_A_G_55837610r14751	TTN	I22261T	I22261
dbsnp_benign	gnomad_2_178574763_C_T_55677134r14753	TTN	R22149H	R22149
dbsnp_benign	gnomad_2_178575180_A_C_149075285r14755	TTN	I22010S	I22010
dbsnp_benign	gnomad_2_178575225_C_T_56071233r14757	TTN	R21995H	R21995
dbsnp_benign	gnomad_2_178575226_G_A_189208539r14759	TTN	R21995C	R21995
dbsnp_benign	gnomad_2_178575300_G_A_72646891r14760	TTN	A21970V	A21970
dbsnp_benign	gnomad_2_178575436_C_G_55801134r14761	TTN	G21925R	G21925
dbsnp_benign	gnomad_2_178575882_A_G_201836227r14763	TTN	I21776T	I21776
dbsnp_benign	gnomad_2_178576035_A_G_372782502r14764	TTN	V21725A	V21725
dbsnp_benign	gnomad_2_178576035_A_T_372782502r14766	TTN	V21725E	V21725
dbsnp_benign	gnomad_2_178576229_G_T_372799151r14767	TTN	F21660L	F21660
dbsnp_benign	gnomad_2_178576268_T_C_368867993r14768	TTN	I21647M	I21647
dbsnp_benign	gnomad_2_178576311_C_T_201043950r14769	TTN	G21633D	G21633
dbsnp_benign	gnomad_2_178576392_G_A_115658240r14771	TTN	P21606L	P21606
dbsnp_benign	gnomad_2_178576568_T_C_72646885r14773	TTN	S21585G	S21585
dbsnp_benign	gnomad_2_178576952_G_T_72646882r14775	TTN	S21487Y	S21487
dbsnp_benign	gnomad_2_178577205_G_A_55980498r14777	TTN	P21403S	P21403
dbsnp_benign	gnomad_2_178577354_G_A_183056142r14779	TTN	T21353I	T21353
dbsnp_benign	gnomad_2_178577602_C_T_199506676r14780	TTN	E21301K	E21301
dbsnp_benign	gnomad_2_178577634_C_T_201567815r14781	TTN	S21290N	S21290
dbsnp_benign	gnomad_2_178577664_G_A_534567766r14783	TTN	T21280I	T21280
dbsnp_benign	gnomad_2_178578057_C_G_72646880r14784	TTN	A21179P	A21179
dbsnp_benign	gnomad_2_178578078_C_T_200797552r14786	TTN	E21172K	E21172
dbsnp_benign	gnomad_2_178578869_C_T_374492812r14787	TTN	E21080K	E21080
dbsnp_benign	gnomad_2_178579070_C_G_144295295r14788	TTN	D21013H	D21013
dbsnp_benign	gnomad_2_178579753_G_A_563233842r14789	TTN	R20841W	R20841
dbsnp_benign	gnomad_2_178580188_A_G_72646873r14791	TTN	S20726P	S20726
dbsnp_benign	gnomad_2_178580402_T_C_202125813r14793	TTN	K20685R	K20685
dbsnp_benign	gnomad_2_178580462_A_G_397517667r14794	TTN	I20665T	I20665
dbsnp_benign	gnomad_2_178580481_C_T_200343420r14795	TTN	V20659I	V20659
dbsnp_benign	gnomad_2_178581576_C_T_200971254r14796	TTN	R20590H	R20590
dbsnp_benign	gnomad_2_178581654_C_T_72646869r14797	TTN	R20564K	R20564
dbsnp_benign	gnomad_2_178582086_G_A_571093313r14799	TTN	R20454W	R20454
dbsnp_benign	gnomad_2_178583028_G_A_72646867r14800	TTN	S20284S	S20284
dbsnp_benign	gnomad_2_178583056_C_T_148849567r14802	TTN	R20275Q	R20275
dbsnp_benign	gnomad_2_178583060_G_T_62618736r14803	TTN	Q20274K	Q20274
dbsnp_benign	gnomad_2_178583074_A_G_146941600r14805	TTN	I20269T	I20269
dbsnp_benign	gnomad_2_178583648_G_A_201662134r14806	TTN	P20204L	P20204
dbsnp_benign	gnomad_2_178583666_G_A_55948748r14807	TTN	A20198V	A20198
dbsnp_benign	gnomad_2_178583667_C_T_56378177r14809	TTN	A20198T	A20198
dbsnp_benign	gnomad_2_178583723_G_A_56130023r14810	TTN	T20179I	T20179
dbsnp_benign	gnomad_2_178584369_G_C_781121273r14811	TTN	L20087V	L20087
dbsnp_benign	gnomad_2_178584404_G_A_13021201r14812	TTN	S20075L	S20075
dbsnp_benign	gnomad_2_178584407_C_A_368450785r14814	TTN	R20074L	R20074
dbsnp_benign	gnomad_2_178584458_C_A_371581072r14815	TTN	R20057L	R20057
dbsnp_benign	gnomad_2_178584458_C_T_371581072r14816	TTN	R20057H	R20057
dbsnp_benign	gnomad_2_178584459_G_A_72646861r14817	TTN	R20057C	R20057
dbsnp_benign	gnomad_2_178584852_C_T_150661999r14819	TTN	V19956M	V19956
dbsnp_benign	gnomad_2_178586727_G_A_72646859r14821	TTN	R19751C	R19751
dbsnp_benign	gnomad_2_178587294_C_T_202240487r14822	TTN	R19665H	R19665
dbsnp_benign	gnomad_2_178587332_G_A_200463088r14823	TTN	D19652D	D19652
dbsnp_benign	gnomad_2_178587720_T_C_72646855r14824	TTN	I19556V	I19556
dbsnp_benign	gnomad_2_178587968_C_T_72646853r14825	TTN	A19506T	A19506
dbsnp_benign	gnomad_2_178588055_G_A_200726948r14826	TTN	R19477W	R19477
dbsnp_benign	gnomad_2_178588078_G_A_370687831r14827	TTN	A19469V	A19469
dbsnp_benign	gnomad_2_178588120_A_T_558727238r14828	TTN	I19455N	I19455
dbsnp_benign	gnomad_2_178588134_A_G_374168580r14829	TTN	D19450D	D19450
dbsnp_benign	gnomad_2_178588699_C_T_72646851r14830	TTN	R19368Q	R19368
dbsnp_benign	gnomad_2_178588702_G_A_72646850r14831	TTN	T19367I	T19367
dbsnp_benign	gnomad_2_178588730_A_C_568886353r14833	TTN	F19358V	F19358
dbsnp_benign	gnomad_2_178588730_A_G_568886353r14834	TTN	F19358L	F19358
dbsnp_benign	gnomad_2_178589074_C_A_773806020r14835	TTN	C19243F	C19243
dbsnp_benign	gnomad_2_178589116_T_G_376338324r14836	TTN	N19229T	N19229
dbsnp_benign	gnomad_2_178589153_T_C_200689750r14837	TTN	T19217A	T19217
dbsnp_benign	gnomad_2_178589191_G_A_727505316r14838	TTN	T19204M	T19204
dbsnp_benign	gnomad_2_178589191_G_C_727505316r14839	TTN	T19204R	T19204
dbsnp_benign	gnomad_2_178589576_T_C_75458912r14840	TTN	R19076G	R19076
dbsnp_benign	gnomad_2_178589714_C_T_770684884r14842	TTN	E19030K	E19030
dbsnp_benign	gnomad_2_178589803_C_T_199895260r14843	TTN	R19000Q	R19000
dbsnp_benign	gnomad_2_178590449_G_A_377529060r14845	TTN	L18785F	L18785
dbsnp_benign	gnomad_2_178590587_G_T_201167216r14846	TTN	L18739M	L18739
dbsnp_benign	gnomad_2_178590625_C_T_141973925r14847	TTN	R18726Q	R18726
dbsnp_benign	gnomad_2_178590904_G_A_72646845r14849	TTN	P18633L	P18633
dbsnp_benign	gnomad_2_178591004_C_G_200212521r14851	TTN	E18600Q	E18600
dbsnp_benign	gnomad_2_178591235_C_G_72646843r14852	TTN	V18523L	V18523
dbsnp_benign	gnomad_2_178591493_C_T_77351975r14853	TTN	V18437M	V18437
dbsnp_benign	gnomad_2_178591764_C_T_201487340r14854	TTN	E18378K	E18378
dbsnp_benign	gnomad_2_178592175_G_A_369476725r14856	TTN	T18269I	T18269
dbsnp_benign	gnomad_2_178592471_C_T_201457934r14857	TTN	R18204H	R18204
dbsnp_benign	gnomad_2_178592800_C_T_367622770r14858	TTN	E18132E	E18132
dbsnp_benign	gnomad_2_178592804_G_A_72646840r14859	TTN	P18131L	P18131
dbsnp_benign	gnomad_2_178592837_T_C_563969986r14860	TTN	N18120S	N18120
dbsnp_benign	gnomad_2_178592871_C_T_200732032r14862	TTN	G18109S	G18109
dbsnp_benign	gnomad_2_178592954_A_G_116592778r14863	TTN	V18081A	V18081
dbsnp_benign	gnomad_2_178593367_A_G_199933004r14865	TTN	I17973T	I17973
dbsnp_benign	gnomad_2_178593624_A_T_76604657r14866	TTN	L17918Q	L17918
dbsnp_benign	gnomad_2_178593664_C_G_201840554r14868	TTN	E17905Q	E17905
dbsnp_benign	gnomad_2_178593688_T_C_200017524r14870	TTN	T17897A	T17897
dbsnp_benign	gnomad_2_178593967_C_T_397517636r14872	TTN	V17835I	V17835
dbsnp_benign	gnomad_2_178593974_T_C_186563991r14874	TTN	Q17832Q	Q17832
dbsnp_benign	gnomad_2_178594167_C_T_201505306r14876	TTN	R17768H	R17768
dbsnp_benign	gnomad_2_178595708_T_C_374058726r14877	TTN	I17575V	I17575
dbsnp_benign	gnomad_2_178597604_C_T_200778464r14878	TTN	V17519I	V17519
dbsnp_benign	gnomad_2_178597604_C_G_200778464r14879	TTN	V17519L	V17519
dbsnp_benign	gnomad_2_178597618_C_T_72646833r14880	TTN	R17514K	R17514
dbsnp_benign	gnomad_2_178597640_T_C_188185141r14882	TTN	M17507V	M17507
dbsnp_benign	gnomad_2_178598768_G_A_397517627r14883	TTN	A17340V	A17340
dbsnp_benign	gnomad_2_178599637_C_T_772767570r14884	TTN	R17114H	R17114
dbsnp_benign	gnomad_2_178601166_G_A_528329600r14885	TTN	P16939S	P16939
dbsnp_benign	gnomad_2_178601444_T_C_72646823r14886	TTN	K16877R	K16877
dbsnp_benign	gnomad_2_178601450_A_G_146608896r14887	TTN	I16875T	I16875
dbsnp_benign	gnomad_2_178602455_G_C_758527900r14888	TTN	T16675S	T16675
dbsnp_benign	gnomad_2_178602584_G_A_201035511r14889	TTN	P16632L	P16632
dbsnp_benign	gnomad_2_178603977_A_G_201412693r14890	TTN	L16596P	L16596
dbsnp_benign	gnomad_2_178604895_C_T_375895183r14891	TTN	R16424H	R16424
dbsnp_benign	gnomad_2_178605029_G_A_55734111r14892	TTN	R16409C	R16409
dbsnp_benign	gnomad_2_178605140_C_A_531242797r14893	TTN	A16372S	A16372
dbsnp_benign	gnomad_2_178607095_C_T_373526624r14894	TTN	R16195H	R16195
dbsnp_benign	gnomad_2_178607496_A_G_72646809r14896	TTN	I16090T	I16090
dbsnp_benign	gnomad_2_178607565_T_A_2303832r14898	TTN	K16067I	K16067
dbsnp_benign	gnomad_2_178607592_C_T_72646808r14900	TTN	R16058H	R16058
dbsnp_benign	gnomad_2_178607593_G_A_760963888r14902	TTN	R16058C	R16058
dbsnp_benign	gnomad_2_178607633_C_T_200387466r14903	TTN	M16044I	M16044
dbsnp_benign	gnomad_2_178607839_C_T_535008556r14904	TTN	A16009T	A16009
dbsnp_benign	gnomad_2_178607879_C_G_748175453r14905	TTN	E15995D	E15995
dbsnp_benign	gnomad_2_178607934_C_T_371538664r14906	TTN	R15977H	R15977
dbsnp_benign	gnomad_2_178607935_G_A_201213901r14907	TTN	R15977C	R15977
dbsnp_benign	gnomad_2_178608181_T_C_377571654r14909	TTN	I15927V	I15927
dbsnp_benign	gnomad_2_178608347_G_C_199615557r14910	TTN	N15871K	N15871
dbsnp_benign	gnomad_2_178608449_A_C_554368924r14911	TTN	I15837M	I15837
dbsnp_benign	gnomad_2_178608867_T_C_397517607r14912	TTN	R15741G	R15741
dbsnp_benign	gnomad_2_178609319_C_G_547986881r14913	TTN	E15690Q	E15690
dbsnp_benign	gnomad_2_178609501_C_A_200650668r14915	TTN	S15629I	S15629
dbsnp_benign	gnomad_2_178609501_C_T_200650668r14916	TTN	S15629N	S15629
dbsnp_benign	gnomad_2_178609528_C_T_201825412r14917	TTN	R15620Q	R15620
dbsnp_benign	gnomad_2_178609740_G_A_370644359r14918	TTN	A15587V	A15587
dbsnp_benign	gnomad_2_178609896_C_G_768961892r14919	TTN	G15535A	G15535
dbsnp_benign	gnomad_2_178609941_G_A_16866412r14920	TTN	A15520V	A15520
dbsnp_benign	gnomad_2_178611515_C_T_191539637r14922	TTN	R15264H	R15264
dbsnp_benign	gnomad_2_178611560_T_G_752204728r14923	TTN	E15249A	E15249
dbsnp_benign	gnomad_2_178611829_C_T_138896856r14924	TTN	R15186Q	R15186
dbsnp_benign	gnomad_2_178611857_C_T_397517600r14925	TTN	E15177K	E15177
dbsnp_benign	gnomad_2_178612537_A_G_774556838r14926	TTN	I15022T	I15022
dbsnp_benign	gnomad_2_178612540_T_G_36043230r14927	TTN	N15021T	N15021
dbsnp_benign	gnomad_2_178612777_C_T_190021597r14929	TTN	K15007K	K15007
dbsnp_benign	gnomad_2_178612802_C_G_55663050r14930	TTN	S14999T	S14999
dbsnp_benign	gnomad_2_178612990_A_G_2115558r14932	TTN	H14936H	H14936
dbsnp_benign	gnomad_2_178613870_C_A_202094100r14934	TTN	W14830C	W14830
dbsnp_benign	gnomad_2_178614087_A_T_767768313r14935	TTN	V14796D	V14796
dbsnp_benign	gnomad_2_178614561_A_G_72677243r14936	TTN	I14677T	I14677
dbsnp_benign	gnomad_2_178614880_G_A_72677242r14937	TTN	P14602S	P14602
dbsnp_benign	gnomad_2_178615707_G_A_2303830r14938	TTN	R14491C	R14491
dbsnp_benign	gnomad_2_178615707_G_T_2303830r14939	TTN	R14491S	R14491
dbsnp_benign	gnomad_2_178615748_T_C_376273101r14940	TTN	D14477G	D14477
dbsnp_benign	gnomad_2_178616891_C_G_201388509r14941	TTN	D14359H	D14359
dbsnp_benign	gnomad_2_178616951_T_C_780634456r14943	TTN	I14339V	I14339
dbsnp_benign	gnomad_2_178617348_G_A_138576504r14944	TTN	L14272F	L14272
dbsnp_benign	gnomad_2_178617362_C_T_72677237r14945	TTN	R14267H	R14267
dbsnp_benign	gnomad_2_178617806_G_T_146181477r14947	TTN	P14208T	P14208
dbsnp_benign	gnomad_2_178617951_C_T_114145817r14949	TTN	K14159K	K14159
dbsnp_benign	gnomad_2_178618036_C_T_72677233r14951	TTN	R14131Q	R14131
dbsnp_benign	gnomad_2_178618210_C_T_72677232r14953	TTN	V14109I	V14109
dbsnp_benign	gnomad_2_178618267_G_A_72677231r14954	TTN	R14090C	R14090
dbsnp_benign	gnomad_2_178618381_C_T_201717871r14955	TTN	V14052I	V14052
dbsnp_benign	gnomad_2_178618670_G_A_115813214r14957	TTN	A13986V	A13986
dbsnp_benign	gnomad_2_178618703_G_A_368057764r14958	TTN	T13975M	T13975
dbsnp_benign	gnomad_2_178619624_C_A_145520397r14960	TTN	A13924S	A13924
dbsnp_benign	gnomad_2_178619737_A_T_77496539r14961	TTN	M13886K	M13886
dbsnp_benign	gnomad_2_178619834_C_T_537428006r14963	TTN	A13854T	A13854
dbsnp_benign	gnomad_2_178620054_C_T_370813526r14964	TTN	D13814N	D13814
dbsnp_benign	gnomad_2_178620379_A_G_369269320r14965	TTN	V13740A	V13740
dbsnp_benign	gnomad_2_178620456_C_G_397517583r14966	TTN	K13714N	K13714
dbsnp_benign	gnomad_2_178620542_G_A_367774903r14967	TTN	R13686C	R13686
dbsnp_benign	gnomad_18_31591942_C_T_1347695561r14969	TTR	L14L	L14
dbsnp_benign	gnomad_18_31595247_C_A_121918074r14970	TTR	H110N	H110
dbsnp_benign	gnomad_18_31598647_C_T_28933981r14971	TTR	T139M	T139
dbsnp_benign	gnomad_22_50220627_G_A_140699312r14972	TUBGCP6	H1244H	H1244
dbsnp_benign	gnomad_22_50229576_G_A_34273213r14973	TUBGCP6	P373L	P373
dbsnp_benign	gnomad_8_15623134_A_G_11545035r14975	TUSC3	I65V	I65
dbsnp_benign	gnomad_10_100990973_A_G_116046810r14977	TWNK	K566R	K566
dbsnp_benign	gnomad_10_100993500_G_A_182559752r14978	TWNK	R682H	R682
dbsnp_benign	gnomad_10_100993500_G_T_182559752r14979	TWNK	R682L	R682
dbsnp_benign	gnomad_10_100988286_G_A_577209883r14980	TWNK	G26S	G26
dbsnp_benign	gnomad_10_100988286_G_T_577209883r14981	TWNK	G26C	G26
dbsnp_benign	gnomad_22_19880654_C_T_192869629r14982	TXNRD2	G384S	G384
dbsnp_benign	gnomad_19_10352442_G_C_34536443r14984	TYK2	P1104A	P1104
dbsnp_benign	gnomad_19_10357771_G_T_34046749r14986	TYK2	P820H	P820
dbsnp_benign	gnomad_22_50529311_C_T_143789597r14988	TYMP	R81Q	R81
dbsnp_benign	gnomad_22_50525826_C_T_112723255r14989	TYMP	A465T	A465
dbsnp_benign	gnomad_22_50526112_G_A_777564992r14991	TYMP	L397L	L397
dbsnp_benign	gnomad_11_89191217_T_C_4987234r14992	TYR	L279L	L279
dbsnp_benign	gnomad_11_89284793_G_A_1126809r14994	TYR	R402Q	R402
dbsnp_benign	gnomad_9_12694302_C_T_145152954r14996	TYRP1	N102N	N102
dbsnp_benign	gnomad_9_12702334_G_A_16929374r14998	TYRP1	R326H	R326
dbsnp_benign	gnomad_9_12707998_T_C_150370598r14999	TYRP1	D421D	D421
dbsnp_benign	gnomad_X_47199238_G_A_782425809r15000	UBA1	R69Q	R69
dbsnp_benign	gnomad_X_47206074_C_G_150574055r15002	UBA1	L568V	L568
dbsnp_benign	gnomad_15_25371582_C_T_147145506r15004	UBE3A	A201T	A201
dbsnp_benign	gnomad_X_56565446_C_A_369947678r15006	UBQLN2	P525T	P525
dbsnp_benign	gnomad_X_56565446_C_G_369947678r15007	UBQLN2	P525A	P525
dbsnp_benign	gnomad_15_43056412_T_C_77360687r15008	UBR1	S405G	S405
dbsnp_benign	gnomad_11_73977996_C_T_45541732r15010	UCP2	R76Q	R76
dbsnp_benign	gnomad_11_73978264_C_T_148253207r15012	UCP2	V39I	V39
dbsnp_benign	gnomad_16_20333321_A_G_145165861r15013	UMOD	F639S	F639
dbsnp_benign	gnomad_3_124730559_A_G_17843776r15015	UMPS	S30G	S30
dbsnp_benign	gnomad_17_28552493_C_A_199714731r15017	UNC119	G22V	G22
dbsnp_benign	gnomad_17_75830410_G_A_35037984r15019	UNC13D	R928C	R928
dbsnp_benign	gnomad_17_75840065_G_A_55661958r15021	UNC13D	L302F	L302
dbsnp_benign	gnomad_17_75840236_T_C_61754871r15023	UNC13D	I283V	I283
dbsnp_benign	gnomad_22_24500256_C_A_34035085r15025	UPB1	A85E	A85
dbsnp_benign	gnomad_22_24523659_G_A_62231899r15026	UPB1	V319V	V319
dbsnp_benign	gnomad_X_119837986_C_T_181034787r15028	UPF3B	R358H	R358
dbsnp_benign	gnomad_22_45285978_C_T_199656309r15030	UPK3A	F30F	F30
dbsnp_benign	gnomad_22_45287222_T_G_145106685r15031	UPK3A	S87A	S87
dbsnp_benign	gnomad_22_45287319_T_C_150598171r15033	UPK3A	I119T	I119
dbsnp_benign	gnomad_22_45287319_T_G_150598171r15034	UPK3A	I119S	I119
dbsnp_benign	gnomad_1_45015346_G_A_116233118r15035	UROD	G318R	G318
dbsnp_benign	gnomad_10_125796152_A_C_17173752r15037	UROS	V171G	V171
dbsnp_benign	gnomad_11_17495613_C_T_56165709r15039	USH1C	A871T	A871
dbsnp_benign	gnomad_11_17509510_C_A_139996942r15041	USH1C	R620L	R620
dbsnp_benign	gnomad_11_17509510_C_T_139996942r15042	USH1C	R620H	R620
dbsnp_benign	gnomad_11_17517465_C_T_143923730r15044	USH1C	G407E	G407
dbsnp_benign	gnomad_11_17517465_C_G_143923730r15045	USH1C	G407A	G407
dbsnp_benign	gnomad_11_17517465_C_A_143923730r15046	USH1C	G407V	G407
dbsnp_benign	gnomad_11_17533258_T_C_75157409r15047	USH1C	H34R	H34
dbsnp_benign	gnomad_1_215628900_C_T_111033269r15049	USH2A	V5145I	V5145
dbsnp_benign	gnomad_1_215634665_G_A_56038610r15051	USH2A	R5031W	R5031
dbsnp_benign	gnomad_1_215650620_G_A_149222801r15053	USH2A	S4772F	S4772
dbsnp_benign	gnomad_1_215671031_C_T_45549044r15054	USH2A	G4692R	G4692
dbsnp_benign	gnomad_1_215674614_C_A_111033381r15056	USH2A	V4433L	V4433
dbsnp_benign	gnomad_1_215675094_A_G_79654794r15058	USH2A	Y4273H	Y4273
dbsnp_benign	gnomad_1_215675568_G_A_111033275r15060	USH2A	R4115C	R4115
dbsnp_benign	gnomad_1_215741484_T_C_35309576r15061	USH2A	M3868V	M3868
dbsnp_benign	gnomad_1_215779924_T_C_145207584r15063	USH2A	I3620V	I3620
dbsnp_benign	gnomad_1_215786811_A_C_527236140r15065	USH2A	C3416G	C3416
dbsnp_benign	gnomad_1_215900872_G_A_41315579r15067	USH2A	S2445F	S2445
dbsnp_benign	gnomad_1_215934786_T_C_111033394r15068	USH2A	N2377S	N2377
dbsnp_benign	gnomad_1_215993142_A_T_117461552r15070	USH2A	V2228E	V2228
dbsnp_benign	gnomad_1_215998916_G_C_192115090r15072	USH2A	P2210A	P2210
dbsnp_benign	gnomad_1_216046499_G_T_149202379r15073	USH2A	T2086N	T2086
dbsnp_benign	gnomad_1_216046516_C_A_114402911r15075	USH2A	K2080N	K2080
dbsnp_benign	gnomad_1_216070149_G_A_141539554r15077	USH2A	R2001C	R2001
dbsnp_benign	gnomad_1_216097127_G_A_111033333r15078	USH2A	L1572F	L1572
dbsnp_benign	gnomad_1_216175336_T_C_141671082r15079	USH2A	T1515A	T1515
dbsnp_benign	gnomad_1_216175439_G_A_111632670r15081	USH2A	S1480S	S1480
dbsnp_benign	gnomad_1_216175439_G_T_111632670r15082	USH2A	S1480R	S1480
dbsnp_benign	gnomad_1_216246872_G_T_111033282r15084	USH2A	S841Y	S841
dbsnp_benign	gnomad_1_216250933_C_G_696723r15086	USH2A	G713R	G713
dbsnp_benign	gnomad_1_216250961_A_G_45555435r15088	USH2A	D703D	D703
dbsnp_benign	gnomad_1_216289320_T_A_1805048r15090	USH2A	D644V	D644
dbsnp_benign	gnomad_1_216323590_C_G_35730265r15092	USH2A	E478D	E478
dbsnp_benign	gnomad_1_216198494_C_A_111033524r15094	USH2A	G1301V	G1301
dbsnp_benign	gnomad_1_216199906_G_C_372081834r15095	USH2A	P1178A	P1178
dbsnp_benign	gnomad_1_216073264_C_T_111033409r15096	USH2A	R1870Q	R1870
dbsnp_benign	gnomad_4_9253444_T_C_763198779r15098	USP17L19	S23P	S23
dbsnp_benign	gnomad_4_9253444_T_G_763198779r15099	USP17L19	S23A	S23
dbsnp_benign	gnomad_1_115663730_A_G_143196463r15100	VANGL1	I92V	I92
dbsnp_benign	gnomad_1_115663779_A_G_141673853r15101	VANGL1	K108R	K108
dbsnp_benign	gnomad_1_115685340_A_G_200389969r15102	VANGL1	Q376R	Q376
dbsnp_benign	gnomad_20_58439019_T_G_146459055r15103	VAPB	D130E	D130
dbsnp_benign	gnomad_20_58441020_G_A_143144050r15104	VAPB	M170I	M170
dbsnp_benign	gnomad_5_83490356_T_G_750836310r15106	VCAN	V110G	V110
dbsnp_benign	gnomad_5_83493674_G_A_141008923r15107	VCAN	G192R	G192
dbsnp_benign	gnomad_5_83512208_C_T_144939909r15109	VCAN	A285V	A285
dbsnp_benign	gnomad_5_83519498_G_A_186214606r15110	VCAN	V398M	V398
dbsnp_benign	gnomad_5_83519763_C_T_186544077r15112	VCAN	S486L	S486
dbsnp_benign	gnomad_5_83519829_T_A_143368552r15113	VCAN	I508N	I508
dbsnp_benign	gnomad_5_83520201_C_T_143729093r15114	VCAN	T632M	T632
dbsnp_benign	gnomad_5_83520237_C_T_148104757r15116	VCAN	P644L	P644
dbsnp_benign	gnomad_5_83520237_C_G_148104757r15117	VCAN	P644R	P644
dbsnp_benign	gnomad_5_83520465_T_C_76418670r15118	VCAN	V720A	V720
dbsnp_benign	gnomad_5_83520540_A_C_144502710r15119	VCAN	K745T	K745
dbsnp_benign	gnomad_5_83520621_C_G_141007991r15120	VCAN	A772G	A772
dbsnp_benign	gnomad_5_83520848_G_A_188853533r15121	VCAN	E848K	E848
dbsnp_benign	gnomad_5_83520924_T_G_150395515r15122	VCAN	I873R	I873
dbsnp_benign	gnomad_5_83521181_A_T_78164236r15123	VCAN	S959C	S959
dbsnp_benign	gnomad_5_83521181_A_G_78164236r15124	VCAN	S959G	S959
dbsnp_benign	gnomad_5_83521400_C_G_201255257r15125	VCAN	Q1032E	Q1032
dbsnp_benign	gnomad_5_83521494_T_C_61754532r15126	VCAN	L1063P	L1063
dbsnp_benign	gnomad_5_83521507_G_A_201157092r15127	VCAN	E1067E	E1067
dbsnp_benign	gnomad_5_83522019_G_C_146560021r15128	VCAN	R1238T	R1238
dbsnp_benign	gnomad_5_83537549_A_G_144610900r15130	VCAN	K1516E	K1516
dbsnp_benign	gnomad_5_83537607_A_G_61749614r15131	VCAN	E1535G	E1535
dbsnp_benign	gnomad_5_83538618_C_T_150017263r15133	VCAN	P1872L	P1872
dbsnp_benign	gnomad_5_83538753_A_T_141477510r15135	VCAN	Y1917F	Y1917
dbsnp_benign	gnomad_5_83539130_G_A_138937534r15137	VCAN	E2043K	E2043
dbsnp_benign	gnomad_5_83539770_T_C_146630369r15138	VCAN	L2256P	L2256
dbsnp_benign	gnomad_5_83539905_T_A_160278r15139	VCAN	F2301Y	F2301
dbsnp_benign	gnomad_5_83539905_T_G_160278r15141	VCAN	F2301C	F2301
dbsnp_benign	gnomad_5_83539946_G_C_3734094r15142	VCAN	V2315L	V2315
dbsnp_benign	gnomad_5_83539946_G_A_3734094r15144	VCAN	V2315I	V2315
dbsnp_benign	gnomad_5_83540483_G_C_147255921r15145	VCAN	E2494Q	E2494
dbsnp_benign	gnomad_5_83540492_A_G_140606678r15146	VCAN	K2497E	K2497
dbsnp_benign	gnomad_5_83540718_C_T_149032014r15147	VCAN	S2572L	S2572
dbsnp_benign	gnomad_5_83540887_C_A_201327923r15148	VCAN	N2628K	N2628
dbsnp_benign	gnomad_5_83540969_A_G_756823982r15149	VCAN	T2656A	T2656
dbsnp_benign	gnomad_5_83541365_A_G_201444192r15150	VCAN	M2788V	M2788
dbsnp_benign	gnomad_5_83541686_G_C_202198791r15151	VCAN	D2895H	D2895
dbsnp_benign	gnomad_5_83542028_G_A_146090207r15153	VCAN	E3009K	E3009
dbsnp_benign	gnomad_5_83542127_G_A_144214095r15154	VCAN	D3042N	D3042
dbsnp_benign	gnomad_5_83545546_G_C_528022086r15155	VCAN	R3092P	R3092
dbsnp_benign	gnomad_5_83548045_C_G_183984308r15156	VCAN	L3152V	L3152
dbsnp_benign	gnomad_10_74070808_C_T_148966602r15157	VCL	F126F	F126
dbsnp_benign	gnomad_10_74089330_A_G_200342284r15158	VCL	K386R	K386
dbsnp_benign	gnomad_10_74090140_C_G_144146254r15159	VCL	L432V	L432
dbsnp_benign	gnomad_10_74090140_C_T_144146254r15160	VCL	L432L	L432
dbsnp_benign	gnomad_10_74095667_A_C_141033098r15161	VCL	I519L	I519
dbsnp_benign	gnomad_9_35059793_T_C_142577424r15162	VCP	Q568Q	Q568
dbsnp_benign	gnomad_9_35061172_T_C_148329626r15163	VCP	N401S	N401
dbsnp_benign	gnomad_X_6533801_G_C_137964452r15164	VCX3A	Q169E	Q169
dbsnp_benign	gnomad_X_6533828_C_T_35874450r15166	VCX3A	V160M	V160
dbsnp_benign	gnomad_X_6533828_C_G_35874450r15168	VCX3A	V160L	V160
dbsnp_benign	gnomad_3_10141921_C_T_35460768r15169	VHL	P25L	P25
dbsnp_benign	gnomad_3_10141921_C_G_35460768r15170	VHL	P25R	P25
dbsnp_benign	gnomad_3_10142088_C_T_104893829r15171	VHL	P81S	P81
dbsnp_benign	gnomad_3_10142835_T_C_73024533r15172	VHL	L138P	L138
dbsnp_benign	gnomad_14_77453359_C_T_148360332r15174	VIPAS39	V46M	V46
dbsnp_benign	gnomad_16_31094624_C_A_61742245r15176	VKORC1	D36Y	D36
dbsnp_benign	gnomad_9_2635545_G_A_6149r15178	VLDLR	V59I	V59
dbsnp_benign	gnomad_9_2622260_C_A_754340855r15180	VLDLR	A24D	A24
dbsnp_benign	gnomad_9_77260093_A_G_576941423r15181	VPS13A	I766V	I766
dbsnp_benign	gnomad_9_77307991_A_T_142058362r15182	VPS13A	H1336L	H1336
dbsnp_benign	gnomad_9_77307991_A_G_142058362r15183	VPS13A	H1336R	H1336
dbsnp_benign	gnomad_9_77318505_C_T_182495915r15184	VPS13A	P1743S	P1743
dbsnp_benign	gnomad_9_77339827_C_T_139115188r15185	VPS13A	D2230D	D2230
dbsnp_benign	gnomad_9_77353445_A_G_142981309r15186	VPS13A	I2486V	I2486
dbsnp_benign	gnomad_9_77353446_T_C_141138349r15188	VPS13A	I2486T	I2486
dbsnp_benign	gnomad_9_77371109_A_G_185663133r15189	VPS13A	I3013V	I3013
dbsnp_benign	gnomad_8_99121312_G_A_201965789r15191	VPS13B	S358N	S358
dbsnp_benign	gnomad_8_99442603_C_T_35342235r15192	VPS13B	P1138L	P1138
dbsnp_benign	gnomad_8_99507859_G_A_75933366r15194	VPS13B	R1416Q	R1416
dbsnp_benign	gnomad_8_99720974_G_A_61754113r15196	VPS13B	R2351Q	R2351
dbsnp_benign	gnomad_8_99817613_A_G_138453594r15198	VPS13B	Y2749C	Y2749
dbsnp_benign	gnomad_8_99853624_C_T_112045467r15199	VPS13B	A3437V	A3437
dbsnp_benign	gnomad_8_99854133_A_G_145547375r15201	VPS13B	I3607V	I3607
dbsnp_benign	gnomad_8_99875556_C_G_201483764r15203	VPS13B	P3987A	P3987
dbsnp_benign	gnomad_15_91006382_G_C_115308854r15204	VPS33B	A281G	A281
dbsnp_benign	gnomad_16_46682127_C_T_193077277r15206	VPS35	G51S	G51
dbsnp_benign	gnomad_8_17274953_A_G_17687375r15207	VPS37A	I213V	I213
dbsnp_benign	gnomad_8_17280148_A_G_541623528r15209	VPS37A	E278E	E278
dbsnp_benign	gnomad_1_150072183_T_G_62622370r15211	VPS45	I82M	I82
dbsnp_benign	gnomad_1_150076261_C_T_150076399r15213	VPS45	D106D	D106
dbsnp_benign	gnomad_2_58159670_T_C_76348639r15215	VRK2	F502L	F502
dbsnp_benign	gnomad_20_25079460_C_A_74315433r15217	VSX1	G160V	G160
dbsnp_benign	gnomad_20_25079460_C_T_74315433r15218	VSX1	G160D	G160
dbsnp_benign	gnomad_12_5952393_C_T_7962217r15219	VWF	G2705R	G2705
dbsnp_benign	gnomad_12_5952509_G_A_78353028r15221	VWF	T2666M	T2666
dbsnp_benign	gnomad_12_5969258_A_T_35335161r15223	VWF	F2561Y	F2561
dbsnp_benign	gnomad_12_5993906_C_T_2229446r15225	VWF	R2185Q	R2185
dbsnp_benign	gnomad_12_5994484_G_A_61750615r15227	VWF	P2063S	P2063
dbsnp_benign	gnomad_12_5996221_G_A_216902r15229	VWF	C1948C	C1948
dbsnp_benign	gnomad_12_6018725_C_A_1800385r15231	VWF	V1565L	V1565
dbsnp_benign	gnomad_12_6019004_C_G_1800383r15233	VWF	D1472H	D1472
dbsnp_benign	gnomad_12_6019004_C_T_1800383r15235	VWF	D1472N	D1472
dbsnp_benign	gnomad_12_6019114_T_C_11063987r15236	VWF	N1435S	N1435
dbsnp_benign	gnomad_12_6019222_C_T_1800382r15238	VWF	R1399H	R1399
dbsnp_benign	gnomad_12_6019280_T_C_11063988r15241	VWF	I1380V	I1380
dbsnp_benign	gnomad_12_6022793_G_A_566672558r15243	VWF	P1162L	P1162
dbsnp_benign	gnomad_12_6036483_A_T_57950734r15245	VWF	H817Q	H817
dbsnp_benign	gnomad_12_6044368_T_C_1063856r15247	VWF	T789A	T789
dbsnp_benign	gnomad_12_6046784_C_T_2228317r15249	VWF	M740I	M740
dbsnp_benign	gnomad_12_6063036_T_C_1800378r15252	VWF	H484R	H484
dbsnp_benign	gnomad_12_6063036_T_G_1800378r15253	VWF	H484P	H484
dbsnp_benign	gnomad_12_6064267_C_T_1800377r15254	VWF	V471I	V471
dbsnp_benign	gnomad_12_6073662_A_T_1800387r15256	VWF	N318K	N318
dbsnp_benign	gnomad_12_6110515_C_T_76505074r15258	VWF	G131S	G131
dbsnp_benign	gnomad_X_48685764_G_A_146220228r15260	WAS	E131K	E131
dbsnp_benign	gnomad_X_48686113_C_A_145040665r15262	WAS	H180N	H180
dbsnp_benign	gnomad_X_48686945_A_T_782286374r15263	WAS	S242C	S242
dbsnp_benign	gnomad_X_48689004_G_T_201085962r15264	WAS	A426S	A426
dbsnp_benign	gnomad_8_125032257_C_T_138407503r15265	WASHC5	V1107M	V1107
dbsnp_benign	gnomad_8_125078802_G_A_72720524r15266	WASHC5	P216L	P216
dbsnp_benign	gnomad_2_63174685_T_C_61734468r15267	WDPCP	N688S	N688
dbsnp_benign	gnomad_2_63404150_C_G_61734466r15269	WDPCP	A445P	A445
dbsnp_benign	gnomad_2_63492933_T_A_144703991r15270	WDPCP	D28V	D28
dbsnp_benign	gnomad_4_39228623_A_G_150649460r15272	WDR19	S639G	S639
dbsnp_benign	gnomad_4_39253208_A_C_187546086r15273	WDR19	Y931S	Y931
dbsnp_benign	gnomad_4_39270033_A_G_75621037r15274	WDR19	Q1139R	Q1139
dbsnp_benign	gnomad_2_19914120_C_G_148436608r15276	WDR35	Q1104H	Q1104
dbsnp_benign	gnomad_2_19946494_C_T_113345685r15278	WDR35	R545Q	R545
dbsnp_benign	gnomad_2_19946504_G_C_148242353r15280	WDR35	L542V	L542
dbsnp_benign	gnomad_2_19973675_A_G_142955097r15282	WDR35	V257A	V257
dbsnp_benign	gnomad_2_19973684_A_G_547986777r15284	WDR35	M254T	M254
dbsnp_benign	gnomad_2_19989254_T_C_1060742r15285	WDR35	Q18R	Q18
dbsnp_benign	gnomad_5_111106140_G_A_35703638r15287	WDR36	A393T	A393
dbsnp_benign	gnomad_X_49076649_C_T_376936511r15289	WDR45	D113N	D113
dbsnp_benign	gnomad_X_49076729_C_T_147437546r15290	WDR45	R86Q	R86
dbsnp_benign	gnomad_X_49076736_C_T_142809324r15291	WDR45	D84N	D84
dbsnp_benign	gnomad_X_49077867_C_T_151051355r15292	WDR45	V34M	V34
dbsnp_benign	gnomad_X_49078058_C_T_201177026r15293	WDR45	R13H	R13
dbsnp_benign	gnomad_X_49075165_T_G_782562675r15294	WDR45	N315T	N315
dbsnp_benign	gnomad_X_49075704_T_C_374078317r15295	WDR45	N189S	N189
dbsnp_benign	gnomad_X_49075706_G_A_782454636r15296	WDR45	I188I	I188
dbsnp_benign	gnomad_15_53615751_G_A_17730281r15297	WDR72	L819F	L819
dbsnp_benign	gnomad_15_53710894_G_A_551225r15299	WDR72	P306L	P306
dbsnp_benign	gnomad_17_1727225_C_T_536486423r15301	WDR81	R756W	R756
dbsnp_benign	gnomad_17_1733780_A_G_3809871r15304	WDR81	P1581P	P1581
dbsnp_benign	gnomad_17_1733880_G_A_143688446r15305	WDR81	G1615R	G1615
dbsnp_benign	gnomad_17_1736164_A_G_11549259r15308	WDR81	T1817T	T1817
dbsnp_benign	gnomad_17_1737499_C_T_8077638r15309	WDR81	S1880S	S1880
dbsnp_benign	gnomad_4_6277496_A_G_142651446r15311	WFS1	Q14R	Q14
dbsnp_benign	gnomad_4_6291218_G_A_115346085r15313	WFS1	R161Q	R161
dbsnp_benign	gnomad_4_6291313_A_C_41264699r15315	WFS1	K193Q	K193
dbsnp_benign	gnomad_4_6295182_G_A_61735404r15316	WFS1	R285H	R285
dbsnp_benign	gnomad_4_6301030_T_C_144951440r15318	WFS1	V412A	V412
dbsnp_benign	gnomad_4_6301072_G_A_35218685r15320	WFS1	C426Y	C426
dbsnp_benign	gnomad_4_6301072_G_C_35218685r15321	WFS1	C426S	C426
dbsnp_benign	gnomad_4_6301089_C_G_35031397r15322	WFS1	L432V	L432
dbsnp_benign	gnomad_4_6301162_G_A_1801208r15324	WFS1	R456H	R456
dbsnp_benign	gnomad_4_6301290_C_T_114152068r15326	WFS1	L499F	L499
dbsnp_benign	gnomad_4_6301470_G_A_55814513r15328	WFS1	A559T	A559
dbsnp_benign	gnomad_4_6301521_G_A_1805069r15330	WFS1	G576S	G576
dbsnp_benign	gnomad_4_6301600_C_T_2230720r15332	WFS1	A602V	A602
dbsnp_benign	gnomad_4_6301807_C_T_71530907r15334	WFS1	A671V	A671
dbsnp_benign	gnomad_4_6301953_A_G_1805070r15336	WFS1	I720V	I720
dbsnp_benign	gnomad_4_6302004_G_A_147834269r15338	WFS1	E737K	E737
dbsnp_benign	gnomad_4_6302122_A_T_56002719r15339	WFS1	E776V	E776
dbsnp_benign	gnomad_4_6302130_G_A_141328044r15340	WFS1	V779M	V779
dbsnp_benign	gnomad_4_6302151_G_A_71578980r15342	WFS1	G786S	G786
dbsnp_benign	gnomad_4_6302247_C_T_35932623r15343	WFS1	R818C	R818
dbsnp_benign	gnomad_4_6302264_C_T_1801215r15345	WFS1	I823I	I823
dbsnp_benign	gnomad_4_6302358_T_C_141833472r15347	WFS1	S855P	S855
dbsnp_benign	gnomad_4_6302391_G_A_3821945r15348	WFS1	D866N	D866
dbsnp_benign	gnomad_9_114402892_G_T_117592152r15350	WHRN	H862Q	H862
dbsnp_benign	gnomad_9_114403926_G_T_2274158r15352	WHRN	N796K	N796
dbsnp_benign	gnomad_9_114407968_G_A_138127153r15354	WHRN	N559N	N559
dbsnp_benign	gnomad_9_114424398_C_T_117352600r15356	WHRN	G451D	G451
dbsnp_benign	gnomad_9_114478722_C_T_146273185r15358	WHRN	R223H	R223
dbsnp_benign	gnomad_9_114478723_G_A_76593842r15360	WHRN	R223C	R223
dbsnp_benign	gnomad_9_114504769_G_C_45527543r15362	WHRN	S11R	S11
dbsnp_benign	gnomad_2_174575354_C_T_138276021r15363	WIPF1	G70S	G70
dbsnp_benign	gnomad_12_754011_C_T_34880640r15364	WNK1	A149V	A149
dbsnp_benign	gnomad_12_754143_C_A_72647372r15366	WNK1	P193Q	P193
dbsnp_benign	gnomad_12_861226_G_A_146450828r15367	WNK1	G612S	G612
dbsnp_benign	gnomad_12_861247_A_G_149388376r15368	WNK1	T619A	T619
dbsnp_benign	gnomad_12_862151_A_G_11833299r15369	WNK1	T674A	T674
dbsnp_benign	gnomad_12_865125_A_G_72649807r15371	WNK1	S719G	S719
dbsnp_benign	gnomad_12_865240_C_T_562247853r15373	WNK1	P757L	P757
dbsnp_benign	gnomad_12_878254_C_G_768622577r15375	WNK1	Q756E	Q756
dbsnp_benign	gnomad_12_878324_C_T_141428612r15376	WNK1	A779V	A779
dbsnp_benign	gnomad_12_880783_C_T_138446333r15377	WNK1	N965N	N965
dbsnp_benign	gnomad_12_880783_C_A_138446333r15378	WNK1	N965K	N965
dbsnp_benign	gnomad_12_880904_C_T_186736970r15379	WNK1	P1006S	P1006
dbsnp_benign	gnomad_12_880907_A_G_191295023r15380	WNK1	M1007V	M1007
dbsnp_benign	gnomad_12_881768_C_T_201379287r15381	WNK1	T1063I	T1063
dbsnp_benign	gnomad_12_883421_A_G_150532648r15382	WNK1	I1172M	I1172
dbsnp_benign	gnomad_12_883483_G_A_72650720r15383	WNK1	S1193N	S1193
dbsnp_benign	gnomad_12_884663_G_T_149186881r15385	WNK1	A1287S	A1287
dbsnp_benign	gnomad_12_885368_G_A_146861951r15386	WNK1	V1522M	V1522
dbsnp_benign	gnomad_12_894565_C_T_747791200r15388	WNK1	S1838F	S1838
dbsnp_benign	gnomad_12_896338_A_G_72650764r15389	WNK1	T1951A	T1951
dbsnp_benign	gnomad_12_896356_C_T_201766777r15390	WNK1	R1957C	R1957
dbsnp_benign	gnomad_12_896455_C_T_577801497r15391	WNK1	P1990S	P1990
dbsnp_benign	gnomad_12_896519_C_A_560836712r15392	WNK1	S2011Y	S2011
dbsnp_benign	gnomad_12_900651_C_A_72650768r15393	WNK1	S2208R	S2208
dbsnp_benign	gnomad_12_900651_C_G_72650768r15394	WNK1	S2208R	S2208
dbsnp_benign	gnomad_12_908664_G_A_146042595r15395	WNK1	G2341S	G2341
dbsnp_benign	gnomad_17_42794897_G_A_190384194r15396	WNK4	G826S	G826
dbsnp_benign	gnomad_17_42795634_C_G_61755628r15398	WNK4	P1011R	P1011
dbsnp_benign	gnomad_17_42795634_C_T_61755628r15399	WNK4	P1011L	P1011
dbsnp_benign	gnomad_2_218880999_G_A_533605522r15400	WNT10A	G2S	G2
dbsnp_benign	gnomad_2_218882255_C_T_146460077r15401	WNT10A	R70W	R70
dbsnp_benign	gnomad_2_218882281_C_T_199802454r15402	WNT10A	H78H	H78
dbsnp_benign	gnomad_2_218890118_C_T_116998555r15404	WNT10A	R171C	R171
dbsnp_benign	gnomad_2_218890244_G_A_147680216r15406	WNT10A	G213S	G213
dbsnp_benign	gnomad_2_218893020_G_A_545956598r15408	WNT10A	D335N	D335
dbsnp_benign	gnomad_2_218893020_G_C_545956598r15409	WNT10A	D335H	D335
dbsnp_benign	gnomad_3_55480911_A_G_200914260r15410	WNT5A	I5T	I5
dbsnp_benign	gnomad_8_31141764_G_T_1801195r15412	WRN	L1074F	L1074
dbsnp_benign	gnomad_8_31142628_C_T_3087414r15413	WRN	S1079L	S1079
dbsnp_benign	gnomad_11_32396367_C_T_147241955r15415	WT1	R168Q	R168
dbsnp_benign	gnomad_11_32396397_C_T_554416372r15416	WT1	R158H	R158
dbsnp_benign	gnomad_11_32396397_C_A_554416372r15417	WT1	R158L	R158
dbsnp_benign	gnomad_11_32396397_C_G_554416372r15418	WT1	R158P	R158
dbsnp_benign	gnomad_11_32400041_G_A_375114529r15419	WT1	H123H	H123
dbsnp_benign	gnomad_11_32428058_C_T_372225738r15420	WT1	G45D	G45
dbsnp_benign	gnomad_11_32428521_G_A_2234584r15421	WT1	P37S	P37
dbsnp_benign	gnomad_11_32428521_G_T_2234584r15422	WT1	P37T	P37
dbsnp_benign	gnomad_11_32428586_C_G_761913397r15423	WT1	S15T	S15
dbsnp_benign	gnomad_11_32435145_C_A_5030135r15424	WT1	Q72H	Q72
dbsnp_benign	gnomad_16_78115077_C_G_114755364r15426	WWOX	T111S	T111
dbsnp_benign	gnomad_16_78164241_G_T_140817689r15427	WWOX	R156S	R156
dbsnp_benign	gnomad_16_78278630_A_G_77067228r15429	WWOX	K182E	K182
dbsnp_benign	gnomad_16_78424933_T_C_72549408r15431	WWOX	D223D	D223
dbsnp_benign	gnomad_16_78425018_C_G_75559202r15433	WWOX	P252A	P252
dbsnp_benign	gnomad_16_78432503_C_T_62034095r15435	WWOX	N269N	N269
dbsnp_benign	gnomad_2_31337706_G_A_45564939r15436	XDH	R1296W	R1296
dbsnp_benign	gnomad_2_31370399_T_C_17323225r15438	XDH	I646V	I646
dbsnp_benign	gnomad_2_31373896_G_A_45577338r15440	XDH	P555S	P555
dbsnp_benign	gnomad_2_31373896_G_T_45577338r15441	XDH	P555T	P555
dbsnp_benign	gnomad_2_31386503_G_A_45469499r15442	XDH	T235M	T235
dbsnp_benign	gnomad_X_123886431_C_G_138783302r15443	XIAP	P257A	P257
dbsnp_benign	gnomad_2_167241786_C_T_111563369r15444	XIRP2	T176I	T176
dbsnp_benign	gnomad_9_97685028_A_C_555812588r15446	XPA	S190A	S190
dbsnp_benign	gnomad_9_97685028_A_G_555812588r15447	XPA	S190P	S190
dbsnp_benign	gnomad_9_97689634_C_T_10983315r15448	XPA	V97I	V97
dbsnp_benign	gnomad_3_14145949_G_T_2228001r15451	XPC	Q939K	Q939
dbsnp_benign	gnomad_3_14145982_T_G_3731177r15452	XPC	K928Q	K928
dbsnp_benign	gnomad_3_14158103_G_A_183238369r15453	XPC	R594C	R594
dbsnp_benign	gnomad_3_14158883_G_A_200338014r15454	XPC	P334S	P334
dbsnp_benign	gnomad_3_14158883_G_C_200338014r15455	XPC	P334A	P334
dbsnp_benign	gnomad_3_14173024_G_A_2229089r15456	XPC	L48F	L48
dbsnp_benign	gnomad_3_14152384_G_A_3731152r15458	XPC	T689M	T689
dbsnp_benign	gnomad_7_152648660_A_C_770438650r15460	XRCC2	S275R	S275
dbsnp_benign	gnomad_7_152648660_A_G_770438650r15462	XRCC2	S275S	S275
dbsnp_benign	gnomad_7_152648677_A_C_145085742r15463	XRCC2	F270V	F270
dbsnp_benign	gnomad_16_17198347_G_A_36098987r15464	XYLT1	P385L	P385
dbsnp_benign	gnomad_17_50353660_G_A_113835371r15466	XYLT2	D56N	D56
dbsnp_benign	gnomad_17_50353853_G_A_145954495r15468	XYLT2	R120H	R120
dbsnp_benign	gnomad_17_50354439_G_C_571962145r15470	XYLT2	E220D	E220
dbsnp_benign	gnomad_17_50356647_C_T_151294421r15472	XYLT2	T540I	T540
dbsnp_benign	gnomad_17_50358288_G_A_147831067r15473	XYLT2	V675M	V675
dbsnp_benign	gnomad_12_32755303_C_A_11539445r15475	YARS2	G191V	G191
dbsnp_benign	gnomad_10_27155460_G_C_151176548r15477	MASTL	G12R	G12
dbsnp_benign	gnomad_2_97725163_C_T_56404668r15479	ZAP70	H158H	H158
dbsnp_benign	gnomad_2_97725163_C_G_56404668r15480	ZAP70	H158Q	H158
dbsnp_benign	gnomad_2_97725201_A_G_199631517r15481	ZAP70	E171G	E171
dbsnp_benign	gnomad_3_114350760_C_T_138924453r15483	ZBTB20	E440K	E440
dbsnp_benign	gnomad_3_114350914_G_C_144663365r15485	ZBTB20	D388E	D388
dbsnp_benign	gnomad_6_109466273_C_T_61731736r15486	ZBTB24	D558N	D558
dbsnp_benign	gnomad_14_88596758_C_T_45518831r15488	ZC3H14	S435F	S435
dbsnp_benign	gnomad_X_75421896_C_G_145401990r15489	ZDHHC15	K277N	K277
dbsnp_benign	gnomad_X_129813668_G_A_376385410r15490	N/A	NAN/ANA	NAN/A
dbsnp_benign	gnomad_2_144389456_T_C_199951665r15491	ZEB2	M1214V	M1214
dbsnp_benign	gnomad_2_144398383_A_G_201902790r15492	ZEB2	M935T	M935
dbsnp_benign	gnomad_2_144398932_G_A_143438888r15493	ZEB2	T752M	T752
dbsnp_benign	gnomad_2_144398932_G_C_143438888r15494	ZEB2	T752R	T752
dbsnp_benign	gnomad_2_144398939_T_C_730881196r15495	ZEB2	S750G	S750
dbsnp_benign	gnomad_2_144399046_G_A_112581563r15496	ZEB2	P714L	P714
dbsnp_benign	gnomad_2_144399851_G_A_1435380197r15498	ZEB2	P446S	P446
dbsnp_benign	gnomad_2_144399881_T_C_145812868r15499	ZEB2	M436V	M436
dbsnp_benign	gnomad_2_144399911_A_T_201881288r15500	ZEB2	L426I	L426
dbsnp_benign	gnomad_2_144399966_G_A_144613207r15502	ZEB2	H407H	H407
dbsnp_benign	gnomad_2_144404939_G_A_138859323r15503	ZEB2	I163I	I163
dbsnp_benign	gnomad_2_144404939_G_C_138859323r15505	ZEB2	I163M	I163
dbsnp_benign	gnomad_2_144429803_G_A_147603619r15506	ZEB2	N99N	N99
dbsnp_benign	gnomad_2_144429933_A_G_61750440r15508	ZEB2	L56P	L56
dbsnp_benign	gnomad_2_144429961_C_A_730881184r15509	ZEB2	A47S	A47
dbsnp_benign	gnomad_8_105419192_A_G_121908601r15516	ZFPM2	E30G	E30
dbsnp_benign	gnomad_8_105788814_G_C_182216711r15518	ZFPM2	S210T	S210
dbsnp_benign	gnomad_8_105801097_G_A_201845067r15519	ZFPM2	V339I	V339
dbsnp_benign	gnomad_8_105801694_G_A_575054307r15520	ZFPM2	V538I	V538
dbsnp_benign	gnomad_8_105801694_G_C_575054307r15521	ZFPM2	V538L	V538
dbsnp_benign	gnomad_8_105802369_G_A_117908591r15522	ZFPM2	V763I	V763
dbsnp_benign	gnomad_8_105802572_A_T_368201603r15524	ZFPM2	I830I	I830
dbsnp_benign	gnomad_14_67748470_G_C_143198225r15525	ZFYVE26	P2529R	P2529
dbsnp_benign	gnomad_14_67748523_G_A_147494935r15527	ZFYVE26	S2511S	S2511
dbsnp_benign	gnomad_14_67752483_C_T_34373049r15528	ZFYVE26	R2411H	R2411
dbsnp_benign	gnomad_14_67754144_G_A_151166497r15530	ZFYVE26	T2352I	T2352
dbsnp_benign	gnomad_14_67762343_C_T_140540720r15532	ZFYVE26	G2077R	G2077
dbsnp_benign	gnomad_14_67778189_G_A_200243306r15533	ZFYVE26	I1578I	I1578
dbsnp_benign	gnomad_14_67782828_C_T_534497092r15534	ZFYVE26	D1442N	D1442
dbsnp_benign	gnomad_14_67782888_C_T_148552744r15536	ZFYVE26	V1422M	V1422
dbsnp_benign	gnomad_14_67783086_A_C_149276487r15537	ZFYVE26	C1356G	C1356
dbsnp_benign	gnomad_14_67785274_G_A_3742885r15539	ZFYVE26	P1103L	P1103
dbsnp_benign	gnomad_14_67798157_C_T_201339450r15541	ZFYVE26	R702H	R702
dbsnp_benign	gnomad_14_67798329_T_C_77129887r15542	ZFYVE26	M645V	M645
dbsnp_benign	gnomad_14_67798392_C_T_531152715r15544	ZFYVE26	A624T	A624
dbsnp_benign	gnomad_14_67802121_C_T_551062468r15546	ZFYVE26	A533T	A533
dbsnp_benign	gnomad_14_67805304_C_A_35512910r15548	ZFYVE26	G395V	G395
dbsnp_benign	gnomad_14_67807511_C_T_150230201r15550	ZFYVE26	R258Q	R258
dbsnp_benign	gnomad_14_67807536_C_T_200340910r15551	ZFYVE26	E250K	E250
dbsnp_benign	gnomad_10_97743140_G_A_17108378r15553	ZFYVE27	V82I	V82
dbsnp_benign	gnomad_10_97744884_C_T_145746084r15555	ZFYVE27	R142C	R142
dbsnp_benign	gnomad_X_137567340_C_G_104894963r15556	ZIC3	P217A	P217
dbsnp_benign	gnomad_X_137570008_G_A_375086818r15557	ZIC3	V448I	V448
dbsnp_benign	gnomad_20_45952515_C_T_116247914r15558	ZNF335	A941T	A941
dbsnp_benign	gnomad_20_45953796_G_T_41280276r15559	ZNF335	D865E	D865
dbsnp_benign	gnomad_20_45959287_A_C_41305805r15561	ZNF335	F723V	F723
dbsnp_benign	gnomad_20_45962093_G_A_16990964r15563	ZNF335	H541H	H541
dbsnp_benign	gnomad_20_45967568_C_G_6032606r15566	ZNF335	S294T	S294
dbsnp_benign	gnomad_20_45967623_C_T_117802609r15567	ZNF335	A276T	A276
dbsnp_benign	gnomad_18_74631509_A_G_74861823r15569	ZNF407	R164G	R164
dbsnp_benign	gnomad_18_74632553_G_A_7227263r15571	ZNF407	G512R	G512
dbsnp_benign	gnomad_18_75063728_G_A_150419019r15573	ZNF407	E2003K	E2003
dbsnp_benign	gnomad_X_47448825_A_C_2498170r15575	ZNF41	C315E	C315
dbsnp_benign	gnomad_X_47449110_A_C_34301930r15577	ZNF41	V220K	V220
dbsnp_benign	gnomad_X_47449180_T_C_148585367r15579	ZNF41	L197R	L197
dbsnp_benign	gnomad_X_47449396_A_C_17147624r15581	ZNF41	E125R	E125
dbsnp_benign	gnomad_16_49636012_G_A_111229124r15583	ZNF423	A1047V	A1047
dbsnp_benign	gnomad_16_49637190_G_A_75294107r15585	ZNF423	H654H	H654
dbsnp_benign	gnomad_16_49637190_G_C_75294107r15586	ZNF423	H654Q	H654
dbsnp_benign	gnomad_16_88432476_C_T_200070902r15588	N/A	NAN/ANA	NAN/A
dbsnp_benign	gnomad_16_88433561_G_A_273585622r15589	N/A	NAN/ANA	NAN/A
dbsnp_benign	gnomad_16_88435145_A_G_146789160r15590	N/A	NAN/ANA	NAN/A
dbsnp_benign	gnomad_16_88435275_T_C_150488251r15591	N/A	NAN/ANA	NAN/A
dbsnp_benign	gnomad_16_88435973_G_C_200153921r15593	N/A	NAN/ANA	NAN/A
dbsnp_benign	gnomad_16_88436595_G_A_150598363r15595	N/A	NAN/ANA	NAN/A
dbsnp_benign	gnomad_16_88437795_G_C_199528724r15596	N/A	NAN/ANA	NAN/A
dbsnp_benign	gnomad_16_88437795_G_T_199528724r15598	N/A	NAN/ANA	NAN/A
dbsnp_benign	gnomad_16_88437796_G_T_56236932r15599	N/A	NAN/ANA	NAN/A
dbsnp_benign	gnomad_16_88437796_G_C_56236932r15600	N/A	NAN/ANA	NAN/A
dbsnp_benign	gnomad_16_88437798_G_T_140056980r15601	N/A	NAN/ANA	NAN/A
dbsnp_benign	gnomad_16_88437798_G_A_140056980r15602	N/A	NAN/ANA	NAN/A
dbsnp_benign	gnomad_16_88438673_A_G_536054902r15603	N/A	NAN/ANA	NAN/A
dbsnp_benign	gnomad_16_88438876_C_A_141042464r15604	N/A	NAN/ANA	NAN/A
dbsnp_benign	gnomad_16_88438876_C_T_141042464r15605	N/A	NAN/ANA	NAN/A
dbsnp_benign	gnomad_16_88427872_C_T_569036398r15607	N/A	NAN/ANA	NAN/A
dbsnp_benign	gnomad_16_88427872_C_G_569036398r15608	N/A	NAN/ANA	NAN/A
dbsnp_benign	gnomad_16_88427927_C_G_532620482r15609	N/A	NAN/ANA	NAN/A
dbsnp_benign	gnomad_16_88427927_C_A_532620482r15610	N/A	NAN/ANA	NAN/A
dbsnp_benign	gnomad_16_88428422_G_A_139066376r15611	N/A	NAN/ANA	NAN/A
dbsnp_benign	gnomad_16_88428941_G_A_117555121r15613	N/A	NAN/ANA	NAN/A
dbsnp_benign	gnomad_16_88429505_G_A_551591362r15615	N/A	NAN/ANA	NAN/A
dbsnp_benign	gnomad_16_88430123_C_G_139653501r15616	N/A	NAN/ANA	NAN/A
dbsnp_benign	gnomad_16_88430187_C_T_77951481r15618	N/A	NAN/ANA	NAN/A
dbsnp_benign	gnomad_16_88430273_G_A_117995699r15620	N/A	NAN/ANA	NAN/A
dbsnp_benign	gnomad_16_88430311_G_A_150435442r15622	N/A	NAN/ANA	NAN/A
dbsnp_benign	gnomad_16_88430811_G_T_568046708r15623	N/A	NAN/ANA	NAN/A
dbsnp_benign	gnomad_2_27378572_G_A_116121798r15625	ZNF513	P232S	P232
dbsnp_benign	gnomad_X_46500505_G_T_180754888r15627	ZNF674	H362N	H362
dbsnp_benign	gnomad_X_46500561_G_A_61730637r15628	ZNF674	T343M	T343
dbsnp_benign	gnomad_X_85265168_G_A_145361311r15630	ZNF711	A277T	A277
dbsnp_benign	gnomad_X_85270772_G_A_200444579r15632	ZNF711	M410I	M410
dbsnp_benign	gnomad_X_47914996_G_T_17147793r15633	ZNF81	G117V	G117
dbsnp_benign	gnomad_X_47915200_C_T_186251256r15635	ZNF81	S185L	S185
dbsnp_benign	gnomad_X_47915284_C_A_537825r15637	ZNF81	A213E	A213
dbsnp_benign	gnomad_X_47916141_A_G_182239885r15639	ZNF81	I499V	I499
dbsnp_benign	gnomad_5_61526288_C_T_116036211r15641	ZSWIM6	R577C	R577
